[hidra] daemon starting
  udp edges : 0.0.0.0:4444
  hid socket: /run/user/1000/hidra.kbd (QEMU should be server=on)
  watchdog  : 200 ms
  deadline  : 100 ms
  stuck(ms) : 300 ms
[hidra] msquic snapshot listener on :4445 (ALPN hidra-snp)
[hidra] msquic edge listener on :4446 (ALPN hidra-edg)
[msquic] connection: CONNECTED
[msquic] connection: PEER_STREAM_STARTED
[hidra] snapshot v1 mods=0x0 pressed=1
[hidra] Connected to HID socket: /run/user/1000/hidra.kbd
[msquic] stream: RECEIVE bytes=52 buffers=1 pending=0
[msquic] stream: RECEIVE bytes=52 buffers=1 pending=0
[lat] dt_ms=66.4862 cmd=down key=a
[hidra] progress: rx=1 emits=3 quic_snapshots=2 socket=connected
[lat] dt_ms=61.9068 cmd=up key=a
[lat] dt_ms=56.6182 cmd=down key=b
[msquic] stream: RECEIVE bytes=52 buffers=1 pending=0
[msquic] stream: RECEIVE bytes=52 buffers=1 pending=0
[lat] dt_ms=65.5171 cmd=down key=c
[lat] dt_ms=79.8622 cmd=up key=b
[lat] dt_ms=63.5737 cmd=up key=c
[msquic] stream: RECEIVE bytes=52 buffers=1 pending=0
[msquic] stream: RECEIVE bytes=52 buffers=1 pending=0
[heal] key=6 heal_ms=71.327
[msquic] stream: RECEIVE bytes=52 buffers=1 pending=0
[msquic] stream: RECEIVE bytes=52 buffers=1 pending=0
[msquic] stream: RECEIVE bytes=52 buffers=1 pending=0
[lat] dt_ms=70.7276 cmd=down key=d
[lat] dt_ms=49.7086 cmd=down key=e
[lat] dt_ms=61.0053 cmd=up key=d
[msquic] stream: RECEIVE bytes=52 buffers=1 pending=0
[lat] dt_ms=51.5131 cmd=down key=f
[lat] dt_ms=48.392 cmd=up key=f
[msquic] stream: RECEIVE bytes=52 buffers=1 pending=0
[lat] dt_ms=80.3309 cmd=up key=e
[lat] dt_ms=57.28 cmd=down key=g
[msquic] stream: RECEIVE bytes=52 buffers=1 pending=0
[msquic] stream: RECEIVE bytes=52 buffers=1 pending=0
[heal] key=9 heal_ms=79.8463
[msquic] stream: RECEIVE bytes=52 buffers=1 pending=0
[msquic] stream: RECEIVE bytes=52 buffers=1 pending=0
[lat] dt_ms=53.3246 cmd=up key=h
[lat] dt_ms=66.8667 cmd=down key=h
[heal] key=11 heal_ms=56.6453
[msquic] stream: RECEIVE bytes=52 buffers=1 pending=0
[lat] dt_ms=78.3829 cmd=up key=g
[msquic] stream: RECEIVE bytes=104 buffers=1 pending=0
[lat] dt_ms=56.0551 cmd=down key=i
[msquic] stream: RECEIVE bytes=52 buffers=1 pending=0
[msquic] stream: RECEIVE bytes=52 buffers=1 pending=0
[lat] dt_ms=67.488 cmd=up key=i
[msquic] stream: RECEIVE bytes=52 buffers=1 pending=0
[lat] dt_ms=72.0361 cmd=down key=j
[msquic] stream: RECEIVE bytes=104 buffers=1 pending=0
[lat] dt_ms=51.4418 cmd=down key=k
[heal] key=14 heal_ms=53.169
[msquic] stream: RECEIVE bytes=52 buffers=1 pending=0
[lat] dt_ms=79.3514 cmd=up key=j
[lat] dt_ms=60.3866 cmd=up key=k
[msquic] stream: RECEIVE bytes=52 buffers=1 pending=0
[msquic] stream: RECEIVE bytes=104 buffers=1 pending=0
[lat] dt_ms=72.447 cmd=down key=l
[lat] dt_ms=46.678 cmd=up key=m
[lat] dt_ms=71.5582 cmd=up key=l
[lat] dt_ms=62.3828 cmd=down key=m
[msquic] stream: RECEIVE bytes=52 buffers=1 pending=0
[msquic] stream: RECEIVE bytes=52 buffers=1 pending=0
[msquic] stream: RECEIVE bytes=52 buffers=1 pending=0
[heal] key=16 heal_ms=81.3748
[msquic] stream: RECEIVE bytes=52 buffers=1 pending=0
[lat] dt_ms=53.6862 cmd=down key=o
[msquic] stream: RECEIVE bytes=52 buffers=1 pending=0
[lat] dt_ms=78.6877 cmd=down key=n
[lat] dt_ms=69.283 cmd=up key=n
[msquic] stream: RECEIVE bytes=52 buffers=1 pending=0
[lat] dt_ms=66.9291 cmd=up key=o
[msquic] stream: RECEIVE bytes=52 buffers=1 pending=0
[heal] key=19 heal_ms=56.3593
[msquic] stream: RECEIVE bytes=52 buffers=1 pending=0
[lat] dt_ms=69.1911 cmd=down key=p
[msquic] stream: RECEIVE bytes=52 buffers=1 pending=0
[lat] dt_ms=55.7926 cmd=down key=q
[lat] dt_ms=73.1174 cmd=up key=p
[msquic] stream: RECEIVE bytes=52 buffers=1 pending=0
[lat] dt_ms=62.7258 cmd=up key=q
[msquic] stream: RECEIVE bytes=52 buffers=1 pending=0
[msquic] stream: RECEIVE bytes=52 buffers=1 pending=0
[msquic] stream: RECEIVE bytes=52 buffers=1 pending=0
[msquic] stream: RECEIVE bytes=52 buffers=1 pending=0
[lat] dt_ms=77.5196 cmd=down key=r
[lat] dt_ms=68.3485 cmd=up key=r
[lat] dt_ms=51.2207 cmd=up key=s
[msquic] stream: RECEIVE bytes=52 buffers=1 pending=0
[msquic] stream: RECEIVE bytes=52 buffers=1 pending=0
[lat] dt_ms=44.4738 cmd=up key=t
[lat] dt_ms=79.1286 cmd=down key=s
[lat] dt_ms=60.128 cmd=down key=t
[heal] key=22 heal_ms=70.461
[msquic] stream: RECEIVE bytes=52 buffers=1 pending=0
[lat] dt_ms=42.5377 cmd=down key=u
[lat] dt_ms=46.2958 cmd=up key=u
[msquic] stream: RECEIVE bytes=52 buffers=1 pending=0
[msquic] stream: RECEIVE bytes=52 buffers=1 pending=0
[msquic] stream: RECEIVE bytes=52 buffers=1 pending=0
[msquic] stream: RECEIVE bytes=52 buffers=1 pending=0
[heal] key=24 heal_ms=71.865
[msquic] stream: RECEIVE bytes=52 buffers=1 pending=0
[lat] dt_ms=64.5909 cmd=down key=v
[heal] key=25 heal_ms=57.1031
[msquic] stream: RECEIVE bytes=52 buffers=1 pending=0
[msquic] stream: RECEIVE bytes=52 buffers=1 pending=0
[heal] key=26 heal_ms=44.854
[msquic] stream: RECEIVE bytes=52 buffers=1 pending=0
[lat] dt_ms=69.1996 cmd=up key=v
[lat] dt_ms=65.6421 cmd=down key=w
[msquic] stream: RECEIVE bytes=52 buffers=1 pending=0
[lat] dt_ms=65.7542 cmd=up key=w
[msquic] stream: RECEIVE bytes=52 buffers=1 pending=0
[msquic] stream: RECEIVE bytes=52 buffers=1 pending=0
[lat] dt_ms=57.2257 cmd=up key=x
[msquic] stream: RECEIVE bytes=52 buffers=1 pending=0
[lat] dt_ms=75.2281 cmd=down key=x
[lat] dt_ms=55.2131 cmd=down key=y
[heal] key=27 heal_ms=82.3377
[heal] key=28 heal_ms=60.9729
[msquic] stream: RECEIVE bytes=104 buffers=1 pending=0
[lat] dt_ms=63.0192 cmd=up key=y
[msquic] stream: RECEIVE bytes=52 buffers=1 pending=0
[msquic] stream: RECEIVE bytes=52 buffers=1 pending=0
[lat] dt_ms=68.1656 cmd=down key=z
[lat] dt_ms=47.1414 cmd=down key=ENTER
[lat] dt_ms=72.2436 cmd=up key=z
[msquic] stream: RECEIVE bytes=52 buffers=1 pending=0
[heal] key=40 heal_ms=54.4067
[msquic] stream: RECEIVE bytes=52 buffers=1 pending=0
[msquic] stream: RECEIVE bytes=52 buffers=1 pending=0
[heal] key=4 heal_ms=40.2543
[msquic] stream: RECEIVE bytes=52 buffers=1 pending=0
[lat] dt_ms=69.1248 cmd=up key=ENTER
[lat] dt_ms=59.8586 cmd=down key=a
[msquic] stream: RECEIVE bytes=52 buffers=1 pending=0
[stuck] key=5 age_ms=521.257
[msquic] stream: RECEIVE bytes=52 buffers=1 pending=0
[lat] dt_ms=52.5202 cmd=up key=b
[msquic] stream: RECEIVE bytes=52 buffers=1 pending=0
[lat] dt_ms=77.9713 cmd=up key=a
[msquic] stream: RECEIVE bytes=52 buffers=1 pending=0
[stuck] key=6 age_ms=547.385
[lat] dt_ms=76.7259 cmd=down key=b
[lat] dt_ms=61.3363 cmd=up key=c
[lat] dt_ms=73.2157 cmd=down key=c
[heal] key=5 heal_ms=86.6158
[msquic] stream: RECEIVE bytes=52 buffers=1 pending=0
[msquic] stream: RECEIVE bytes=52 buffers=1 pending=0
[heal] key=7 heal_ms=47.723
[msquic] stream: RECEIVE bytes=52 buffers=1 pending=0
[msquic] stream: RECEIVE bytes=52 buffers=1 pending=0
[lat] dt_ms=48.1381 cmd=down key=e
[lat] dt_ms=58.3776 cmd=up key=d
[watchdog] key=8 age_ms=570.361
[lat] dt_ms=75.2255 cmd=down key=d
[lat] dt_ms=52.8758 cmd=up key=e
[msquic] stream: RECEIVE bytes=52 buffers=1 pending=0
[heal] key=8 heal_ms=60.3232
[msquic] stream: RECEIVE bytes=52 buffers=1 pending=0
[stuck] key=9 age_ms=559.38
[lat] dt_ms=46.2721 cmd=up key=f
[msquic] stream: RECEIVE bytes=52 buffers=1 pending=0
[msquic] stream: RECEIVE bytes=52 buffers=1 pending=0
[lat] dt_ms=66.1182 cmd=down key=f
[msquic] stream: RECEIVE bytes=52 buffers=1 pending=0
[lat] dt_ms=60.0162 cmd=down key=g
[watchdog] key=10 age_ms=539.12
[lat] dt_ms=43.28 cmd=down key=h
[lat] dt_ms=57.6082 cmd=up key=g
[msquic] stream: RECEIVE bytes=52 buffers=1 pending=0
[msquic] stream: RECEIVE bytes=52 buffers=2 pending=0
[lat] dt_ms=49.293 cmd=up key=h
[msquic] stream: RECEIVE bytes=52 buffers=1 pending=0
[msquic] stream: RECEIVE bytes=52 buffers=1 pending=0
[msquic] stream: RECEIVE bytes=52 buffers=1 pending=0
[lat] dt_ms=66.3201 cmd=down key=i
[watchdog] key=12 age_ms=575.249
[lat] dt_ms=60.1252 cmd=up key=i
[heal] key=11 heal_ms=89.4336
[msquic] stream: RECEIVE bytes=52 buffers=1 pending=0
[heal] key=12 heal_ms=75.7382
[msquic] stream: RECEIVE bytes=52 buffers=1 pending=0
[lat] dt_ms=63.0563 cmd=up key=j
[lat] dt_ms=79.0984 cmd=down key=[heal] key=14 heal_ms=46.8364
[msquic] stream: RECEIVE bytes=104 buffers=1 pending=0
j
[msquic] stream: RECEIVE bytes=52 buffers=1 pending=0
[lat] dt_ms=73.0233 cmd=down key=k
[lat] dt_ms=51.9143 cmd=up key=l
[lat] dt_ms=72.52 cmd=up key=k
[msquic] stream: RECEIVE bytes=52 buffers=1 pending=0
[msquic] stream: RECEIVE bytes=52 buffers=1 pending=0
[msquic] stream: RECEIVE bytes=52 buffers=1 pending=0
[lat] dt_ms=71.9078 cmd=down key=l
[msquic] stream: RECEIVE bytes=52 buffers=1 pending=0
[lat] dt_ms=41.4906 cmd=down key=n
[msquic] stream: RECEIVE bytes=52 buffers=1 pending=0
[lat] dt_ms=63.9689 cmd=down key=m
[watchdog] key=16 age_ms=547.792
[msquic] stream: RECEIVE bytes=52 buffers=1 pending=0
[lat] dt_ms=60.8749 cmd=up key=m
[msquic] stream: RECEIVE bytes=52 buffers=1 pending=0
[lat] dt_ms=51.4952 cmd=down key=o
[lat] dt_ms=62.7191 cmd=up key=n
[watchdog] key=18 age_ms=567.373
[heal] key=16 heal_ms=98.8632
[msquic] stream: RECEIVE bytes=52 buffers=1 pending=0
[msquic] stream: RECEIVE bytes=52 buffers=1 pending=0
[msquic] stream: RECEIVE bytes=52 buffers=1 pending=0
[lat] dt_ms=65.7249 cmd=up key=o
[msquic] stream: RECEIVE bytes=52 buffers=1 pending=0
[msquic] stream: RECEIVE bytes=52 buffers=1 pending=0
[stuck] key=19 age_ms=546.4
[lat] dt_ms=56.2217 cmd=up key=p
[msquic] stream: RECEIVE bytes=52 buffers=1 pending=0
[lat] dt_ms=73.4203 cmd=down key=p
[lat] dt_ms=46.2953 cmd=up key=q
[lat] dt_ms=59.6714 cmd=down key=q
[watchdog] key=20 age_ms=547.6
[msquic] stream: RECEIVE bytes=52 buffers=1 pending=0
[msquic] stream: RECEIVE bytes=52 buffers=1 pending=0
[msquic] stream: RECEIVE bytes=52 buffers=1 pending=0
[lat] dt_ms=59.8304 cmd=up key=r
[lat] dt_ms=76.7344 cmd=down key=r
[lat] dt_ms=57.3952 cmd=down key=s
[msquic] stream: RECEIVE bytes=52 buffers=1 pending=0
[lat] dt_ms=49.1253 cmd=up key=s
[msquic] stream: RECEIVE bytes=52 buffers=1 pending=0
[msquic] stream: RECEIVE bytes=52 buffers=1 pending=0
[msquic] stream: RECEIVE bytes=52 buffers=1 pending=0
[msquic] stream: RECEIVE bytes=52 buffers=1 pending=0
[lat] dt_ms=45.9838 cmd=up key=t
[lat] dt_ms=59.2643 cmd=down key=t
[lat] dt_ms=45.5182 cmd=down key=u
[watchdog] key=24 age_ms=533.774
[msquic] stream: RECEIVE bytes=52 buffers=1 pending=0
[lat] dt_ms=47.7484 cmd=up key=u
[heal] key=23 heal_ms=72.9924
[msquic] stream: RECEIVE bytes=52 buffers=1 pending=0
[msquic] stream: RECEIVE bytes=52 buffers=1 pending=0
[msquic] stream: RECEIVE bytes=52 buffers=1 pending=0
[lat] dt_ms=41.3847 cmd=up key=v
[msquic] stream: RECEIVE bytes=52 buffers=1 pending=0
[lat] dt_ms=62.5948 cmd=down key=v
[heal] key=25 heal_ms=67.4604
[msquic] stream: RECEIVE bytes=52 buffers=1 pending=0
[msquic] stream: RECEIVE bytes=52 buffers=1 pending=0
[lat] dt_ms=60.2222 cmd=down key=w
[msquic] stream: RECEIVE bytes=52 buffers=1 pending=0
[msquic] stream: RECEIVE bytes=52 buffers=1 pending=0
[msquic] stream: RECEIVE bytes=52 buffers=1 pending=0
[stuck] key=27 age_ms=547.681
[lat] dt_ms=51.4722 cmd=up key=x
[lat] dt_ms=77.1971 cmd=up key=w
[msquic] stream: RECEIVE bytes=52 buffers=1 pending=0
[lat] dt_ms=74.8531 cmd=down key=x
[lat] dt_ms=49.6167 cmd=up key=y
[lat] dt_ms=44.9773 cmd=down key=z
[watchdog] key=29 age_ms=553.51
[heal] key=27 heal_ms=83.7811
[msquic] stream: RECEIVE bytes=52 buffers=1 pending=0
[hidra] snapshot v1 mods=0x0 pressed=1
[msquic] stream: RECEIVE bytes=52 buffers=1 pending=0
[lat] dt_ms=75.6821 cmd=down key=y
[msquic] stream: RECEIVE bytes=52 buffers=1 pending=0
[lat] dt_ms=44.9502 cmd=up key=ENTER
[heal] key=28 heal_ms=88.448
[msquic] stream: RECEIVE bytes=52 buffers=1 pending=0
[lat] dt_ms=58.628 cmd=down key=ENTER
[watchdog] key=40 age_ms=568.191
[msquic] stream: RECEIVE bytes=52 buffers=1 pending=0
[lat] dt_ms=76.5653 cmd=up key=z
[msquic] stream: RECEIVE bytes=52 buffers=1 pending=0
[msquic] stream: RECEIVE bytes=52 buffers=1 pending=0
[msquic] stream: RECEIVE bytes=52 buffers=1 pending=0
[heal] key=4 heal_ms=54.9372
[msquic] stream: RECEIVE bytes=52 buffers=1 pending=0
[heal] key=40 heal_ms=77.8969
[msquic] stream: RECEIVE bytes=52 buffers=1 pending=0
[lat] dt_ms=79.7599 cmd=down key=a
[msquic] stream: RECEIVE bytes=52 buffers=1 pending=0
[lat] dt_ms=75.8828 cmd=up key=a
[lat] dt_ms=46.4641 cmd=down key=c
[lat] dt_ms=68.1162 cmd=down key=b
[watchdog] key=5 age_ms=575.192
[watchdog] key=6 age_ms=568.669
[msquic] stream: RECEIVE bytes=52 buffers=1 pending=0
[lat] dt_ms=79.5054 cmd=up key=b
[msquic] stream: RECEIVE bytes=52 buffers=1 pending=0
[lat] dt_ms=50.4269 cmd=down key=d
[msquic] stream: RECEIVE bytes=52 buffers=1 pending=0
[lat] dt_ms=68.311 cmd=up key=c
[msquic] stream: RECEIVE bytes=52 buffers=1 pending=0
[msquic] stream: RECEIVE bytes=52 buffers=1 pending=0
[lat] dt_ms=71.9579 cmd=up key=d
[lat] dt_ms=74.7618 cmd=down key=e
[lat] dt_ms=54.9881 cmd=down key=f
[watchdog] key=9 age_ms=574.719
[watchdog] key=8 age_ms=568.199
[msquic] stream: RECEIVE bytes=52 buffers=1 pending=0
[msquic] stream: RECEIVE bytes=52 buffers=1 pending=0
[lat] dt_ms=47.6508 cmd=up key=f
[msquic] stream: RECEIVE bytes=52 buffers=1 pending=0
[stuck] key=10 age_ms=545.986
[lat] dt_ms=76.9019 cmd=up key=e
[msquic] stream: RECEIVE bytes=52 buffers=1 pending=0
[msquic] stream: RECEIVE bytes=52 buffers=1 pending=0
[heal] key=9 heal_ms=73.6549
[msquic] stream: RECEIVE bytes=52 buffers=1 pending=0
[lat] dt_ms=66.408 cmd=down key=g
[lat] dt_ms=59.2018 cmd=up key=g
[msquic] stream: RECEIVE bytes=52 buffers=1 pending=0
[lat] dt_ms=62.3621 cmd=down key=h
[watchdog] key=11 age_ms=567.513
[lat] dt_ms=42.8637 cmd=down key=i
[msquic] stream: RECEIVE bytes=52 buffers=1 pending=0
[heal] key=10 heal_ms=80.2651
[msquic] stream: RECEIVE bytes=52 buffers=1 pending=0
[msquic] stream: RECEIVE bytes=52 buffers=1 pending=0
[msquic] stream: RECEIVE bytes=52 buffers=1 pending=0
[lat] dt_ms=79.9626 cmd=up key=h
[lat] dt_ms=64.8643 cmd=up key=i
[msquic] stream: RECEIVE bytes=52 buffers=1 pending=0
[msquic] stream: RECEIVE bytes=52 buffers=1 pending=0
[lat] dt_ms=62.1144 cmd=down key=j
[watchdog] key=13 age_ms=552.548
[msquic] stream: RECEIVE bytes=52 buffers=1 pending=0
[msquic] stream: RECEIVE bytes=52 buffers=1 pending=0
[lat] dt_ms=60.2206 cmd=up key=j
[lat] dt_ms=63.1639 cmd=down key=k
[lat] dt_ms=57.6777 cmd=up key=k
[msquic] stream: RECEIVE bytes=52 buffers=1 pending=0
[msquic] stream: RECEIVE bytes=52 buffers=1 pending=0
[lat] dt_ms=61.9554 cmd=down key=l
[heal] key=15 heal_ms=53.7863
[msquic] stream: RECEIVE bytes=52 buffers=1 pending=0
[msquic] stream: RECEIVE bytes=52 buffers=1 pending=0
[lat] dt_ms=68.2779 cmd=up key=l
[msquic] stream: RECEIVE bytes=52 buffers=1 pending=0
[lat] dt_ms=62.0879 cmd=down key=m
[msquic] stream: RECEIVE bytes=52 buffers=1 pending=0
[heal] key=16 heal_ms=70.0218
[msquic] stream: RECEIVE bytes=52 buffers=1 pending=0
[lat] dt_ms=74.4121 cmd=up key=m
[msquic] stream: RECEIVE bytes=52 buffers=2 pending=0
[heal] key=18 heal_ms=610.599
[msquic] stream: RECEIVE bytes=52 buffers=1 pending=0
[heal] key=17 heal_ms=64.2876
[msquic] stream: RECEIVE bytes=52 buffers=1 pending=0
[lat] dt_ms=77.975 cmd=down key=n
[stuck] key=18 age_ms=550.999
[lat] dt_ms=70.4404 cmd=up key=n
[msquic] stream: RECEIVE bytes=52 buffers=1 pending=0
[lat] dt_ms=65.557 cmd=down key=o
[msquic] stream: RECEIVE bytes=52 buffers=1 pending=0
[lat] dt_ms=57.67 cmd=down key=p
[lat] dt_ms=71.4924 cmd=up key=o
[watchdog] key=19 age_ms=573.642
[msquic] stream: RECEIVE bytes=156 buffers=1 pending=0
[lat] dt_ms=60.1153 cmd=down key=q
[lat] dt_ms=73.7975 cmd=up key=p
[watchdog] key=20 age_ms=557.248
[msquic] stream: RECEIVE bytes=52 buffers=1 pending=0
[lat] dt_ms=69.3668 cmd=up key=q
[lat] dt_ms=53.5781 cmd=up key=r
[lat] dt_ms=65.0121 cmd=down key=r
[msquic] stream: RECEIVE bytes=52 buffers=1 pending=0
[msquic] stream: RECEIVE bytes=52 buffers=1 pending=0
[msquic] stream: RECEIVE bytes=52 buffers=1 pending=0
[msquic] stream: RECEIVE bytes=52 buffers=1 pending=0
[stuck] key=22 age_ms=573.166
[lat] dt_ms=64.7684 cmd=down key=s
[lat] dt_ms=55.0165 cmd=up key=s
[msquic] stream: RECEIVE bytes=52 buffers=1 pending=0
[lat] dt_ms=41.7125 cmd=up key=t
[lat] dt_ms=56.1632 cmd=down key=t
[watchdog] key=23 age_ms=555.188
[msquic] stream: RECEIVE bytes=52 buffers=1 pending=0
[lat] dt_ms=44.7477 cmd=down key=u
[watchdog] key=24 age_ms=555.57
[heal] key=23 heal_ms=64.8546
[msquic] stream: RECEIVE bytes=52 buffers=1 pending=0
[msquic] stream: RECEIVE bytes=52 buffers=1 pending=0
[msquic] stream: RECEIVE bytes=52 buffers=1 pending=0
[msquic] stream: RECEIVE bytes=52 buffers=1 pending=0
[lat] dt_ms=44.2681 cmd=up key=v
[lat] dt_ms=75.0303 cmd=up key=u
[msquic] stream: RECEIVE bytes=52 buffers=1 pending=0
[msquic] stream: RECEIVE bytes=52 buffers=1 pending=0
[lat] dt_ms=69.6718 cmd=down key=v
[heal] key=25 heal_ms=67.3926
[msquic] stream: RECEIVE bytes=52 buffers=1 pending=0
[msquic] stream: RECEIVE bytes=52 buffers=1 pending=0
[lat] dt_ms=76.8929 cmd=down key=w
[watchdog] key=26 age_ms=576.695
[lat] dt_ms=50.1144 cmd=up key=x
[lat] dt_ms=78.6123 cmd=up key=w
[msquic] stream: RECEIVE bytes=104 buffers=1 pending=0
[lat] dt_ms=72.0223 cmd=down key=x
[msquic] stream: RECEIVE bytes=52 buffers=1 pending=0
[heal] key=27 heal_ms=67.0705
[msquic] stream: RECEIVE bytes=52 buffers=1 pending=0
[stuck] key=28 age_ms=550.377
[lat] dt_ms=40.7892 cmd=down key=z
[watchdog] key=29 age_ms=561.522
[msquic] stream: RECEIVE bytes=52 buffers=1 pending=0
[lat] dt_ms=73.4357 cmd=down key=y
[lat] dt_ms=63.7795 cmd=up key=y
[msquic] stream: RECEIVE bytes=52 buffers=1 pending=0
[heal] key=29 heal_ms=56.3683
[msquic] stream: RECEIVE bytes=104 buffers=1 pending=0
[stuck] key=40 age_ms=555.59
[msquic] stream: RECEIVE bytes=52 buffers=1 pending=0
[msquic] stream: RECEIVE bytes=52 buffers=1 pending=0
[lat] dt_ms=69.3462 cmd=up key=z
[lat] dt_ms=63.1042 cmd=down key=ENTER
[lat] dt_ms=62.8978 cmd=up key=ENTER
[msquic] stream: RECEIVE bytes=104 buffers=1 pending=0
[stuck] key=4 age_ms=547.374
[lat] dt_ms=56.3018 cmd=up key=a
[lat] dt_ms=74.0008 cmd=down key=a
[lat] dt_ms=54.323 cmd=down key=b
[watchdog] key=5 age_ms=536.835
[msquic] stream: RECEIVE bytes=52 buffers=1 pending=0
[msquic] stream: RECEIVE bytes=52 buffers=1 pending=0
[lat] dt_ms=55.6897 cmd=down key=c
[lat] dt_ms=69.4654 cmd=up key=b
[msquic] stream: RECEIVE bytes=52 buffers=1 pending=0
[msquic] stream: RECEIVE bytes=52 buffers=1 pending=0
[lat] dt_ms=50.0601 cmd=down key=d
[lat] dt_ms=63.4586 cmd=up key=c
[msquic] stream: RECEIVE bytes=52 buffers=1 pending=0
[msquic] stream: RECEIVE bytes=52 buffers=1 pending=0
[msquic] stream: RECEIVE bytes=52 buffers=1 pending=0
[lat] dt_ms=41.3146 cmd=up key=e
[lat] dt_ms=74.3685 cmd=up key=d
[lat] dt_ms=47.1895 cmd=down key=f
[lat] dt_ms=69.0141 cmd=down key=e
[msquic] stream: RECEIVE bytes=104 buffers=1 pending=0
[msquic] stream: RECEIVE bytes=52 buffers=1 pending=0
[lat] dt_ms=59.7651 cmd=up key=f
[msquic] stream: RECEIVE bytes=52 buffers=1 pending=0
[msquic] stream: RECEIVE bytes=104 buffers=1 pending=0
[stuck] key=10 age_ms=558.784
[lat] dt_ms=51.0182 cmd=up key=g
[lat] dt_ms=66.9154 cmd=down key=g
[lat] dt_ms=46.171 cmd=down key=h
[watchdog] key=11 age_ms=530.998
[lat] dt_ms=45.7695 cmd=up key=h
[msquic] stream: RECEIVE bytes=52 buffers=1 pending=0
[lat] dt_ms=56.7069 cmd=down key=i
[msquic] stream: RECEIVE bytes=52 buffers=1 pending=0
[msquic] stream: RECEIVE bytes=52 buffers=1 pending=0
[msquic] stream: RECEIVE bytes=52 buffers=1 pending=0
[heal] key=11 heal_ms=71.9403
[msquic] stream: RECEIVE bytes=52 buffers=1 pending=0
[lat] dt_ms=56.1808 cmd=up key=i
[msquic] stream: RECEIVE bytes=52 buffers=1 pending=0
[lat] dt_ms=67.3357 cmd=up key=j
[lat] dt_ms=78.6601 cmd=down key=j
[msquic] stream: RECEIVE bytes=52 buffers=1 pending=0
[heal] key=13 heal_ms=70.6666
[msquic] stream: RECEIVE bytes=52 buffers=1 pending=0
[msquic] stream: RECEIVE bytes=52 buffers=1 pending=0
[lat] dt_ms=44.7964 cmd=down key=l
[watchdog] key=15 age_ms=531.794
[stuck] key=14 age_ms=566.56
[lat] dt_ms=70.9748 cmd=down key=k
[heal] key=14 heal_ms=60.7631
[msquic] stream: RECEIVE bytes=52 buffers=1 pending=0
[msquic] stream: RECEIVE bytes=52 buffers=1 pending=0
[lat] dt_ms=77.3329 cmd=up key=k
[lat] dt_ms=56.3252 cmd=up key=l
[lat] dt_ms=48.9736 cmd=down key=m
[msquic] stream: RECEIVE bytes=52 buffers=1 pending=0
[msquic] stream: RECEIVE bytes=52 buffers=1 pending=0
[heal] key=16 heal_ms=52.6724
[msquic] stream: RECEIVE bytes=52 buffers=1 pending=0
[lat] dt_ms=44.2153 cmd=down key=n
[watchdog] key=17 age_ms=539.438
[heal] key=15 heal_ms=78.7283
[msquic] stream: RECEIVE bytes=52 buffers=1 pending=0
[lat] dt_ms=61.1472 cmd=up key=m
[lat] dt_ms=40.8344 cmd=up key=n
[msquic] stream: RECEIVE bytes=52 buffers=1 pending=0
[msquic] stream: RECEIVE bytes=52 buffers=1 pending=0
[lat] dt_ms=42.8452 cmd=down key=p
[heal] key=17 heal_ms=75.2119
[msquic] stream: RECEIVE bytes=52 buffers=1 pending=0
[heal] key=19 heal_ms=605.828
[msquic] stream: RECEIVE bytes=52 buffers=1 pending=0
[msquic] stream: RECEIVE bytes=52 buffers=1 pending=0
[msquic] stream: RECEIVE bytes=52 buffers=1 pending=0
[stuck] key=18 age_ms=559.208
[lat] dt_ms=76.9716 cmd=down key=o
[hidra] progress: rx=288 emits=418 quic_snapshots=226 socket=connected
[heal] key=18 heal_ms=67.7437
[msquic] stream: RECEIVE bytes=52 buffers=1 pending=0
[lat] dt_ms=72 cmd=up key=o
[lat] dt_ms=45.6866 cmd=down key=q
[msquic] stream: RECEIVE bytes=52 buffers=1 pending=0
[lat] dt_ms=58.98 cmd=up key=p
[msquic] stream: RECEIVE bytes=52 buffers=1 pending=0
[lat] dt_ms=65.6961 cmd=down key=r
[lat] dt_ms=80.0122 cmd=up key=q
[msquic] stream: RECEIVE bytes=52 buffers=1 pending=0
[heal] key=21 heal_ms=626.064
[msquic] stream: RECEIVE bytes=52 buffers=1 pending=0
[lat] dt_ms=50.6722 cmd=down key=s
[watchdog] key=22 age_ms=557.186
[lat] dt_ms=63.342 cmd=up key=r
[msquic] stream: RECEIVE bytes=52 buffers=1 pending=0
[lat] dt_ms=53.8595 cmd=up key=s
[msquic] stream: RECEIVE bytes=52 buffers=1 pending=0
[msquic] stream: RECEIVE bytes=52 buffers=1 pending=0
[lat] dt_ms=48.4223 cmd=up key=t
[lat] dt_ms=59.459 cmd=down key=t
[watchdog] key=23 age_ms=562.047
[msquic] stream: RECEIVE bytes=52 buffers=1 pending=0
[msquic] stream: RECEIVE bytes=52 buffers=1 pending=0
[lat] dt_ms=49.2351 cmd=up key=u
[msquic] stream: RECEIVE bytes=52 buffers=2 pending=0
[msquic] stream: RECEIVE bytes=52 buffers=1 pending=0
[msquic] stream: RECEIVE bytes=52 buffers=1 pending=0
[lat] dt_ms=73.7135 cmd=down key=u
[lat] dt_ms=55.6088 cmd=down key=v
[watchdog] key=25 age_ms=556.885
[msquic] stream: RECEIVE bytes=52 buffers=1 pending=0
[lat] dt_ms=57.4443 cmd=up key=v
[lat] dt_ms=52.3374 cmd=down key=w
[watchdog] key=26 age_ms=534.266
[hidra] snapshot v1 mods=0x0 pressed=0
[msquic] stream: RECEIVE bytes=52 buffers=1 pending=0
[msquic] stream: RECEIVE bytes=52 buffers=1 pending=0
[lat] dt_ms=60.9159 cmd=up key=w
[heal] key=25 heal_ms=86.6668
[msquic] stream: RECEIVE bytes=52 buffers=1 pending=0
[msquic] stream: RECEIVE bytes=52 buffers=1 pending=0
[lat] dt_ms=48.1464 cmd=up key=x
[msquic] stream: RECEIVE bytes=52 buffers=1 pending=0
[msquic] stream: RECEIVE bytes=52 buffers=1 pending=0
[stuck] key=28 age_ms=547.13
[lat] dt_ms=77.4912 cmd=down key=x
[heal] key=28 heal_ms=52.406
[msquic] stream: RECEIVE bytes=52 buffers=1 pending=0
[heal] key=27 heal_ms=74.3685
[msquic] stream: RECEIVE bytes=52 buffers=1 pending=0
[lat] dt_ms=50.6721 cmd=down key=z
[lat] dt_ms=75.3271 cmd=down key=y
[watchdog] key=29 age_ms=553.849
[lat] dt_ms=79.1843 cmd=up key=y
[lat] dt_ms=53.0379 cmd=down key=ENTER
[watchdog] key=40 age_ms=573.997
[msquic] stream: RECEIVE bytes=104 buffers=1 pending=0
[msquic] stream: RECEIVE bytes=52[lat] dt_ms=69.9266 cmd=up key=z
 buffers=1 pending=0
[msquic] stream: RECEIVE bytes=52 buffers=1 pending=0
[msquic] stream: RECEIVE bytes=52 buffers=1 pending=0
[msquic] stream: RECEIVE bytes=52 buffers=1 pending=0
[lat] dt_ms=57.8236 cmd=down key=a
[heal] key=40 heal_ms=73.6637
[msquic] stream: RECEIVE bytes=52 buffers=1 pending=0
[lat] dt_ms=74.9257 cmd=up key=ENTER
[lat] dt_ms=41.3144 cmd=up key=b
[lat] dt_ms=64.9983 cmd=up key=a
[lat] dt_ms=57.8655 cmd=down key=b
[msquic] stream: RECEIVE bytes=52 buffers=1 pending=0
[msquic] stream: RECEIVE bytes=52 buffers=1 pending=0
[msquic] stream: RECEIVE bytes=52 buffers=1 pending=0
[stuck] key=6 age_ms=543.608
[lat] dt_ms=50.8891 cmd=up key=c
[msquic] stream: RECEIVE bytes=104 buffers=1 pending=0
[lat] dt_ms=41.2297 cmd=up key=d
[msquic] stream: RECEIVE bytes=52 buffers=1 pending=0
[lat] dt_ms=75.1291 cmd=down key=c
[msquic] stream: RECEIVE bytes=52 buffers=1 pending=0
[msquic] stream: RECEIVE bytes=52 buffers=1 pending=0
[msquic] stream: RECEIVE bytes=52 buffers=1 pending=0
[lat] dt_ms=75.113 cmd=down key=d
[stuck] key=8 age_ms=557.25
[lat] dt_ms=65.3605 cmd=down key=e
[lat] dt_ms=62.8051 cmd=up key=e
[heal] key=7 heal_ms=86.2764
[msquic] stream: RECEIVE bytes=52 buffers=1 pending=0
[lat] dt_ms=50.0674 cmd=up key=f
[msquic] stream: RECEIVE bytes=52 buffers=1 pending=0
[lat] dt_ms=66.574 cmd=down key=f
[msquic] stream: RECEIVE bytes=52 buffers=1 pending=0
[msquic] stream: RECEIVE bytes=52 buffers=1 pending=0
[lat] dt_ms=48.7145 cmd=up key=g
[msquic] stream: RECEIVE bytes=52 buffers=1 pending=0
[lat] dt_ms=77.7894 cmd=down key=g
[watchdog] key=10 age_ms=558.233
[msquic] stream: RECEIVE bytes=52 buffers=1 pending=0
[msquic] stream: RECEIVE bytes=52 buffers=1 pending=0
[msquic] stream: RECEIVE bytes=52 buffers=1 pending=0
[stuck] key=11 age_ms=577.549
[lat] dt_ms=70.0157 cmd=down key=h
[heal] key=11 heal_ms=70.2688
[msquic] stream: RECEIVE bytes=52 buffers=1 pending=0
[lat] dt_ms=74.3976 cmd=up key=h
[msquic] stream: RECEIVE bytes=52 buffers=1 pending=0
[lat] dt_ms=60.1978 cmd=up key=i
[msquic] stream: RECEIVE bytes=52 buffers=1 pending=0
[lat] dt_ms=73.6882 cmd=down key=i
[lat] dt_ms=49.8766 cmd=up key=j
[lat] dt_ms=63.3921 cmd=down key=j
[msquic] stream: RECEIVE bytes=52 buffers=1 pending=0
[lat] dt_ms=55.9904 cmd=down key=k
[heal] key=14 heal_ms=51.6359
[msquic] stream: RECEIVE bytes=52 buffers=1 pending=0
[msquic] stream: RECEIVE bytes=52 buffers=1 pending=0
[lat] dt_ms=71.3917 cmd=up key=k
[msquic] stream: RECEIVE bytes=52 buffers=1 pending=0
[lat] dt_ms=63.1856 cmd=down key=l
[watchdog] key=15 age_ms=547.347
[msquic] stream: RECEIVE bytes=52 buffers=1 pending=0
[msquic] stream: RECEIVE bytes=52 buffers=1 pending=0
[lat] dt_ms=66.1711 cmd=up key=l
[msquic] stream: RECEIVE bytes=52 buffers=1 pending=0
[lat] dt_ms=47.2443 cmd=down key=n
[msquic] stream: RECEIVE bytes=52 buffers=1 pending=0
[msquic] stream: RECEIVE bytes=52 buffers=1 pending=0
[lat] dt_ms=71.8617 cmd=down key=m
[lat] dt_ms=69.3058 cmd=up key=m
[msquic] stream: RECEIVE bytes=52 buffers=1 pending=0
[lat] dt_ms=54.0063 cmd=up key=n
[msquic] stream: RECEIVE bytes=52 buffers=1 pending=0
[msquic] stream: RECEIVE bytes=52 buffers=1 pending=0
[lat] dt_ms=68.3073 cmd=down key=o
[watchdog] key=18 age_ms=564.982
[msquic] stream: RECEIVE bytes=52 buffers=1 pending=0
[lat] dt_ms=65.1811 cmd=up key=o
[lat] dt_ms=44.9203 cmd=up key=p
[msquic] stream: RECEIVE bytes=52 buffers=1 pending=0
[lat] dt_ms=64.8475 cmd=down key=p
[heal] key=19 heal_ms=58.3934
[msquic] stream: RECEIVE bytes=52 buffers=1 pending=0
[lat] dt_ms=58.622 cmd=down key=q
[watchdog] key=20 age_ms=544.736
[msquic] stream: RECEIVE bytes=52 buffers=1 pending=0
[msquic] stream: RECEIVE bytes=52 buffers=1 pending=0
[msquic] stream: RECEIVE bytes=52 buffers=1 pending=0
[lat] dt_ms=56.8858 cmd=down key=r
[watchdog] key=21 age_ms=556.484
[lat] dt_ms=72.1308 cmd=up key=q
[lat] dt_ms=44.2557 cmd=down key=s
[watchdog] key=22 age_ms=549.426
[lat] dt_ms=61.8949 cmd=up key=r
[msquic] stream: RECEIVE bytes=52 buffers=1 pending=0
[lat] dt_ms=49.6024 cmd=up key=s
[msquic] stream: RECEIVE bytes=104 buffers=1 pending=0
[msquic] stream: RECEIVE bytes=52 buffers=1 pending=0
[msquic] stream: RECEIVE bytes=52 buffers=1 pending=0
[msquic] stream: RECEIVE bytes=52 buffers=1 pending=0
[stuck] key=23 age_ms=575.027
[lat] dt_ms=73.9763 cmd=down key=t
[msquic] stream: RECEIVE bytes=52 buffers=1 pending=0
[lat] dt_ms=70.5685 cmd=up key=t
[msquic] stream: RECEIVE bytes=52 buffers=1 pending=0
[heal] key=24 heal_ms=621.746
[msquic] stream: RECEIVE bytes=52 buffers=1 pending=0
[lat] dt_ms=69.8913 cmd=down key=u
[lat] dt_ms=54.836 cmd=down key=v
[lat] dt_ms=65.945 cmd=up key=u
[watchdog] key=25 age_ms=532.317
[msquic] stream: RECEIVE bytes=52 buffers=1 pending=0
[lat] dt_ms=55.2823 cmd=up key=v
[msquic] stream: RECEIVE bytes=52 buffers=1 pending=0
[msquic] stream: RECEIVE bytes=52 buffers=1 pending=0
[lat] dt_ms=53.7582 cmd=down key=w
[watchdog] key=26 age_ms=542.811
[msquic] stream: RECEIVE bytes=52 buffers=1 pending=0
[msquic] stream: RECEIVE bytes=52 buffers=1 pending=0
[msquic] stream: RECEIVE bytes=52 buffers=1 pending=0
[lat] dt_ms=55.7356 cmd=up key=x
[lat] dt_ms=67.4312 cmd=down key=x
[lat] dt_ms=79.0708 cmd=up key=w
[msquic] stream: RECEIVE bytes=52 buffers=1 pending=0
[msquic] stream: RECEIVE bytes=52 buffers=1 pending=0
[msquic] stream: RECEIVE bytes=52 buffers=1 pending=0
[lat] dt_ms=64.4436 cmd=down key=y
[watchdog] key=28 age_ms=586.562
[lat] dt_ms=68.9719 cmd=up key=y
[msquic] stream: RECEIVE bytes=52 buffers=1 pending=0
[lat] dt_ms=63.8444 cmd=down key=z
[lat] dt_ms=44.488 cmd=down key=ENTER
[heal] key=29 heal_ms=624.468
[msquic] stream: RECEIVE bytes=52 buffers=1 pending=0
[msquic] stream: RECEIVE bytes=52 buffers=1 pending=0
[lat] dt_ms=71.4893 cmd=up key=z
[msquic] stream: RECEIVE bytes=52 buffers=1 pending=0
[heal] key=40 heal_ms=53.761
[msquic] stream: RECEIVE bytes=52 buffers=2 pending=0
[msquic] stream: RECEIVE bytes=52 buffers=1 pending=0
[stuck] key=4 age_ms=541.673
[lat] dt_ms=61.6925 cmd=down key=a
[lat] dt_ms=74.5454 cmd=up key=ENTER
[heal] key=4 heal_ms=625.343
[msquic] stream: RECEIVE bytes=52 buffers=1 pending=0
[stuck] key=5 age_ms=558.691
[heal] key=5 heal_ms=613.358
[msquic] stream: RECEIVE bytes=52 buffers=1 pending=0
[msquic] stream: RECEIVE bytes=52 buffers=1 pending=0
[lat] dt_ms=79.8517 cmd=up key=a
[lat] dt_ms=49.3073 cmd=down key=c
[lat] dt_ms=79.7182 cmd=down key=b
[watchdog] key=6 age_ms=575.912
[lat] dt_ms=74.4097 cmd=up key=b
[msquic] stream: RECEIVE bytes=52 buffers=1 pending=0
[msquic] stream: RECEIVE bytes=52 buffers=1 pending=0
[lat] dt_ms=50.4016 cmd=down key=d
[lat] dt_ms=61.7161 cmd=up key=c
[msquic] stream: RECEIVE bytes=52 buffers=1 pending=0
[msquic] stream: RECEIVE bytes=52 buffers=1 pending=0
[msquic] stream: RECEIVE bytes=52 buffers=1 pending=0
[lat] dt_ms=58.7857 cmd=up key=d
[msquic] stream: RECEIVE bytes=52 buffers=1 pending=0
[heal] key=7 heal_ms=66.3155
[msquic] stream: RECEIVE bytes=52 buffers=1 pending=0
[stuck] key=8 age_ms=550.281
[lat] dt_ms=46.3953 cmd=down key=f
[watchdog] key=9 age_ms=548.765
[lat] dt_ms=71.4978 cmd=down key=e
[lat] dt_ms=60.8854 cmd=up key=e
[msquic] stream: RECEIVE bytes=52 buffers=1 pending=0
[msquic] stream: RECEIVE bytes=52 buffers=1 pending=0
[msquic] stream: RECEIVE bytes=52 buffers=1 pending=0
[lat] dt_ms=71.1941 cmd=up key=f
[lat] dt_ms=51.3035 cmd=up key=g
[msquic] stream: RECEIVE bytes=52 buffers=1 pending=0
[lat] dt_ms=75.0239 cmd=down key=g
[heal] key=10 heal_ms=64.8349
[msquic] stream: RECEIVE bytes=52 buffers=1 pending=0
[lat] dt_ms=57.6676 cmd=down key=h
[heal] key=11 heal_ms=51.3936
[msquic] stream: RECEIVE bytes=52 buffers=1 pending=0
[msquic] stream: RECEIVE bytes=104 buffers=1 pending=0
[lat] dt_ms=55.7718 cmd=up key=h
[msquic] stream: RECEIVE bytes=52 buffers=1 pending=0
[lat] dt_ms=46.3999 cmd=up key=i
[lat] dt_ms=56.7165 cmd=down key=i
[watchdog] key=12 age_ms=559.816
[msquic] stream: RECEIVE bytes=52 buffers=1 pending=0
[stuck] key=13 age_ms=556.538
[lat] dt_ms=53.5464 cmd=down key=j
[lat] dt_ms=43.255 cmd=up key=j
[msquic] stream: RECEIVE bytes=52 buffers=1 pending=0
[heal] key=12 heal_ms=77.8078
[msquic] stream: RECEIVE bytes=52 buffers=1 pending=0
[lat] dt_ms=45.0022 cmd=up key=k
[msquic] stream: RECEIVE bytes=52 buffers=1 pending=0
[msquic] stream: RECEIVE bytes=52 buffers=1 pending=0
[lat] dt_ms=55.6647 cmd=down key=l
[lat] dt_ms=78.6262 cmd=down key=k
[msquic] stream: RECEIVE bytes=52 buffers=1 pending=0
[msquic] stream: RECEIVE bytes=52 buffers=1 pending=0
[msquic] stream: RECEIVE bytes=52 buffers=1 pending=0
[msquic] stream: RECEIVE bytes=52 buffers=1 pending=0
[lat] dt_ms=61.2061 cmd=up key=l
[lat] dt_ms=51.8707 cmd=down key=m
[watchdog] key=16 age_ms=545.725
[msquic] stream: RECEIVE bytes=52 buffers=1 pending=0
[msquic] stream: RECEIVE bytes=52 buffers=1 pending=0
[stuck] key=17 age_ms=551.655
[lat] dt_ms=68.2469 cmd=up key=m
[heal] key=17 heal_ms=618.003
[msquic] stream: RECEIVE bytes=52 buffers=1 pending=0
[heal] key=16 heal_ms=78.7565
[heal] key=17 heal_ms=57.8082
[msquic] stream: RECEIVE bytes=104 buffers=1 pending=0
[msquic] stream: RECEIVE bytes=52 buffers=1 pending=0
[lat] dt_ms=74.862 cmd=down key=n
[stuck] key=18 age_ms=549.444
[lat] dt_ms=70.4081 cmd=up key=n
[lat] dt_ms=52.2425 cmd=up key=o
[msquic] stream: RECEIVE bytes=52 buffers=1 pending=0
[stuck] key=19 age_ms=549.198
[lat] dt_ms=80.6542 cmd=down key=o
[lat] dt_ms=64.9807 cmd=down key=p
[heal] key=18 heal_ms=84.5173
[msquic] stream: RECEIVE bytes=52 buffers=1 pending=0
[lat] dt_ms=43.6299 cmd=up key=q
[msquic] stream: RECEIVE bytes=52 buffers=1 pending=0
[lat] dt_ms=42.9554 cmd=down key=r
[lat] dt_ms=75.4465 cmd=up key=p
[watchdog] key=21 age_ms=529.117
[msquic] stream: RECEIVE bytes=52 buffers=1 pending=0
[msquic] stream: RECEIVE bytes=52 buffers=1 pending=0
[lat] dt_ms=75.7793 cmd=down key=q
[heal] key=20 heal_ms=80.3874
[msquic] stream: RECEIVE bytes=52 buffers=1 pending=0
[lat] dt_ms=60.5229 cmd=up key=r
[msquic] stream: RECEIVE bytes=52 buffers=1 pending=0
[msquic] stream: RECEIVE bytes=52 buffers=1 pending=0
[stuck] key=22 age_ms=561.465
[lat] dt_ms=56.7914 cmd=up key=s
[hidra] snapshot v1 mods=0x0 pressed=0
[msquic] stream: RECEIVE bytes=104 buffers=1 pending=0
[lat] dt_ms=43.8336 cmd=up key=t
[lat] dt_ms=77.6694 cmd=down key=s
[msquic] stream: RECEIVE bytes=52 buffers=1 pending=0
[lat] dt_ms=60.9015 cmd=down key=t
[msquic] stream: RECEIVE bytes=52 buffers=1 pending=0
[heal] key=23 heal_ms=74.1499
[msquic] stream: RECEIVE bytes=52 buffers=1 pending=0
[msquic] stream: RECEIVE bytes=52 buffers=1 pending=0
[stuck] key=24 age_ms=563.774
[lat] dt_ms=55.5042 cmd=down key=v
[lat] dt_ms=77.4932 cmd=down key=u
[lat] dt_ms=68.2409 cmd=up key=u
[heal] key=25 heal_ms=616.672
[msquic] stream: RECEIVE bytes=52 buffers=1 pending=0
[msquic] stream: RECEIVE bytes=52 buffers=1 pending=0
[msquic] stream: RECEIVE bytes=52 buffers=1 pending=0
[lat] dt_ms=48.3924 cmd=down key=w
[msquic] stream: RECEIVE bytes=52 buffers=1 pending=0
[msquic] stream: RECEIVE bytes=52 buffers=1 pending=0
[lat] dt_ms=77.148 cmd=up key=v
[msquic] stream: RECEIVE bytes=52 buffers=1 pending=0
[lat] dt_ms=54.1214 cmd=down key=x
[lat] dt_ms=71.455 cmd=up key=w
[watchdog] key=27 age_ms=557.341
[msquic] stream: RECEIVE bytes=52 buffers=1 pending=0
[msquic] stream: RECEIVE bytes=52 buffers=1 pending=0
[msquic] stream: RECEIVE bytes=52 buffers=1 pending=0
[lat] dt_ms=65.4778 cmd=down key=y
[lat] dt_ms=75.9353 cmd=up key=x
[heal] key=28 heal_ms=62.0524
[msquic] stream: RECEIVE bytes=52 buffers=1 pending=0
[lat] dt_ms=52.599 cmd=down key=z
[msquic] stream: RECEIVE bytes=52 buffers=1 pending=0
[lat] dt_ms=71.5985 cmd=up key=y
[lat] dt_ms=45.1276 cmd=down key=ENTER
[lat] dt_ms=57.5714 cmd=up key=z
[watchdog] key=40 age_ms=553.039
[msquic] stream: RECEIVE bytes=52 buffers=1 pending=0
[msquic] stream: RECEIVE bytes=52 buffers=1 pending=0
[lat] dt_ms=60.8961 cmd=up key=ENTER
[stuck] key=4 age_ms=533.976
[msquic] stream: RECEIVE bytes=52 buffers=1 pending=0
[heal] key=4 heal_ms=49.3857
[msquic] stream: RECEIVE bytes=52 buffers=1 pending=0
[lat] dt_ms=53.6204 cmd=up key=a
[lat] dt_ms=65.3941 cmd=down key=a
[msquic] stream: RECEIVE bytes=52 buffers=1 pending=0
[msquic] stream: RECEIVE bytes=52 buffers=1 pending=0
[lat] dt_ms=49.9006 cmd=down key=b
[heal] key=5 heal_ms=614.436
[msquic] stream: RECEIVE bytes=52 buffers=1 pending=0
[lat] dt_ms=54.2383 cmd=up key=b
[msquic] stream: RECEIVE bytes=52 buffers=1 pending=0
[msquic] stream: RECEIVE bytes=52 buffers=1 pending=0
[msquic] stream: RECEIVE bytes=52 buffers=1 pending=0
[lat] dt_ms=54.2173 cmd=up key=c
[msquic] stream: RECEIVE bytes=52 buffers=1 pending=0
[lat] dt_ms=75.1308 cmd=down key=c
[stuck] key=7 age_ms=552.282
[lat] dt_ms=55.9674 cmd=down key=d
[msquic] stream: RECEIVE bytes=52 buffers=1 pending=0
[msquic] stream: RECEIVE bytes=52 buffers=1 pending=0
[msquic] stream: RECEIVE bytes=52 buffers=1 pending=0
[lat] dt_ms=70.2196 cmd=up key=d
[stuck] key=8 age_ms=559.502
[msquic] stream: RECEIVE bytes=52 buffers=1 pending=0
[lat] dt_ms=71.2947 cmd=down key=e
[lat] dt_ms=51.4141 cmd=down key=f
[watchdog] key=9 age_ms=543.612
[lat] dt_ms=64.7701 cmd=up key=e
[msquic] stream: RECEIVE bytes=52 buffers=1 pending=0
[msquic] stream: RECEIVE bytes=52 buffers=1 pending=0
[msquic] stream: RECEIVE bytes=52 buffers=2 pending=0
[lat] dt_ms=61.1144 cmd=up key=f
[lat] dt_ms=51.6255 cmd=down key=g
[watchdog] key=10 age_ms=536.306
[msquic] stream: RECEIVE bytes=52 buffers=1 pending=0
[msquic] stream: RECEIVE bytes=52 buffers=1 pending=0
[lat] dt_ms=68.4609 cmd=up key=g
[lat] dt_ms=61.8462 cmd=down key=h
[msquic] stream: RECEIVE bytes=104 buffers=1 pending=0
[msquic] stream: RECEIVE bytes=52 buffers=1 pending=0
[msquic] stream: RECEIVE bytes=52 buffers=1 pending=0
[msquic] stream: RECEIVE bytes=52 buffers=1 pending=0
[lat] dt_ms=44.1239 cmd=up key=i
[lat] dt_ms=57.0788 cmd=down key=i
[msquic] stream: RECEIVE bytes=52 buffers=1 pending=0
[lat] dt_ms=79.0075 cmd=up key=h
[msquic] stream: RECEIVE bytes=52 buffers=1 pending=0
[stuck] key=13 age_ms=573.118
[heal] key=13 heal_ms=64.9082
[msquic] stream: RECEIVE bytes=52 buffers=1 pending=0
[lat] dt_ms=77.8487 cmd=down key=j
[lat] dt_ms=51.2123 cmd=up key=k
[msquic] stream: RECEIVE bytes=104 buffers=1 pending=0
[lat] dt_ms=75.6045 cmd=up key=j
[msquic] stream: RECEIVE bytes=52 buffers=1 pending=0
[stuck] key=15 age_ms=543.225
[lat] dt_ms=73.857 cmd=down key=k
[lat] dt_ms=64.5827 cmd=down key=l
[msquic] stream: RECEIVE bytes=52 buffers=1 pending=0
[lat] dt_ms=50.0426 cmd=up key=m
[lat] dt_ms=71.6169 cmd=up key=l
[lat] dt_ms=63.4182 cmd=down key=m
[watchdog] key=16 age_ms=551.243
[lat] dt_ms=48.1955 cmd=down key=n
[heal] key=17 heal_ms=43.9369
[msquic] stream: RECEIVE bytes=52 buffers=1 pending=0
[msquic] stream: RECEIVE bytes=52 buffers=1 pending=0
[msquic] stream: RECEIVE bytes=52 buffers=1 pending=0
[heal] key=16 heal_ms=85.3882
[msquic] stream: RECEIVE bytes=52 buffers=1 pending=0
[msquic] stream: RECEIVE bytes=52 buffers=1 pending=0
[lat] dt_ms=66.4068 cmd=down key=o
[lat] dt_ms=78.6531 cmd=up key=n
[msquic] stream: RECEIVE bytes=52 buffers=1 pending=0
[msquic] stream: RECEIVE bytes=52 buffers=1 pending=0
[lat] dt_ms=58.5923 cmd=down key=p
[lat] dt_ms=72.9718 cmd=up key=o
[watchdog] key=19 age_ms=586.279
[msquic] stream: RECEIVE bytes=52 buffers=1 pending=0
[lat] dt_ms=61.3506 cmd=up key=p
[stuck] key=20 age_ms=544.869
[msquic] stream: RECEIVE bytes=52 buffers=1 pending=0
[msquic] stream: RECEIVE bytes=52 buffers=1 pending=0
[lat] dt_ms=54.9113 cmd=up key=q
[msquic] stream: RECEIVE bytes=52 buffers=1 pending=0
[msquic] stream: RECEIVE bytes=52 buffers=1 pending=0
[lat] dt_ms=71.6669 cmd=down key=q
[msquic] stream: RECEIVE bytes=52 buffers=1 pending=0
[stuck] key=21 age_ms=558.649
[lat] dt_ms=43.1621 cmd=down key=s
[lat] dt_ms=55.6719 cmd=up key=r
[watchdog] key=22 age_ms=565.25
[msquic] stream: RECEIVE bytes=52 buffers=1 pending=0
[lat] dt_ms=76.8885 cmd=down key=r
[msquic] stream: RECEIVE bytes=52 buffers=1 pending=0
[msquic] stream: RECEIVE bytes=52 buffers=1 pending=0
[lat] dt_ms=43.9307 cmd=up key=t
[lat] dt_ms=71.09 cmd=up key=s
[msquic] stream: RECEIVE bytes=52 buffers=1 pending=0
[msquic] stream: RECEIVE bytes=52 buffers=1 pending=0
[lat] dt_ms=77.4377 cmd=down key=t
[heal] key=23 heal_ms=66.9043
[msquic] stream: RECEIVE bytes=52 buffers=1 pending=0
[msquic] stream: RECEIVE bytes=52 buffers=1 pending=0
[lat] dt_ms=70.3281 cmd=down key=u
[lat] dt_ms=54.4991 cmd=down key=v
[watchdog] key=25 age_ms=543.398
[watchdog] key=24 age_ms=575.346
[msquic] stream: RECEIVE bytes=52 buffers=1 pending=0
[msquic] stream: RECEIVE bytes=52 buffers=1 pending=0
[lat] dt_ms=79.8931 cmd=up key=u
[msquic] stream: RECEIVE bytes=52 buffers=1 pending=0
[lat] dt_ms=44.1669 cmd=up key=w
[msquic] stream: RECEIVE bytes=52 buffers=1 pending=0
[lat] dt_ms=68.4594 cmd=up key=v
[lat] dt_ms=61.3032 cmd=down key=w
[lat] dt_ms=42.1761 cmd=down key=x
[heal] key=26 heal_ms=52.91
[msquic] stream: RECEIVE bytes=52 buffers=1 pending=0
[msquic] stream: RECEIVE bytes=52 buffers=1 pending=0
[msquic] stream: RECEIVE bytes=52 buffers=1 pending=0
[lat] dt_ms=65.0302 cmd=up key=x
[lat] dt_ms=54.6641 cmd=down key=y
[msquic] stream: RECEIVE bytes=52 buffers=1 pending=0
[msquic] stream: RECEIVE bytes=104 buffers=1 pending=0
[lat] dt_ms=55.5748 cmd=up key=y
[msquic] stream: RECEIVE bytes=52 buffers=1 pending=0
[lat] dt_ms=46.104 cmd=down key=z
[watchdog] key=29 age_ms=548.513
[msquic] stream: RECEIVE bytes=52 buffers=1 pending=0
[lat] dt_ms=46.9365 cmd=up key=z
[msquic] stream: RECEIVE bytes=52 buffers=1 pending=0
[lat] dt_ms=54.3486 cmd=down key=ENTER
[msquic] stream: RECEIVE bytes=52 buffers=1 pending=0
[lat] dt_ms=56.4889 cmd=up key=ENTER
[lat] dt_ms=51.0778 cmd=down key=a
[watchdog] key=4 age_ms=542.149
[heal] key=29 heal_ms=88.5641
[msquic] stream: RECEIVE bytes=52 buffers=1 pending=0
[msquic] stream: RECEIVE bytes=52 buffers=1 pending=0
[heal] key=40 heal_ms=74.6245
[msquic] stream: RECEIVE bytes=52 buffers=1 pending=0
[msquic] stream: RECEIVE bytes=52 buffers=1 pending=0
[lat] dt_ms=52.7013 cmd=down key=b
[lat] dt_ms=67.2497 cmd=up key=a
[lat] dt_ms=49.421 cmd=up key=b
[msquic] stream: RECEIVE bytes=52 buffers=1 pending=0
[lat] dt_ms=53.8547 cmd=down key=c
[msquic] stream: RECEIVE bytes=52 buffers=1 pending=0
[lat] dt_ms=48.6098 cmd=up key=c
[msquic] stream: RECEIVE bytes=52 buffers=1 pending=0
[heal] key=5 heal_ms=79.0012
[msquic] stream: RECEIVE bytes=52 buffers=1 pending=0
[lat] dt_ms=50.606 cmd=down key=d
[hidra] progress: rx=576 emits=835 quic_snapshots=450 socket=connected
[msquic] stream: RECEIVE bytes=52 buffers=1 pending=0
[heal] key=7 heal_ms=53.7156
[msquic] stream: RECEIVE bytes=52 buffers=1 pending=0
[lat] dt_ms=54.7592 cmd=up key=d
[msquic] stream: RECEIVE bytes=52 buffers=1 pending=0
[lat] dt_ms=62.0327 cmd=down key=e
[msquic] stream: RECEIVE bytes=52 buffers=1 pending=0
[msquic] stream: RECEIVE bytes=52 buffers=1 pending=0
[lat] dt_ms=63.0065 cmd=down key=f
[heal] key=8 heal_ms=75.5034
[msquic] stream: RECEIVE bytes=52 buffers=1 pending=0
[lat] dt_ms=76.5527 cmd=up key=e
[heal] key=9 heal_ms=56.6931
[msquic] stream: RECEIVE bytes=52 buffers=1 pending=0
[lat] dt_ms=59.9319 cmd=up key=f
[lat] dt_ms=51.2423 cmd=up key=g
[msquic] stream: RECEIVE bytes=104 buffers=1 pending=0
[msquic] stream: RECEIVE bytes=52 buffers=1 pending=0
[msquic] stream: RECEIVE bytes=52 buffers=1 pending=0
[lat] dt_ms=78.604 cmd=down key=g
[lat] dt_ms=66.9583 cmd=down key=h
[lat] dt_ms=51.2553 cmd=down key=i
[lat] dt_ms=42.6461 cmd=up key=i
[heal] key=10 heal_ms=85.8955
[msquic] stream: RECEIVE bytes=52 buffers=1 pending=0
[msquic] stream: RECEIVE bytes=104 buffers=1 pending=0
[lat] dt_ms=46.2263 cmd=down key=j
[lat] dt_ms=78.8142 cmd=up key=h
[msquic] stream: RECEIVE bytes=104 buffers=1 pending=0
[lat] dt_ms=44.16 cmd=down key=k
[watchdog] key=14 age_ms=560.328
[msquic] stream: RECEIVE bytes=52 buffers=1 pending=0
[lat] dt_ms=70.3768 cmd=up key=j
[msquic] stream: RECEIVE bytes=52 buffers=1 pending=0
[msquic] stream: RECEIVE bytes=52 buffers=1 pending=0
[stuck] key=15 age_ms=539.169
[msquic] stream: RECEIVE bytes=52 buffers=1 pending=0
[lat] dt_ms=69.6273 cmd=up key=k
[msquic] stream: RECEIVE bytes=52 buffers=1 pending=0
[msquic] stream: RECEIVE bytes=52 buffers=1 pending=0
[stuck] key=16 age_ms=557.257
[lat] dt_ms=72.6593 cmd=down key=l
[heal] key=15 heal_ms=66.3425
[msquic] stream: RECEIVE bytes=52 buffers=2 pending=0
[msquic] stream: RECEIVE bytes=52 buffers=1 pending=0
[lat] dt_ms=59.3688 cmd=down key=m
[lat] dt_ms=73.798 cmd=up key=l
[msquic] stream: RECEIVE bytes=52 buffers=1 pending=0
[lat] dt_ms=62.7585 cmd=down key=n
[msquic] stream: RECEIVE bytes=52 buffers=1 pending=0
[lat] dt_ms=76.9926 cmd=up key=m
[heal] key=17 heal_ms=59.0507
[msquic] stream: RECEIVE bytes=52 buffers=1 pending=0
[lat] dt_ms=65.1275 cmd=up key=n
[msquic] stream: RECEIVE bytes=104 buffers=1 pending=0
[lat] dt_ms=73.3981 cmd=down key=o
[heal] key=18 heal_ms=71.0317
[msquic] stream: RECEIVE bytes=52 buffers=1 pending=0
[hidra] snapshot v1 mods=0x0 pressed=0
[msquic] stream: RECEIVE bytes=52 buffers=1 pending=0
[lat] dt_ms=75.4968 cmd=up key=o
[msquic] stream: RECEIVE bytes=52 buffers=1 pending=0
[lat] dt_ms=57.9006 cmd=up key=p
[lat] dt_ms=68.1749 cmd=down key=p
[stuck] key=20 age_ms=544.302
[heal] key=20 heal_ms=616.459
[msquic] stream: RECEIVE bytes=52 buffers=1 pending=0
[lat] dt_ms=64.9421 cmd=up key=q
[lat] dt_ms=79.9053 cmd=down key=q
[heal] key=20 heal_ms=74.4577
[msquic] stream: RECEIVE bytes=52 buffers=1 pending=0
[msquic] stream: RECEIVE bytes=52 buffers=1 pending=0
[heal] key=21 heal_ms=626.826
[msquic] stream: RECEIVE bytes=104 buffers=1 pending=0
[lat] dt_ms=70.7518 cmd=down key=r
[lat] dt_ms=76.5292 cmd=up key=r
[lat] dt_ms=73.9136 cmd=down key=s
[watchdog] key=22 age_ms=582.433
[msquic] stream: RECEIVE bytes=52 buffers=1 pending=0
[msquic] stream: RECEIVE bytes=52 buffers=1 pending=0
[lat] dt_ms=79.8492 cmd=up key=s
[msquic] stream: RECEIVE bytes=52 buffers=1 pending=0
[lat] dt_ms=60.2647 cmd=up key=t
[msquic] stream: RECEIVE bytes=52 buffers=1 pending=0
[stuck] key=24 age_ms=532.205
[msquic] stream: RECEIVE bytes=52 buffers=1 pending=0
[msquic] stream: RECEIVE bytes=52 buffers=1 pending=0
[lat] dt_ms=80.3858 cmd=down key=t
[lat] dt_ms=60.8401 cmd=down key=u
[lat] dt_ms=49.9984 cmd=up key=u
[lat] dt_ms=52.1538 cmd=down key=v
[lat] dt_ms=41.847 cmd=up key=v
[heal] key=23 heal_ms=87.8445
[msquic] stream: RECEIVE bytes=52 buffers=1 pending=0
[msquic] stream: RECEIVE bytes=52 buffers=1 pending=0
[msquic] stream: RECEIVE bytes=52 buffers=1 pending=0
[msquic] stream: RECEIVE bytes=52 buffers=1 pending=0
[lat] dt_ms=43.7539 cmd=down key=x
[lat] dt_ms=72.5861 cmd=down key=w
[watchdog] key=27 age_ms=543.163
[heal] key=25 heal_ms=85.768
[msquic] stream: RECEIVE bytes=52 buffers=1 pending=0
[lat] dt_ms=51.03 cmd=up key=x
[msquic] stream: RECEIVE bytes=52 buffers=1 pending=0
[lat] dt_ms=77.8009 cmd=up key=w
[msquic] stream: RECEIVE bytes=52 buffers=1 pending=0
[lat] dt_ms=48.3663 cmd=up key=y
[heal] key=27 heal_ms=68.9735
[msquic] stream: RECEIVE bytes=52 buffers=1 pending=0
[msquic] stream: RECEIVE bytes=52 buffers=1 pending=0
[msquic] stream: RECEIVE bytes=52 buffers=1 pending=0
[lat] dt_ms=76.7505 cmd=down key=y
[watchdog] key=28 age_ms=594.782
[stuck] key=29 age_ms=570.565
[msquic] stream: RECEIVE bytes=104 buffers=1 pending=0
[heal] key=28 heal_ms=82.2183
[msquic] stream: RECEIVE bytes=52 buffers=1 pending=0
[lat] dt_ms=76.8803 cmd=down key=z
[lat] dt_ms=59.2433 cmd=down key=ENTER
[lat] dt_ms=71.728 cmd=up key=z
[lat] dt_ms=51.7401 cmd=up key=ENTER
[msquic] stream: RECEIVE bytes=52 buffers=1 pending=0
[msquic] stream: RECEIVE bytes=52 buffers=1 pending=0
[lat] dt_ms=59.882 cmd=down key=a
[lat] dt_ms=51.7862 cmd=up key=a
[heal] key=40 heal_ms=72.7553
[msquic] stream: RECEIVE bytes=52 buffers=1 pending=0
[msquic] stream: RECEIVE bytes=52 buffers=1 pending=0
[lat] dt_ms=56.3956 cmd=up key=b
[lat] dt_ms=71.3598 cmd=down key=b
[msquic] stream: RECEIVE bytes=52 buffers=1 pending=0
[msquic] stream: RECEIVE bytes=52 buffers=1 pending=0
[stuck] key=6 age_ms=566.157
[msquic] stream: RECEIVE bytes=52 buffers=1 pending=0
[lat] dt_ms=69.2233 cmd=down key=c
[heal] key=6 heal_ms=629.787
[msquic] stream: RECEIVE bytes=52 buffers=1 pending=0
[msquic] stream: RECEIVE bytes=52 buffers=1 pending=0
[stuck] key=7 age_ms=558.709
[lat] dt_ms=66.2133 cmd=up key=c
[lat] dt_ms=59.0259 cmd=down key=d
[msquic] stream: RECEIVE bytes=52 buffers=1 pending=0
[lat] dt_ms=58.1511 cmd=down key=e
[watchdog] key=8 age_ms=553.668
[msquic] stream: RECEIVE bytes=52 buffers=1 pending=0
[lat] dt_ms=77.1124 cmd=up key=d
[lat] dt_ms=58.0536 cmd=up key=e
[lat] dt_ms=48.5353 cmd=down key=f
[watchdog] key=9 age_ms=557.287
[msquic] stream: RECEIVE bytes=52 buffers=1 pending=0
[lat] dt_ms=42.014 cmd=down key=g
[heal] key=8 heal_ms=73.8649
[msquic] stream: RECEIVE bytes=52 buffers=1 pending=0
[lat] dt_ms=59.5882 cmd=up key=f
[msquic] stream: RECEIVE bytes=52 buffers=1 pending=0
[msquic] stream: RECEIVE bytes=52 buffers=1 pending=0
[msquic] stream: RECEIVE bytes=52 buffers=1 pending=0
[msquic] stream: RECEIVE bytes=52 buffers=1 pending=0
[lat] dt_ms=42.3917 cmd=down key=h
[watchdog] key=11 age_ms=567.38
[lat] dt_ms=47.1564 cmd=up key=h
[heal] key=9 heal_ms=90.1821
[msquic] stream: RECEIVE bytes=52 buffers=1 pending=0
[msquic] stream: RECEIVE bytes=52 buffers=1 pending=0
[lat] dt_ms=80.1559 cmd=up key=g
[msquic] stream: RECEIVE bytes=52 buffers=1 pending=0
[msquic] stream: RECEIVE bytes=52 buffers=1 pending=0
[msquic] stream: RECEIVE bytes=52 buffers=1 pending=0
[lat] dt_ms=72.6017 cmd=down key=i
[lat] dt_ms=42.2254 cmd=up key=j
[lat] dt_ms=55.5373 cmd=down key=j
[msquic] stream: RECEIVE bytes=52 buffers=1 pending=0
[heal] key=12 heal_ms=67.2263
[msquic] stream: RECEIVE bytes=52 buffers=1 pending=0
[lat] dt_ms=76.5765 cmd=up key=i
[lat] dt_ms=45.1106 cmd=down key=k
[watchdog] key=14 age_ms=543.52
[msquic] stream: RECEIVE bytes=52 buffers=1 pending=0
[lat] dt_ms=53.262 cmd=up key=k
[heal] key=13 heal_ms=77.6193
[msquic] stream: RECEIVE bytes=52 buffers=1 pending=0
[msquic] stream: RECEIVE bytes=52 buffers=1 pending=0
[msquic] stream: RECEIVE bytes=52 buffers=1 pending=0
[lat] dt_ms=47.333 cmd=up key=l
[lat] dt_ms=63.0477 cmd=down key=l
[heal] key=14 heal_ms=75.7457
[msquic] stream: RECEIVE bytes=52 buffers=1 pending=0
[msquic] stream: RECEIVE bytes=52 buffers=1 pending=0
[lat] dt_ms=52.6237 cmd=down key=m
[msquic] stream: RECEIVE bytes=52 buffers=1 pending=0
[heal] key=16 heal_ms=48.6508
[msquic] stream: RECEIVE bytes=52 buffers=1 pending=0
[lat] dt_ms=49.7764 cmd=up key=m
[lat] dt_ms=57.1058 cmd=down key=n
[lat] dt_ms=51.2158 cmd=up key=n
[heal] key=15 heal_ms=97.6544
[msquic] stream: RECEIVE bytes=52 buffers=1 pending=0
[msquic] stream: RECEIVE bytes=52 buffers=1 pending=0
[msquic] stream: RECEIVE bytes=52 buffers=1 pending=0
[lat] dt_ms=77.4419 cmd=down key=o
[lat] dt_ms=46.8186 cmd=up key=p
[msquic] stream: RECEIVE bytes=52 buffers=1 pending=0
[heal] key=18 heal_ms=73.4272
[msquic] stream: RECEIVE bytes=52 buffers=1 pending=0
[msquic] stream: RECEIVE bytes=52 buffers=1 pending=0
[lat] dt_ms=75.6703 cmd=up key=o
[lat] dt_ms=66.0358 cmd=down key=p
[lat] dt_ms=46.5059 cmd=down key=q
[msquic] stream: RECEIVE bytes=52 buffers=1 pending=0
[msquic] stream: RECEIVE bytes=52 buffers=1 pending=0
[msquic] stream: RECEIVE bytes=104 buffers=1 pending=0
[msquic] stream: RECEIVE bytes=52 buffers=1 pending=0
[lat] dt_ms=62.6908 cmd=up key=q
[lat] dt_ms=62.4268 cmd=down key=r
[msquic] stream: RECEIVE bytes=52 buffers=1 pending=0
[lat] dt_ms=53.762 cmd=down key=s
[lat] dt_ms=64.5548 cmd=up key=r
[lat] dt_ms=48.0192 cmd=up key=s
[msquic] stream: RECEIVE bytes=52 buffers=1 pending=0
[lat] dt_ms=42.0621 cmd=down key=t
[watchdog] key=23 age_ms=542.021
[heal] key=22 heal_ms=63.9395
[msquic] stream: RECEIVE bytes=52 buffers=2 pending=0
[msquic] stream: RECEIVE bytes=52 buffers=1 pending=0
[msquic] stream: RECEIVE bytes=52 buffers=1 pending=0
[msquic] stream: RECEIVE bytes=52 buffers=1 pending=0
[lat] dt_ms=66.9696 cmd=up key=t
[lat] dt_ms=52.6218 cmd=up key=u
[lat] dt_ms=63.9768 cmd=down key=u
[watchdog] key=24 age_ms=584.674
[msquic] stream: RECEIVE bytes=52 buffers=1 pending=0
[msquic] stream: RECEIVE bytes=52 buffers=1 pending=0
[msquic] stream: RECEIVE bytes=52 buffers=1 pending=0
[lat] dt_ms=71.9961 cmd=down key=v
[msquic] stream: RECEIVE bytes=52 buffers=1 pending=0
[lat] dt_ms=73.2508 cmd=up key=v
[msquic] stream: RECEIVE bytes=52 buffers=1 pending=0
[lat] dt_ms=71.9638 cmd=down key=w
[heal] key=26 heal_ms=62.9367
[msquic] stream: RECEIVE bytes=52 buffers=1 pending=0
[msquic] stream: RECEIVE bytes=52 buffers=1 pending=0
[lat] dt_ms=66.2657 cmd=up key=w
[lat] dt_ms=59.5368 cmd=down key=x
[msquic] stream: RECEIVE bytes=52 buffers=1 pending=0
[lat] dt_ms=42.0569 cmd=down key=y
[msquic] stream: RECEIVE bytes=52 buffers=1 pending=0
[lat] dt_ms=60.799 cmd=up key=x
[lat] dt_ms=55.0421 cmd=up key=y
[msquic] stream: RECEIVE bytes=52 buffers=1 pending=0
[heal] key=29 heal_ms=612.081
[msquic] stream: RECEIVE bytes=104 buffers=1 pending=0
[lat] dt_ms=48.9406 cmd=up key=z
[lat] dt_ms=42.4264 cmd=down key=ENTER
[watchdog] key=40 age_ms=540.137
[msquic] stream: RECEIVE bytes=52 buffers=1 pending=0
[lat] dt_ms=73.0275 cmd=down key=z
[lat] dt_ms=45.5364 cmd=up key=ENTER
[heal] key=29 heal_ms=67.8892
[msquic] stream: RECEIVE bytes=52 buffers=1 pending=0
[lat] dt_ms=44.0705 cmd=down key=a
[heal] key=4 heal_ms=603.993
[msquic] stream: RECEIVE bytes=52 buffers=1 pending=0
[msquic] stream: RECEIVE bytes=52 buffers=1 pending=0
[msquic] stream: RECEIVE bytes=52 buffers=1 pending=0
[msquic] stream: RECEIVE bytes=52 buffers=1 pending=0
[msquic] stream: RECEIVE bytes=52 buffers=1 pending=0
[lat] dt_ms=63.3485 cmd=up key=a
[lat] dt_ms=54.8539 cmd=down key=b
[watchdog] key=5 age_ms=559.736
[msquic] stream: RECEIVE bytes=52 buffers=1 pending=0
[msquic] stream: RECEIVE bytes=52 buffers=1 pending=0
[heal] key=5 heal_ms=61.8934
[msquic] stream: RECEIVE bytes=52 buffers=1 pending=0
[stuck] key=6 age_ms=543.223
[lat] dt_ms=65.0877 cmd=up key=b
[lat] dt_ms=47.8123 cmd=up key=c
[msquic] stream: RECEIVE bytes=52 buffers=1 pending=0
[lat] dt_ms=42.5242 cmd=up key=d
[msquic] stream: RECEIVE bytes=52 buffers=1 pending=0
[lat] dt_ms=75.323 cmd=down key=c
[lat] dt_ms=56.0997 cmd=down key=d
[watchdog] key=7 age_ms=576.505
[lat] dt_ms=42.549 cmd=up key=e
[msquic] stream: RECEIVE bytes=52 buffers=1 pending=0
[lat] dt_ms=56.3536 cmd=down key=e
[msquic] stream: RECEIVE bytes=52 buffers=1 pending=0
[msquic] stream: RECEIVE bytes=52 buffers=1 pending=0
[msquic] stream: RECEIVE bytes=52 buffers=1 pending=0
[msquic] stream: RECEIVE bytes=52 buffers=1 pending=0
[lat] dt_ms=55.4911 cmd=down key=f
[heal] key=7 heal_ms=89.0248
[msquic] stream: RECEIVE bytes=52 buffers=1 pending=0
[lat] dt_ms=49.5951 cmd=up key=f
[msquic] stream: RECEIVE bytes=104 buffers=1 pending=0
[msquic] stream: RECEIVE bytes=52 buffers=1 pending=0
[stuck] key=10 age_ms=546.25
[lat] dt_ms=69.2367 cmd=down key=g
[lat] dt_ms=79.5031 cmd=up key=g
[msquic] stream: RECEIVE bytes=52 buffers=1 pending=0
[msquic] stream: RECEIVE bytes=52 buffers=1 pending=0
[lat] dt_ms=74.5077 cmd=down key=h
[heal] key=11 heal_ms=66.2734
[msquic] stream: RECEIVE bytes=52 buffers=1 pending=0
[stuck] key=12 age_ms=537.614
[msquic] stream: RECEIVE bytes=52 buffers=1 pending=0
[lat] dt_ms=74.8017 cmd=up key=h
[msquic] stream: RECEIVE bytes=52 buffers=1 pending=0
[lat] dt_ms=61.3862 cmd=up key=i
[msquic] stream: RECEIVE bytes=52 buffers=1 pending=0
[lat] dt_ms=79.1578 cmd=down key=i
[stuck] key=13 age_ms=578.316
[lat] dt_ms=46.1659 cmd=down key=k
[heal] key=12 heal_ms=79.4552
[heal] key=13 heal_ms=58.5337
[msquic] stream: RECEIVE bytes=52 buffers=1 pending=0
[lat] dt_ms=69.9487 cmd=down key=j
[lat] dt_ms=69.8947 cmd=up key=j
[msquic] stream: RECEIVE bytes=52 buffers=1 pending=0
[msquic] stream: RECEIVE bytes=52 buffers=1 pending=0
[heal] key=14 heal_ms=65.5996
[msquic] stream: RECEIVE bytes=52 buffers=1 pending=0
[lat] dt_ms=51.5058 cmd=up key=l
[lat] dt_ms=72.9605 cmd=up key=k
[msquic] stream: RECEIVE bytes=104 buffers=1 pending=0
[lat] dt_ms=78.3628 cmd=down key=l
[hidra] snapshot v1 mods=0x0 pressed=0
[msquic] stream: RECEIVE bytes=52 buffers=1 pending=0
[lat] dt_ms=60.7736 cmd=down key=m
[watchdog] key=16 age_ms=575.546
[msquic] stream: RECEIVE bytes=52 buffers=1 pending=0
[lat] dt_ms=56.6205 cmd=down key=n
[lat] dt_ms=71.1163 cmd=up key=m
[watchdog] key=17 age_ms=543.565
[msquic] stream: RECEIVE bytes=52 buffers=1 pending=0
[msquic] stream: RECEIVE bytes=52 buffers=1 pending=0
[stuck] key=18 age_ms=532.341
[msquic] stream: RECEIVE bytes=52 buffers=1 pending=0
[lat] dt_ms=67.425 cmd=up key=n
[msquic] stream: RECEIVE bytes=52 buffers=1 pending=0
[msquic] stream: RECEIVE bytes=52 buffers=1 pending=0
[lat] dt_ms=65.4722 cmd=down key=o
[lat] dt_ms=80.7509 cmd=up key=o
[msquic] stream: RECEIVE bytes=52 buffers=1 pending=0
[stuck] key=19 age_ms=581.588
[lat] dt_ms=70.392 cmd=up key=p
[lat] dt_ms=80.6875 cmd=down key=p
[lat] dt_ms=61.9542 cmd=down key=q
[lat] dt_ms=52.4287 cmd=up key=q
[heal] key=19 heal_ms=75.8699
[msquic] stream: RECEIVE bytes=52 buffers=1 pending=0
[msquic] stream: RECEIVE bytes=52 buffers=1 pending=0
[msquic] stream: RECEIVE bytes=52 buffers=1 pending=0
[lat] dt_ms=50.5248 cmd=up key=r
[heal] key=20 heal_ms=74.0402
[msquic] stream: RECEIVE bytes=52 buffers=1 pending=0
[lat] dt_ms=45.6148 cmd=down key=s
[watchdog] key=22 age_ms=537.386
[lat] dt_ms=69.5009 cmd=down key=r
[msquic] stream: RECEIVE bytes=52 buffers=1 pending=0
[heal] key=22 heal_ms=55.3056
[msquic] stream: RECEIVE bytes=156 buffers=1 pending=0
[lat] dt_ms=56.3405 cmd=up key=s
[lat] dt_ms=53.4032 cmd=up key=t
[msquic] stream: RECEIVE bytes=52 buffers=1 pending=0
[msquic] stream: RECEIVE bytes=52 buffers=1 pending=0
[lat] dt_ms=76.5842 cmd=down key=t
[lat] dt_ms=61.2708 cmd=down key=u
[watchdog] key=24 age_ms=551.975
[msquic] stream: RECEIVE bytes=52 buffers=1 pending=0
[msquic] stream: RECEIVE bytes=52 buffers=1 pending=0
[msquic] stream: RECEIVE bytes=104 buffers=1 pending=0
[lat] dt_ms=54.1583 cmd=down key=v
[lat] dt_ms=70.4872 cmd=up key=u
[msquic] stream: RECEIVE bytes=52 buffers=1 pending=0
[msquic] stream: RECEIVE bytes=52 buffers=1 pending=0
[lat] dt_ms=62.1741 cmd=down key=w
[lat] dt_ms=77.5664 cmd=up key=v
[lat] dt_ms=58.3021 cmd=up key=w
[lat] dt_ms=49.7707 cmd=down key=x
[watchdog] key=27 age_ms=554.783
[msquic] stream: RECEIVE bytes=52 buffers=1 pending=0
[msquic] stream: RECEIVE bytes=52 buffers=1 pending=0
[msquic] stream: RECEIVE bytes=52 buffers=1 pending=0
[heal] key=28 heal_ms=604.521
[msquic] stream: RECEIVE bytes=52 buffers=1 pending=0
[lat] dt_ms=65.4062 cmd=up key=x
[lat] dt_ms=47.0382 cmd=up key=y
[msquic] stream: RECEIVE bytes=52 buffers=1 pending=0
[heal] key=28 heal_ms=58.8458
[msquic] stream: RECEIVE bytes=52 buffers=1 pending=0
[lat] dt_ms=80.1216 cmd=down key=y
[msquic] stream: RECEIVE bytes=52 buffers=2 pending=0
[stuck] key=29 age_ms=566.63
[lat] dt_ms=70.4582 cmd=down key=z
[heal] key=29 heal_ms=60.2255
[msquic] stream: RECEIVE bytes=52 buffers=1 pending=0
[lat] dt_ms=41.375 cmd=up key=ENTER
[msquic] stream: RECEIVE bytes=52 buffers=1 pending=0
[lat] dt_ms=70.7963 cmd=up key=z
[lat] dt_ms=63.3139 cmd=down key=ENTER
[msquic] stream: RECEIVE bytes=52 buffers=1 pending=0
[heal] key=40 heal_ms=56.2537
[msquic] stream: RECEIVE bytes=52 buffers=1 pending=0
[stuck] key=4 age_ms=544.52
[heal] key=4 heal_ms=612.81
[msquic] stream: RECEIVE bytes=52 buffers=1 pending=0
[msquic] stream: RECEIVE bytes=52 buffers=1 pending=0
[lat] dt_ms=65.3916 cmd=down key=a
[msquic] stream: RECEIVE bytes=52 buffers=1 pending=0
[lat] dt_ms=65.4016 cmd=up key=a
[lat] dt_ms=46.1331 cmd=up key=b
[msquic] stream: RECEIVE bytes=52 buffers=1 pending=0
[msquic] stream: RECEIVE bytes=52 buffers=1 pending=0
[lat] dt_ms=74.847 cmd=down key=b
[lat] dt_ms=53.5237 cmd=up key=c
[heal] key=5 heal_ms=80.5951
[msquic] stream: RECEIVE bytes=52 buffers=1 pending=0
[lat] dt_ms=75.5913 cmd=down key=c
[watchdog] key=6 age_ms=584.973
[msquic] stream: RECEIVE bytes=52 buffers=1 pending=0
[msquic] stream: RECEIVE bytes=52 buffers=1 pending=0
[lat] dt_ms=72.2338 cmd=down key=d
[heal] key=7 heal_ms=63.0494
[msquic] stream: RECEIVE bytes=52 buffers=1 pending=0
[msquic] stream: RECEIVE bytes=52 buffers=1 pending=0
[lat] dt_ms=60.8364 cmd=down key=e
[lat] dt_ms=41.0579 cmd=down key=f
[watchdog] key=9 age_ms=556.275
[watchdog] key=8 age_ms=575.5
[lat] dt_ms=77.7398 cmd=up key=d
[lat] dt_ms=58.6603 cmd=up key=e
[msquic] stream: RECEIVE bytes=52 buffers=1 pending=0
[heal] key=8 heal_ms=73.4272
[msquic] stream: RECEIVE bytes=104 buffers=1 pending=0
[msquic] stream: RECEIVE bytes=52 buffers=1 pending=0
[lat] dt_ms=51.4431 cmd=down key=g
[watchdog] key=10 age_ms=556.453
[lat] dt_ms=67.3961 cmd=up key=f
[lat] dt_ms=45.9181 cmd=down key=h
[msquic] stream: RECEIVE bytes=52 buffers=1 pending=0
[msquic] stream: RECEIVE bytes=52 buffers=1 pending=0
[lat] dt_ms=74.4249 cmd=up key=g
[lat] dt_ms=55.4877 cmd=up key=h
[msquic] stream: RECEIVE bytes=52 buffers=1 pending=0
[msquic] stream: RECEIVE bytes=52 buffers=1 pending=0
[heal] key=11 heal_ms=71.3699
[msquic] stream: RECEIVE bytes=52 buffers=1 pending=0
[msquic] stream: RECEIVE bytes=52 buffers=1 pending=0
[msquic] stream: RECEIVE bytes=52 buffers=1 pending=0
[lat] dt_ms=69.4137 cmd=down key=i
[msquic] stream: RECEIVE bytes=52 buffers=1 pending=0
[msquic] stream: RECEIVE bytes=52 buffers=1 pending=0
[stuck] key=13 age_ms=548.819
[lat] dt_ms=78.5478 cmd=up key=i
[lat] dt_ms=76.55 cmd=down key=j
[lat] dt_ms=56.7602 cmd=down key=k
[msquic] stream: RECEIVE bytes=52 buffers=1 pending=0
[msquic] stream: RECEIVE bytes=52 buffers=1 pending=0
[lat] dt_ms=77.5203 cmd=up key=j
[heal] key=15 heal_ms=604.195
[msquic] stream: RECEIVE bytes=104 buffers=1 pending=0
[lat] dt_ms=52.6055 cmd=down key=l
[msquic] stream: RECEIVE bytes=52 buffers=1 pending=0
[lat] dt_ms=54.5303 cmd=up key=l
[lat] dt_ms=78.9739 cmd=up key=k
[msquic] stream: RECEIVE bytes=52 buffers=1 pending=0
[lat] dt_ms=52.4202 cmd=down key=m
[watchdog] key=16 age_ms=550.671
[msquic] stream: RECEIVE bytes=52 buffers=1 pending=0
[lat] dt_ms=70.96 cmd=up key=m
[msquic] stream: RECEIVE bytes=52 buffers=1 pending=0
[msquic] stream: RECEIVE bytes=52 buffers=1 pending=0
[stuck] key=17 age_ms=557.394
[lat] dt_ms=59.6129 cmd=up key=n
[msquic] stream: RECEIVE bytes=52 buffers=1 pending=0
[lat] dt_ms=74.6599 cmd=down key=n
[msquic] stream: RECEIVE bytes=52 buffers=1 pending=0
[lat] dt_ms=65.2036 cmd=down key=o
[watchdog] key=18 age_ms=580.835
[lat] dt_ms=56.6127 cmd=up key=o
[lat] dt_ms=47.4557 cmd=down key=p
[watchdog] key=19 age_ms=549.007
[msquic] stream: RECEIVE bytes=52 buffers=1 pending=0
[msquic] stream: RECEIVE bytes=52 buffers=1 pending=0
[msquic] stream: RECEIVE bytes=52 buffers=1 pending=0
[lat] dt_ms=61.4969 cmd=up key=p
[lat] dt_ms=62.9608 cmd=down key=q
[heal] key=20 heal_ms=53.8231
[msquic] stream: RECEIVE bytes=52 buffers=1 pending=0
[msquic] stream: RECEIVE bytes=52 buffers=1 pending=0
[hidra] progress: rx=861 emits=1247 quic_snapshots=674 socket=connected
[msquic] stream: RECEIVE bytes=52 buffers=1 pending=0
[stuck] key=21 age_ms=552.157
[heal] key=21 heal_ms=44.2661
[msquic] stream: RECEIVE bytes=52 buffers=1 pending=0
[lat] dt_ms=73.7906 cmd=up key=q
[msquic] stream: RECEIVE bytes=52 buffers=1 pending=0
[lat] dt_ms=69.2397 cmd=down key=r
[msquic] stream: RECEIVE bytes=52 buffers=1 pending=0
[stuck] key=22 age_ms=554.379
[msquic] stream: RECEIVE bytes=52 buffers=1 pending=0
[msquic] stream: RECEIVE bytes=52 buffers=1 pending=0
[lat] dt_ms=76.885 cmd=up key=r
[lat] dt_ms=58.8046 cmd=up key=s
[lat] dt_ms=78.7605 cmd=down key=s
[msquic] stream: RECEIVE bytes=52 buffers=1 pending=0
[stuck] key=23 age_ms=553.781
[heal] key=23 heal_ms=51.5189
[msquic] stream: RECEIVE bytes=52 buffers=1 pending=0
[lat] dt_ms=41.1577 cmd=down key=u
[msquic] stream: RECEIVE bytes=52 buffers=1 pending=0
[lat] dt_ms=71.6284 cmd=down key=t
[lat] dt_ms=44.2923 cmd=up key=u
[lat] dt_ms=77.4315 cmd=up key=t
[msquic] stream: RECEIVE bytes=52 buffers=1 pending=0
[msquic] stream: RECEIVE bytes=104 buffers=1 pending=0
[lat] dt_ms=59.0195 cmd=up key=v
[lat] dt_ms=69.3906 cmd=down key=v
[lat] dt_ms=49.3414 cmd=down key=w
[heal] key=26 heal_ms=610.268
[heal] key=25 heal_ms=63.3926
[msquic] stream: RECEIVE bytes=52 buffers=1 pending=0
[msquic] stream: RECEIVE bytes=52 buffers=1 pending=0
[lat] dt_ms=40.5846 cmd=down key=x
[heal] key=27 heal_ms=602.742
[msquic] stream: RECEIVE bytes=52 buffers=1 pending=0
[msquic] stream: RECEIVE bytes=52 buffers=1 pending=0
[lat] dt_ms=68.5696 cmd=up key=w
[msquic] stream: RECEIVE bytes=52 buffers=1 pending=0
[lat] dt_ms=47.2471 cmd=down key=y
[watchdog] key=28 age_ms=556.816
[msquic] stream: RECEIVE bytes=52 buffers=1 pending=0
[lat] dt_ms=47.2626 cmd=up key=y
[lat] dt_ms=80.1513 cmd=up key=x
[msquic] stream: RECEIVE bytes=52 buffers=1 pending=0
[msquic] stream: RECEIVE bytes=52 buffers=1 pending=0
[msquic] stream: RECEIVE bytes=52 buffers=1 pending=0
[lat] dt_ms=59.5174 cmd=down key=z
[lat] dt_ms=52.3842 cmd=up key=z
[msquic] stream: RECEIVE bytes=52 buffers=1 pending=0
[msquic] stream: RECEIVE bytes=52 buffers=1 pending=0
[lat] dt_ms=43.3151 cmd=up key=ENTER
[lat] dt_ms=53.7193 cmd=down key=ENTER
[watchdog] key=40 age_ms=558.615
[msquic] stream: RECEIVE bytes=52 buffers=1 pending=0
[msquic] stream: RECEIVE bytes=52 buffers=1 pending=0
[stuck] key=4 age_ms=546.137
[lat] dt_ms=57.0539 cmd=down key=a
[msquic] stream: RECEIVE bytes=52 buffers=1 pending=0
[heal] key=40 heal_ms=77.0886
[msquic] stream: RECEIVE bytes=52 buffers=1 pending=0
[lat] dt_ms=56.1288 cmd=up key=a
[msquic] stream: RECEIVE bytes=104 buffers=1 pending=0
[msquic] stream: RECEIVE bytes=52 buffers=1 pending=0
[lat] dt_ms=77.6787 cmd=down key=b
[lat] dt_ms=71.1071 cmd=up key=b
[msquic] stream: RECEIVE bytes=52 buffers=1 pending=0
[msquic] stream: RECEIVE bytes=52 buffers=1 pending=0
[stuck] key=6 age_ms=564.838
[lat] dt_ms=79.3449 cmd=down key=c
[lat] dt_ms=71.9258 cmd=up key=c
[lat] dt_ms=53.2137 cmd=up key=d
[msquic] stream: RECEIVE bytes=52 buffers=1 pending=0
[msquic] stream: RECEIVE bytes=52 buffers=1 pending=0
[msquic] stream: RECEIVE bytes=52 buffers=2 pending=0
[lat] dt_ms=71.7394 cmd=down key=d
[heal] key=7 heal_ms=75.5698
[msquic] stream: RECEIVE bytes=52 buffers=1 pending=0
[stuck] key=8 age_ms=569.323
[heal] key=8 heal_ms=63.9581
[msquic] stream: RECEIVE bytes=52 buffers=1 pending=0
[lat] dt_ms=58.0036 cmd=down key=f
[lat] dt_ms=78.646 cmd=down key=e
[lat] dt_ms=71.3701 cmd=up key=e
[msquic] stream: RECEIVE bytes=52 buffers=1 pending=0
[lat] dt_ms=55.8682 cmd=up key=f
[lat] dt_ms=45.5464 cmd=down key=g
[watchdog] key=10 age_ms=544.427
[msquic] stream: RECEIVE bytes=52 buffers=1 pending=0
[msquic] stream: RECEIVE bytes=52 buffers=1 pending=0
[msquic] stream: RECEIVE bytes=52 buffers=1 pending=0
[lat] dt_ms=66.7502 cmd=up key=g
[msquic] stream: RECEIVE bytes=52 buffers=1 pending=0
[msquic] stream: RECEIVE bytes=52 buffers=1 pending=0
[lat] dt_ms=63.1672 cmd=down key=h
[watchdog] key=11 age_ms=555.568
[msquic] stream: RECEIVE bytes=52 buffers=1 pending=0
[lat] dt_ms=63.3706 cmd=up key=h
[msquic] stream: RECEIVE bytes=52 buffers=1 pending=0
[msquic] stream: RECEIVE bytes=52 buffers=1 pending=0
[lat] dt_ms=53.0535 cmd=up key=i
[hidra] snapshot v1 mods=0x0 pressed=1
[msquic] stream: RECEIVE bytes=52 buffers=1 pending=0
[lat] dt_ms=71.8718 cmd=down key=i
[lat] dt_ms=41.5343 cmd=up key=j
[msquic] stream: RECEIVE bytes=52 buffers=1 pending=0
[lat] dt_ms=77.848 cmd=down key=j
[heal] key=13 heal_ms=69.4979
[msquic] stream: RECEIVE bytes=52 buffers=1 pending=0
[lat] dt_ms=44.0268 cmd=down key=l
[watchdog] key=15 age_ms=552.752
[lat] dt_ms=57.8173 cmd=up key=k
[lat] dt_ms=71.4296 cmd=down key=k
[msquic] stream: RECEIVE bytes=52 buffers=1 pending=0
[lat] dt_ms=48.8558 cmd=up key=l
[msquic] stream: RECEIVE bytes=52 buffers=1 pending=0
[msquic] stream: RECEIVE bytes=52 buffers=1 pending=0
[msquic] stream: RECEIVE bytes=52 buffers=1 pending=0
[stuck] key=16 age_ms=540.409
[lat] dt_ms=45.6432 cmd=up key=m
[msquic] stream: RECEIVE bytes=52 buffers=1 pending=0
[lat] dt_ms=59.0683 cmd=down key=m
[msquic] stream: RECEIVE bytes=52 buffers=1 pending=0
[lat] dt_ms=49.7025 cmd=down key=n
[watchdog] key=17 age_ms=559.151
[lat] dt_ms=45.4799 cmd=up key=n
[msquic] stream: RECEIVE bytes=52 buffers=1 pending=0
[lat] dt_ms=42.668 cmd=up key=o
[msquic] stream: RECEIVE bytes=52 buffers=1 pending=0
[msquic] stream: RECEIVE bytes=52 buffers=1 pending=0
[msquic] stream: RECEIVE bytes=52 buffers=1 pending=0
[lat] dt_ms=67.2683 cmd=down key=o
[watchdog] key=18 age_ms=551.153
[msquic] stream: RECEIVE bytes=52 buffers=1 pending=0
[msquic] stream: RECEIVE bytes=52 buffers=1 pending=0
[msquic] stream: RECEIVE bytes=52 buffers=1 pending=0
[heal] key=19 heal_ms=57.8359
[msquic] stream: RECEIVE bytes=52 buffers=1 pending=0
[lat] dt_ms=52.7302 cmd=down key=q
[lat] dt_ms=74.8454 cmd=down key=p
[watchdog] key=20 age_ms=561.362
[msquic] stream: RECEIVE bytes=52 buffers=1 pending=0
[msquic] stream: RECEIVE bytes=52 buffers=1 pending=0
[lat] dt_ms=58.2963 cmd=up key=q
[lat] dt_ms=79.8762 cmd=up key=p
[msquic] stream: RECEIVE bytes=52 buffers=1 pending=0
[lat] dt_ms=53.5428 cmd=up key=r
[lat] dt_ms=76.5773 cmd=down key=r
[watchdog] key=21 age_ms=595.232
[heal] key=20 heal_ms=95.0351
[msquic] stream: RECEIVE bytes=52 buffers=1 pending=0
[msquic] stream: RECEIVE bytes=52 buffers=1 pending=0
[msquic] stream: RECEIVE bytes=52 buffers=1 pending=0
[lat] dt_ms=67.5448 cmd=down key=s
[lat] dt_ms=60.8825 cmd=up key=s
[msquic] stream: RECEIVE bytes=104 buffers=1 pending=0
[msquic] stream: RECEIVE bytes=52 buffers=1 pending=0
[lat] dt_ms=69.6378 cmd=down key=t
[msquic] stream: RECEIVE bytes=52 buffers=1 pending=0
[lat] dt_ms=42.7887 cmd=up key=u
[lat] dt_ms=64.3081 cmd=up key=t
[msquic] stream: RECEIVE bytes=52 buffers=1 pending=0
[lat] dt_ms=64.4776 cmd=down key=u
[msquic] stream: RECEIVE bytes=52 buffers=1 pending=0
[msquic] stream: RECEIVE bytes=52 buffers=1 pending=0
[lat] dt_ms=54.3219 cmd=down key=w
[lat] dt_ms=75.4681 cmd=down key=[watchdog] key=26 age_ms=564.277
v
[lat] dt_ms=65.9622 cmd=up key=v
[msquic] stream: RECEIVE bytes=104 buffers=1 pending=0
[msquic] stream: RECEIVE bytes=52 buffers=1 pending=0
[lat] dt_ms=63.5497 cmd=up key=w
[msquic] stream: RECEIVE bytes=52 buffers=1 pending=0
[lat] dt_ms=56.3907 cmd=down key=x
[msquic] stream: RECEIVE bytes=52 buffers=1 pending=0
[msquic] stream: RECEIVE bytes=52 buffers=1 pending=0
[lat] dt_ms=51.1054 cmd=up key=x
[lat] dt_ms=41.0172 cmd=down key=z
[watchdog] key=29 age_ms=548.466
[msquic] stream: RECEIVE bytes=52 buffers=1 pending=0
[lat] dt_ms=63.1729 cmd=up key=y
[lat] dt_ms=74.3886 cmd=down key=y
[msquic] stream: RECEIVE bytes=52 buffers=1 pending=0
[msquic] stream: RECEIVE bytes=52 buffers=1 pending=0
[lat] dt_ms=40.1633 cmd=down key=ENTER
[watchdog] key=40 age_ms=524.542
[msquic] stream: RECEIVE bytes=52 buffers=1 pending=0
[lat] dt_ms=78.273 cmd=up key=z
[msquic] stream: RECEIVE bytes=52 buffers=1 pending=0
[lat] dt_ms=60.5714 cmd=up key=ENTER
[lat] dt_ms=40.4507 cmd=up key=a
[msquic] stream: RECEIVE bytes=104 buffers=1 pending=0
[msquic] stream: RECEIVE bytes=52 buffers=1 pending=0
[lat] dt_ms=67.6772 cmd=down key=a
[heal] key=4 heal_ms=58.5356
[msquic] stream: RECEIVE bytes=104 buffers=1 pending=0
[msquic] stream: RECEIVE bytes=52 buffers=1 pending=0
[lat] dt_ms=60.1316 cmd=up key=b
[lat] dt_ms=73.6575 cmd=down key=b
[msquic] stream: RECEIVE bytes=52 buffers=1 pending=0
[lat] dt_ms=56.4498 cmd=down key=c
[heal] key=6 heal_ms=48.2688
[msquic] stream: RECEIVE bytes=52 buffers=1 pending=0
[lat] dt_ms=50.6133 cmd=up key=c
[msquic] stream: RECEIVE bytes=52 buffers=1 pending=0
[msquic] stream: RECEIVE bytes=52 buffers=1 pending=0
[stuck] key=7 age_ms=555.69
[msquic] stream: RECEIVE bytes=52 buffers=1 pending=0
[lat] dt_ms=73.563 cmd=down key=d
[lat] dt_ms=65.8408 cmd=up key=d
[lat] dt_ms=48.5638 cmd=up key=e
[msquic] stream: RECEIVE bytes=52 buffers=1 pending=0
[lat] dt_ms=77.5203 cmd=down key=e
[msquic] stream: RECEIVE bytes=52 buffers=1 pending=0
[lat] dt_ms=53.323 cmd=up key=f
[lat] dt_ms=63.6706 cmd=down key=f
[watchdog] key=9 age_ms=582.357
[heal] key=8 heal_ms=78.8315
[msquic] stream: RECEIVE bytes=52 buffers=1 pending=0
[msquic] stream: RECEIVE bytes=52 buffers=1 pending=0
[msquic] stream: RECEIVE bytes=52 buffers=1 pending=0
[heal] key=9 heal_ms=63.3006
[msquic] stream: RECEIVE bytes=52 buffers=1 pending=0
[stuck] key=10 age_ms=547.275
[lat] dt_ms=55.6177 cmd=down key=g
[lat] dt_ms=55.1295 cmd=down key=h
[heal] key=10 heal_ms=68.7184
[msquic] stream: RECEIVE bytes=52 buffers=1 pending=0
[lat] dt_ms=69.7492 cmd=up key=g
[msquic] stream: RECEIVE bytes=52 buffers=1 pending=0
[lat] dt_ms=63.4977 cmd=up key=h
[msquic] stream: RECEIVE bytes=52 buffers=1 pending=0
[msquic] stream: RECEIVE bytes=52 buffers=1 pending=0
[lat] dt_ms=69.9375 cmd=down key=i
[heal] key=12 heal_ms=61.2168
[heal] key=11 heal_ms=82.5938
[msquic] stream: RECEIVE bytes=52 buffers=1 pending=0
[lat] dt_ms=41.7457 cmd=up key=j
[lat] dt_ms=69.4259 cmd=up key=i
[msquic] stream: RECEIVE bytes=52 buffers=1 pending=0
[lat] dt_ms=47.2564 cmd=down key=k
[watchdog] key=14 age_ms=548.695
[msquic] stream: RECEIVE bytes=104 buffers=1 pending=0
[lat] dt_ms=78.3528 cmd=down key=j
[heal] key=13 heal_ms=72.3368
[msquic] stream: RECEIVE bytes=52 buffers=1 pending=0
[msquic] stream: RECEIVE bytes=52 buffers=2 pending=0
[lat] dt_ms=64.491 cmd=up key=k
[msquic] stream: RECEIVE bytes=52 buffers=1 pending=0
[lat] dt_ms=62.2897 cmd=down key=l
[msquic] stream: RECEIVE bytes=52 buffers=1 pending=0
[lat] dt_ms=59.1264 cmd=up key=l
[lat] dt_ms=55.7394 cmd=down key=m
[watchdog] key=16 age_ms=578.075
[msquic] stream: RECEIVE bytes=52 buffers=1 pending=0
[msquic] stream: RECEIVE bytes=52 buffers=1 pending=0
[lat] dt_ms=52.1168 cmd=down key=n
[lat] dt_ms=42.8931 cmd=up key=n
[lat] dt_ms=65.2052 cmd=up key=m
[msquic] stream: RECEIVE bytes=52 buffers=1 pending=0
[heal] key=16 heal_ms=71.5932
[msquic] stream: RECEIVE bytes=52 buffers=1 pending=0
[lat] dt_ms=40.9521 cmd=down key=o
[msquic] stream: RECEIVE bytes=52 buffers=1 pending=0
[heal] key=17 heal_ms=63.1304
[msquic] stream: RECEIVE bytes=52 buffers=1 pending=0
[lat] dt_ms=61.6636 cmd=up key=o
[msquic] stream: RECEIVE bytes=52 buffers=1 pending=0
[msquic] stream: RECEIVE bytes=52 buffers=1 pending=0
[msquic] stream: RECEIVE bytes=104 buffers=1 pending=0
[lat] dt_ms=64.0621 cmd=up key=p
[lat] dt_ms=75.6071 cmd=down key=p
[lat] dt_ms=54.2741 cmd=down key=q
[heal] key=20 heal_ms=58.7532
[heal] key=18 heal_ms=100.765
[msquic] stream: RECEIVE bytes=52 buffers=1 pending=0
[lat] dt_ms=64.9173 cmd=up key=q
[lat] dt_ms=55.5527 cmd=down key=r
[msquic] stream: RECEIVE bytes=52 buffers=1 pending=0
[lat] dt_ms=51.6799 cmd=up key=r
[msquic] stream: RECEIVE bytes=52 buffers=1 pending=0
[msquic] stream: RECEIVE bytes=52 buffers=1 pending=0
[lat] dt_ms=43.2705 cmd=up key=s
[msquic] stream: RECEIVE bytes=52 buffers=1 pending=0
[lat] dt_ms=60.8782 cmd=down key=s
[watchdog] key=22 age_ms=566.66
[heal] key=21 heal_ms=80.8929
[msquic] stream: RECEIVE bytes=52 buffers=1 pending=0
[msquic] stream: RECEIVE bytes=52 buffers=1 pending=0
[msquic] stream: RECEIVE bytes=52 buffers=1 pending=0
[lat] dt_ms=51.6535 cmd=up key=t
[msquic] stream: RECEIVE bytes=52 buffers=1 pending=0
[lat] dt_ms=48.4305 cmd=down key=u
[lat] dt_ms=75.2383 cmd=down key=t
[heal] key=24 heal_ms=611.166
[msquic] stream: RECEIVE bytes=52 buffers=1 pending=0
[msquic] stream: RECEIVE bytes=52 buffers=1 pending=0
[lat] dt_ms=53.833 cmd=up key=u
[msquic] stream: RECEIVE bytes=52 buffers=1 pending=0
[msquic] stream: RECEIVE bytes=52 buffers=1 pending=0
[stuck] key=25 age_ms=542.814
[msquic] stream: RECEIVE bytes=104 buffers=1 pending=0
[lat] dt_ms=68.6052 cmd=down key=v
[lat] dt_ms=47.4369 cmd=down key=w
[watchdog] key=26 age_ms=540.888
[lat] dt_ms=62.208 cmd=up key=v
[lat] dt_ms=48.4264 cmd=up key=w
[msquic] stream: RECEIVE bytes=52 buffers=1 pending=0
[msquic] stream: RECEIVE bytes=52 buffers=1 pending=0
[lat] dt_ms=53.6723 cmd=down key=x
[heal] key=27 heal_ms=612.584
[msquic] stream: RECEIVE bytes=52 buffers=1 pending=0
[lat] dt_ms=50.2677 cmd=up key=x
[lat] dt_ms=45.6972 cmd=up key=y
[msquic] stream: RECEIVE bytes=52 buffers=1 pending=0
[lat] dt_ms=63.4512 cmd=down key=y
[watchdog] key=28 age_ms=559.179
[heal] key=27 heal_ms=80.8022
[msquic] stream: RECEIVE bytes=52 buffers=1 pending=0
[msquic] stream: RECEIVE bytes=52 buffers=1 pending=0
[lat] dt_ms=56.1005 cmd=down key=z
[msquic] stream: RECEIVE bytes=52 buffers=1 pending=0
[msquic] stream: RECEIVE bytes=52 buffers=1 pending=0
[lat] dt_ms=40.445 cmd=down key=ENTER
[heal] key=40 heal_ms=599.856
[msquic] stream: RECEIVE bytes=52 buffers=1 pending=0
[msquic] stream: RECEIVE bytes=52 buffers=1 pending=0
[lat] dt_ms=67.8824 cmd=up key=z
[heal] key=40 heal_ms=56.3024
[msquic] stream: RECEIVE bytes=52 buffers=1 pending=0
[lat] dt_ms=61.5866 cmd=up key=ENTER
[lat] dt_ms=52.5739 cmd=down key=a
[watchdog] key=4 age_ms=552.196
[msquic] stream: RECEIVE bytes=52 buffers=1 pending=0
[lat] dt_ms=57.4192 cmd=up key=a
[msquic] stream: RECEIVE bytes=52 buffers=1 pending=0
[lat] dt_ms=56.2448 cmd=down key=b
[msquic] stream: RECEIVE bytes=52 buffers=1 pending=0
[msquic] stream: RECEIVE bytes=52 buffers=1 pending=0
[msquic] stream: RECEIVE bytes=52 buffers=1 pending=0
[stuck] key=6 age_ms=561.931
[msquic] stream: RECEIVE bytes=52 buffers=1 pending=0
[lat] dt_ms=70.9194 cmd=up key=b
[msquic] stream: RECEIVE bytes=52 buffers=1 pending=0
[lat] dt_ms=62.7345 cmd=down key=c
[msquic] stream: RECEIVE bytes=52 buffers=1 pending=0
[lat] dt_ms=73.8024 cmd=up key=c
[msquic] stream: RECEIVE bytes=52 buffers=1 pending=0
[lat] dt_ms=69.9292 cmd=down key=d
[lat] dt_ms=65.4373 cmd=up key=d
[msquic] stream: RECEIVE bytes=52 buffers=1 pending=0
[lat] dt_ms=49.2085 cmd=up key=e
[lat] dt_ms=60.7444 cmd=down key=e
[msquic] stream: RECEIVE bytes=52 buffers=1 pending=0
[msquic] stream: RECEIVE bytes=52 buffers=1 pending=0
[msquic] stream: RECEIVE bytes=52 buffers=1 pending=0
[stuck] key=9 age_ms=556.623
[lat] dt_ms=52.6041 cmd=down key=f
[lat] dt_ms=44.3826 cmd=up key=f
[msquic] stream: RECEIVE bytes=52 buffers=1 pending=0
[hidra] snapshot v1 mods=0x0 pressed=0
[msquic] stream: RECEIVE bytes=52 buffers=1 pending=0
[lat] dt_ms=65.3788 cmd=down key=g
[watchdog] key=10 age_ms=586.95
[lat] dt_ms=65.2039 cmd=up key=g
[lat] dt_ms=54.5072 cmd=down key=h
[msquic] stream: RECEIVE bytes=104 buffers=1 pending=0
[msquic] stream: RECEIVE bytes=52 buffers=1 pending=0
[lat] dt_ms=47.178 cmd=up key=h
[lat] dt_ms=50.8068 cmd=down key=i
[msquic] stream: RECEIVE bytes=52 buffers=1 pending=0
[msquic] stream: RECEIVE bytes=52 buffers=1 pending=0
[heal] key=11 heal_ms=76.4813
[msquic] stream: RECEIVE bytes=52 buffers=1 pending=0
[lat] dt_ms=59.8067 cmd=up key=i
[msquic] stream: RECEIVE bytes=52 buffers=1 pending=0
[stuck] key=13 age_ms=548.687
[msquic] stream: RECEIVE bytes=52 buffers=1 pending=0
[lat] dt_ms=75.6823 cmd=down key=j
[lat] dt_ms=66.4947 cmd=up key=j
[msquic] stream: RECEIVE bytes=52 buffers=1 pending=0
[lat] dt_ms=64.03 cmd=down key=k
[watchdog] key=14 age_ms=560.828
[lat] dt_ms=59.8741 cmd=up key=k
[lat] dt_ms=49.191 cmd=down key=l
[lat] dt_ms=45.8571 cmd=up key=l
[msquic] stream: RECEIVE bytes=52 buffers=1 pending=0
[msquic] stream: RECEIVE bytes=52 buffers=1 pending=0
[lat] dt_ms=41.9766 cmd=up key=m
[lat] dt_ms=53.664 cmd=down key=m
[watchdog] key=16 age_ms=543.998
[msquic] stream: RECEIVE bytes=52 buffers=1 pending=0
[msquic] stream: RECEIVE bytes=52 buffers=1 pending=0
[msquic] stream: RECEIVE bytes=52 buffers=1 pending=0
[heal] key=15 heal_ms=76.0194
[msquic] stream: RECEIVE bytes=52 buffers=1 pending=0
[stuck] key=17 age_ms=559.396
[msquic] stream: RECEIVE bytes=52 buffers=1 pending=0
[lat] dt_ms=44.8607 cmd=up key=n
[lat] dt_ms=64.5201 cmd=down key=n
[msquic] stream: RECEIVE bytes=52 buffers=1 pending=0
[lat] dt_ms=54.7451 cmd=down key=o
[watchdog] key=18 age_ms=539.046
[lat] dt_ms=47.2254 cmd=up key=o
[msquic] stream: RECEIVE bytes=52 buffers=1 pending=0
[msquic] stream: RECEIVE bytes=52 buffers=1 pending=0
[lat] dt_ms=46.8891 cmd=down key=p
[msquic] stream: RECEIVE bytes=52 buffers=1 pending=0
[lat] dt_ms=41.9131 cmd=up key=p
[msquic] stream: RECEIVE bytes=52 buffers=1 pending=0
[msquic] stream: RECEIVE bytes=52 buffers=1 pending=0
[lat] dt_ms=44.9544 cmd=up key=q
[lat] dt_ms=63.4999 cmd=down key=q
[heal] key=19 heal_ms=75.16
[msquic] stream: RECEIVE bytes=52 buffers=1 pending=0
[msquic] stream: RECEIVE bytes=52 buffers=1 pending=0
[msquic] stream: RECEIVE bytes=52 buffers=1 pending=0
[stuck] key=21 age_ms=557.381
[lat] dt_ms=49.7905 cmd=up key=r
[msquic] stream: RECEIVE bytes=52 buffers=2 pending=0
[lat] dt_ms=61.6725 cmd=down key=r
[lat] dt_ms=46.0353 cmd=down key=s
[heal] key=22 heal_ms=604.042
[msquic] stream: RECEIVE bytes=52 buffers=1 pending=0
[msquic] stream: RECEIVE bytes=52 buffers=1 pending=0
[msquic] stream: RECEIVE bytes=52 buffers=1 pending=0
[msquic] stream: RECEIVE bytes=52 buffers=1 pending=0
[stuck] key=23 age_ms=542.868
[lat] dt_ms=54.6433 cmd=down key=t
[heal] key=23 heal_ms=613.292
[msquic] stream: RECEIVE bytes=52 buffers=1 pending=0
[lat] dt_ms=78.2761 cmd=up key=s
[lat] dt_ms=57.3439 cmd=up key=t
[msquic] stream: RECEIVE bytes=52 buffers=1 pending=0
[msquic] stream: RECEIVE bytes=52 buffers=1 pending=0
[stuck] key=24 age_ms=562.541
[lat] dt_ms=62.4871 cmd=down key=u
[lat] dt_ms=41.7021 cmd=down key=v
[lat] dt_ms=55.0013 cmd=up key=u
[heal] key=25 heal_ms=605.214
[msquic] stream: RECEIVE bytes=52 buffers=1 pending=0
[msquic] stream: RECEIVE bytes=52 buffers=1 pending=0
[lat] dt_ms=51.9849 cmd=up key=v
[msquic] stream: RECEIVE bytes=52 buffers=1 pending=0
[msquic] stream: RECEIVE bytes=52 buffers=1 pending=0
[heal] key=25 heal_ms=75.7635
[msquic] stream: RECEIVE bytes=52 buffers=1 pending=0
[stuck] key=26 age_ms=576.154
[lat] dt_ms=70.703 cmd=down key=w
[lat] dt_ms=61.097 cmd=up key=w
[msquic] stream: RECEIVE bytes=52 buffers=1 pending=0
[lat] dt_ms=52.954 cmd=up key=x
[msquic] stream: RECEIVE bytes=52 buffers=1 pending=0
[lat] dt_ms=64.7411 cmd=down key=x
[watchdog] key=27 age_ms=550.867
[lat] dt_ms=51.1705 cmd=down key=y
[watchdog] key=28 age_ms=538.647
[msquic] stream: RECEIVE bytes=52 buffers=1 pending=0
[msquic] stream: RECEIVE bytes=52 buffers=1 pending=0
[msquic] stream: RECEIVE bytes=52 buffers=1 pending=0
[stuck] key=29 age_ms=534.137
[heal] key=29 heal_ms=603.101
[msquic] stream: RECEIVE bytes=52 buffers=1 pending=0
[msquic] stream: RECEIVE bytes=52 buffers=1 pending=0
[lat] dt_ms=62.4984 cmd=up key=y
[lat] dt_ms=67.5135 cmd=down key=z
[heal] key=29 heal_ms=60.1173
[msquic] stream: RECEIVE bytes=52 buffers=1 pending=0
[lat] dt_ms=74.7043 cmd=up key=z
[msquic] stream: RECEIVE bytes=52 buffers=1 pending=0
[lat] dt_ms=73.62 cmd=down key=ENTER
[msquic] stream: RECEIVE bytes=52 buffers=1 pending=0
[lat] dt_ms=66.3167 cmd=up key=ENTER
[msquic] stream: RECEIVE bytes=52 buffers=1 pending=0
[heal] key=40 heal_ms=75.7678
[msquic] stream: RECEIVE bytes=52 buffers=1 pending=0
[lat] dt_ms=62.6816 cmd=up key=a
[msquic] stream: RECEIVE bytes=52 buffers=1 pending=0
[lat] dt_ms=77.0673 cmd=down key=a
[heal] key=5 heal_ms=612.037
[msquic] stream: RECEIVE bytes=52 buffers=1 pending=0
[lat] dt_ms=60.2344 cmd=down key=b
[lat] dt_ms=50.548 cmd=up key=b
[lat] dt_ms=43.2434 cmd=up key=c
[msquic] stream: RECEIVE bytes=52 buffers=1 pending=0
[msquic] stream: RECEIVE bytes=52 buffers=1 pending=0
[msquic] stream: RECEIVE bytes=52 buffers=1 pending=0
[stuck] key=7 age_ms=541.919
[lat] dt_ms=79.8739 cmd=down[heal] key=6 heal_ms=69.5545
[heal] key=7 heal_ms= key=c
48.2693
[msquic] stream: RECEIVE bytes=52 buffers=1 pending=0
[lat] dt_ms=61.1901 cmd=down key=d
[msquic] stream: RECEIVE bytes=52 buffers=1 pending=0
[msquic] stream: RECEIVE bytes=52 buffers=1 pending=0
[msquic] stream: RECEIVE bytes=52 buffers=1 pending=0
[stuck] key=8 age_ms=556.478
[lat] dt_ms=51.6316 cmd=down key=e
[msquic] stream: RECEIVE bytes=52 buffers=1 pending=0
[lat] dt_ms=71.0732 cmd=up key=d
[hidra] progress: rx=1147 emits=1666 quic_snapshots=901 socket=connected
[heal] key=8 heal_ms=630.706
[msquic] stream: RECEIVE bytes=52 buffers=1 pending=0
[lat] dt_ms=55.3625 cmd=down key=f
[lat] dt_ms=68.6739 cmd=up key=e
[watchdog] key=9 age_ms=574.807
[lat] dt_ms=51.8337 cmd=up key=f
[lat] dt_ms=54.4818 cmd=down key=g
[watchdog] key=10 age_ms=548.838
[msquic] stream: RECEIVE bytes=52 buffers=1 pending=0
[msquic] stream: RECEIVE bytes=52 buffers=1 pending=0
[heal] key=9 heal_ms=78.609
[msquic] stream: RECEIVE bytes=52 buffers=1 pending=0
[lat] dt_ms=50.4471 cmd=down key=h
[msquic] stream: RECEIVE bytes=52 buffers=1 pending=0
[msquic] stream: RECEIVE bytes=52 buffers=1 pending=0
[lat] dt_ms=70.7116 cmd=up key=g
[msquic] stream: RECEIVE bytes=52 buffers=1 pending=0
[msquic] stream: RECEIVE bytes=52 buffers=1 pending=0
[lat] dt_ms=52.0161 cmd=down key=i
[watchdog] key=12 age_ms=565.242
[lat] dt_ms=75.6925 cmd=up key=h
[msquic] stream: RECEIVE bytes=52 buffers=1 pending=0
[lat] dt_ms=43.4364 cmd=up key=j
[msquic] stream: RECEIVE bytes=52 buffers=1 pending=0
[lat] dt_ms=70.5494 cmd=up key=i
[msquic] stream: RECEIVE bytes=52 buffers=1 pending=0
[lat] dt_ms=55.771 cmd=down key=k
[lat] dt_ms=79.0593 cmd=down key=j
[msquic] stream: RECEIVE bytes=52 buffers=1 pending=0
[lat] dt_ms=44.5531 cmd=down key=l
[heal] key=13 heal_ms=77.0581
[msquic] stream: RECEIVE bytes=52 buffers=1 pending=0
[msquic] stream: RECEIVE bytes=52 buffers=1 pending=0
[lat] dt_ms=70.2649 cmd=up key=k
[msquic] stream: RECEIVE bytes=52 buffers=1 pending=0
[msquic] stream: RECEIVE bytes=52 buffers=1 pending=0
[msquic] stream: RECEIVE bytes=52 buffers=1 pending=0
[msquic] stream: RECEIVE bytes=52 buffers=1 pending=0
[lat] dt_ms=47.663 cmd=up key=m
[heal] key=15 heal_ms=73.6973
[msquic] stream: RECEIVE bytes=52 buffers=1 pending=0
[lat] dt_ms=75.747 cmd=up key=l
[msquic] stream: RECEIVE bytes=52 buffers=1 pending=0
[lat] dt_ms=80.8147 cmd=down key=m
[stuck] key=17 age_ms=565.189
[lat] dt_ms=52.882 cmd=up key=n
[heal] key=16 heal_ms=76.0316
[msquic] stream: RECEIVE bytes=52 buffers=1 pending=0
[msquic] stream: RECEIVE bytes=52 buffers=1 pending=0
[lat] dt_ms=75.2321 cmd=down key=n
[lat] dt_ms=63.5427 cmd=down key=o
[watchdog] key=18 age_ms=557.838
[heal] key=17 heal_ms=83.4499
[msquic] stream: RECEIVE bytes=52 buffers=1 pending=0
[lat] dt_ms=64.002 cmd=up key=o
[msquic] stream: RECEIVE bytes=52 buffers=1 pending=0
[lat] dt_ms=63.3418 cmd=down key=p
[msquic] stream: RECEIVE bytes=52 buffers=1 pending=0
[lat] dt_ms=46.4628 cmd=down key=q
[watchdog] key=20 age_ms=551.989
[lat] dt_ms=63.4745 cmd=up key=p
[msquic] stream: RECEIVE bytes=52 buffers=1 pending=0
[msquic] stream: RECEIVE bytes=104 buffers=1 pending=0
[msquic] stream: RECEIVE bytes=52 buffers=1 pending=0
[lat] dt_ms=51.4856 cmd=down key=r
[heal] key=20 heal_ms=67.0847
[msquic] stream: RECEIVE bytes=52 buffers=1 pending=0
[lat] dt_ms=69.1156 cmd=up key=q
[msquic] stream: RECEIVE bytes=52 buffers=1 pending=0
[lat] dt_ms=62.0665 cmd=up key=r
[lat] dt_ms=51.4747 cmd=down key=s
[watchdog] key=22 age_ms=565.596
[msquic] stream: RECEIVE bytes=52 buffers=1 pending=0
[msquic] stream: RECEIVE bytes=52 buffers=1 pending=0
[lat] dt_ms=67.1181 cmd=up key=s
[heal] key=23 heal_ms=613.818
[msquic] stream: RECEIVE bytes=52 buffers=1 pending=0
[lat] dt_ms=58.6743 cmd=down key=t
[msquic] stream: RECEIVE bytes=104 buffers=1 pending=0
[lat] dt_ms=58.7687 cmd=up key=t
[heal] key=22 heal_ms=87.3999
[msquic] stream: RECEIVE bytes=52 buffers=1 pending=0
[msquic] stream: RECEIVE bytes=52 buffers=1 pending=0
[lat] dt_ms=41.4555 cmd=down key=v
[watchdog] key=25 age_ms=529.75
[stuck] key=24 age_ms=568.175
[lat] dt_ms=56.9451 cmd=up key=u
[lat] dt_ms=73.7992 cmd=down key=u
[lat] dt_ms=44.694 cmd=up key=v
[heal] key=24 heal_ms=76.8826
[msquic] stream: RECEIVE bytes=52 buffers=1 pending=0
[msquic] stream: RECEIVE bytes=52 buffers=1 pending=0
[lat] dt_ms=47.5163 cmd=up key=w
[msquic] stream: RECEIVE bytes=52 buffers=1 pending=0
[msquic] stream: RECEIVE bytes=52 buffers=1 pending=0
[lat] dt_ms=68.9612 cmd=down key=w
[lat] dt_ms=52.6611 cmd=up key=x
[msquic] stream: RECEIVE bytes=52 buffers=1 pending=0
[lat] dt_ms=45.5256 cmd=down key=y
[watchdog] key=28 age_ms=550.365
[lat] dt_ms=72.4331 cmd=down key=x
[msquic] stream: RECEIVE bytes=52 buffers=1 pending=0
[lat] dt_ms=47.5035 cmd=up key=y
[heal] key=27 heal_ms=68.8111
[msquic] stream: RECEIVE bytes=104 buffers=2 pending=0
[msquic] stream: RECEIVE bytes=52 buffers=1 pending=0
[lat] dt_ms=56.2738 cmd=down key=z
[watchdog] key=29 age_ms=584.09
[lat] dt_ms=51.551 cmd=up key=z
[lat] dt_ms=43.5718 cmd=down key=ENTER
[msquic] stream: RECEIVE bytes=52 buffers=1 pending=0
[msquic] stream: RECEIVE bytes=52 buffers=1 pending=0
[msquic] stream: RECEIVE bytes=52 buffers=1 pending=0
[msquic] stream: RECEIVE bytes=52 buffers=1 pending=0
[heal] key=29 heal_ms=74.2493
[msquic] stream: RECEIVE bytes=52 buffers=1 pending=0
[lat] dt_ms=43.187 cmd=up key=a
[lat] dt_ms=55.0282 cmd=down key=a
[heal] key=40 heal_ms=67.0251
[msquic] stream: RECEIVE bytes=52 buffers=1 pending=0
[lat] dt_ms=74.3912 cmd=up key=ENTER
[msquic] stream: RECEIVE bytes=52 buffers=1 pending=0
[lat] dt_ms=46.5438 cmd=down key=b
[watchdog] key=5 age_ms=562.903
[msquic] stream: RECEIVE bytes=52 buffers=1 pending=0
[msquic] stream: RECEIVE bytes=52 buffers=1 pending=0
[lat] dt_ms=42.8915 cmd=down key=c
[watchdog] key=6 age_ms=528.301
[lat] dt_ms=40.9741 cmd=up key=c
[heal] key=5 heal_ms=69.0957
[msquic] stream: RECEIVE bytes=52 buffers=1 pending=0
[msquic] stream: RECEIVE bytes=52 buffers=1 pending=0
[lat] dt_ms=76.6333 cmd=up key=b
[lat] dt_ms=53.4211 cmd=down key=d
[watchdog] key=7 age_ms=574.535
[msquic] stream: RECEIVE bytes=52 buffers=1 pending=0
[lat] dt_ms=52.27 cmd=up key=d
[hidra] snapshot v1 mods=0x0 pressed=1
[msquic] stream: RECEIVE bytes=52 buffers=1 pending=0
[lat] dt_ms=47.2598 cmd=down key=e
[heal] key=8 heal_ms=607.562
[heal] key=6 heal_ms=80.0442
[msquic] stream: RECEIVE bytes=52 buffers=1 pending=0
[msquic] stream: RECEIVE bytes=52 buffers=1 pending=0
[lat] dt_ms=54.7455 cmd=up key=e
[heal] key=7 heal_ms=79.6543
[msquic] stream: RECEIVE bytes=52 buffers=1 pending=0
[msquic] stream: RECEIVE bytes=52 buffers=1 pending=0
[lat] dt_ms=63.9412 cmd=down key=f
[msquic] stream: RECEIVE bytes=52 buffers=1 pending=0
[msquic] stream: RECEIVE bytes=52 buffers=1 pending=0
[heal] key=9 heal_ms=66.339
[msquic] stream: RECEIVE bytes=52 buffers=1 pending=0
[lat] dt_ms=67.5474 cmd=up key=f
[msquic] stream: RECEIVE bytes=52 buffers=1 pending=0
[lat] dt_ms=52.3405 cmd=down key=h
[lat] dt_ms=73.4362 cmd=down key=g
[heal] key=10 heal_ms=65.8558
[msquic] stream: RECEIVE bytes=52 buffers=1 pending=0
[msquic] stream: RECEIVE bytes=52 buffers=1 pending=0
[lat] dt_ms=79.4244 cmd=up key=g
[lat] dt_ms=67.5527 cmd=up key=h
[msquic] stream: RECEIVE bytes=52 buffers=1 pending=0
[lat] dt_ms=58.7953 cmd=down key=i
[watchdog] key=12 age_ms=553.915
[lat] dt_ms=44.8575 cmd=down key=j
[heal] key=11 heal_ms=80.3562
[msquic] stream: RECEIVE bytes=52 buffers=1 pending=0
[msquic] stream: RECEIVE bytes=52 buffers=1 pending=0
[heal] key=12 heal_ms=77.3048
[msquic] stream: RECEIVE bytes=104 buffers=1 pending=0
[lat] dt_ms=79.3557 cmd=up key=i
[lat] dt_ms=59.6096 cmd=up key=j
[msquic] stream: RECEIVE bytes=52 buffers=1 pending=0
[msquic] stream: RECEIVE bytes=52 buffers=1 pending=0
[lat] dt_ms=56.5754 cmd=down key=k
[lat] dt_ms=48.3844 cmd=up key=k
[msquic] stream: RECEIVE bytes=52 buffers=1 pending=0
[msquic] stream: RECEIVE bytes=52 buffers=1 pending=0
[msquic] stream: RECEIVE bytes=52 buffers=1 pending=0
[lat] dt_ms=43.4435 cmd=up key=l
[lat] dt_ms=73.185 cmd=down key=l
[lat] dt_ms=63.1732 cmd=down key=m
[heal] key=16 heal_ms=53.4384
[heal] key=15 heal_ms=74.5461
[msquic] stream: RECEIVE bytes=52 buffers=1 pending=0
[msquic] stream: RECEIVE bytes=52 buffers=1 pending=0
[stuck] key=17 age_ms=541.085
[lat] dt_ms=48.6167 cmd=down key=n
[msquic] stream: RECEIVE bytes=52 buffers=1 pending=0
[lat] dt_ms=64.2518 cmd=up key=m
[msquic] stream: RECEIVE bytes=52 buffers=1 pending=0
[msquic] stream: RECEIVE bytes=52 buffers=1 pending=0
[lat] dt_ms=60.8842 cmd=up key=n
[msquic] stream: RECEIVE bytes=52 buffers=1 pending=0
[stuck] key=18 age_ms=560.72
[lat] dt_ms=57.3145 cmd=up key=o
[lat] dt_ms=70.7734 cmd=down key=o
[msquic] stream: RECEIVE bytes=52 buffers=1 pending=0
[msquic] stream: RECEIVE bytes=52 buffers=1 pending=0
[lat] dt_ms=55.0844 cmd=up key=p
[lat] dt_ms=68.1303 cmd=down key=p
[msquic] stream: RECEIVE bytes=52 buffers=1 pending=0
[msquic] stream: RECEIVE bytes=52 buffers=1 pending=0
[msquic] stream: RECEIVE bytes=52 buffers=1 pending=0
[msquic] stream: RECEIVE bytes=52 buffers=1 pending=0
[msquic] stream: RECEIVE bytes=52 buffers=1 pending=0
[msquic] stream: RECEIVE bytes=52 buffers=1 pending=0
[stuck] key=21 age_ms=550.098
[lat] dt_ms=56.5172 cmd=down key=r
[lat] dt_ms=78.4831 cmd=down key=q
[lat] dt_ms=79.2246 cmd=up key=q
[heal] key=21 heal_ms=62.2118
[msquic] stream: RECEIVE bytes=52 buffers=1 pending=0
[stuck] key=22 age_ms=544.204
[msquic] stream: RECEIVE bytes=52 buffers=1 pending=0
[lat] dt_ms=60.0824 cmd=down key=s
[msquic] stream: RECEIVE bytes=104 buffers=1 pending=0
[lat] dt_ms=44.3688 cmd=down key=t
[lat] dt_ms=79.0135 cmd=up key=r
[watchdog] key=23 age_ms=567.652
[lat] dt_ms=65.9719 cmd=up key=s
[lat] dt_ms=54.8867 cmd=up key=t
[lat] dt_ms=46.3369 cmd=down key=u
[watchdog] key=24 age_ms=557.028
[heal] key=23 heal_ms=70.5041
[msquic] stream: RECEIVE bytes=104 buffers=1 pending=0
[heal] key=24 heal_ms=57.7516
[msquic] stream: RECEIVE bytes=52 buffers=1 pending=0
[lat] dt_ms=59.0553 cmd=up key=u
[msquic] stream: RECEIVE bytes=52 buffers=1 pending=0
[lat] dt_ms=62.8878 cmd=down key=v
[watchdog] key=25 age_ms=572.914
[lat] dt_ms=59.7478 cmd=up key=v
[msquic] stream: RECEIVE bytes=52 buffers=1 pending=0
[msquic] stream: RECEIVE bytes=52 buffers=1 pending=0
[msquic] stream: RECEIVE bytes=52 buffers=1 pending=0
[lat] dt_ms=56.3475 cmd=down key=w
[watchdog] key=26 age_ms=560.719
[msquic] stream: RECEIVE bytes=52 buffers=1 pending=0
[heal] key=26 heal_ms=62.0292
[msquic] stream: RECEIVE bytes=52 buffers=1 pending=0
[lat] dt_ms=64.3629 cmd=up key=w
[stuck] key=27 age_ms=553.802
[heal] key=27 heal_ms=50.5878
[msquic] stream: RECEIVE bytes=52 buffers=1 pending=0
[msquic] stream: RECEIVE bytes=52 buffers=1 pending=0
[lat] dt_ms=56.0185 cmd=up key=x
[stuck] key=28 age_ms=557.191
[lat] dt_ms=76.0102 cmd=down key=x
[heal] key=28 heal_ms=44.7857
[msquic] stream: RECEIVE bytes=52 buffers=1 pending=0
[lat] dt_ms=44.139 cmd=down key=z
[watchdog] key=29 age_ms=533.772
[lat] dt_ms=58.9967 cmd=up key=y
[lat] dt_ms=70.5011 cmd=down key=y
[msquic] stream: RECEIVE bytes=52 buffers=1 pending=0
[msquic] stream: RECEIVE bytes=52 buffers=1 pending=0
[msquic] stream: RECEIVE bytes=52 buffers=1 pending=0
[heal] key=29 heal_ms=67.6779
[msquic] stream: RECEIVE bytes=52 buffers=1 pending=0
[lat] dt_ms=44.7739 cmd=down key=a
[lat] dt_ms=80.2148 cmd=up key=z
[heal] key=4 heal_ms=606.541
[msquic] stream: RECEIVE bytes=52 buffers=1 pending=0
[lat] dt_ms=61.4327 cmd=up key=ENTER
[lat] dt_ms=80.3538 cmd=down key=ENTER
[msquic] stream: RECEIVE bytes=52 buffers=1 pending=0
[heal] key=40 heal_ms=80.5542
[msquic] stream: RECEIVE bytes=52 buffers=1 pending=0
[msquic] stream: RECEIVE bytes=52 buffers=1 pending=0
[lat] dt_ms=67.4925 cmd=up key=a
[msquic] stream: RECEIVE bytes=52 buffers=1 pending=0
[stuck] key=5 age_ms=543.914
[lat] dt_ms=41.3535 cmd=up key=c
[heal] key=5 heal_ms=62.5978
[msquic] stream: RECEIVE bytes=52 buffers=1 pending=0
[lat] dt_ms=77.8195 cmd=down key=b
[msquic] stream: RECEIVE bytes=52 buffers=1 pending=0
[msquic] stream: RECEIVE bytes=52 buffers=1 pending=0
[lat] dt_ms=63.1819 cmd=down key=c
[lat] dt_ms=75.8196 cmd=up key=b
[msquic] stream: RECEIVE bytes=52 buffers=1 pending=0
[msquic] stream: RECEIVE bytes=52 buffers=1 pending=0
[msquic] stream: RECEIVE bytes=52 buffers=1 pending=0
[lat] dt_ms=69.3787 cmd=down key=d
[msquic] stream: RECEIVE bytes=52 buffers=1 pending=0
[heal] key=7 heal_ms=59.2098
[msquic] stream: RECEIVE bytes=52 buffers=1 pending=0
[stuck] key=8 age_ms=553.268
[heal] key=8 heal_ms=46.0308
[msquic] stream: RECEIVE bytes=52 buffers=1 pending=0
[lat] dt_ms=53.4013 cmd=up key=e
[lat] dt_ms=76.1291 cmd=up key=d
[lat] dt_ms=69.3668 cmd=down key=e
[lat] dt_ms=68.1994 cmd=down key=f
[msquic] stream: RECEIVE bytes=52 buffers=1 pending=0
[msquic] stream: RECEIVE bytes=52 buffers=1 pending=0
[msquic] stream: RECEIVE bytes=52 buffers=1 pending=0
[msquic] stream: RECEIVE bytes=52 buffers=1 pending=0
[lat] dt_ms=67.0031 cmd=up key=f
[lat] dt_ms=66.6345 cmd=down key=g
[heal] key=10 heal_ms=63.1724
[msquic] stream: RECEIVE bytes=52 buffers=1 pending=0
[lat] dt_ms=53.6861 cmd=down key=h
[watchdog] key=11 age_ms=547.486
[lat] dt_ms=68.4032 cmd=up key=g
[msquic] stream: RECEIVE bytes=52 buffers=1 pending=0
[msquic] stream: RECEIVE bytes=52 buffers=1 pending=0
[lat] dt_ms=60.2896 cmd=down key=i
[watchdog] key=12 age_ms=547.306
[heal] key=11 heal_ms=76.7293
[msquic] stream: RECEIVE bytes=52 buffers=1 pending=0
[lat] dt_ms=77.9251 cmd=up key=h
[msquic] stream: RECEIVE bytes=52 buffers=1 pending=0
[msquic] stream: RECEIVE bytes=52 buffers=1 pending=0
[lat] dt_ms=47.4525 cmd=up key=j
[msquic] stream: RECEIVE bytes=52 buffers=1 pending=0
[msquic] stream: RECEIVE bytes=52 buffers=1 pending=0
[lat] dt_ms=78.2422 cmd=up key=i
[lat] dt_ms=49.7437 cmd=down key=k
[msquic] stream: RECEIVE bytes=52 buffers=1 pending=0
[lat] dt_ms=80.058 cmd=down key=j
[lat] dt_ms=43.2465 cmd=down key=l
[heal] key=14 heal_ms=628.38
[msquic] stream: RECEIVE bytes=52 buffers=1 pending=0
[msquic] stream: RECEIVE bytes=52 buffers=1 pending=0
[msquic] stream: RECEIVE bytes=52 buffers=1 pending=0
[lat] dt_ms=68.8884 cmd=up key=k
[lat] dt_ms=48.6632 cmd=down key=m
[lat] dt_ms=60.2702 cmd=up key=l
[watchdog] key=16 age_ms=545.85
[msquic] stream: RECEIVE bytes=52 buffers=1 pending=0
[msquic] stream: RECEIVE bytes=52 buffers=1 pending=0
[msquic] stream: RECEIVE bytes=52 buffers=1 pending=0
[msquic] stream: RECEIVE bytes=52 buffers=1 pending=0
[lat] dt_ms=45.8184 cmd=down key=n
[msquic] stream: RECEIVE bytes=52 buffers=1 pending=0
[lat] dt_ms=44.5148 cmd=up key=n
[lat] dt_ms=75.8375 cmd=up key=m
[msquic] stream: RECEIVE bytes=52 buffers=1 pending=0
[lat] dt_ms=55.5671 cmd=down key=o
[watchdog] key=18 age_ms=566.925
[lat] dt_ms=50.071 cmd=down key=p
[lat] dt_ms=41.4416 cmd=up key=p
[msquic] stream: RECEIVE bytes=52 buffers=1 pending=0
[msquic] stream: RECEIVE bytes=52 buffers=1 pending=0
[msquic] stream: RECEIVE bytes=52 buffers=1 pending=0
[lat] dt_ms=74.5486 cmd=up key=o
[msquic] stream: RECEIVE bytes=52 buffers=1 pending=0
[lat] dt_ms=43.8899 cmd=up key=q
[lat] dt_ms=57.5628 cmd=down key=q
[heal] key=19 heal_ms=72.0092
[msquic] stream: RECEIVE bytes=52 buffers=1 pending=0
[msquic] stream: RECEIVE bytes=104 buffers=1 pending=0
[lat] dt_ms=62.6782 cmd=down key=r
[msquic] stream: RECEIVE bytes=52 buffers=1 pending=0
[lat] dt_ms=64.829 cmd=up key=r
[lat] dt_ms=63.5133 cmd=down key=s
[watchdog] key=22 age_ms=574.906
[heal] key=20 heal_ms=98.026
[msquic] stream: RECEIVE bytes=52 buffers=1 pending=0
[lat] dt_ms=52.1977 cmd=down key=t
[msquic] stream: RECEIVE bytes=52 buffers=1 pending=0
[lat] dt_ms=64.8441 cmd=up key=s
[msquic] stream: RECEIVE bytes=52 buffers=1 pending=0
[msquic] stream: RECEIVE bytes=52 buffers=1 pending=0
[lat] dt_ms=58.5565 cmd=up key=t
[msquic] stream: RECEIVE bytes=52 buffers=1 pending=0
[msquic] stream: RECEIVE bytes=52 buffers=1 pending=0
[msquic] stream: RECEIVE bytes=52 buffers=1 pending=0
[lat] dt_ms=41.7927 cmd=down key=v
[lat] dt_ms=64.5543 cmd=down key=u
[watchdog] key=25 age_ms=537.345
[lat] dt_ms=50.4958 cmd=up key=v
[lat] dt_ms=73.7618 cmd=up key=u
[lat] dt_ms=43.0746 cmd=down key=w
[msquic] stream: RECEIVE bytes=52 buffers=1 pending=0
[msquic] stream: RECEIVE bytes=52 buffers=1 pending=0
[heal] key=25 heal_ms=64.5091
[msquic] stream: RECEIVE bytes=52 buffers=1 pending=0
[msquic] stream: RECEIVE bytes=52 buffers=1 pending=0
[lat] dt_ms=54.9767 cmd=up key=w
[msquic] stream: RECEIVE bytes=52 buffers=1 pending=0
[lat] dt_ms=64.5796 cmd=down key=x
[msquic] stream: RECEIVE bytes=52 buffers=1 pending=0
[msquic] stream: RECEIVE bytes=52 buffers=1 pending=0
[lat] dt_ms=57.8323 cmd=up key=x
[lat] dt_ms=50.5677 cmd=down key=y
[watchdog] key=28 age_ms=534.867
[msquic] stream: RECEIVE bytes=52 buffers=1 pending=0
[heal] key=27 heal_ms=72.7041
[msquic] stream: RECEIVE bytes=52 buffers=1 pending=0
[lat] dt_ms=68.1085 cmd=up key=y
[msquic] stream: RECEIVE bytes=52 buffers=1 pending=0
[msquic] stream: RECEIVE bytes=52 buffers=1 pending=0
[msquic] stream: RECEIVE bytes=52 buffers=1 pending=0
[msquic] stream: RECEIVE bytes=52 buffers=1 pending=0
[lat] dt_ms=75.7856 cmd=down key=z
[lat] dt_ms=70.6864 cmd=up key=z
[lat] dt_ms=40.9626 cmd=down key=a
[heal] key=4 heal_ms=600.553
[msquic] stream: RECEIVE bytes=52 buffers=1 pending=0
[hidra] snapshot v1 mods=0x0 pressed=0
[msquic] stream: RECEIVE bytes=52 buffers=1 pending=0
[lat] dt_ms=77.3621 cmd=down key=ENTER
[lat] dt_ms=71.613 cmd=up key=ENTER
[lat] dt_ms=45.1682 cmd=down key=b
[watchdog] key=5 age_ms=554.741
[lat] dt_ms=63.7528 cmd=up key=a
[msquic] stream: RECEIVE bytes=52 buffers=1 pending=0
[lat] dt_ms=49.2165 cmd=down key=c
[heal] key=6 heal_ms=608.28
[msquic] stream: RECEIVE bytes=52 buffers=1 pending=0
[msquic] stream: RECEIVE bytes=52 buffers=1 pending=0
[msquic] stream: RECEIVE bytes=52 buffers=1 pending=0
[msquic] stream: RECEIVE bytes=52 buffers=1 pending=0
[lat] dt_ms=72.8956 cmd=up key=b
[msquic] stream: RECEIVE bytes=52 buffers=1 pending=0
[lat] dt_ms=57.3446 cmd=up key=c
[msquic] stream: RECEIVE bytes=52 buffers=1 pending=0
[msquic] stream: RECEIVE bytes=52 buffers=1 pending=0
[stuck] key=7 age_ms=557.875
[lat] dt_ms=77.1437 cmd=down key=d
[msquic] stream: RECEIVE bytes=52 buffers=1 pending=0
[lat] dt_ms=42.7173 cmd=down key=f
[heal] key=9 heal_ms=601.325
[heal] key=7 heal_ms=74.666
[msquic] stream: RECEIVE bytes=52 buffers=1 pending=0
[lat] dt_ms=57.0307 cmd=up key=e
[lat] dt_ms=80.064 cmd=up key=d
[lat] dt_ms=70.8007 cmd=down key=e
[watchdog] key=8 age_ms=595.007
[msquic] stream: RECEIVE bytes=52 buffers=1 pending=0
[msquic] stream: RECEIVE bytes=52 buffers=1 pending=0
[msquic] stream: RECEIVE bytes=52 buffers=1 pending=0
[lat] dt_ms=57.969 cmd=down key=g
[lat] dt_ms=70.353 cmd=up key=f
[watchdog] key=10 age_ms=581.226
[lat] dt_ms=52.4515 cmd=up key=g
[msquic] stream: RECEIVE bytes=104 buffers=1 pending=0
[msquic] stream: RECEIVE bytes=52 buffers=1 pending=0
[lat] dt_ms=44.0526 cmd=up key=h
[lat] dt_ms=56.9328 cmd=down key=h
[heal] key=10 heal_ms=71.5766
[msquic] stream: RECEIVE bytes=52 buffers=1 pending=0
[msquic] stream: RECEIVE bytes=52 buffers=1 pending=0
[msquic] stream: RECEIVE bytes=104 buffers=1 pending=0
[lat] dt_ms=46.619 cmd=up key=i
[lat] dt_ms=61.9672 cmd=down key=i
[lat] dt_ms=41.4051 cmd=down key=j
[watchdog] key=13 age_ms=554.61
[heal] key=12 heal_ms=77.4236
[msquic] stream: RECEIVE bytes=52 buffers=1 pending=0
[lat] dt_ms=58.566 cmd=up key=j
[msquic] stream: RECEIVE bytes=52 buffers=2 pending=0
[msquic] stream: RECEIVE bytes=52 buffers=1 pending=0
[msquic] stream: RECEIVE bytes=52 buffers=1 pending=0
[msquic] stream: RECEIVE bytes=52 buffers=1 pending=0
[lat] dt_ms=50.0834 cmd=up key=k
[lat] dt_ms=78.2757 cmd=down key=k
[watchdog] key=14 age_ms=572.022
[msquic] stream: RECEIVE bytes=52 buffers=1 pending=0
[heal] key=14 heal_ms=76.6625
[msquic] stream: RECEIVE bytes=52 buffers=1 pending=0
[msquic] stream: RECEIVE bytes=52 buffers=1 pending=0
[lat] dt_ms=76.7249 cmd=down key=l
[lat] dt_ms=45.6893 cmd=up key=m
[watchdog] key=15 age_ms=590.011
[msquic] stream: RECEIVE bytes=52 buffers=1 pending=0
[msquic] stream: RECEIVE bytes=52 buffers=1 pending=0
[lat] dt_ms=62.8483 cmd=down key=m
[lat] dt_ms=74.1796 cmd=up key=l
[heal] key=16 heal_ms=59.444
[msquic] stream: RECEIVE bytes=52 buffers=1 pending=0
[msquic] stream: RECEIVE bytes=52 buffers=1 pending=0
[lat] dt_ms=51.4449 cmd=down key=o
[lat] dt_ms=42.9762 cmd=up key=o
[lat] dt_ms=74.7953 cmd=down key=n
[watchdog] key=17 age_ms=593.244
[lat] dt_ms=68.6473 cmd=up key=n
[msquic] stream: RECEIVE bytes=52 buffers=1 pending=0
[msquic] stream: RECEIVE bytes=52 buffers=1 pending=0
[msquic] stream: RECEIVE bytes=52 buffers=1 pending=0
[msquic] stream: RECEIVE bytes=52 buffers=1 pending=0
[heal] key=18 heal_ms=73.6734
[msquic] stream: RECEIVE bytes=52 buffers=1 pending=0
[msquic] stream: RECEIVE bytes=52 buffers=1 pending=0
[stuck] key=19 age_ms=590.007
[lat] dt_ms=80.589 cmd=down key=p
[heal] key=19 heal_ms=73.3861
[msquic] stream: RECEIVE bytes=52 buffers=1 pending=0
[stuck] key=20 age_ms=573.713
[lat] dt_ms=74.6544 cmd=up key=p
[lat] dt_ms=72.6387 cmd=down key=q
[msquic] stream: RECEIVE bytes=52 buffers=1 pending=0
[msquic] stream: RECEIVE bytes=52 buffers=1 pending=0
[stuck] key=21 age_ms=555.38
[lat] dt_ms=78.2168 cmd=up key=q
[msquic] stream: RECEIVE bytes=52 buffers=1 pending=0
[lat] dt_ms=74.9608 cmd=down key=r
[msquic] stream: RECEIVE bytes=52 buffers=1 pending=0
[lat] dt_ms=73.8625 cmd=up key=r
[hidra] progress: rx=1430 emits=2078 quic_snapshots=1124 socket=connected
[lat] dt_ms=59.1525 cmd=up key=s
[lat] dt_ms=71.8717 cmd=down key=s
[msquic] stream: RECEIVE bytes=52 buffers=1 pending=0
[msquic] stream: RECEIVE bytes=52 buffers=1 pending=0
[msquic] stream: RECEIVE bytes=52 buffers=1 pending=0
[msquic] stream: RECEIVE bytes=52 buffers=1 pending=0
[lat] dt_ms=78.3339 cmd=down key=t
[heal] key=23 heal_ms=73.8792
[msquic] stream: RECEIVE bytes=52 buffers=1 pending=0
[lat] dt_ms=75.9173 cmd=up key=t
[lat] dt_ms=60.708 cmd=up key=u
[lat] dt_ms=50.1247 cmd=down key=v
[msquic] stream: RECEIVE bytes=52 buffers=1 pending=0
[lat] dt_ms=78.7157 cmd=down key=u
[msquic] stream: RECEIVE bytes=52 buffers=1 pending=0
[msquic] stream: RECEIVE bytes=52 buffers=1 pending=0
[lat] dt_ms=51.4309 cmd=down key=w
[lat] dt_ms=66.1142 cmd=up key=v
[msquic] stream: RECEIVE bytes=52 buffers=1 pending=0
[msquic] stream: RECEIVE bytes=52 buffers=1 pending=0
[heal] key=26 heal_ms=58.1116
[msquic] stream: RECEIVE bytes=52 buffers=1 pending=0
[lat] dt_ms=52.6172 cmd=down key=x
[watchdog] key=27 age_ms=544.495
[lat] dt_ms=70.322 cmd=up key=w
[lat] dt_ms=54.5985 cmd=up key=x
[msquic] stream: RECEIVE bytes=52 buffers=1 pending=0
[msquic] stream: RECEIVE bytes=52 buffers=1 pending=0
[msquic] stream: RECEIVE bytes=52 buffers=1 pending=0
[lat] dt_ms=57.8606 cmd=down key=y
[msquic] stream: RECEIVE bytes=52 buffers=1 pending=0
[lat] dt_ms=40.1397 cmd=down key=z
[watchdog] key=29 age_ms=542.727
[msquic] stream: RECEIVE bytes=52 buffers=1 pending=0
[lat] dt_ms=69.3203 cmd=up key=y
[msquic] stream: RECEIVE bytes=52 buffers=1 pending=0
[lat] dt_ms=56.6 cmd=up key=z
[msquic] stream: RECEIVE bytes=52 buffers=1 pending=0
[heal] key=29 heal_ms=72.4257
[msquic] stream: RECEIVE bytes=52 buffers=1 pending=0
[stuck] key=40 age_ms=550.649
[heal] key=40 heal_ms=628.354
[msquic] stream: RECEIVE bytes=52 buffers=1 pending=0
[msquic] stream: RECEIVE bytes=52 buffers=1 pending=0
[lat] dt_ms=52.4904 cmd=down key=a
[lat] dt_ms=64.2485 cmd=up key=ENTER
[msquic] stream: RECEIVE bytes=52 buffers=1 pending=0
[lat] dt_ms=76.0371 cmd=down key=ENTER
[msquic] stream: RECEIVE bytes=52 buffers=1 pending=0
[lat] dt_ms=56.009 cmd=up key=a
[lat] dt_ms=46.4494 cmd=down key=b
[msquic] stream: RECEIVE bytes=52 buffers=1 pending=0
[lat] dt_ms=40.9717 cmd=down key=c
[watchdog] key=6 age_ms=547.215
[msquic] stream: RECEIVE bytes=52 buffers=1 pending=0
[lat] dt_ms=41.7571 cmd=up key=c
[heal] key=5 heal_ms=64.7427
[msquic] stream: RECEIVE bytes=52 buffers=1 pending=0
[lat] dt_ms=67.0909 cmd=up key=b
[msquic] stream: RECEIVE bytes=52 buffers=1 pending=0
[msquic] stream: RECEIVE bytes=52 buffers=1 pending=0
[stuck] key=7 age_ms=548.09
[heal] key=7 heal_ms=60.3527
[msquic] stream: RECEIVE bytes=52 buffers=1 pending=0
[lat] dt_ms=62.4047 cmd=up key=d
[msquic] stream: RECEIVE bytes=52 buffers=1 pending=0
[lat] dt_ms=77.4522 cmd=down key=d
[lat] dt_ms=64.7621 cmd=down key=e
[msquic] stream: RECEIVE bytes=52 buffers=1 pending=0
[lat] dt_ms=60.7496 cmd=up key=e
[msquic] stream: RECEIVE bytes=52 buffers=1 pending=0
[lat] dt_ms=55.5736 cmd=down key=f
[watchdog] key=9 age_ms=542.685
[msquic] stream: RECEIVE bytes=52 buffers=1 pending=0
[lat] dt_ms=51.5859 cmd=up key=f
[msquic] stream: RECEIVE bytes=52 buffers=1 pending=0
[lat] dt_ms=44.6749 cmd=down key=g
[watchdog] key=10 age_ms=526.165
[msquic] stream: RECEIVE bytes=52 buffers=1 pending=0
[lat] dt_ms=52.5298 cmd=up key=g
[heal] key=9 heal_ms=80.8401
[msquic] stream: RECEIVE bytes=52 buffers=1 pending=0
[heal] key=10 heal_ms=75.7513
[msquic] stream: RECEIVE bytes=52 buffers=1 pending=0
[lat] dt_ms=67.2739 cmd=down key=h
[lat] dt_ms=45.9354 cmd=down key=i
[watchdog] key=12 age_ms=566.442
[watchdog] key=11 age_ms=569.609
[msquic] stream: RECEIVE bytes=52 buffers=1 pending=0
[lat] dt_ms=63.379 cmd=up key=h
[msquic] stream: RECEIVE bytes=104 buffers=1 pending=0
[msquic] stream: RECEIVE bytes=52 buffers=1 pending=0
[lat] dt_ms=50.7511 cmd=up key=i
[msquic] stream: RECEIVE bytes=52 buffers=1 pending=0
[lat] dt_ms=53.8258 cmd=down key=j
[watchdog] key=13 age_ms=548.728
[lat] dt_ms=58.5069 cmd=up key=j
[msquic] stream: RECEIVE bytes=52 buffers=1 pending=0
[msquic] stream: RECEIVE bytes=52 buffers=1 pending=0
[stuck] key=14 age_ms=543.96
[msquic] stream: RECEIVE bytes=52 buffers=1 pending=0
[lat] dt_ms=60.3073 cmd=down key=k
[lat] dt_ms=51.2307 cmd=down key=l
[lat] dt_ms=62.9051 cmd=up key=k
[msquic] stream: RECEIVE bytes=52 buffers=1 pending=0
[msquic] stream: RECEIVE bytes=52 buffers=1 pending=0
[msquic] stream: RECEIVE bytes=52 buffers=1 pending=0
[msquic] stream: RECEIVE bytes=104 buffers=1 pending=0
[msquic] stream: RECEIVE bytes=52 buffers=1 pending=0
[lat] dt_ms=65.4283 cmd=down key=m
[lat] dt_ms=76.7981 cmd=up key=l
[lat] dt_ms=66.5249 cmd=up key=m
[lat] dt_ms=45.2818 cmd=up key=n
[lat] dt_ms=41.06 cmd=down key=o
[watchdog] key=18 age_ms=527.586
[lat] dt_ms=62.7996 cmd=down key=n
[msquic] stream: RECEIVE bytes=52 buffers=1 pending=0
[msquic] stream: RECEIVE bytes=52 buffers=1 pending=0
[msquic] stream: RECEIVE bytes=52 buffers=1 pending=0
[lat] dt_ms=52.805 cmd=up key=o
[msquic] stream: RECEIVE bytes=52 buffers=1 pending=0
[lat] dt_ms=45.7011 cmd=down key=p
[watchdog] key=19 age_ms=553.388
[lat] dt_ms=48.6853 cmd=up key=p
[msquic] stream: RECEIVE bytes=52 buffers=1 pending=0
[msquic] stream: RECEIVE bytes=52 buffers=1 pending=0
[lat] dt_ms=58.075 cmd=down key=q
[watchdog] key=20 age_ms=563.896
[lat] dt_ms=50.1598 cmd=up key=q
[msquic] stream: RECEIVE bytes=104 buffers=2 pending=0
[heal] key=20 heal_ms=54.6083
[msquic] stream: RECEIVE bytes=52 buffers=1 pending=0
[msquic] stream: RECEIVE bytes=52 buffers=1 pending=0
[heal] key=21 heal_ms=613.931
[msquic] stream: RECEIVE bytes=52 buffers=1 pending=0
[lat] dt_ms=43.327 cmd=down key=s
[msquic] stream: RECEIVE bytes=52 buffers=1 pending=0
[lat] dt_ms=74.6533 cmd=down key=r
[lat] dt_ms=63.9754 cmd=up key=r
[lat] dt_ms=48.6632 cmd=down key=t
[msquic] stream: RECEIVE bytes=52 buffers=1 pending=0
[msquic] stream: RECEIVE bytes=52 buffers=1 pending=0
[lat] dt_ms=67.7392 cmd=up key=s
[msquic] stream: RECEIVE bytes=52 buffers=1 pending=0
[lat] dt_ms=43.465 cmd=down key=u
[watchdog] key=24 age_ms=538.616
[msquic] stream: RECEIVE bytes=52 buffers=1 pending=0
[lat] dt_ms=62.4959 cmd=up key=t
[msquic] stream: RECEIVE bytes=52 buffers=1 pending=0
[msquic] stream: RECEIVE bytes=52 buffers=1 pending=0
[lat] dt_ms=62.4521 cmd=up key=u
[msquic] stream: RECEIVE bytes=52 buffers=1 pending=0
[lat] dt_ms=53.4583 cmd=up key=v
[msquic] stream: RECEIVE bytes=52 buffers=1 pending=0
[msquic] stream: RECEIVE bytes=52 buffers=1 pending=0
[msquic] stream: RECEIVE bytes=52 buffers=1 pending=0
[lat] dt_ms=75.5195 cmd=down key=v
[lat] dt_ms=60.9224 cmd=down key=w
[watchdog] key=26 age_ms=565.37
[lat] dt_ms=46.1284 cmd=down key=x
[heal] key=25 heal_ms=83.1452
[msquic] stream: RECEIVE bytes=52 buffers=1 pending=0
[lat] dt_ms=66.7544 cmd=up key=w
[msquic] stream: RECEIVE bytes=52 buffers=1 pending=0
[msquic] stream: RECEIVE bytes=52 buffers=1 pending=0
[hidra] snapshot v1 mods=0x0 pressed=1
[msquic] stream: RECEIVE bytes=52 buffers=1 pending=0
[heal] key=28 heal_ms=41.0398
[msquic] stream: RECEIVE bytes=52 buffers=1 pending=0
[msquic] stream: RECEIVE bytes=52 buffers=1 pending=0
[msquic] stream: RECEIVE bytes=52 buffers=1 pending=0
[lat] dt_ms=77.9754 cmd=up key=x
[lat] dt_ms=69.7978 cmd=down key=y
[lat] dt_ms=63.0068 cmd=up key=y
[msquic] stream: RECEIVE bytes=52 buffers=1 pending=0
[stuck] key=29 age_ms=571.735
[lat] dt_ms=51.3125 cmd=down key=ENTER
[lat] dt_ms=73.3428 cmd=down key=z
[lat] dt_ms=41.6805 cmd=up key=ENTER
[lat] dt_ms=67.0718 cmd=up key=z
[msquic] stream: RECEIVE bytes=52 buffers=1 pending=0
[msquic] stream: RECEIVE bytes=52 buffers=1 pending=0
[msquic] stream: RECEIVE bytes=52 buffers=1 pending=0
[lat] dt_ms=52.1156 cmd=up key=a
[lat] dt_ms=76.7213 cmd=down key=a
[heal] key=40 heal_ms=87.4067
[msquic] stream: RECEIVE bytes=52 buffers=1 pending=0
[msquic] stream: RECEIVE bytes=104 buffers=1 pending=0
[msquic] stream: RECEIVE bytes=52 buffers=1 pending=0
[lat] dt_ms=60.9422 cmd=down key=b
[lat] dt_ms=43.1494 cmd=down key=c
[watchdog] key=6 age_ms=560.77
[watchdog] key=5 age_ms=573.159
[lat] dt_ms=59.6622 cmd=up key=b
[lat] dt_ms=46.8949 cmd=up key=c
[msquic] stream: RECEIVE bytes=52 buffers=1 pending=0
[heal] key=5 heal_ms=77.3563
[msquic] stream: RECEIVE bytes=52 buffers=1 pending=0
[stuck] key=7 age_ms=536.815
[msquic] stream: RECEIVE bytes=52 buffers=1 pending=0
[msquic] stream: RECEIVE bytes=52 buffers=1 pending=0
[lat] dt_ms=60.8906 cmd=down key=d
[lat] dt_ms=44.8305 cmd=up key=e
[heal] key=7 heal_ms=71.3262
[msquic] stream: RECEIVE bytes=52 buffers=1 pending=0
[lat] dt_ms=72.3671 cmd=up key=d
[msquic] stream: RECEIVE bytes=52 buffers=1 pending=0
[msquic] stream: RECEIVE bytes=52 buffers=1 pending=0
[msquic] stream: RECEIVE bytes=52 buffers=1 pending=0
[lat] dt_ms=78.5248 cmd=down key=e
[msquic] stream: RECEIVE bytes=52 buffers=1 pending=0
[msquic] stream: RECEIVE bytes=52 buffers=1 pending=0
[stuck] key=9 age_ms=571.068
[lat] dt_ms=58.1277 cmd=up key=f
[msquic] stream: RECEIVE bytes=52 buffers=1 pending=0
[stuck] key=10 age_ms=559.209
[lat] dt_ms=54.8464 cmd=down key=g
[lat] dt_ms=77.1614 cmd=down key=f
[msquic] stream: RECEIVE bytes=52 buffers=1 pending=0
[msquic] stream: RECEIVE bytes=52 buffers=1 pending=0
[heal] key=11 heal_ms=49.6203
[msquic] stream: RECEIVE bytes=52 buffers=1 pending=0
[lat] dt_ms=76.1924 cmd=up key=g
[lat] dt_ms=65.7387 cmd=down key=h
[lat] dt_ms=46.156 cmd=down key=i
[lat] dt_ms=62.1482 cmd=up key=h
[watchdog] key=12 age_ms=560.382
[lat] dt_ms=46.0318 cmd=up key=i
[lat] dt_ms=40.8406 cmd=down key=j
[msquic] stream: RECEIVE bytes=52 buffers=1 pending=0
[msquic] stream: RECEIVE bytes=52 buffers=1 pending=0
[msquic] stream: RECEIVE bytes=52 buffers=1 pending=0
[msquic] stream: RECEIVE bytes=52 buffers=1 pending=0
[lat] dt_ms=49.7971 cmd=up key=j
[heal] key=12 heal_ms=82.7849
[msquic] stream: RECEIVE bytes=52 buffers=1 pending=0
[msquic] stream: RECEIVE bytes=52 buffers=1 pending=0
[stuck] key=14 age_ms=555.116
[msquic] stream: RECEIVE bytes=52 buffers=1 pending=0
[lat] dt_ms=54.72 cmd=up key=k
[lat] dt_ms=78.414 cmd=down key=k
[heal] key=13 heal_ms=90.6017
[msquic] stream: RECEIVE bytes=52 buffers=1 pending=0
[msquic] stream: RECEIVE bytes=52 buffers=1 pending=0
[lat] dt_ms=56.7178 cmd=up key=l
[lat] dt_ms=46.1373 cmd=down key=m
[watchdog] key=16 age_ms=558.127
[lat] dt_ms=69.4802 cmd=down key=l
[lat] dt_ms=40.8926 cmd=up key=m
[msquic] stream: RECEIVE bytes=52 buffers=1 pending=0
[msquic] stream: RECEIVE bytes=52 buffers=1 pending=0
[heal] key=15 heal_ms=79.9999
[msquic] stream: RECEIVE bytes=52 buffers=1 pending=0
[msquic] stream: RECEIVE bytes=52 buffers=1 pending=0
[msquic] stream: RECEIVE bytes=52 buffers=1 pending=0
[lat] dt_ms=75.6444 cmd=down key=n
[heal] key=17 heal_ms=65.487
[heal] key=16 heal_ms=86.3939
[heal] key=18 heal_ms=613.151
[msquic] stream: RECEIVE bytes=104 buffers=1 pending=0
[lat] dt_ms=62.9901 cmd=down key=o
[lat] dt_ms=75.8303 cmd=up key=n
[heal] key=18 heal_ms=68.0399
[msquic] stream: RECEIVE bytes=52 buffers=1 pending=0
[msquic] stream: RECEIVE bytes=52 buffers=1 pending=0
[lat] dt_ms=61.7059 cmd=down key=p
[lat] dt_ms=72.5718 cmd=up key=o
[lat] dt_ms=42.7628 cmd=down key=q
[watchdog] key=20 age_ms=552.14
[heal] key=19 heal_ms=624.526
[msquic] stream: RECEIVE bytes=104 buffers=1 pending=0
[msquic] stream: RECEIVE bytes=52 buffers=1 pending=0
[lat] dt_ms=75.116 cmd=up key=p
[msquic] stream: RECEIVE bytes=52 buffers=1 pending=0
[lat] dt_ms=55.0948 cmd=down key=r
[heal] key=21 heal_ms=52.0345
[msquic] stream: RECEIVE bytes=52 buffers=1 pending=0
[lat] dt_ms=80.0555 cmd=up key=q
[lat] dt_ms=60.4765 cmd=up key=r
[lat] dt_ms=50.783 cmd=down key=s
[lat] dt_ms=41.1719 cmd=up key=s
[msquic] stream: RECEIVE bytes=52 buffers=1 pending=0
[msquic] stream: RECEIVE bytes=52 buffers=1 pending=0
[msquic] stream: RECEIVE bytes=52 buffers=1 pending=0
[lat] dt_ms=47.8344 cmd=down key=t
[watchdog] key=23 age_ms=536.92
[msquic] stream: RECEIVE bytes=52 buffers=1 pending=0
[lat] dt_ms=49.9212 cmd=down key=u
[heal] key=24 heal_ms=608.441
[msquic] stream: RECEIVE bytes=52 buffers=1 pending=0
[lat] dt_ms=62.7439 cmd=up key=t
[msquic] stream: RECEIVE bytes=52 buffers=1 pending=0
[msquic] stream: RECEIVE bytes=52 buffers=1 pending=0
[heal] key=24 heal_ms=61.8003
[msquic] stream: RECEIVE bytes=52 buffers=1 pending=0
[lat] dt_ms=66.2319 cmd=up key=u
[msquic] stream: RECEIVE bytes=52 buffers=1 pending=0
[lat] dt_ms=52.5638 cmd=up key=v
[msquic] stream: RECEIVE bytes=52 buffers=1 pending=0
[msquic] stream: RECEIVE bytes=52 buffers=1 pending=0
[stuck] key=26 age_ms=540.897
[lat] dt_ms=71.3833 cmd=down key=v
[lat] dt_ms=53.0603 cmd=down key=w
[heal] key=25 heal_ms=72.5516
[msquic] stream: RECEIVE bytes=52 buffers=2 pending=0
[msquic] stream: RECEIVE bytes=52 buffers=1 pending=0
[lat] dt_ms=54.095 cmd=up key=w
[msquic] stream: RECEIVE bytes=52 buffers=1 pending=0
[stuck] key=27 age_ms=539.204
[msquic] stream: RECEIVE bytes=52 buffers=1 pending=0
[lat] dt_ms=74.5648 cmd=down key=x
[lat] dt_ms=59.8569 cmd=down key=y
[heal] key=27 heal_ms=70.2451
[heal] key=28 heal_ms=49.3447
[msquic] stream: RECEIVE bytes=104 buffers=1 pending=0
[lat] dt_ms=72.2795 cmd=up key=x
[msquic] stream: RECEIVE bytes=52 buffers=1 pending=0
[msquic] stream: RECEIVE bytes=52 buffers=1 pending=0
[lat] dt_ms=44.1512 cmd=up key=z
[msquic] stream: RECEIVE bytes=52 buffers=1 pending=0
[lat] dt_ms=60.8415 cmd=down key=z
[lat] dt_ms=71.4614 cmd=up key=y
[msquic] stream: RECEIVE bytes=52 buffers=1 pending=0
[lat] dt_ms=51.5007 cmd=down key=ENTER
[msquic] stream: RECEIVE bytes=52 buffers=1 pending=0
[lat] dt_ms=48.4251 cmd=up key=ENTER
[msquic] stream: RECEIVE bytes=52 buffers=1 pending=0
[msquic] stream: RECEIVE bytes=52 buffers=1 pending=0
[msquic] stream: RECEIVE bytes=52 buffers=1 pending=0
[msquic] stream: RECEIVE bytes=52 buffers=1 pending=0
[msquic] stream: RECEIVE bytes=52 buffers=1 pending=0
[msquic] stream: RECEIVE bytes=52 buffers=1 pending=0
[msquic] stream: RECEIVE bytes=52 buffers=1 pending=0
[msquic] stream: RECEIVE bytes=52 buffers=1 pending=0
[msquic] stream: RECEIVE bytes=52 buffers=1 pending=0
[msquic] stream: RECEIVE bytes=52 buffers=1 pending=0
[msquic] stream: RECEIVE bytes=52 buffers=1 pending=0
[msquic] stream: RECEIVE bytes=52 buffers=1 pending=0
[msquic] stream: RECEIVE bytes=52 buffers=1 pending=0
[msquic] stream: RECEIVE bytes=52 buffers=1 pending=0
[msquic] stream: RECEIVE bytes=52 buffers=1 pending=0
[msquic] stream: RECEIVE bytes=52 buffers=1 pending=0
[msquic] stream: RECEIVE bytes=52 buffers=1 pending=0
[msquic] stream: RECEIVE bytes=52 buffers=1 pending=0
[msquic] stream: RECEIVE bytes=52 buffers=1 pending=0
[msquic] stream: RECEIVE bytes=52 buffers=1 pending=0
[msquic] stream: RECEIVE bytes=52 buffers=1 pending=0
[msquic] stream: RECEIVE bytes=52 buffers=1 pending=0
[msquic] stream: RECEIVE bytes=52 buffers=1 pending=0
[msquic] stream: RECEIVE bytes=52 buffers=1 pending=0
[msquic] stream: RECEIVE bytes=52 buffers=1 pending=0
[msquic] stream: RECEIVE bytes=52 buffers=1 pending=0
[msquic] stream: RECEIVE bytes=52 buffers=1 pending=0
[msquic] stream: RECEIVE bytes=52 buffers=1 pending=0
[msquic] stream: RECEIVE bytes=52 buffers=1 pending=0
[msquic] stream: RECEIVE bytes=52 buffers=1 pending=0
[msquic] stream: RECEIVE bytes=52 buffers=1 pending=0
[msquic] stream: RECEIVE bytes=52 buffers=1 pending=0
[msquic] stream: RECEIVE bytes=52 buffers=1 pending=0
[msquic] stream: RECEIVE bytes=52 buffers=1 pending=0
[msquic] stream: RECEIVE bytes=52 buffers=1 pending=0
[msquic] stream: RECEIVE bytes=52 buffers=1 pending=0
[msquic] stream: RECEIVE bytes=104 buffers=1 pending=0
[msquic] stream: RECEIVE bytes=52 buffers=1 pending=0
[msquic] stream: RECEIVE bytes=52 buffers=1 pending=0
[msquic] stream: RECEIVE bytes=52 buffers=1 pending=0
[msquic] stream: RECEIVE bytes=52 buffers=1 pending=0
[msquic] stream: RECEIVE bytes=52 buffers=1 pending=0
[msquic] stream: RECEIVE bytes=52 buffers=1 pending=0
[msquic] stream: RECEIVE bytes=104 buffers=1 pending=0
[msquic] stream: RECEIVE bytes=52 buffers=1 pending=0
[msquic] stream: RECEIVE bytes=52 buffers=1 pending=0
[msquic] stream: RECEIVE bytes=52 buffers=1 pending=0
[hidra] snapshot v1 mods=0x0 pressed=0
[msquic] stream: RECEIVE bytes=52 buffers=1 pending=0
[msquic] stream: RECEIVE bytes=52 buffers=1 pending=0
[msquic] stream: RECEIVE bytes=52 buffers=1 pending=0
[msquic] stream: RECEIVE bytes=52 buffers=1 pending=0
[msquic] stream: RECEIVE bytes=52 buffers=1 pending=0
[msquic] stream: RECEIVE bytes=52 buffers=1 pending=0
[msquic] stream: RECEIVE bytes=52 buffers=1 pending=0
[msquic] stream: RECEIVE bytes=52 buffers=1 pending=0
[msquic] stream: RECEIVE bytes=52 buffers=1 pending=0
[msquic] stream: RECEIVE bytes=52 buffers=1 pending=0
[msquic] stream: RECEIVE bytes=52 buffers=1 pending=0
[msquic] stream: RECEIVE bytes=52 buffers=1 pending=0
[msquic] stream: RECEIVE bytes=52 buffers=1 pending=0
[msquic] stream: RECEIVE bytes=52 buffers=1 pending=0
[msquic] stream: RECEIVE bytes=52 buffers=1 pending=0
[msquic] stream: RECEIVE bytes=52 buffers=1 pending=0
[msquic] stream: RECEIVE bytes=52 buffers=1 pending=0
[msquic] stream: RECEIVE bytes=52 buffers=1 pending=0
[msquic] stream: RECEIVE bytes=52 buffers=1 pending=0
[msquic] stream: RECEIVE bytes=52 buffers=2 pending=0
[msquic] stream: RECEIVE bytes=52 buffers=1 pending=0
[msquic] stream: RECEIVE bytes=52 buffers=1 pending=0
[msquic] stream: RECEIVE bytes=52 buffers=1 pending=0
[msquic] stream: RECEIVE bytes=52 buffers=1 pending=0
[msquic] stream: RECEIVE bytes=104 buffers=1 pending=0
[msquic] stream: RECEIVE bytes=52 buffers=1 pending=0
[msquic] stream: RECEIVE bytes=52 buffers=1 pending=0
[msquic] stream: RECEIVE bytes=52 buffers=1 pending=0
[msquic] stream: RECEIVE bytes=52 buffers=1 pending=0
[msquic] stream: RECEIVE bytes=52 buffers=1 pending=0
[msquic] stream: RECEIVE bytes=52 buffers=1 pending=0
[msquic] stream: RECEIVE bytes=52 buffers=1 pending=0
[msquic] stream: RECEIVE bytes=52 buffers=1 pending=0
[msquic] stream: RECEIVE bytes=52 buffers=1 pending=0
[msquic] stream: RECEIVE bytes=52 buffers=1 pending=0
[msquic] stream: RECEIVE bytes=52 buffers=1 pending=0
[msquic] stream: RECEIVE bytes=52 buffers=1 pending=0
[msquic] stream: RECEIVE bytes=52 buffers=1 pending=0
[msquic] stream: RECEIVE bytes=52 buffers=1 pending=0
[msquic] stream: RECEIVE bytes=52 buffers=1 pending=0
[msquic] stream: RECEIVE bytes=52 buffers=1 pending=0
[msquic] stream: RECEIVE bytes=52 buffers=1 pending=0
[msquic] stream: RECEIVE bytes=52 buffers=1 pending=0
[msquic] stream: RECEIVE bytes=52 buffers=1 pending=0
[msquic] stream: RECEIVE bytes=52 buffers=1 pending=0
[msquic] stream: RECEIVE bytes=52 buffers=1 pending=0
[msquic] stream: RECEIVE bytes=52 buffers=1 pending=0
[msquic] stream: RECEIVE bytes=52 buffers=1 pending=0
[msquic] stream: RECEIVE bytes=52 buffers=1 pending=0
[msquic] stream: RECEIVE bytes=104 buffers=1 pending=0
[msquic] stream: RECEIVE bytes=52 buffers=1 pending=0
[msquic] stream: RECEIVE bytes=52 buffers=1 pending=0
[msquic] stream: RECEIVE bytes=52 buffers=1 pending=0
[msquic] stream: RECEIVE bytes=52 buffers=1 pending=0
[msquic] stream: RECEIVE bytes=52 buffers=1 pending=0
[msquic] stream: RECEIVE bytes=104 buffers=1 pending=0
[msquic] stream: RECEIVE bytes=52 buffers=1 pending=0
[msquic] stream: RECEIVE bytes=52 buffers=1 pending=0
[msquic] stream: RECEIVE bytes=52 buffers=1 pending=0
[msquic] stream: RECEIVE bytes=52 buffers=1 pending=0
[msquic] stream: RECEIVE bytes=52 buffers=1 pending=0
[msquic] stream: RECEIVE bytes=52 buffers=1 pending=0
[msquic] stream: RECEIVE bytes=52 buffers=1 pending=0
[msquic] stream: RECEIVE bytes=52 buffers=1 pending=0
[msquic] stream: RECEIVE bytes=52 buffers=1 pending=0
[msquic] stream: RECEIVE bytes=52 buffers=1 pending=0
[msquic] stream: RECEIVE bytes=52 buffers=1 pending=0
[msquic] stream: RECEIVE bytes=52 buffers=1 pending=0
[msquic] stream: RECEIVE bytes=52 buffers=1 pending=0
[msquic] stream: RECEIVE bytes=52 buffers=1 pending=0
[msquic] stream: RECEIVE bytes=52 buffers=1 pending=0
[msquic] stream: RECEIVE bytes=52 buffers=1 pending=0
[msquic] stream: RECEIVE bytes=52 buffers=1 pending=0
[msquic] stream: RECEIVE bytes=52 buffers=1 pending=0
[msquic] stream: RECEIVE bytes=52 buffers=1 pending=0
[msquic] stream: RECEIVE bytes=52 buffers=1 pending=0
[msquic] stream: RECEIVE bytes=52 buffers=1 pending=0
[msquic] stream: RECEIVE bytes=52 buffers=1 pending=0
[msquic] stream: RECEIVE bytes=52 buffers=1 pending=0
[msquic] stream: RECEIVE bytes=52 buffers=1 pending=0
[msquic] stream: RECEIVE bytes=52 buffers=1 pending=0
[msquic] stream: RECEIVE bytes=52 buffers=1 pending=0
[msquic] stream: RECEIVE bytes=52 buffers=1 pending=0
[msquic] stream: RECEIVE bytes=52 buffers=1 pending=0
[msquic] stream: RECEIVE bytes=52 buffers=1 pending=0
[msquic] stream: RECEIVE bytes=52 buffers=1 pending=0
[msquic] stream: RECEIVE bytes=52 buffers=1 pending=0
[msquic] stream: RECEIVE bytes=52 buffers=1 pending=0
[msquic] stream: RECEIVE bytes=52 buffers=1 pending=0
[msquic] stream: RECEIVE bytes=52 buffers=1 pending=0
[msquic] stream: RECEIVE bytes=52 buffers=1 pending=0
[msquic] stream: RECEIVE bytes=52 buffers=1 pending=0
[msquic] stream: RECEIVE bytes=52 buffers=1 pending=0
[msquic] stream: RECEIVE bytes=52 buffers=1 pending=0
[msquic] stream: RECEIVE bytes=52 buffers=2 pending=0
[msquic] stream: RECEIVE bytes=52 buffers=1 pending=0
[msquic] stream: RECEIVE bytes=52 buffers=1 pending=0
[msquic] stream: RECEIVE bytes=52 buffers=1 pending=0
[msquic] stream: RECEIVE bytes=52 buffers=1 pending=0
[msquic] stream: RECEIVE bytes=52 buffers=1 pending=0
[msquic] stream: RECEIVE bytes=52 buffers=1 pending=0
[msquic] stream: RECEIVE bytes=52 buffers=1 pending=0
[msquic] stream: RECEIVE bytes=104 buffers=1 pending=0
[msquic] stream: RECEIVE bytes=104 buffers=1 pending=0
[msquic] stream: RECEIVE bytes=52 buffers=1 pending=0
[msquic] stream: RECEIVE bytes=52 buffers=1 pending=0
[msquic] stream: RECEIVE bytes=52 buffers=1 pending=0
[msquic] stream: RECEIVE bytes=52 buffers=1 pending=0
[msquic] connection: SHUTDOWN_BY_PEER error_code=0
[msquic] connection: SHUTDOWN_COMPLETE handshake_completed=0 peer_ack=0 app_close_in_progress=0
[msquic] connection: SHUTDOWN_COMPLETE handshake_completed=1 peer_ack=1 app_close_in_progress=1
[msquic] connection: CONNECTED
[msquic] connection: PEER_STREAM_STARTED
[msquic] stream: RECEIVE bytes=156 buffers=1 pending=0
[msquic] stream: RECEIVE bytes=52 buffers=1 pending=0
[msquic] stream: RECEIVE bytes=52 buffers=1 pending=0
[msquic] stream: RECEIVE bytes=52 buffers=1 pending=0
[msquic] stream: RECEIVE bytes=52 buffers=1 pending=0
[hidra] snapshot v1 mods=0x0 pressed=0
[msquic] stream: RECEIVE bytes=52 buffers=1 pending=0
[msquic] stream: RECEIVE bytes=52 buffers=1 pending=0
[msquic] stream: RECEIVE bytes=52 buffers=1 pending=0
[msquic] stream: RECEIVE bytes=52 buffers=1 pending=0
[msquic] stream: RECEIVE bytes=52 buffers=1 pending=0
[msquic] stream: RECEIVE bytes=52 buffers=1 pending=0
[msquic] stream: RECEIVE bytes=52 buffers=1 pending=0
[msquic] stream: RECEIVE bytes=52 buffers=1 pending=0
[msquic] stream: RECEIVE bytes=104 buffers=1 pending=0
[msquic] stream: RECEIVE bytes=52 buffers=1 pending=0
[msquic] stream: RECEIVE bytes=52 buffers=1 pending=0
[msquic] stream: RECEIVE bytes=52 buffers=1 pending=0
[msquic] stream: RECEIVE bytes=52 buffers=1 pending=0
[msquic] stream: RECEIVE bytes=52 buffers=1 pending=0
[msquic] stream: RECEIVE bytes=52 buffers=1 pending=0
[msquic] stream: RECEIVE bytes=52 buffers=1 pending=0
[msquic] stream: RECEIVE bytes=52 buffers=1 pending=0
[msquic] stream: RECEIVE bytes=52 buffers=1 pending=0
[msquic] stream: RECEIVE bytes=52 buffers=1 pending=0
[msquic] stream: RECEIVE bytes=52 buffers=1 pending=0
[msquic] stream: RECEIVE bytes=52 buffers=1 pending=0
[msquic] stream: RECEIVE bytes=52 buffers=1 pending=0
[msquic] stream: RECEIVE bytes=104 buffers=1 pending=0
[msquic] stream: RECEIVE bytes=52 buffers=1 pending=0
[msquic] stream: RECEIVE bytes=52 buffers=1 pending=0
[msquic] stream: RECEIVE bytes=52 buffers=1 pending=0
[msquic] stream: RECEIVE bytes=52 buffers=1 pending=0
[msquic] stream: RECEIVE bytes=104 buffers=1 pending=0
[msquic] connection: SHUTDOWN_BY_PEER error_code=0
[msquic] connection: SHUTDOWN_COMPLETE handshake_completed=0 peer_ack=0 app_close_in_progress=0
[msquic] connection: SHUTDOWN_COMPLETE handshake_completed=1 peer_ack=1 app_close_in_progress=1
