[hidra] daemon starting
  udp edges : 0.0.0.0:4444
  hid socket: /run/user/1000/hidra.kbd (QEMU should be server=on)
  watchdog  : 200 ms
  deadline  : 100 ms
  stuck(ms) : 300 ms
[hidra] msquic snapshot listener on :4445 (ALPN hidra-snp)
[hidra] msquic edge listener on :4446 (ALPN hidra-edg)
[msquic] connection: CONNECTED
[msquic] connection: PEER_STREAM_STARTED
[hidra] snapshot v1 mods=0x0 pressed=1
[hidra] Connected to HID socket: /run/user/1000/hidra.kbd
[msquic] stream: RECEIVE bytes=52 buffers=1 pending=0
[lat] dt_ms=56.4788 cmd=down key=a
[hidra] progress: rx=1 emits=2 quic_snapshots=1 socket=connected
[lat] dt_ms=46.474 cmd=up key=a
[msquic] stream: RECEIVE bytes=52 buffers=1 pending=0
[msquic] stream: RECEIVE bytes=52 buffers=1 pending=0
[lat] dt_ms=49.4825 cmd=up key=b
[msquic] stream: RECEIVE bytes=52 buffers=1 pending=0
[lat] dt_ms=61.8213 cmd=down key=b
[lat] dt_ms=62.4854 cmd=up key=c
[heal] key=5 heal_ms=84.1113
[msquic] stream: RECEIVE bytes=52 buffers=1 pending=0
[lat] dt_ms=54.4301 cmd=down key=d
[lat] dt_ms=77.0885 cmd=down key=c
[msquic] stream: RECEIVE bytes=52 buffers=1 pending=0
[msquic] stream: RECEIVE bytes=52 buffers=1 pending=0
[msquic] stream: RECEIVE bytes=52 buffers=1 pending=0
[msquic] stream: RECEIVE bytes=52 buffers=1 pending=0
[lat] dt_ms=47.9658 cmd=down key=f
[lat] dt_ms=58.2522 cmd=up key=e
[lat] dt_ms=80.3283 cmd=up key=d
[lat] dt_ms=77.8031 cmd=down key=e
[heal] key=9 heal_ms=54.7953
[msquic] stream: RECEIVE bytes=52 buffers=1 pending=0
[msquic] stream: RECEIVE bytes=52 buffers=1 pending=0
[msquic] stream: RECEIVE bytes=52 buffers=1 pending=0
[msquic] stream: RECEIVE bytes=52 buffers=1 pending=0
[lat] dt_ms=65.7164 cmd=up key=f
[msquic] stream: RECEIVE bytes=52 buffers=1 pending=0
[heal] key=10 heal_ms=55.1762
[msquic] stream: RECEIVE bytes=52 buffers=1 pending=0
[lat] dt_ms=60.2672 cmd=up key=g
[lat] dt_ms=75.8894 cmd=down key=g
[msquic] stream: RECEIVE bytes=52 buffers=1 pending=0
[lat] dt_ms=50.8556 cmd=up key=h
[lat] dt_ms=68.5111 cmd=down key=h
[msquic] stream: RECEIVE bytes=52 buffers=1 pending=0
[lat] dt_ms=42.1172 cmd=up key=i
[msquic] stream: RECEIVE bytes=52 buffers=1 pending=0
[lat] dt_ms=60.6156 cmd=down key=i
[msquic] stream: RECEIVE bytes=52 buffers=1 pending=0
[lat] dt_ms=66.6439 cmd=down key=j
[lat] dt_ms=56.329 cmd=up key=j
[heal] key=12 heal_ms=81.6343
[msquic] stream: RECEIVE bytes=52 buffers=1 pending=0
[msquic] stream: RECEIVE bytes=52 buffers=1 pending=0
[msquic] stream: RECEIVE bytes=52 buffers=1 pending=0
[lat] dt_ms=60.5328 cmd=up key=k
[lat] dt_ms=73.137 cmd=down key=k
[msquic] stream: RECEIVE bytes=52 buffers=1 pending=0
[msquic] stream: RECEIVE bytes=52 buffers=1 pending=0
[heal] key=15 heal_ms=52.5928
[msquic] stream: RECEIVE bytes=52 buffers=1 pending=0
[lat] dt_ms=66.0408 cmd=down key=l
[lat] dt_ms=56.7961 cmd=up key=l
[lat] dt_ms=44.5685 cmd=down key=n
[lat] dt_ms=66.9077 cmd=down key=m
[msquic] stream: RECEIVE bytes=52 buffers=1 pending=0
[lat] dt_ms=64.3029 cmd=up key=m
[msquic] stream: RECEIVE bytes=52 buffers=1 pending=0
[msquic] stream: RECEIVE bytes=52 buffers=1 pending=0
[msquic] stream: RECEIVE bytes=52 buffers=1 pending=0
[lat] dt_ms=55.4038 cmd=up key=n
[msquic] stream: RECEIVE bytes=52 buffers=1 pending=0
[msquic] stream: RECEIVE bytes=52 buffers=1 pending=0
[lat] dt_ms=60.5253 cmd=down key=o
[msquic] stream: RECEIVE bytes=52 buffers=1 pending=0
[heal] key=17 heal_ms=90.8527
[msquic] stream: RECEIVE bytes=52 buffers=1 pending=0
[lat] dt_ms=72.076 cmd=up key=o
[msquic] stream: RECEIVE bytes=52 buffers=1 pending=0
[lat] dt_ms=72.4212 cmd=down key=p
[lat] dt_ms=43.7813 cmd=up key=q
[heal] key=19 heal_ms=66.561
[msquic] stream: RECEIVE bytes=52 buffers=1 pending=0
[lat] dt_ms=63.3578 cmd=down key=q
[msquic] stream: RECEIVE bytes=52 buffers=1 pending=0
[lat] dt_ms=76.1529 cmd=up key=p
[lat] dt_ms=57.6183 cmd=down key=r
[msquic] stream: RECEIVE bytes=52 buffers=1 pending=0
[msquic] stream: RECEIVE bytes=52 buffers=1 pending=0
[heal] key=21 heal_ms=50.8002
[msquic] stream: RECEIVE bytes=52 buffers=1 pending=0
[lat] dt_ms=64.3675 cmd=up key=r
[msquic] stream: RECEIVE bytes=52 buffers=1 pending=0
[lat] dt_ms=63.7287 cmd=up key=s
[lat] dt_ms=79.271 cmd=down key=s
[lat] dt_ms=61.3204 cmd=down key=t
[lat] dt_ms=50.9507 cmd=up key=t
[msquic] stream: RECEIVE bytes=52 buffers=1 pending=0
[msquic] stream: RECEIVE bytes=52 buffers=1 pending=0
[msquic] stream: RECEIVE bytes=52 buffers=1 pending=0
[lat] dt_ms=46.922 cmd=up key=u
[msquic] stream: RECEIVE bytes=52 buffers=1 pending=0
[lat] dt_ms=68.4375 cmd=down key=u
[heal] key=23 heal_ms=80.5697
[msquic] stream: RECEIVE bytes=52 buffers=1 pending=0
[lat] dt_ms=51.497 cmd=down key=v
[msquic] stream: RECEIVE bytes=52 buffers=1 pending=0
[msquic] stream: RECEIVE bytes=52 buffers=1 pending=0
[msquic] stream: RECEIVE bytes=52 buffers=1 pending=0
[msquic] stream: RECEIVE bytes=52 buffers=1 pending=0
[lat] dt_ms=72.647 cmd=up key=v
[msquic] stream: RECEIVE bytes=52 buffers=1 pending=0
[lat] dt_ms=45.4789 cmd=down key=x
[msquic] stream: RECEIVE bytes=52 buffers=1 pending=0
[lat] dt_ms=74.1382 cmd=down key=w
[lat] dt_ms=66.7012 cmd=up key=w
[msquic] stream: RECEIVE bytes=52 buffers=1 pending=0
[lat] dt_ms=58.785 cmd=up key=x
[msquic] stream: RECEIVE bytes=52 buffers=1 pending=0
[lat] dt_ms=63.1438 cmd=down key=y
[heal] key=28 heal_ms=57.7727
[msquic] stream: RECEIVE bytes=52 buffers=1 pending=0
[lat] dt_ms=59.8452 cmd=up key=y
[msquic] stream: RECEIVE bytes=52 buffers=1 pending=0
[msquic] stream: RECEIVE bytes=52 buffers=1 pending=0
[msquic] stream: RECEIVE bytes=52 buffers=1 pending=0
[lat] dt_ms=50.2809 cmd=up key=z
[lat] dt_ms=45.2096 cmd=down key=ENTER
[lat] dt_ms=71.3146 cmd=down key=z
[heal] key=29 heal_ms=69.0121
[msquic] stream: RECEIVE bytes=52 buffers=1 pending=0
[msquic] stream: RECEIVE bytes=52 buffers=1 pending=0
[lat] dt_ms=52.767 cmd=up key=ENTER
[msquic] stream: RECEIVE bytes=52 buffers=1 pending=0
[msquic] stream: RECEIVE bytes=52 buffers=1 pending=0
[stuck] key=4 age_ms=562.44
[lat] dt_ms=53.4977 cmd=up key=a
[msquic] stream: RECEIVE bytes=52 buffers=1 pending=0
[lat] dt_ms=76.4102 cmd=down key=a
[heal] key=4 heal_ms=79.9793
[msquic] stream: RECEIVE bytes=52 buffers=1 pending=0
[lat] dt_ms=75.5706 cmd=down key=b
[lat] dt_ms=66.2519 cmd=up key=b
[msquic] stream: RECEIVE bytes=52 buffers=1 pending=0
[heal] key=5 heal_ms=77.0057
[msquic] stream: RECEIVE bytes=104 buffers=1 pending=0
[lat] dt_ms=59.8284 cmd=up key=c
[lat] dt_ms=74.6608 cmd=down key=c
[msquic] stream: RECEIVE bytes=52 buffers=1 pending=0
[heal] key=6 heal_ms=69.4786
[msquic] stream: RECEIVE bytes=52 buffers=1 pending=0
[lat] dt_ms=52.1478 cmd=up key=d
[msquic] stream: RECEIVE bytes=52 buffers=1 pending=0
[lat] dt_ms=44.2607 cmd=down key=e
[watchdog] key=8 age_ms=561.249
[lat] dt_ms=77.0985 cmd=down key=d
[heal] key=7 heal_ms=69.9587
[msquic] stream: RECEIVE bytes=52 buffers=1 pending=0
[lat] dt_ms=61.9472 cmd=up key=e
[msquic] stream: RECEIVE bytes=52 buffers=1 pending=0
[lat] dt_ms=40.5125 cmd=down key=g
[lat] dt_ms=56.7344 cmd=up key=f
[watchdog] key=10 age_ms=555.048
[lat] dt_ms=73.357 cmd=down key=f
[msquic] stream: RECEIVE bytes=52 buffers=1 pending=0
[lat] dt_ms=42.8326 cmd=up key=g
[heal] key=9 heal_ms=70.2856
[msquic] stream: RECEIVE bytes=104 buffers=1 pending=0
[lat] dt_ms=48.0952 cmd=down key=h
[watchdog] key=11 age_ms=579.76
[msquic] stream: RECEIVE bytes=52 buffers=1 pending=0
[msquic] stream: RECEIVE bytes=52 buffers=1 pending=0
[msquic] stream: RECEIVE bytes=52 buffers=1 pending=0
[lat] dt_ms=64.9306 cmd=up key=h
[stuck] key=12 age_ms=563.223
[heal] key=12 heal_ms=49.6005
[msquic] stream: RECEIVE bytes=52 buffers=1 pending=0
[lat] dt_ms=62.272 cmd=down key=i
[msquic] stream: RECEIVE bytes=52 buffers=2 pending=0
[msquic] stream: RECEIVE bytes=52 buffers=1 pending=0
[lat] dt_ms=60.4131 cmd=up key=i
[lat] dt_ms=51.9656 cmd=down key=j
[watchdog] key=13 age_ms=551.374
[lat] dt_ms=55.0115 cmd=up key=j
[heal] key=14 heal_ms=611.708
[msquic] stream: RECEIVE bytes=104 buffers=1 pending=0
[lat] dt_ms=45.1571 cmd=up key=k
[msquic] stream: RECEIVE bytes=52 buffers=1 pending=0
[lat] dt_ms=70.3975 cmd=down key=k
[heal] key=14 heal_ms=73.1141
[msquic] stream: RECEIVE bytes=52 buffers=1 pending=0
[stuck] key=15 age_ms=563.494
[lat] dt_ms=63.3508 cmd=down key=l
[msquic] stream: RECEIVE bytes=52 buffers=1 pending=0
[lat] dt_ms=43.7547 cmd=down key=m
[lat] dt_ms=61.0745 cmd=up key=l
[watchdog] key=16 age_ms=533.122
[msquic] stream: RECEIVE bytes=52 buffers=1 pending=0
[msquic] stream: RECEIVE bytes=52 buffers=1 pending=0
[lat] dt_ms=60.5445 cmd=up key=m
[msquic] stream: RECEIVE bytes=52 buffers=1 pending=0
[lat] dt_ms=61.4411 cmd=down key=n
[msquic] stream: RECEIVE bytes=52 buffers=1 pending=0
[heal] key=17 heal_ms=65.0457
[msquic] stream: RECEIVE bytes=52 buffers=1 pending=0
[msquic] stream: RECEIVE bytes=52 buffers=1 pending=0
[stuck] key=18 age_ms=545.751
[lat] dt_ms=40.8041 cmd=down key=p
[msquic] stream: RECEIVE bytes=52 buffers=1 pending=0
[lat] dt_ms=76.5699 cmd=up key=n
[lat] dt_ms=76.6706 cmd=down key=o
[heal] key=18 heal_ms=71.2933
[msquic] stream: RECEIVE bytes=104 buffers=1 pending=0
[lat] dt_ms=73.5385 cmd=up key=o
[msquic] stream: RECEIVE bytes=52 buffers=1 pending=0
[heal] key=19 heal_ms=71.2049
[msquic] stream: RECEIVE bytes=52 buffers=1 pending=0
[lat] dt_ms=73.4999 cmd=up key=p
[msquic] stream: RECEIVE bytes=52 buffers=1 pending=0
[stuck] key=20 age_ms=573.96
[lat] dt_ms=62.8527 cmd=up key=q
[msquic] stream: RECEIVE bytes=52 buffers=1 pending=0
[msquic] stream: RECEIVE bytes=52 buffers=1 pending=0
[stuck] key=21 age_ms=551.44
[lat] dt_ms=58.8758 cmd=down key=r
[lat] dt_ms=80.1435 cmd=down key=q
[lat] dt_ms=59.7356 cmd=up key=r
[msquic] stream: RECEIVE bytes=52 buffers=1 pending=0
[stuck] key=22 age_ms=546.037
[heal] key=22 heal_ms=56.9391
[msquic] stream: RECEIVE bytes=52 buffers=1 pending=0
[lat] dt_ms=68.1821 cmd=down key=s
[msquic] stream: RECEIVE bytes=52 buffers=1 pending=0
[lat] dt_ms=69.5905 cmd=up key=s
[lat] dt_ms=68.2387 cmd=down key=t
[msquic] stream: RECEIVE bytes=52 buffers=1 pending=0
[msquic] stream: RECEIVE bytes=52 buffers=1 pending=0
[stuck] key=24 age_ms=554.736
[msquic] stream: RECEIVE bytes=52 buffers=1 pending=0
[lat] dt_ms=63.8895 cmd=down key=u
[lat] dt_ms=76.8172 cmd=up key=t
[msquic] stream: RECEIVE bytes=52 buffers=1 pending=0
[stuck] key=25 age_ms=538.95
[lat] dt_ms=56.8408 cmd=down key=v
[lat] dt_ms=70.5285 cmd=up key=u
[lat] dt_ms=52.2614 cmd=up key=v
[lat] dt_ms=46.147 cmd=down key=w
[msquic] stream: RECEIVE bytes=52 buffers=1 pending=0
[msquic] stream: RECEIVE bytes=52 buffers=1 pending=0
[lat] dt_ms=50.5403 cmd=up key=w
[msquic] stream: RECEIVE bytes=52 buffers=1 pending=0
[msquic] stream: RECEIVE bytes=52 buffers=1 pending=0
[msquic] stream: RECEIVE bytes=52 buffers=1 pending=0
[lat] dt_ms=[heal] key=27 heal_ms=60.5156
71.2123 cmd=down key=x
[msquic] stream: RECEIVE bytes=52 buffers=1 pending=0
[msquic] stream: RECEIVE bytes=52 buffers=1 pending=0
[lat] dt_ms=65.0018 cmd=up key=x
[lat] dt_ms=64.8958 cmd=down key=y
[msquic] stream: RECEIVE bytes=52 buffers=1 pending=0
[lat] dt_ms=59.9648 cmd=up key=y
[stuck] key=29 age_ms=547.145
[msquic] stream: RECEIVE bytes=52 buffers=1 pending=0
[heal] key=28 heal_ms=71.454
[msquic] stream: RECEIVE bytes=52 buffers=1 pending=0
[lat] dt_ms=74.2384 cmd=down key=z
[lat] dt_ms=71.129 cmd=up key=z
[msquic] stream: RECEIVE bytes=52 buffers=1 pending=0
[msquic] stream: RECEIVE bytes=52 buffers=1 pending=0
[heal] key=40 heal_ms=54.4023
[msquic] stream: RECEIVE bytes=52 buffers=1 pending=0
[lat] dt_ms=70.0946 cmd=down key=ENTER
[lat] dt_ms=50.2942 cmd=down key=a
[lat] dt_ms=63.8205 cmd=up key=ENTER
[heal] key=29 heal_ms=85.2421
[msquic] stream: RECEIVE bytes=52 buffers=1 pending=0
[lat] dt_ms=46.3537 cmd=up key=a
[lat] dt_ms=43.9317 cmd=down key=b
[watchdog] key=5 age_ms=535.951
[hidra] snapshot v1 mods=0x0 pressed=1
[msquic] stream: RECEIVE bytes=52 buffers=1 pending=0
[msquic] stream: RECEIVE bytes=52 buffers=1 pending=0
[lat] dt_ms=47.4271 cmd=down key=c
[msquic] stream: RECEIVE bytes=52 buffers=1 pending=0
[msquic] stream: RECEIVE bytes=52 buffers=1 pending=0
[msquic] stream: RECEIVE bytes=52 buffers=1 pending=0
[lat] dt_ms=79.6014 cmd=up key=b
[msquic] stream: RECEIVE bytes=52 buffers=1 pending=0
[stuck] key=7 age_ms=547.173
[lat] dt_ms=71.3743 cmd=up key=c
[lat] dt_ms=51.4786 cmd=up key=d
[msquic] stream: RECEIVE bytes=52 buffers=1 pending=0
[lat] dt_ms=73.1321 cmd=down key=d
[lat] dt_ms=54.3298 cmd=down key=e
[watchdog] key=8 age_ms=550.658
[heal] key=7 heal_ms=72.2859
[msquic] stream: RECEIVE bytes=52 buffers=1 pending=0
[msquic] stream: RECEIVE bytes=52 buffers=1 pending=0
[lat] dt_ms=66.8533 cmd=up key=e
[lat] dt_ms=58.4172 cmd=down key=f
[watchdog] key=9 age_ms=551.573
[msquic] stream: RECEIVE bytes=52 buffers=1 pending=0
[msquic] stream: RECEIVE bytes=52 buffers=1 pending=0
[msquic] stream: RECEIVE bytes=52 buffers=1 pending=0
[lat] dt_ms=61.1428 cmd=down key=g
[lat] dt_ms=77.0718 cmd=up key=f
[heal] key=10 heal_ms=623.09
[msquic] stream: RECEIVE bytes=52 buffers=1 pending=0
[msquic] stream: RECEIVE bytes=52 buffers=1 pending=0
[msquic] stream: RECEIVE bytes=52 buffers=1 pending=0
[lat] dt_ms=53.0753 cmd=down key=h
[lat] dt_ms=42.9241 cmd=up key=h
[lat] dt_ms=67.9582 cmd=up key=g
[msquic] stream: RECEIVE bytes=52 buffers=1 pending=0
[lat] dt_ms=44.2769 cmd=up key=i
[msquic] stream: RECEIVE bytes=52 buffers=1 pending=0
[msquic] stream: RECEIVE bytes=52 buffers=1 pending=0
[lat] dt_ms=70.0405 cmd=down key=i
[heal] key=11 heal_ms=80.42
[msquic] stream: RECEIVE bytes=52 buffers=1 pending=0
[heal] key=12 heal_ms=70.6298
[msquic] stream: RECEIVE bytes=52 buffers=1 pending=0
[msquic] stream: RECEIVE bytes=52 buffers=1 pending=0
[stuck] key=13 age_ms=573.444
[lat] dt_ms=71.5359 cmd=down key=j
[lat] dt_ms=52.4791 cmd=down key=k
[lat] dt_ms=65.8946 cmd=up key=j
[watchdog] key=14 age_ms=573.246
[lat] dt_ms=50.587 cmd=up key=k
[lat] dt_ms=46.9864 cmd=down key=l
[watchdog] key=15 age_ms=553.196
[msquic] stream: RECEIVE bytes=52 buffers=1 pending=0
[msquic] stream: RECEIVE bytes=52 buffers=1 pending=0
[lat] dt_ms=48.1359 cmd=up key=l
[msquic] stream: RECEIVE bytes=52 buffers=1 pending=0
[msquic] stream: RECEIVE bytes=52 buffers=1 pending=0
[msquic] stream: RECEIVE bytes=52 buffers=1 pending=0
[msquic] stream: RECEIVE bytes=52 buffers=1 pending=0
[lat] dt_ms=70.2541 cmd=down key=m
[lat] dt_ms=52.286 cmd=down key=n
[watchdog] key=17 age_ms=561.62
[watchdog] key=16 age_ms=569.972
[msquic] stream: RECEIVE bytes=52 buffers=1 pending=0
[lat] dt_ms=79.2329 cmd=up key=m
[msquic] stream: RECEIVE bytes=52 buffers=1 pending=0
[msquic] stream: RECEIVE bytes=52 buffers=1 pending=0
[msquic] stream: RECEIVE bytes=52 buffers=1 pending=0
[heal] key=17 heal_ms=69.3713
[msquic] stream: RECEIVE bytes=52 buffers=1 pending=0
[lat] dt_ms=73.4539 cmd=up key=n
[lat] dt_ms=65.8985 cmd=down key=o
[watchdog] key=18 age_ms=552.977
[msquic] stream: RECEIVE bytes=52 buffers=1 pending=0
[lat] dt_ms=62.8967 cmd=up key=o
[stuck] key=19 age_ms=539.967
[msquic] stream: RECEIVE bytes=52 buffers=1 pending=0
[lat] dt_ms=55.5165 cmd=up key=p
[lat] dt_ms=68.2104 cmd=down key=p
[msquic] stream: RECEIVE bytes=52 buffers=1 pending=0
[msquic] stream: RECEIVE bytes=104 buffers=1 pending=0
[lat] dt_ms=58.6623 cmd=up key=q
[msquic] stream: RECEIVE bytes=52 buffers=2 pending=0
[heal] key=20 heal_ms=73.5622
[msquic] stream: RECEIVE bytes=52 buffers=1 pending=0
[lat] dt_ms=56.3973 cmd=up key=r
[lat] dt_ms=48.3131 cmd=down key=s
[watchdog] key=22 age_ms=564.743
[lat] dt_ms=78.4317 cmd=down key=r
[msquic] stream: RECEIVE bytes=52 buffers=1 pending=0
[msquic] stream: RECEIVE bytes=52 buffers=1 pending=0
[lat] dt_ms=49.1806 cmd=up key=s
[msquic] stream: RECEIVE bytes=52 buffers=1 pending=0
[msquic] stream: RECEIVE bytes=52 buffers=1 pending=0
[lat] dt_ms=54.531 cmd=up key=t
[heal] key=22 heal_ms=75.2219
[msquic] stream: RECEIVE bytes=52 buffers=1 pending=0
[lat] dt_ms=75.4463 cmd=down key=t
[msquic] stream: RECEIVE bytes=52 buffers=1 pending=0
[heal] key=23 heal_ms=78.5079
[msquic] stream: RECEIVE bytes=52 buffers=1 pending=0
[lat] dt_ms=48.1167 cmd=down key=v
[watchdog] key=25 age_ms=572.392
[msquic] stream: RECEIVE bytes=52 buffers=1 pending=0
[lat] dt_ms=67.0364 cmd=up key=u
[msquic] stream: RECEIVE bytes=52 buffers=1 pending=0
[heal] key=25 heal_ms=71.8581
[msquic] stream: RECEIVE bytes=52 buffers=1 pending=0
[lat] dt_ms=63.7457 cmd=down key=[msquic] stream: RECEIVE bytes=52 buffers=1 pending=0w

[heal] key=26 heal_ms=56.5746
[msquic] stream: RECEIVE bytes=52 buffers=1 pending=0
[lat] dt_ms=78.4862 cmd=up key=v
[stuck] key=27 age_ms=541.254
[msquic] stream: RECEIVE bytes=52 buffers=1 pending=0
[lat] dt_ms=68.1422 cmd=up key=w
[lat] dt_ms=62.9895 cmd=down key=x
[heal] key=27 heal_ms=53.601
[msquic] stream: RECEIVE bytes=52 buffers=1 pending=0
[msquic] stream: RECEIVE bytes=52 buffers=1 pending=0
[lat] dt_ms=46.6786 cmd=up key=y
[lat] dt_ms=57.9115 cmd=down key=y
[watchdog] key=28 age_ms=547.415
[lat] dt_ms=73.3663 cmd=up key=x
[msquic] stream: RECEIVE bytes=52 buffers=1 pending=0
[heal] key=28 heal_ms=75.5037
[msquic] stream: RECEIVE bytes=52 buffers=1 pending=0
[heal] key=29 heal_ms=55.4489
[msquic] stream: RECEIVE bytes=52 buffers=1 pending=0
[stuck] key=40 age_ms=538.93
[lat] dt_ms=62.5937 cmd=up key=z
[lat] dt_ms=75.4313 cmd=down key=z
[msquic] stream: RECEIVE bytes=52 buffers=1 pending=0
[msquic] stream: RECEIVE bytes=52 buffers=1 pending=0
[lat] dt_ms=45.9528 cmd=down key=a
[lat] dt_ms=75.0252 cmd=down key=ENTER
[watchdog] key=4 age_ms=1138.84
[lat] dt_ms=66.5533 cmd=up key=ENTER
[lat] dt_ms=48.0186 cmd=up key=a
[msquic] stream: RECEIVE bytes=52 buffers=1 pending=0
[heal] key=4 heal_ms=58.6192
[msquic] stream: RECEIVE bytes=52 buffers=1 pending=0
[msquic] stream: RECEIVE bytes=52 buffers=1 pending=0
[msquic] stream: RECEIVE bytes=52 buffers=1 pending=0
[msquic] stream: RECEIVE bytes=52 buffers=1 pending=0
[stuck] key=5 age_ms=541.871
[lat] dt_ms=49.3728 cmd=down key=c
[lat] dt_ms=61.0143 cmd=up key=b
[watchdog] key=6 age_ms=558.021
[msquic] stream: RECEIVE bytes=52 buffers=1 pending=0
[msquic] stream: RECEIVE bytes=52 buffers=1 pending=0
[msquic] stream: RECEIVE bytes=52 buffers=1 pending=0
[stuck] key=7 age_ms=546.856
[lat] dt_ms=54.8825 cmd=down key=d
[msquic] stream: RECEIVE bytes=52 buffers=1 pending=0
[msquic] stream: RECEIVE bytes=52 buffers=1 pending=0
[lat] dt_ms=78.9705 cmd=up key=c
[msquic] stream: RECEIVE bytes=52 buffers=1 pending=0
[stuck] key=8 age_ms=542.026
[msquic] stream: RECEIVE bytes=52 buffers=1 pending=0
[lat] dt_ms=68.2555 cmd=up key=d
[msquic] stream: RECEIVE bytes=52 buffers=1 pending=0
[lat] dt_ms=53.8068 cmd=up key=e
[lat] dt_ms=68.518 cmd=down key=e
[lat] dt_ms=59.1037 cmd=down key=f
[watchdog] key=9 age_ms=541.101
[heal] key=8 heal_ms=76.4938
[msquic] stream: RECEIVE bytes=52 buffers=1 pending=0
[msquic] stream: RECEIVE bytes=52 buffers=1 pending=0
[msquic] stream: RECEIVE bytes=52 buffers=1 pending=0
[lat] dt_ms=75.3706 cmd=up key=f
[msquic] stream: RECEIVE bytes=52 buffers=1 pending=0
[lat] dt_ms=68.5489 cmd=down key=g
[lat] dt_ms=60.6325 cmd=down key=h
[heal] key=11 heal_ms=51.2808
[heal] key=10 heal_ms=72.2232
[msquic] stream: RECEIVE bytes=104 buffers=1 pending=0
[msquic] stream: RECEIVE bytes=52 buffers=1 pending=0
[lat] dt_ms=75.5794 cmd=up key=g
[lat] dt_ms=57.7489 cmd=up key=h
[lat] dt_ms=41.9872 cmd=down key=j
[watchdog] key=13 age_ms=544.452
[heal] key=12 heal_ms=61.9507
[msquic] stream: RECEIVE bytes=104 buffers=1 pending=0
[msquic] stream: RECEIVE bytes=52 buffers=1 pending=0
[lat] dt_ms=77.8162 cmd=down key=i
[lat] dt_ms=50.3857 cmd=up key=j
[msquic] stream: RECEIVE bytes=52 buffers=1 pending=0
[msquic] stream: RECEIVE bytes=52 buffers=1 pending=0
[msquic] stream: RECEIVE bytes=52 buffers=1 pending=0
[msquic] stream: RECEIVE bytes=52 buffers=1 pending=0
[stuck] key=14 age_ms=571.974
[lat] dt_ms=73.5087 cmd=down key=k
[lat] dt_ms=48.5009 cmd=up key=l
[lat] dt_ms=62.0098 cmd=down key=l
[lat] dt_ms=40.841 cmd=down key=m
[watchdog] key=16 age_ms=530.454
[watchdog] key=15 age_ms=563.604
[lat] dt_ms=78.4921 cmd=up key=k
[msquic] stream: RECEIVE bytes=52 buffers=1 pending=0
[lat] dt_ms=53.3816 cmd=up key=m
[heal] key=15 heal_ms=77.5776
[msquic] stream: RECEIVE bytes=52 buffers=1 pending=0
[msquic] stream: RECEIVE bytes=104 buffers=1 pending=0
[lat] dt_ms=72.483 cmd=down key=n
[watchdog] key=17 age_ms=561.971
[heal] key=16 heal_ms=85.6758
[msquic] stream: RECEIVE bytes=52 buffers=1 pending=0
[msquic] stream: RECEIVE bytes=52 buffers=1 pending=0
[msquic] stream: RECEIVE bytes=52 buffers=1 pending=0
[msquic] stream: RECEIVE bytes=52 buffers=1 pending=0
[hidra] progress: rx=281 emits=399 quic_snapshots=214 socket=connected
[lat] dt_ms=78.6045 cmd=up key=n
[lat] dt_ms=47.6402 cmd=down key=p
[heal] key=19 heal_ms=602.726
[msquic] stream: RECEIVE bytes=52 buffers=1 pending=0
[lat] dt_ms=59.3428 cmd=up key=o
[lat] dt_ms=71.7281 cmd=down key=o
[msquic] stream: RECEIVE bytes=52 buffers=1 pending=0
[lat] dt_ms=48.6311 cmd=up key=p
[msquic] stream: RECEIVE bytes=52 buffers=1 pending=0
[lat] dt_ms=47.9369 cmd=down key=q
[watchdog] key=20 age_ms=539.355
[msquic] stream: RECEIVE bytes=104 buffers=1 pending=0
[lat] dt_ms=59.3042 cmd=up key=q
[msquic] stream: RECEIVE bytes=52 buffers=1 pending=0
[stuck] key=21 age_ms=538.586
[lat] dt_ms=53.7801 cmd=down key=r
[msquic] stream: RECEIVE bytes=52 buffers=1 pending=0
[heal] key=21 heal_ms=61.4623
[msquic] stream: RECEIVE bytes=52 buffers=1 pending=0
[heal] key=22 heal_ms=46.9496
[msquic] stream: RECEIVE bytes=52 buffers=1 pending=0
[msquic] stream: RECEIVE bytes=52 buffers=1 pending=0
[lat] dt_ms=65.0402 cmd=down key=s
[lat] dt_ms=48.2807 cmd=down key=t
[lat] dt_ms=79.5098 cmd=up key=r
[watchdog] key=23 age_ms=534.752
[lat] dt_ms=41.9146 cmd=up key=t
[lat] dt_ms=68.9521 cmd=up key=s
[msquic] stream: RECEIVE bytes=52 buffers=1 pending=0
[lat] dt_ms=43.0929 cmd=down key=u
[watchdog] key=24 age_ms=538.142
[msquic] stream: RECEIVE bytes=52 buffers=1 pending=0
[lat] dt_ms=55.3724 cmd=up key=u
[heal] key=23 heal_ms=81.4709
[msquic] stream: RECEIVE bytes=52 buffers=1 pending=0
[lat] dt_ms=45.7659 cmd=up key=v
[msquic] stream: RECEIVE bytes=104 buffers=1 pending=0
[lat] dt_ms=62.6846 cmd=down key=v
[heal] key=24 heal_ms=74.4107
[msquic] stream: RECEIVE bytes=52 buffers=1 pending=0
[msquic] stream: RECEIVE bytes=52 buffers=1 pending=0
[lat] dt_ms=44.2723 cmd=up key=w
[msquic] stream: RECEIVE bytes=52 buffers=1 pending=0
[msquic] stream: RECEIVE bytes=52 buffers=1 pending=0
[lat] dt_ms=63.2276 cmd=down key=w
[lat] dt_ms=53.8026 cmd=down key=x
[watchdog] key=27 age_ms=575.999
[heal] key=26 heal_ms=67.586
[msquic] stream: RECEIVE bytes=52 buffers=1 pending=0
[msquic] stream: RECEIVE bytes=52 buffers=1 pending=0
[msquic] stream: RECEIVE bytes=52 buffers=1 pending=0
[stuck] key=28 age_ms=563.567
[heal] key=28 heal_ms=51.5832
[msquic] stream: RECEIVE bytes=52 buffers=2 pending=0
[lat] dt_ms=54.8605 cmd=up key=y
[lat] dt_ms=79.188 cmd=up key=x
[msquic] stream: RECEIVE bytes=52 buffers=1 pending=0
[msquic] stream: RECEIVE bytes=52 buffers=1 pending=0
[lat] dt_ms=57.0386 cmd=down key=z
[msquic] stream: RECEIVE bytes=52 buffers=1 pending=0
[hidra] snapshot v1 mods=0x0 pressed=1
[msquic] stream: RECEIVE bytes=52 buffers=1 pending=0
[stuck] key=40 age_ms=552.553
[heal] key=40 heal_ms=57.6508
[msquic] stream: RECEIVE bytes=52 buffers=1 pending=0
[stuck] key=4 age_ms=560.566
[msquic] stream: RECEIVE bytes=52 buffers=1 pending=0
[lat] dt_ms=46.175 cmd=up key=a
[lat] dt_ms=80.0313 cmd=down key=ENTER
[msquic] stream: RECEIVE bytes=52 buffers=1 pending=0
[lat] dt_ms=79.6445 cmd=up key=ENTER
[lat] dt_ms=71.2222 cmd=down key=a
[lat] dt_ms=51.2196 cmd=down key=b
[lat] dt_ms=40.9426 cmd=up key=b
[heal] key=4 heal_ms=64.0931
[msquic] stream: RECEIVE bytes=52 buffers=1 pending=0
[lat] dt_ms=42.3632 cmd=down key=c
[msquic] stream: RECEIVE bytes=52 buffers=1 pending=0
[heal] key=5 heal_ms=61.9775
[msquic] stream: RECEIVE bytes=52 buffers=1 pending=0
[msquic] stream: RECEIVE bytes=52 buffers=1 pending=0
[lat] dt_ms=42.8907 cmd=down key=d
[watchdog] key=7 age_ms=538.72
[lat] dt_ms=61.6722 cmd=up key=c
[msquic] stream: RECEIVE bytes=52 buffers=1 pending=0
[msquic] stream: RECEIVE bytes=52 buffers=1 pending=0
[lat] dt_ms=57.0705 cmd=up key=d
[msquic] stream: RECEIVE bytes=52 buffers=1 pending=0
[msquic] stream: RECEIVE bytes=52 buffers=1 pending=0
[lat] dt_ms=54.7104 cmd=up key=e
[msquic] stream: RECEIVE bytes=52 buffers=1 pending=0
[msquic] stream: RECEIVE bytes=52 buffers=1 pending=0
[stuck] key=9 age_ms=539.022
[msquic] stream: RECEIVE bytes=52 buffers=1 pending=0
[lat] dt_ms=67.5755 cmd=down key=f
[heal] key=9 heal_ms=64.6803
[msquic] stream: RECEIVE bytes=52 buffers=1 pending=0
[msquic] stream: RECEIVE bytes=52 buffers=1 pending=0
[lat] dt_ms=44.1414 cmd=down key=h
[lat] dt_ms=55.7603 cmd=up key=g
[watchdog] key=11 age_ms=551.176
[lat] dt_ms=68.1136 cmd=down key=g
[lat] dt_ms=79.5083 cmd=up key=f
[heal] key=10 heal_ms=64.2294
[msquic] stream: RECEIVE bytes=52 buffers=1 pending=0
[msquic] stream: RECEIVE bytes=52 buffers=1 pending=0
[msquic] stream: RECEIVE bytes=52 buffers=1 pending=0
[lat] dt_ms=66.7142 cmd=up key=h
[lat] dt_ms=58.1064 cmd=down key=i
[watchdog] key=12 age_ms=560.285
[lat] dt_ms=60.9072 cmd=up key=i
[msquic] stream: RECEIVE bytes=52 buffers=1 pending=0
[msquic] stream: RECEIVE bytes=52 buffers=1 pending=0
[msquic] stream: RECEIVE bytes=52 buffers=1 pending=0
[msquic] stream: RECEIVE bytes=52 buffers=1 pending=0
[lat] dt_ms=52.9681 cmd=up key=j
[lat] dt_ms=65.4607 cmd=down key=j
[lat] dt_ms=45.5029 cmd=down key=k
[heal] key=13 heal_ms=63.3954
[msquic] stream: RECEIVE bytes=52 buffers=1 pending=0
[lat] dt_ms=47.2408 cmd=up key=k
[msquic] stream: RECEIVE bytes=104 buffers=1 pending=0
[lat] dt_ms=42.2325 cmd=up key=l
[heal] key=14 heal_ms=66.1698
[msquic] stream: RECEIVE bytes=52 buffers=1 pending=0
[msquic] stream: RECEIVE bytes=52 buffers=1 pending=0
[lat] dt_ms=69.2374 cmd=down key=l
[heal] key=15 heal_ms=63.2062
[msquic] stream: RECEIVE bytes=52 buffers=1 pending=0
[lat] dt_ms=59.2891 cmd=up key=m
[lat] dt_ms=71.811 cmd=down key=m
[msquic] stream: RECEIVE bytes=52 buffers=1 pending=0
[lat] dt_ms=47.1746 cmd=up key=n
[lat] dt_ms=60.5242 cmd=down key=n
[msquic] stream: RECEIVE bytes=104 buffers=1 pending=0
[heal] key=16 heal_ms=86.8369
[msquic] stream: RECEIVE bytes=52 buffers=1 pending=0
[lat] dt_ms=60.5894 cmd=down key=o
[heal] key=17 heal_ms=76.5249
[msquic] stream: RECEIVE bytes=52 buffers=1 pending=0
[msquic] stream: RECEIVE bytes=52 buffers=1 pending=0
[lat] dt_ms=51.8241 cmd=down key=p
[msquic] stream: RECEIVE bytes=52 buffers=1 pending=0
[heal] key=18 heal_ms=74.7423
[msquic] stream: RECEIVE bytes=52 buffers=1 pending=0
[lat] dt_ms=48.6702 cmd=down key=q
[lat] dt_ms=80.0951 cmd=up key=o
[msquic] stream: RECEIVE bytes=52 buffers=1 pending=0
[lat] dt_ms=44.1805 cmd=down key=r
[watchdog] key=21 age_ms=553.703
[heal] key=20 heal_ms=626.747
[msquic] stream: RECEIVE bytes=52 buffers=1 pending=0
[msquic] stream: RECEIVE bytes=52 buffers=1 pending=0
[lat] dt_ms=62.4018 cmd=up key=q
[msquic] stream: RECEIVE bytes=52 buffers=1 pending=0
[msquic] stream: RECEIVE bytes=52 buffers=1 pending=0
[stuck] key=22 age_ms=534.02
[lat] dt_ms=69.81 cmd=up key=r
[msquic] stream: RECEIVE bytes=52 buffers=1 pending=0
[lat] dt_ms=60.7445 cmd=down key=s
[msquic] stream: RECEIVE bytes=52 buffers=1 pending=0
[lat] dt_ms=54.3685 cmd=up key=s
[msquic] stream: RECEIVE bytes=52 buffers=1 pending=0
[stuck] key=23 age_ms=560.361
[msquic] stream: RECEIVE bytes=52 buffers=1 pending=0
[lat] dt_ms=58.9363 cmd=down key=t
[lat] dt_ms=44.0988 cmd=down key=u
[watchdog] key=24 age_ms=534.605
[lat] dt_ms=55.2855 cmd=up key=t
[msquic] stream: RECEIVE bytes=52 buffers=1 pending=0
[lat] dt_ms=56.6315 cmd=up key=u
[msquic] stream: RECEIVE bytes=52 buffers=1 pending=0
[msquic] stream: RECEIVE bytes=52 buffers=1 pending=0
[msquic] stream: RECEIVE bytes=52 buffers=1 pending=0
[stuck] key=25 age_ms=568.443
[heal] key=25 heal_ms=59.9133
[msquic] stream: RECEIVE bytes=52 buffers=1 pending=0
[msquic] stream: RECEIVE bytes=52 buffers=1 pending=0
[lat] dt_ms=76.131 cmd=down key=v
[lat] dt_ms=73.5815 cmd=up key=v
[msquic] stream: RECEIVE bytes=52 buffers=1 pending=0
[lat] dt_ms=66.5597 cmd=down key=w
[msquic] stream: RECEIVE bytes=52 buffers=1 pending=0
[msquic] stream: RECEIVE bytes=52 buffers=1 pending=0
[lat] dt_ms=69.898 cmd=up key=w
[msquic] stream: RECEIVE bytes=52 buffers=1 pending=0
[lat] dt_ms=48.3954 cmd=down key=y
[watchdog] key=28 age_ms=569.049
[lat] dt_ms=62.5193 cmd=up key=x
[lat] dt_ms=76.9902 cmd=down key=x
[watchdog] key=27 age_ms=583.522
[msquic] stream: RECEIVE bytes=52 buffers=1 pending=0
[msquic] stream: RECEIVE bytes=52 buffers=1 pending=0
[msquic] stream: RECEIVE bytes=52 buffers=1 pending=0
[lat] dt_ms=73.2268 cmd=up key=y
[lat] dt_ms=63.9613 cmd=down key=z
[lat] dt_ms=54.4857 cmd=up key=z
[lat] dt_ms=57.1553 cmd=down key=ENTER
[watchdog] key=40 age_ms=539.637
[msquic] stream: RECEIVE bytes=52 buffers=1 pending=0
[lat] dt_ms=54.0972 cmd=up key=ENTER
[heal] key=29 heal_ms=75.2874
[msquic] stream: RECEIVE bytes=52 buffers=1 pending=0
[lat] dt_ms=45.2367 cmd=down key=a
[msquic] stream: RECEIVE bytes=52 buffers=1 pending=0
[msquic] stream: RECEIVE bytes=104 buffers=1 pending=0
[msquic] stream: RECEIVE bytes=52 buffers=1 pending=0
[lat] dt_ms=42.9788 cmd=up key=b
[lat] dt_ms=74.0067 cmd=up key=a
[msquic] stream: RECEIVE bytes=52 buffers=1 pending=0
[lat] dt_ms=66.295 cmd=down key=b
[msquic] stream: RECEIVE bytes=52 buffers=1 pending=0
[lat] dt_ms=49.523 cmd=down key=c
[watchdog] key=6 age_ms=571.472
[lat] dt_ms=47.7526 cmd=up key=c
[msquic] stream: RECEIVE bytes=52 buffers=1 pending=0
[heal] key=5 heal_ms=77.0093
[msquic] stream: RECEIVE bytes=52 buffers=1 pending=0
[msquic] stream: RECEIVE bytes=52 buffers=1 pending=0
[msquic] stream: RECEIVE bytes=52 buffers=1 pending=0
[heal] key=6 heal_ms=71.5384
[msquic] stream: RECEIVE bytes=52 buffers=1 pending=0
[msquic] stream: RECEIVE bytes=52 buffers=1 pending=0
[lat] dt_ms=72.8829 cmd=down key=d
[msquic] stream: RECEIVE bytes=52 buffers=1 pending=0
[lat] dt_ms=75.4351 cmd=up key=d
[stuck] key=8 age_ms=567.072
[heal] key=8 heal_ms=57.5051
[msquic] stream: RECEIVE bytes=52 buffers=2 pending=0
[lat] dt_ms=71.7057 cmd=down key=e
[lat] dt_ms=60.8448 cmd=up key=e
[lat] dt_ms=53.6848 cmd=down key=f
[watchdog] key=9 age_ms=565.66
[msquic] stream: RECEIVE bytes=104 buffers=1 pending=0
[msquic] stream: RECEIVE bytes=52 buffers=1 pending=0
[lat] dt_ms=41.4806 cmd=up key=g
[msquic] stream: RECEIVE bytes=52 buffers=1 pending=0
[lat] dt_ms=72.4529 cmd=up key=f
[lat] dt_ms=66.6694 cmd=down key=g
[heal] key=10 heal_ms=58.3976
[msquic] stream: RECEIVE bytes=52 buffers=1 pending=0
[msquic] stream: RECEIVE bytes=52 buffers=1 pending=0
[stuck] key=11 age_ms=542.487
[msquic] stream: RECEIVE bytes=52 buffers=1 pending=0
[lat] dt_ms=54.9924 cmd=up key=h
[lat] dt_ms=50.4101 cmd=down key=i
[lat] dt_ms=72.0104 cmd=down key=h
[msquic] stream: RECEIVE bytes=52 buffers=1 pending=0
[heal] key=12 heal_ms=68.5995
[msquic] stream: RECEIVE bytes=52 buffers=1 pending=0
[lat] dt_ms=60.1604 cmd=down key=j
[lat] dt_ms=46.2056 cmd=down key=k
[lat] dt_ms=78.9869 cmd=up key=i
[watchdog] key=14 age_ms=554.631
[watchdog] key=13 age_ms=554.635
[lat] dt_ms=63.959 cmd=up key=j
[msquic] stream: RECEIVE bytes=52 buffers=1 pending=0
[msquic] stream: RECEIVE bytes=52 buffers=1 pending=0
[msquic] stream: RECEIVE bytes=52 buffers=1 pending=0
[lat] dt_ms=54.0854 cmd=up key=k
[msquic] stream: RECEIVE bytes=52 buffers=1 pending=0
[msquic] stream: RECEIVE bytes=52 buffers=1 pending=0
[lat] dt_ms=51.5885 cmd=up key=l
[lat] dt_ms=79.3283 cmd=down key=l
[lat] dt_ms=61.1251 cmd=down key=m
[heal] key=16 heal_ms=54.074
[heal] key=15 heal_ms=74.5375
[msquic] stream: RECEIVE bytes=52 buffers=1 pending=0
[msquic] stream: RECEIVE bytes=104 buffers=1 pending=0
[lat] dt_ms=51.529 cmd=down key=n
[msquic] stream: RECEIVE bytes=52 buffers=1 pending=0
[lat] dt_ms=79.9937 cmd=up key=m
[lat] dt_ms=63.8004 cmd=up key=n
[msquic] stream: RECEIVE bytes=52 buffers=1 pending=0
[msquic] stream: RECEIVE bytes=52 buffers=1 pending=0
[lat] dt_ms=60.5564 cmd=down key=o
[msquic] stream: RECEIVE bytes=52 buffers=1 pending=0
[lat] dt_ms=57.8637 cmd=up key=o
[msquic] stream: RECEIVE bytes=52 buffers=1 pending=0
[msquic] stream: RECEIVE bytes=52 buffers=1 pending=0
[msquic] stream: RECEIVE bytes=52 buffers=1 pending=0
[lat] dt_ms=46.2694 cmd=up key=p
[lat] dt_ms=61.152 cmd=down key=p
[msquic] stream: RECEIVE bytes=52 buffers=1 pending=0
[lat] dt_ms=52.0584 cmd=up key=q
[lat] dt_ms=68.6478 cmd=down key=q
[watchdog] key=20 age_ms=585.712
[lat] dt_ms=52.9056 cmd=down key=r
[heal] key=20 heal_ms=68.7344
[msquic] stream: RECEIVE bytes=156 buffers=1 pending=0
[msquic] stream: RECEIVE bytes=52 buffers=1 pending=0
[lat] dt_ms=49.7612 cmd=up key=r
[msquic] stream: RECEIVE bytes=52 buffers=1 pending=0
[lat] dt_ms=59.8652 cmd=down key=s
[lat] dt_ms=51.7599 cmd=up key=s
[lat] dt_ms=48.93 cmd=down key=t
[watchdog] key=23 age_ms=544.395
[msquic] stream: RECEIVE bytes=52 buffers=1 pending=0
[lat] dt_ms=44.9187 cmd=up key=t
[msquic] stream: RECEIVE bytes=52 buffers=1 pending=0
[lat] dt_ms=40.7255 cmd=down key=u
[watchdog] key=24 age_ms=542.517
[lat] dt_ms=41.8482 cmd=up key=u
[msquic] stream: RECEIVE bytes=52 buffers=1 pending=0
[msquic] stream: RECEIVE bytes=52 buffers=1 pending=0
[msquic] stream: RECEIVE bytes=52 buffers=1 pending=0
[msquic] stream: RECEIVE bytes=52 buffers=1 pending=0
[msquic] stream: RECEIVE bytes=52 buffers=1 pending=0
[lat] dt_ms=56.6718 cmd=up key=v
[msquic] stream: RECEIVE bytes=52 buffers=1 pending=0
[msquic] stream: RECEIVE bytes=52 buffers=1 pending=0
[lat] dt_ms=80.7401 cmd=down key=v
[lat] dt_ms=62.9156 cmd=down key=w
[lat] dt_ms=63.9014 cmd=up key=w
[lat] dt_ms=47.0871 cmd=up key=x
[heal] key=25 heal_ms=98.9082
[msquic] stream: RECEIVE bytes=52 buffers=1 pending=0
[msquic] stream: RECEIVE bytes=52 buffers=1 pending=0
[lat] dt_ms=70.9788 cmd=down key=x
[lat] dt_ms=43.6404 cmd=up key=y
[lat] dt_ms=53.9956 cmd=down key=y
[watchdog] key=28 age_ms=555.992
[watchdog] key=27 age_ms=557.342
[msquic] stream: RECEIVE bytes=52 buffers=1 pending=0
[msquic] stream: RECEIVE bytes=52 buffers=1 pending=0
[lat] dt_ms=58.8918 cmd=down key=z
[watchdog] key=29 age_ms=546.433
[lat] dt_ms=57.9403 cmd=up key=z
[heal] key=28 heal_ms=79.0233
[msquic] stream: RECEIVE bytes=52 buffers=1 pending=0
[hidra] snapshot v1 mods=0x0 pressed=0
[msquic] stream: RECEIVE bytes=52 buffers=1 pending=0
[lat] dt_ms=50.5535 cmd=down key=ENTER
[msquic] stream: RECEIVE bytes=52 buffers=1 pending=0
[heal] key=29 heal_ms=79.0906
[msquic] stream: RECEIVE bytes=52 buffers=1 pending=0
[stuck] key=4 age_ms=537.3
[msquic] stream: RECEIVE bytes=52 buffers=1 pending=0
[lat] dt_ms=48.559 cmd=up key=a
[lat] dt_ms=70.2268 cmd=up key=ENTER
[msquic] stream: RECEIVE bytes=52 buffers=1 pending=0
[msquic] stream: RECEIVE bytes=52 buffers=1 pending=0
[lat] dt_ms=59.8814 cmd=down key=b
[lat] dt_ms=80.9209 cmd=down key=a
[lat] dt_ms=51.3693 cmd=up key=b
[heal] key=4 heal_ms=75.9456
[msquic] stream: RECEIVE bytes=52 buffers=1 pending=0
[lat] dt_ms=49.7183 cmd=down key=c
[msquic] stream: RECEIVE bytes=52 buffers=1 pending=0
[msquic] stream: RECEIVE bytes=52 buffers=1 pending=0
[lat] dt_ms=42.2173 cmd=down key=d
[lat] dt_ms=54.768 cmd=up key=c
[heal] key=7 heal_ms=607.893
[msquic] stream: RECEIVE bytes=52 buffers=1 pending=0
[msquic] stream: RECEIVE bytes=52 buffers=1 pending=0
[lat] dt_ms=50.4261 cmd=up key=d
[msquic] stream: RECEIVE bytes=52 buffers=1 pending=0
[heal] key=7 heal_ms=70.0635
[msquic] stream: RECEIVE bytes=52 buffers=1 pending=0
[lat] dt_ms=61.948 cmd=down key=e
[msquic] stream: RECEIVE bytes=52 buffers=1 pending=0
[msquic] stream: RECEIVE bytes=52 buffers=1 pending=0
[heal] key=8 heal_ms=60.943
[msquic] stream: RECEIVE bytes=52 buffers=1 pending=0
[heal] key=9 heal_ms=48.4681
[msquic] stream: RECEIVE bytes=52 buffers=1 pending=0
[msquic] stream: RECEIVE bytes=52 buffers=1 pending=0
[lat] dt_ms=65.3297 cmd=down key=f
[lat] dt_ms=78.8431 cmd=up key=e
[lat] dt_ms=65.6593 cmd=down key=g
[watchdog] key=10 age_ms=577.818
[lat] dt_ms=59.2533 cmd=up key=g
[lat] dt_ms=80.1282 cmd=up key=f
[msquic] stream: RECEIVE bytes=52 buffers=1 pending=0
[lat] dt_ms=48.2626 cmd=up key=h
[msquic] stream: RECEIVE bytes=52 buffers=1 pending=0
[heal] key=10 heal_ms=72.1494
[msquic] stream: RECEIVE bytes=52 buffers=1 pending=0
[msquic] stream: RECEIVE bytes=52 buffers=1 pending=0
[msquic] stream: RECEIVE bytes=52 buffers=1 pending=0
[msquic] stream: RECEIVE bytes=52 buffers=1 pending=0
[lat] dt_ms=78.5884 cmd=down key=h
[lat] dt_ms=51.193 cmd=up key=i
[heal] key=11 heal_ms=72.1399
[msquic] stream: RECEIVE bytes=52 buffers=1 pending=0
[lat] dt_ms=70.8696 cmd=down key=i
[msquic] stream: RECEIVE bytes=52 buffers=1 pending=0
[lat] dt_ms=68.2624 cmd=down key=j
[msquic] stream: RECEIVE bytes=52 buffers=1 pending=0
[lat] dt_ms=64.4783 cmd=up key=j
[msquic] stream: RECEIVE bytes=52 buffers=1 pending=0
[msquic] stream: RECEIVE bytes=52 buffers=1 pending=0
[msquic] stream: RECEIVE bytes=52 buffers=1 pending=0
[stuck] key=15 age_ms=531.847
[lat] dt_ms=44.4546 cmd=up key=l
[msquic] stream: RECEIVE bytes=52 buffers=1 pending=0
[lat] dt_ms=66.7337 cmd=up key=k
[lat] dt_ms=79.4648 cmd=down key=k
[msquic] stream: RECEIVE bytes=52 buffers=1 pending=0
[lat] dt_ms=61.3924 cmd=down key=l
[heal] key=14 heal_ms=82.5357
[msquic] stream: RECEIVE bytes=52 buffers=1 pending=0
[lat] dt_ms=62.0229 cmd=down key=m
[watchdog] key=16 age_ms=564.632
[lat] dt_ms=47.0764 cmd=down key=n
[msquic] stream: RECEIVE bytes=52 buffers=2 pending=0
[lat] dt_ms=71.4924 cmd=up key=m
[lat] dt_ms=50.2716 cmd=up key=n
[msquic] stream: RECEIVE bytes=52 buffers=1 pending=0
[msquic] stream: RECEIVE bytes=52 buffers=1 pending=0
[msquic] stream: RECEIVE bytes=52 buffers=1 pending=0
[heal] key=18 heal_ms=615.554
[msquic] stream: RECEIVE bytes=52 buffers=1 pending=0
[lat] dt_ms=55.6104 cmd=up key=o
[lat] dt_ms=75.2418 cmd=down key=o
[heal] key=17 heal_ms=89.2895
[msquic] stream: RECEIVE bytes=52 buffers=1 pending=0
[heal] key=18 heal_ms=76.4639
[msquic] stream: RECEIVE bytes=52 buffers=1 pending=0
[lat] dt_ms=67.4644 cmd=down key=p
[lat] dt_ms=60.0353 cmd=up key=p
[msquic] stream: RECEIVE bytes=52 buffers=1 pending=0
[lat] dt_ms=57.0808 cmd=down key=q
[msquic] stream: RECEIVE bytes=52 buffers=1 pending=0
[lat] dt_ms=52.9545 cmd=up key=q
[lat] dt_ms=47.4297 cmd=down key=r
[watchdog] key=21 age_ms=557.588
[lat] dt_ms=48.3611 cmd=up key=r
[msquic] stream: RECEIVE bytes=52 buffers=1 pending=0
[heal] key=20 heal_ms=77.8875
[msquic] stream: RECEIVE bytes=52 buffers=1 pending=0
[msquic] stream: RECEIVE bytes=52 buffers=1 pending=0
[msquic] stream: RECEIVE bytes=52 buffers=1 pending=0
[lat] dt_ms=50.6876 cmd=up key=s
[lat] dt_ms=66.6103 cmd=down key=s
[lat] dt_ms=46.2422 cmd=down key=t
[watchdog] key=23 age_ms=562.321
[watchdog] key=22 age_ms=583.182
[heal] key=21 heal_ms=87.4671
[msquic] stream: RECEIVE bytes=52 buffers=1 pending=0
[msquic] stream: RECEIVE bytes=52 buffers=1 pending=0
[msquic] stream: RECEIVE bytes=52 buffers=1 pending=0
[heal] key=23 heal_ms=49.7328
[msquic] stream: RECEIVE bytes=52 buffers=1 pending=0
[lat] dt_ms=46.7722 cmd=down key=u
[watchdog] key=24 age_ms=546.829
[lat] dt_ms=62.2496 cmd=up key=t
[msquic] stream: RECEIVE bytes=52 buffers=1 pending=0
[msquic] stream: RECEIVE bytes=52 buffers=1 pending=0
[lat] dt_ms=51.9028 cmd=up key=u
[msquic] stream: RECEIVE bytes=52 buffers=1 pending=0
[msquic] stream: RECEIVE bytes=52 buffers=1 pending=0
[lat] dt_ms=41.9908 cmd=down key=w
[lat] dt_ms=65.343 cmd=down key=v
[watchdog] key=25 age_ms=554.586
[watchdog] key=26 age_ms=522.919
[msquic] stream: RECEIVE bytes=52 buffers=1 pending=0
[lat] dt_ms=70.5509 cmd=up key=v
[lat] dt_ms=55.5527 cmd=up key=w
[msquic] stream: RECEIVE bytes=52 buffers=1 pending=0
[stuck] key=27 age_ms=550.901
[lat] dt_ms=[msquic] stream: RECEIVE bytes=52 buffers=1 pending=0
44.1642 cmd=up key=x
[msquic] stream: RECEIVE bytes=52 buffers=1 pending=0
[heal] key=26 heal_ms=79.0002
[msquic] stream: RECEIVE bytes=52 buffers=1 pending=0
[lat] dt_ms=71.3769 cmd=down key=x
[stuck] key=28 age_ms=566.87
[lat] dt_ms=54.6456 cmd=down key=y
[heal] key=27 heal_ms=68.4322
[msquic] stream: RECEIVE bytes=52 buffers=1 pending=0
[msquic] stream: RECEIVE bytes=52 buffers=1 pending=0
[lat] dt_ms=66.3663 cmd=up key=y
[msquic] stream: RECEIVE bytes=52 buffers=1 pending=0
[msquic] stream: RECEIVE bytes=52 buffers=1 pending=0
[lat] dt_ms=44.2234 cmd=down key=ENTER
[lat] dt_ms=70.724 cmd=down key=z
[watchdog] key=40 age_ms=541.195
[msquic] stream: RECEIVE bytes=52 buffers=1 pending=0
[heal] key=29 heal_ms=69.4371
[msquic] stream: RECEIVE bytes=52 buffers=1 pending=0
[msquic] stream: RECEIVE bytes=52 buffers=1 pending=0
[lat] dt_ms=75.0961 cmd=up key=z
[lat] dt_ms=61.1388 cmd=up key=ENTER
[msquic] stream: RECEIVE bytes=52 buffers=1 pending=0
[lat] dt_ms=42.2973 cmd=up key=a
[msquic] stream: RECEIVE bytes=52 buffers=1 pending=0
[msquic] stream: RECEIVE bytes=52 buffers=1 pending=0
[stuck] key=5 age_ms=555.31
[lat] dt_ms=74.7186 cmd=down key=a
[heal] key=5 heal_ms=49.4481
[msquic] stream: RECEIVE bytes=52 buffers=1 pending=0
[msquic] stream: RECEIVE bytes=52 buffers=1 pending=0
[lat] dt_ms=47.5265 cmd=down key=c
[watchdog] key=6 age_ms=561.559
[msquic] stream: RECEIVE bytes=52 buffers=1 pending=0
[lat] dt_ms=45.449 cmd=up key=c
[hidra] progress: rx=565 emits=806 quic_snapshots=432 socket=connected
[lat] dt_ms=78.1285 cmd=down key=b
[lat] dt_ms=77.0225 cmd=up key=b
[msquic] stream: RECEIVE bytes=52 buffers=1 pending=0
[msquic] stream: RECEIVE bytes=52 buffers=1 pending=0
[lat] dt_ms=57.3081 cmd=down key=d
[watchdog] key=7 age_ms=542.634
[msquic] stream: RECEIVE bytes=52 buffers=1 pending=0
[lat] dt_ms=50.2775 cmd=down key=e
[lat] dt_ms=62.0491 cmd=up key=d
[watchdog] key=8 age_ms=560.63
[msquic] stream: RECEIVE bytes=52 buffers=1 pending=0
[msquic] stream: RECEIVE bytes=104 buffers=1 pending=0
[msquic] stream: RECEIVE bytes=52 buffers=1 pending=0
[lat] dt_ms=73.5166 cmd=up key=e
[lat] dt_ms=70.1147 cmd=down key=f
[lat] dt_ms=59.8689 cmd=up key=f
[msquic] stream: RECEIVE bytes=52 buffers=1 pending=0
[msquic] stream: RECEIVE bytes=52 buffers=1 pending=0
[msquic] stream: RECEIVE bytes=52 buffers=1 pending=0
[stuck] key=10 age_ms=553.463
[lat] dt_ms=48.4192 cmd=up key=g
[msquic] stream: RECEIVE bytes=52 buffers=1 pending=0
[msquic] stream: RECEIVE bytes=52 buffers=1 pending=0
[stuck] key=11 age_ms=543.592
[lat] dt_ms=47.2337 cmd=up key=h
[lat] dt_ms=68.2165 cmd=down key=h
[msquic] stream: RECEIVE bytes=52 buffers=1 pending=0
[msquic] stream: RECEIVE bytes=52 buffers=1 pending=0
[lat] dt_ms=62.0512 cmd=down key=i
[watchdog] key=12 age_ms=550.912
[msquic] stream: RECEIVE bytes=52 buffers=1 pending=0
[msquic] stream: RECEIVE bytes=52 buffers=1 pending=0
[heal] key=12 heal_ms=76.745
[msquic] stream: RECEIVE bytes=52 buffers=1 pending=0
[lat] dt_ms=80.0551 cmd=up key=i
[msquic] stream: RECEIVE bytes=52 buffers=1 pending=0
[lat] dt_ms=75.8418 cmd=down key=j
[heal] key=13 heal_ms=66.325
[msquic] stream: RECEIVE bytes=52 buffers=1 pending=0
[lat] dt_ms=74.7559 cmd=up key=j
[lat] dt_ms=67.4452 cmd=down key=k
[lat] dt_ms=59.2518 cmd=up key=k
[msquic] stream: RECEIVE bytes=52 buffers=1 pending=0
[msquic] stream: RECEIVE bytes=52 buffers=1 pending=0
[stuck] key=15 age_ms=567.476
[lat] dt_ms=62.2962 cmd=down key=l
[msquic] stream: RECEIVE bytes=52 buffers=1 pending=0
[heal] key=15 heal_ms=60.0578
[stuck] key=16 age_ms=536.086
[msquic] stream: RECEIVE bytes=52 buffers=1 pending=0
[msquic] stream: RECEIVE bytes=52 buffers=1 pending=0
[msquic] stream: RECEIVE bytes=52 buffers=1 pending=0
[lat] dt_ms=78.0444 cmd=up key=l
[lat] dt_ms=47.5117 cmd=down key=n
[watchdog] key=17 age_ms=537.139
[lat] dt_ms=76.0175 cmd=down key=m
[lat] dt_ms=71.5065 cmd=up key=m
[msquic] stream: RECEIVE bytes=52 buffers=1 pending=0
[msquic] stream: RECEIVE bytes=52 buffers=1 pending=0
[lat] dt_ms=45.2112 cmd=down key=o
[msquic] stream: RECEIVE bytes=52 buffers=1 pending=0
[msquic] stream: RECEIVE bytes=52 buffers=1 pending=0
[lat] dt_ms=45.3169 cmd=up key=o
[lat] dt_ms=68.6426 cmd=up key=n
[msquic] stream: RECEIVE bytes=52 buffers=1 pending=0
[msquic] stream: RECEIVE bytes=52 buffers=1 pending=0
[lat] dt_ms=72.3734 cmd=down key=p
[heal] key=19 heal_ms=69.2329
[msquic] stream: RECEIVE bytes=52 buffers=1 pending=0
[lat] dt_ms=71.2802 cmd=up key=p
[msquic] stream: RECEIVE bytes=52 buffers=1 pending=0
[stuck] key=20 age_ms=571.041
[lat] dt_ms=47.0406 cmd=down key=r
[msquic] stream: RECEIVE bytes=52 buffers=1 pending=0
[lat] dt_ms=77.8525 cmd=down key=q
[lat] dt_ms=68.8945 cmd=up key=q
[msquic] stream: RECEIVE bytes=52 buffers=1 pending=0
[lat] dt_ms=40.9669 cmd=up key=s
[msquic] stream: RECEIVE bytes=52 buffers=1 pending=0
[lat] dt_ms=71.1318 cmd=up key=r
[msquic] stream: RECEIVE bytes=52 buffers=1 pending=0
[lat] dt_ms=70.1731 cmd=down key=s
[msquic] stream: RECEIVE bytes=52 buffers=1 pending=0
[lat] dt_ms=58.9059 cmd=down key=t
[msquic] stream: RECEIVE bytes=104 buffers=1 pending=0
[heal] key=22 heal_ms=76.9763
[msquic] stream: RECEIVE bytes=104 buffers=2 pending=0
[lat] dt_ms=60.5215 cmd=down key=u
[lat] dt_ms=72.2263 cmd=up key=t
[watchdog] key=24 age_ms=574.739
[msquic] stream: RECEIVE bytes=52 buffers=1 pending=0
[msquic] stream: RECEIVE bytes=52 buffers=1 pending=0
[stuck] key=25 age_ms=538.632
[lat] dt_ms=51.6729 cmd=down key=v
[lat] dt_ms=63.1262 cmd=up key=u
[msquic] stream: RECEIVE bytes=52 buffers=1 pending=0
[lat] dt_ms=53.6551 cmd=up key=v
[msquic] stream: RECEIVE bytes=52 buffers=1 pending=0
[stuck] key=26 age_ms=552.567
[lat] dt_ms=61.5309 cmd=down key=w
[msquic] stream: RECEIVE bytes=52 buffers=1 pending=0
[lat] dt_ms=60.8685 cmd=up key=w
[msquic] stream: RECEIVE bytes=52 buffers=1 pending=0
[lat] dt_ms=56.9246 cmd=down key=x
[hidra] snapshot v1 mods=0x0 pressed=0
[msquic] stream: RECEIVE bytes=52 buffers=1 pending=0
[msquic] stream: RECEIVE bytes=52 buffers=1 pending=0
[msquic] stream: RECEIVE bytes=52 buffers=1 pending=0
[stuck] key=28 age_ms=550.054
[lat] dt_ms=70.5403 cmd=up key=x
[heal] key=28 heal_ms=55.9642
[msquic] stream: RECEIVE bytes=52 buffers=1 pending=0
[lat] dt_ms=69.4891 cmd=down key=y
[lat] dt_ms=75.4346 cmd=up key=y
[lat] dt_ms=68.2491 cmd=down key=z
[watchdog] key=29 age_ms=556.154
[lat] dt_ms=47.8332 cmd=down key=ENTER
[heal] key=40 heal_ms=608.128
[msquic] stream: RECEIVE bytes=52 buffers=1 pending=0
[msquic] stream: RECEIVE bytes=52 buffers=1 pending=0
[lat] dt_ms=66.7913 cmd=up key=z
[msquic] stream: RECEIVE bytes=52 buffers=1 pending=0
[msquic] stream: RECEIVE bytes=52 buffers=1 pending=0
[heal] key=40 heal_ms=57.3202
[msquic] stream: RECEIVE bytes=52 buffers=1 pending=0
[lat] dt_ms=54.6848 cmd=up key=a
[msquic] stream: RECEIVE bytes=52 buffers=1 pending=0
[lat] dt_ms=71.6773 cmd=down key=a
[msquic] stream: RECEIVE bytes=52 buffers=1 pending=0
[lat] dt_ms=55.2692 cmd=down key=b
[watchdog] key=5 age_ms=558.617
[msquic] stream: RECEIVE bytes=52 buffers=1 pending=0
[heal] key=5 heal_ms=57.8624
[msquic] stream: RECEIVE bytes=52 buffers=1 pending=0
[msquic] stream: RECEIVE bytes=52 buffers=1 pending=0
[lat] dt_ms=60.0986 cmd=up key=b
[msquic] stream: RECEIVE bytes=52 buffers=1 pending=0
[lat] dt_ms=41.1405 cmd=up key=c
[msquic] stream: RECEIVE bytes=52 buffers=1 pending=0
[lat] dt_ms=65.2468 cmd=down key=c
[lat] dt_ms=45.5848 cmd=down key=d
[heal] key=7 heal_ms=605.974
[msquic] stream: RECEIVE bytes=52 buffers=1 pending=0
[msquic] stream: RECEIVE bytes=52 buffers=1 pending=0
[lat] dt_ms=50.48 cmd=up key=d
[msquic] stream: RECEIVE bytes=52 buffers=1 pending=0
[lat] dt_ms=41.6256 cmd=up key=e
[msquic] stream: RECEIVE bytes=52 buffers=1 pending=0
[lat] dt_ms=68.3177 cmd=down key=e
[lat] dt_ms=53.4017 cmd=down key=f
[watchdog] key=9 age_ms=557.95
[msquic] stream: RECEIVE bytes=52 buffers=1 pending=0
[lat] dt_ms=59.7767 cmd=up key=f
[heal] key=8 heal_ms=83.0343
[msquic] stream: RECEIVE bytes=52 buffers=1 pending=0
[msquic] stream: RECEIVE bytes=52 buffers=1 pending=0
[heal] key=10 heal_ms=47.9674
[msquic] stream: RECEIVE bytes=52 buffers=1 pending=0
[msquic] stream: RECEIVE bytes=52 buffers=1 pending=0
[stuck] key=11 age_ms=549.297
[lat] dt_ms=41.8581 cmd=up key=h
[msquic] stream: RECEIVE bytes=52 buffers=1 pending=0
[lat] dt_ms=74.0796 cmd=up key=g
[lat] dt_ms=71.7895 cmd=down key=h
[msquic] stream: RECEIVE bytes=52 buffers=1 pending=0
[lat] dt_ms=55.6846 cmd=down key=i
[heal] key=12 heal_ms=48.1586
[msquic] stream: RECEIVE bytes=52 buffers=1 pending=0
[lat] dt_ms=50.4271 cmd=up key=i
[msquic] stream: RECEIVE bytes=52 buffers=1 pending=0
[lat] dt_ms=52.1355 cmd=down key=j
[lat] dt_ms=44.8904 cmd=up key=j
[msquic] stream: RECEIVE bytes=52 buffers=1 pending=0
[msquic] stream: RECEIVE bytes=104 buffers=1 pending=0
[msquic] stream: RECEIVE bytes=52 buffers=1 pending=0
[lat] dt_ms=46.2706 cmd=up key=k
[msquic] stream: RECEIVE bytes=104 buffers=1 pending=0
[lat] dt_ms=69.9885 cmd=down key=k
[heal] key=14 heal_ms=72.9984
[msquic] stream: RECEIVE bytes=52 buffers=1 pending=0
[msquic] stream: RECEIVE bytes=52 buffers=1 pending=0
[lat] dt_ms=74.9191 cmd=down key=l
[msquic] stream: RECEIVE bytes=52 buffers=1 pending=0
[lat] dt_ms=73.1938 cmd=up key=l
[msquic] stream: RECEIVE bytes=52 buffers=1 pending=0
[lat] dt_ms=73.0902 cmd=down key=m
[heal] key=16 heal_ms=63.6417
[msquic] stream: RECEIVE bytes=52 buffers=1 pending=0
[msquic] stream: RECEIVE bytes=52 buffers=1 pending=0
[lat] dt_ms=57.8894 cmd=down key=n
[lat] dt_ms=48.5805 cmd=up key=n
[lat] dt_ms=78.3922 cmd=up key=m
[msquic] stream: RECEIVE bytes=52 buffers=1 pending=0
[msquic] stream: RECEIVE bytes=52 buffers=1 pending=0
[msquic] stream: RECEIVE bytes=52 buffers=1 pending=0
[lat] dt_ms=73.861 cmd=down key=o
[lat] dt_ms=43.23 cmd=up key=p
[lat] dt_ms=66.4315 cmd=up key=o
[lat] dt_ms=60.9338 cmd=down key=p
[watchdog] key=19 age_ms=582.643
[msquic] stream: RECEIVE bytes=52 buffers=1 pending=0
[stuck] key=20 age_ms=539.495
[heal] key=20 heal_ms=611.154
[msquic] stream: RECEIVE bytes=52 buffers=1 pending=[lat] dt_ms=55.2621 cmd=down key=q
0
[heal] key=20 heal_ms=48.4146
[msquic] stream: RECEIVE bytes=52 buffers=1 pending=0
[lat] dt_ms=49.4663 cmd=up key=q
[msquic] stream: RECEIVE bytes=52 buffers=1 pending=0
[msquic] stream: RECEIVE bytes=52 buffers=1 pending=0
[msquic] stream: RECEIVE bytes=52 buffers=1 pending=0
[stuck] key=21 age_ms=556.72
[lat] dt_ms=53.2138 cmd=down key=s
[lat] dt_ms=74.2431 cmd=down key=r
[heal] key=21 heal_ms=65.8569
[msquic] stream: RECEIVE bytes=52 buffers=1 pending=0
[msquic] stream: RECEIVE bytes=52 buffers=1 pending=0
[lat] dt_ms=69.213 cmd=up key=r
[msquic] stream: RECEIVE bytes=52 buffers=1 pending=0
[msquic] stream: RECEIVE bytes=52 buffers=1 pending=0
[lat] dt_ms=63.2478 cmd=up key=s
[msquic] stream: RECEIVE bytes=52 buffers=1 pending=0
[stuck] key=23 age_ms=543.937
[lat] dt_ms=72.1667 cmd=down key=t
[heal] key=23 heal_ms=632.462
[msquic] stream: RECEIVE bytes=52 buffers=1 pending=0
[lat] dt_ms=57.0385 cmd=down key=u
[heal] key=24 heal_ms=53.8106
[msquic] stream: RECEIVE bytes=52 buffers=1 pending=0
[lat] dt_ms=56.8735 cmd=up key=u
[lat] dt_ms=78.7143 cmd=up key=t
[lat] dt_ms=49.134 cmd=down key=v
[heal] key=25 heal_ms=611.621
[msquic] stream: RECEIVE bytes=104 buffers=1 pending=0
[msquic] stream: RECEIVE bytes=52 buffers=1 pending=0
[lat] dt_ms=70.8426 cmd=up key=v
[msquic] stream: RECEIVE bytes=52 buffers=1 pending=0
[heal] key=26 heal_ms=618.818
[msquic] stream: RECEIVE bytes=52 buffers=1 pending=0
[lat] dt_ms=63.8939 cmd=down key=w
[lat] dt_ms=70.1304 cmd=up key=w
[lat] dt_ms=61.6594 cmd=down key=x
[msquic] stream: RECEIVE bytes=52 buffers=1 pending=0
[msquic] stream: RECEIVE bytes=52 buffers=1 pending=0
[heal] key=27 heal_ms=623.885
[msquic] stream: RECEIVE bytes=52 buffers=1 pending=0
[lat] dt_ms=74.3163 cmd=up key=x
[lat] dt_ms=54.5576 cmd=up key=y
[lat] dt_ms=47.1576 cmd=down key=z
[heal] key=29 heal_ms=603.049
[msquic] stream: RECEIVE bytes=52 buffers=1 pending=0
[msquic] stream: RECEIVE bytes=52 buffers=1 pending=0
[lat] dt_ms=73.5577 cmd=down key=y
[lat] dt_ms=43.4782 cmd=up key=z
[msquic] stream: RECEIVE bytes=104 buffers=1 pending=0
[heal] key=29 heal_ms=71.2382
[msquic] stream: RECEIVE bytes=52 buffers=1 pending=0
[lat] dt_ms=52.3324 cmd=up key=ENTER
[msquic] stream: RECEIVE bytes=52 buffers=1 pending=0
[lat] dt_ms=53.4322 cmd=down key=a
[watchdog] key=4 age_ms=547.652
[msquic] stream: RECEIVE bytes=52 buffers=2 pending=0
[lat] dt_ms=79.7806 cmd=down key=ENTER
[msquic] stream: RECEIVE bytes=52 buffers=1 pending=0
[lat] dt_ms=59.451 cmd=up key=a
[lat] dt_ms=44.0233 cmd=up key=b
[msquic] stream: RECEIVE bytes=52 buffers=1 pending=0
[lat] dt_ms=40.9666 cmd=down key=c
[watchdog] key=6 age_ms=537.883
[msquic] stream: RECEIVE bytes=52 buffers=1 pending=0
[msquic] stream: RECEIVE bytes=52 buffers=1 pending=0
[lat] dt_ms=69.5271 cmd=down key=b
[msquic] stream: RECEIVE bytes=52 buffers=1 pending=0
[lat] dt_ms=53.8588 cmd=up key=c
[msquic] stream: RECEIVE bytes=52 buffers=1 pending=0
[lat] dt_ms=41.2894 cmd=up key=d
[lat] dt_ms=53.9158 cmd=down key=d
[watchdog] key=7 age_ms=577.003
[heal] key=6 heal_ms=78.9861
[msquic] stream: RECEIVE bytes=52 buffers=1 pending=0
[msquic] stream: RECEIVE bytes=52 buffers=1 pending=0
[lat] dt_ms=55.6285 cmd=down key=e
[lat] dt_ms=53.093 cmd=up key=e
[msquic] stream: RECEIVE bytes=52 buffers=1 pending=0
[msquic] stream: RECEIVE bytes=52 buffers=1 pending=0
[lat] dt_ms=41.7608 cmd=up key=f
[msquic] stream: RECEIVE bytes=52 buffers=1 pending=0
[msquic] stream: RECEIVE bytes=52 buffers=1 pending=0
[msquic] stream: RECEIVE bytes=52 buffers=1 pending=0
[lat] dt_ms=57.5928 cmd=down key=g
[watchdog] key=10 age_ms=567.711
[lat] dt_ms=79.7078 cmd=down key=f
[heal] key=9 heal_ms=70.1092
[msquic] stream: RECEIVE bytes=52 buffers=1 pending=0
[lat] dt_ms=50.7894 cmd=up key=g
[msquic] stream: RECEIVE bytes=52 buffers=1 pending=0
[stuck] key=11 age_ms=542.299
[heal] key=11 heal_ms=605.98
[msquic] stream: RECEIVE bytes=52 buffers=1 pending=0
[lat] dt_ms=65.3993 cmd=down key=h
[heal] key=11 heal_ms=65.9819
[msquic] stream: RECEIVE bytes=52 buffers=1 pending=0
[stuck] key=12 age_ms=561.72
[lat] dt_ms=72.1039 cmd=up key=h
[msquic] stream: RECEIVE bytes=52 buffers=1 pending=0
[msquic] stream: RECEIVE bytes=52 buffers=1 pending=0
[lat] dt_ms=75.1801 cmd=down key=i
[lat] dt_ms=57.4088 cmd=down key=j
[heal] key=13 heal_ms=49.8667
[heal] key=12 heal_ms=71.1895
[msquic] stream: RECEIVE bytes=52 buffers=1 pending=0
[lat] dt_ms=78.6261 cmd=up key=i
[msquic] stream: RECEIVE bytes=52 buffers=1 pending=0
[msquic] stream: RECEIVE bytes=52 buffers=1 pending=0
[lat] dt_ms=43.4066 cmd=up key=k
[lat] dt_ms=74.1179 cmd=up key=j
[msquic] stream: RECEIVE bytes=52 buffers=1 pending=0
[msquic] stream: RECEIVE bytes=52 buffers=1 pending=0
[lat] dt_ms=50.9026 cmd=down key=l
[lat] dt_ms=74.6453 cmd=down key=k
[watchdog] key=15 age_ms=542.97
[lat] dt_ms=53.7652 cmd=up key=l
[heal] key=14 heal_ms=75.7938
[msquic] stream: RECEIVE bytes=52 buffers=1 pending=0
[heal] key=15 heal_ms=63.1471
[msquic] stream: RECEIVE bytes=52 buffers=1 pending=0
[lat] dt_ms=53.112 cmd=down key=n
[lat] dt_ms=74.0352 cmd=down key=m
[msquic] stream: RECEIVE bytes=52 buffers=1 pending=0
[lat] dt_ms=47.506 cmd=up key=n
[msquic] stream: RECEIVE bytes=52 buffers=1 pending=0
[msquic] stream: RECEIVE bytes=52 buffers=1 pending=0
[lat] dt_ms=50.0598 cmd=down key=o
[watchdog] key=18 age_ms=545.544
[heal] key=16 heal_ms=83.4512
[msquic] stream: RECEIVE bytes=52 buffers=1 pending=0
[msquic] stream: RECEIVE bytes=52 buffers=1 pending=0
[heal] key=17 heal_ms=84.4659
[msquic] stream: RECEIVE bytes=52 buffers=1 pending=0
[lat] dt_ms=45.5034 cmd=up key=p
[msquic] stream: RECEIVE bytes=52 buffers=1 pending=0
[heal] key=18 heal_ms=70.3298
[msquic] stream: RECEIVE bytes=52 buffers=1 pending=0
[lat] dt_ms=42.2787 cmd=down key=q
[lat] dt_ms=76.796 cmd=up key=o
[watchdog] key=20 age_ms=563.827
[msquic] stream: RECEIVE bytes=52 buffers=1 pending=0
[msquic] stream: RECEIVE bytes=52 buffers=1 pending=0
[lat] dt_ms=80.1398 cmd=down key=p
[heal] key=19 heal_ms=80.3698
[msquic] stream: RECEIVE bytes=52 buffers=1 pending=0
[heal] key=20 heal_ms=69.6254
[msquic] stream: RECEIVE bytes=52 buffers=1 pending=0
[lat] dt_ms=62.2509 cmd=down key=r
[lat] dt_ms=77.095 cmd=up key=q
[watchdog] key=21 age_ms=557.876
[msquic] stream: RECEIVE bytes=52 buffers=1 pending=0
[msquic] stream: RECEIVE bytes=52 buffers=1 pending=0
[lat] dt_ms=56.9395 cmd=down key=s
[watchdog] key=22 age_ms=563.476
[lat] dt_ms=73.0602 cmd=up key=r
[msquic] stream: RECEIVE bytes=52 buffers=1 pending=0
[msquic] stream: RECEIVE bytes=52 buffers=1 pending=0
[lat] dt_ms=59.3184 cmd=up key=s
[msquic] stream: RECEIVE bytes=52 buffers=1 pending=0
[lat] dt_ms=54.9936 cmd=down key=t
[watchdog] key=23 age_ms=565.774
[lat] dt_ms=59.1456 cmd=down key=u
[msquic] stream: RECEIVE bytes=104 buffers=1 pending=0
[lat] dt_ms=73.0749 cmd=up key=t
[lat] dt_ms=55.1437 cmd=up key=u
[msquic] stream: RECEIVE bytes=52 buffers=1 pending=0
[msquic] stream: RECEIVE bytes=52 buffers=1 pending=0
[lat] dt_ms=42.2982 cmd=up key=v
[msquic] stream: RECEIVE bytes=52 buffers=1 pending=0
[lat] dt_ms=70.7323 cmd=down key=v
[lat] dt_ms=52.7523 cmd=down key=w
[watchdog] key=26 age_ms=560.573
[hidra] snapshot v1 mods=0x0 pressed=1
[msquic] stream: RECEIVE bytes=104 buffers=1 pending=0
[msquic] stream: RECEIVE bytes=52 buffers=1 pending=0
[lat] dt_ms=60.4624 cmd=up key=w
[msquic] stream: RECEIVE bytes=52 buffers=1 pending=0
[msquic] stream: RECEIVE bytes=52 buffers=1 pending=0
[lat] dt_ms=40.9658 cmd=up key=y
[stuck] key=27 age_ms=555.613
[heal] key=27 heal_ms=65.0583
[msquic] stream: RECEIVE bytes=52 buffers=1 pending=0
[lat] dt_ms=76.7935 cmd=down key=x
[msquic] stream: RECEIVE bytes=104 buffers=1 pending=0
[lat] dt_ms=73.5299 cmd=up key=x
[msquic] stream: RECEIVE bytes=52 buffers=1 pending=0
[lat] dt_ms=73.8621 cmd=down key=y
[lat] dt_ms=70.2959 cmd=down key=z
[watchdog] key=29 age_ms=571.573
[lat] dt_ms=54.1144 cmd=down key=ENTER
[heal] key=40 heal_ms=612.809
[heal] key=28 heal_ms=87.5888
[msquic] stream: RECEIVE bytes=52 buffers=1 pending=0
[msquic] stream: RECEIVE bytes=52 buffers=1 pending=0
[lat] dt_ms=75.0969 cmd=up key=z
[msquic] stream: RECEIVE bytes=52 buffers=1 pending=0
[msquic] stream: RECEIVE bytes=52 buffers=1 pending=0
[msquic] stream: RECEIVE bytes=52 buffers=1 pending=0
[lat] dt_ms=59.0535 cmd=down key=a
[heal] key=4 heal_ms=48.6484
[msquic] stream: RECEIVE bytes=52 buffers=1 pending=0
[lat] dt_ms=74.1043 cmd=up key=ENTER
[lat] dt_ms=46.7797 cmd=down key=b
[watchdog] key=5 age_ms=558.481
[msquic] stream: RECEIVE bytes=52 buffers=1 pending=0
[lat] dt_ms=67.3296 cmd=up key=a
[msquic] stream: RECEIVE bytes=52 buffers=1 pending=0
[lat] dt_ms=50.6277 cmd=up key=b
[msquic] stream: RECEIVE bytes=52 buffers=1 pending=0
[lat] dt_ms=41.6604 cmd=up key=c
[msquic] stream: RECEIVE bytes=52 buffers=1 pending=0
[lat] dt_ms=59.8868 cmd=down key=c
[heal] key=6 heal_ms=50.2973
[msquic] stream: RECEIVE bytes=52 buffers=1 pending=0
[lat] dt_ms=44.0492 cmd=down key=d
[watchdog] key=7 age_ms=1130.51
[lat] dt_ms=40.8936 cmd=up key=d
[msquic] stream: RECEIVE bytes=52 buffers=1 pending=0
[msquic] stream: RECEIVE bytes=52 buffers=1 pending=0
[lat] dt_ms=58.1571 cmd=down key=e
[heal] key=8 heal_ms=617.676
[msquic] stream: RECEIVE bytes=52 buffers=1 pending=0
[lat] dt_ms=55.6249 cmd=up key=e
[msquic] stream: RECEIVE bytes=52 buffers=1 pending=0
[msquic] stream: RECEIVE bytes=52 buffers=1 pending=0
[msquic] stream: RECEIVE bytes=52 buffers=1 pending=0
[stuck] key=9 age_ms=543.017
[lat] dt_ms=47.3488 cmd=up key=f
[msquic] stream: RECEIVE bytes=52 buffers=1 pending=0
[msquic] stream: RECEIVE bytes=52 buffers=1 pending=0
[lat] dt_ms=66.3283 cmd=down key=f
[heal] key=9 heal_ms=65.3442
[msquic] stream: RECEIVE bytes=52 buffers=1 pending=0
[stuck] key=10 age_ms=570.848
[lat] dt_ms=65.3758 cmd=down key=g
[heal] key=10 heal_ms=62.4726
[msquic] stream: RECEIVE bytes=52 buffers=1 pending=0
[msquic] stream: RECEIVE bytes=52 buffers=2 pending=0
[lat] dt_ms=69.0709 cmd=up key=g
[lat] dt_ms=58.3583 cmd=down key=h
[heal] key=11 heal_ms=52.7455
[msquic] stream: RECEIVE bytes=52 buffers=1 pending=0
[lat] dt_ms=55.0214 cmd=up key=h
[msquic] stream: RECEIVE bytes=52 buffers=1 pending=0
[lat] dt_ms=55.8188 cmd=down key=i
[msquic] stream: RECEIVE bytes=52 buffers=1 pending=0
[msquic] stream: RECEIVE bytes=52 buffers=1 pending=0
[lat] dt_ms=41.2268 cmd=up key=j
[heal] key=12 heal_ms=69.6878
[msquic] stream: RECEIVE bytes=52 buffers=1 pending=0
[lat] dt_ms=74.0505 cmd=up key=i
[lat] dt_ms=66.6165 cmd=down key=j
[watchdog] key=13 age_ms=569.08
[msquic] stream: RECEIVE bytes=52 buffers=1 pending=0
[stuck] key=14 age_ms=553.742
[heal] key=14 heal_ms=51.5388
[msquic] stream: RECEIVE bytes=52 buffers=1 pending=0
[lat] dt_ms=42.0819 cmd=down key=l
[msquic] stream: RECEIVE bytes=52 buffers=1 pending=0
[lat] dt_ms=45.9743 cmd=up key=l
[msquic] stream: RECEIVE bytes=52 buffers=1 pending=0
[msquic] stream: RECEIVE bytes=52 buffers=1 pending=0
[msquic] stream: RECEIVE bytes=52 buffers=1 pending=0
[lat] dt_ms=65.8101 cmd=down key=m
[watchdog] key=16 age_ms=551.927
[msquic] stream: RECEIVE bytes=104 buffers=1 pending=0
[lat] dt_ms=49.1253 cmd=up key=n
[msquic] stream: RECEIVE bytes=52 buffers=1 pending=0
[lat] dt_ms=74.4379 cmd=up key=m
[msquic] stream: RECEIVE bytes=52 buffers=1 pending=0
[lat] dt_ms=43.9563 cmd=down key=o
[watchdog] key=18 age_ms=536.437
[msquic] stream: RECEIVE bytes=52 buffers=1 pending=0
[msquic] stream: RECEIVE bytes=52 buffers=1 pending=0
[heal] key=18 heal_ms=61.5199
[msquic] stream: RECEIVE bytes=52 buffers=1 pending=0
[lat] dt_ms=66.979 cmd=up key=o
[msquic] stream: RECEIVE bytes=52 buffers=1 pending=0
[lat] dt_ms=51.7691 cmd=up key=p
[lat] dt_ms=65.1987 cmd=down key=p
[lat] dt_ms=52.3825 cmd=down key=q
[watchdog] key=20 age_ms=553.979
[msquic] stream: RECEIVE bytes=52 buffers=1 pending=0
[msquic] stream: RECEIVE bytes=52 buffers=1 pending=0
[hidra] progress: rx=844 emits=1210 quic_snapshots=652 socket=connected
[lat] dt_ms=48.1672 cmd=down key=r
[lat] dt_ms=60.8919 cmd=up key=q
[heal] key=21 heal_ms=608.698
[msquic] stream: RECEIVE bytes=52 buffers=1 pending=0
[heal] key=20 heal_ms=74.74
[msquic] stream: RECEIVE bytes=52 buffers=1 pending=0
[msquic] stream: RECEIVE bytes=52 buffers=1 pending=0
[msquic] stream: RECEIVE bytes=52 buffers=1 pending=0
[msquic] stream: RECEIVE bytes=52 buffers=1 pending=0
[lat] dt_ms=68.5869 cmd=up key=r
[stuck] key=22 age_ms=561.854
[lat] dt_ms=45.4982 cmd=down key=t
[msquic] stream: RECEIVE bytes=52 buffers=1 pending=0
[lat] dt_ms=72.8033 cmd=down key=s
[lat] dt_ms=67.6655 cmd=up key=s
[msquic] stream: RECEIVE bytes=52 buffers=1 pending=0
[msquic] stream: RECEIVE bytes=52 buffers=1 pending=0
[msquic] stream: RECEIVE bytes=52 buffers=1 pending=0
[lat] dt_ms=44.5975 cmd=up key=u
[msquic] stream: RECEIVE bytes=52 buffers=1 pending=0
[lat] dt_ms=79.9978 cmd=up key=t
[lat] dt_ms=71.8313 cmd=down key=u
[heal] key=24 heal_ms=64.3904
[heal] key=25 heal_ms=611.365
[msquic] stream: RECEIVE bytes=156 buffers=1 pending=0
[lat] dt_ms=52.5487 cmd=up key=v
[lat] dt_ms=73.3207 cmd=down key=v
[msquic] stream: RECEIVE bytes=52 buffers=1 pending=0
[msquic] stream: RECEIVE bytes=52 buffers=1 pending=0
[heal] key=26 heal_ms=47.4078
[msquic] stream: RECEIVE bytes=52 buffers=1 pending=0
[msquic] stream: RECEIVE bytes=52 buffers=1 pending=0
[stuck] key=27 age_ms=533.411
[lat] dt_ms=52.3028 cmd=down key=x
[lat] dt_ms=76.3442 cmd=down key=w
[lat] dt_ms=66.0568 cmd=up key=w
[lat] dt_ms=68.3451 cmd=up key=x
[msquic] stream: RECEIVE bytes=52 buffers=1 pending=0
[msquic] stream: RECEIVE bytes=52 buffers=1 pending=0
[lat] dt_ms=70.4252 cmd=down key=y
[lat] dt_ms=49.6287 cmd=down key=z
[heal] key=27 heal_ms=81.1291
[msquic] stream: RECEIVE bytes=52 buffers=1 pending=0
[msquic] stream: RECEIVE bytes=52 buffers=1 pending=0
[lat] dt_ms=78.9644 cmd=up key=y
[msquic] stream: RECEIVE bytes=104 buffers=1 pending=0
[heal] key=29 heal_ms=59.1252
[msquic] stream: RECEIVE bytes=52 buffers=1 pending=0
[lat] dt_ms=60.3372 cmd=up key=z
[stuck] key=40 age_ms=539.353
[lat] dt_ms=44.2243 cmd=down key=a
[lat] dt_ms=65.6259 cmd=down key=ENTER
[watchdog] key=4 age_ms=560.953
[msquic] stream: RECEIVE bytes=52 buffers=1 pending=0
[msquic] stream: RECEIVE bytes=52 buffers=1 pending=0
[lat] dt_ms=72.1009 cmd=up key=ENTER
[heal] key=4 heal_ms=55.556
[msquic] stream: RECEIVE bytes=52 buffers=1 pending=0
[msquic] stream: RECEIVE bytes=52 buffers=1 pending=0
[stuck] key=5 age_ms=560.783
[heal] key=5 heal_ms=613.175
[msquic] stream: RECEIVE bytes=52 buffers=1 pending=0
[lat] dt_ms=50.187 cmd=up key=b
[lat] dt_ms=79.587 cmd=up key=a
[lat] dt_ms=73.2115 cmd=down key=b
[msquic] stream: RECEIVE bytes=52 buffers=1 pending=0
[stuck] key=6 age_ms=571.098
[lat] dt_ms=56.6622 cmd=up key=c
[lat] dt_ms=48.2347 cmd=down key=d
[heal] key=7 heal_ms=606.504
[msquic] stream: RECEIVE bytes=52 buffers=1 pending=0
[lat] dt_ms=72.3646 cmd=down key=c
[lat] dt_ms=41.7856 cmd=up key=d
[msquic] stream: RECEIVE bytes=52 buffers=1 pending=0
[msquic] stream: RECEIVE bytes=52 buffers=1 pending=0
[msquic] stream: RECEIVE bytes=52 buffers=1 pending=0
[msquic] stream: RECEIVE bytes=52 buffers=1 pending=0
[lat] dt_ms=62.836 cmd=down key=e
[heal] key=7 heal_ms=74.3896
[msquic] stream: RECEIVE bytes=52 buffers=1 pending=0
[lat] dt_ms=47.5262 cmd=down key=f
[watchdog] key=9 age_ms=565.581
[heal] key=8 heal_ms=74.41
[msquic] stream: RECEIVE bytes=52 buffers=1 pending=0
[msquic] stream: RECEIVE bytes=52 buffers=1 pending=0
[msquic] stream: RECEIVE bytes=52 buffers=1 pending=0
[msquic] stream: RECEIVE bytes=52 buffers=1 pending=0
[stuck] key=10 age_ms=548.292
[heal] key=10 heal_ms=53.1888
[heal] key=9 heal_ms=74.467
[msquic] stream: RECEIVE bytes=104 buffers=1 pending=0
[lat] dt_ms=61.3474 cmd=up key=g
[msquic] stream: RECEIVE bytes=52 buffers=1 pending=0
[lat] dt_ms=45.1264 cmd=up key=h
[lat] dt_ms=56.7605 cmd=down key=h
[lat] dt_ms=77.611 cmd=down key=g
[watchdog] key=11 age_ms=550.638
[msquic] stream: RECEIVE bytes=52 buffers=1 pending=0
[lat] dt_ms=66.7913 cmd=down key=i
[heal] key=11 heal_ms=78.0768
[msquic] stream: RECEIVE bytes=52 buffers=1 pending=0
[msquic] stream: RECEIVE bytes=52 buffers=1 pending=0
[msquic] stream: RECEIVE bytes=52 buffers=1 pending=0
[lat] dt_ms=53.5365 cmd=down key=j
[msquic] stream: RECEIVE bytes=52 buffers=1 pending=0
[msquic] stream: RECEIVE bytes=52 buffers=1 pending=0
[lat] dt_ms=79.5266 cmd=up key=i
[msquic] stream: RECEIVE bytes=52 buffers=1 pending=0
[lat] dt_ms=45.3832 cmd=down key=l
[lat] dt_ms=78.3116 cmd=up key=j
[heal] key=15 heal_ms=604.649
[msquic] stream: RECEIVE bytes=52 buffers=1 pending=0
[lat] dt_ms=72.4184 cmd=down key=k
[lat] dt_ms=66.2786 cmd=up key=k
[msquic] stream: RECEIVE bytes=52 buffers=1 pending=0
[heal] key=15 heal_ms=59.5296
[msquic] stream: RECEIVE bytes=52 buffers=1 pending=0
[stuck] key=16 age_ms=536.819
[lat] dt_ms=55.6481 cmd=down key=m
[msquic] stream: RECEIVE bytes=52 buffers=1 pending=0
[msquic] stream: RECEIVE bytes=52 buffers=1 pending=0
[msquic] stream: RECEIVE bytes=52 buffers=1 pending=0
[lat] dt_ms=72.5284 cmd=up key=l
[lat] dt_ms=53.7512 cmd=up key=m
[msquic] stream: RECEIVE bytes=52 buffers=2 pending=0
[stuck] key=17 age_ms=561.394
[lat] dt_ms=61.1156 cmd=down key=n
[lat] dt_ms=49.3663 cmd=down key=o
[watchdog] key=18 age_ms=564.342
[lat] dt_ms=65.9372 cmd=up key=n
[msquic] stream: RECEIVE bytes=52 buffers=1 pending=0
[msquic] stream: RECEIVE bytes=52 buffers=1 pending=0
[lat] dt_ms=41.7886 cmd=down key=p
[heal] key=19 heal_ms=604.063
[msquic] stream: RECEIVE bytes=52 buffers=1 pending=0
[msquic] stream: RECEIVE bytes=52 buffers=1 pending=0
[lat] dt_ms=58.0208 cmd=up key=o
[lat] dt_ms=44.9516 cmd=down key=q
[lat] dt_ms=[msquic] stream: RECEIVE bytes=52 buffers=1 pending=0
58.4221 cmd=up key=p
[msquic] stream: RECEIVE bytes=52 buffers=1 pending=0
[lat] dt_ms=49.0611 cmd=down key=r
[lat] dt_ms=60.8611 cmd=up key=q
[lat] dt_ms=41.5318 cmd=up key=r
[msquic] stream: RECEIVE bytes=104 buffers=1 pending=0
[msquic] stream: RECEIVE bytes=104 buffers=1 pending=0
[msquic] stream: RECEIVE bytes=52 buffers=1 pending=0
[lat] dt_ms=50.108 cmd=up key=s
[lat] dt_ms=47.8265 cmd=down key=t
[hidra] snapshot v1 mods=0x0 pressed=1
[msquic] stream: RECEIVE bytes=52 buffers=1 pending=0
[msquic] stream: RECEIVE bytes=52 buffers=1 pending=0
[lat] dt_ms=45.0081 cmd=up key=t
[lat] dt_ms=80.6076 cmd=down key=s
[heal] key=22 heal_ms=81.4812
[msquic] stream: RECEIVE bytes=52 buffers=1 pending=0
[msquic] stream: RECEIVE bytes=52 buffers=1 pending=0
[lat] dt_ms=57.6872 cmd=down key=u
[msquic] stream: RECEIVE bytes=52 buffers=1 pending=0
[lat] dt_ms=59.701 cmd=up key=u
[lat] dt_ms=50.5439 cmd=down key=v
[msquic] stream: RECEIVE bytes=52 buffers=1 pending=0
[heal] key=25 heal_ms=53.3413
[msquic] stream: RECEIVE bytes=52 buffers=1 pending=0
[msquic] stream: RECEIVE bytes=52 buffers=1 pending=0
[msquic] stream: RECEIVE bytes=52 buffers=1 pending=0
[lat] dt_ms=66.1491 cmd=up key=v
[stuck] key=26 age_ms=556.273
[msquic] stream: RECEIVE bytes=52 buffers=1 pending=0
[lat] dt_ms=49.8466 cmd=down key=x
[msquic] stream: RECEIVE bytes=52 buffers=1 pending=0
[lat] dt_ms=41.9165 cmd=up key=x
[msquic] stream: RECEIVE bytes=52 buffers=1 pending=0
[lat] dt_ms=78.8237 cmd=down key=w
[lat] dt_ms=75.634 cmd=up key=w
[lat] dt_ms=52.5441 cmd=down key=y
[watchdog] key=28 age_ms=544.187
[msquic] stream: RECEIVE bytes=52 buffers=1 pending=0
[heal] key=28 heal_ms=55.7596
[msquic] stream: RECEIVE bytes=52 buffers=1 pending=0
[lat] dt_ms=47.4795 cmd=down key=z
[lat] dt_ms=62.9698 cmd=up key=y
[lat] dt_ms=44.0143 cmd=up key=z
[msquic] stream: RECEIVE bytes=104 buffers=1 pending=0
[msquic] stream: RECEIVE bytes=52 buffers=1 pending=0
[lat] dt_ms=49.1907 cmd=up key=ENTER
[lat] dt_ms=42.6414 cmd=down key=a
[heal] key=29 heal_ms=81.3503
[msquic] stream: RECEIVE bytes=52 buffers=1 pending=0
[msquic] stream: RECEIVE bytes=52 buffers=1 pending=0
[msquic] stream: RECEIVE bytes=52 buffers=1 pending=0
[lat] dt_ms=51.4141 cmd=up key=a
[msquic] stream: RECEIVE bytes=52 buffers=1 pending=0
[stuck] key=5 age_ms=544.109
[heal] key=5 heal_ms=607.906
[msquic] stream: RECEIVE bytes=52 buffers=1 pending=0
[msquic] stream: RECEIVE bytes=52 buffers=1 pending=0
[lat] dt_ms=64.0257 cmd=down key=b
[msquic] stream: RECEIVE bytes=52 buffers=1 pending=0
[lat] dt_ms=62.2473 cmd=up key=b
[msquic] stream: RECEIVE bytes=52 buffers=1 pending=0
[msquic] stream: RECEIVE bytes=52 buffers=1 pending=0
[msquic] stream: RECEIVE bytes=52 buffers=1 pending=0
[lat] dt_ms=51.589 cmd=down key=d
[msquic] stream: RECEIVE bytes=52 buffers=1 pending=0
[lat] dt_ms=76.2407 cmd=down key=c
[lat] dt_ms=71.8916 cmd=up key=c
[lat] dt_ms=54.4408 cmd=up key=d
[msquic] stream: RECEIVE bytes=52 buffers=1 pending=0
[msquic] stream: RECEIVE bytes=52 buffers=1 pending=0
[lat] dt_ms=42.1859 cmd=up key=e
[lat] dt_ms=75.3256 cmd=down key=e
[heal] key=8 heal_ms=65.9477
[msquic] stream: RECEIVE bytes=52 buffers=1 pending=0
[lat] dt_ms=59.6072 cmd=down key=f
[lat] dt_ms=42.6998 cmd=down key=g
[watchdog] key=10 age_ms=561.668
[heal] key=9 heal_ms=56.4201
[msquic] stream: RECEIVE bytes=52 buffers=1 pending=0
[msquic] stream: RECEIVE bytes=52 buffers=1 pending=0
[lat] dt_ms=60.8487 cmd=up key=f
[lat] dt_ms=43.7942 cmd=up key=g
[msquic] stream: RECEIVE bytes=52 buffers=1 pending=0
[msquic] stream: RECEIVE bytes=52 buffers=1 pending=0
[msquic] stream: RECEIVE bytes=52 buffers=1 pending=0
[lat] dt_ms=69.4087 cmd=down key=h
[lat] dt_ms=48.7854 cmd=down key=i
[lat] dt_ms=59.3324 cmd=up key=h
[watchdog] key=12 age_ms=533.504
[msquic] stream: RECEIVE bytes=52 buffers=1 pending=0
[heal] key=11 heal_ms=77.14
[msquic] stream: RECEIVE bytes=52 buffers=1 pending=0
[heal] key=12 heal_ms=64.219
[msquic] stream: RECEIVE bytes=52 buffers=1 pending=0
[msquic] stream: RECEIVE bytes=52 buffers=1 pending=0
[lat] dt_ms=70.6514 cmd=up key=i
[stuck] key=13 age_ms=540.709
[msquic] stream: RECEIVE bytes=52 buffers=1 pending=0
[lat] dt_ms=59.4061 cmd=up key=j
[lat] dt_ms=70.6777 cmd=down key=j
[heal] key=13 heal_ms=67.7386
[msquic] stream: RECEIVE bytes=52 buffers=1 pending=0
[msquic] stream: RECEIVE bytes=52 buffers=1 pending=0
[stuck] key=14 age_ms=562.274
[lat] dt_ms=59.6619 cmd=up key=k
[lat] dt_ms=76.2944 cmd=down key=k
[msquic] stream: RECEIVE bytes=52 buffers=1 pending=0
[lat] dt_ms=58.5593 cmd=down key=l
[heal] key=15 heal_ms=48.3155
[msquic] stream: RECEIVE bytes=52 buffers=1 pending=0
[lat] dt_ms=49.4836 cmd=up key=l
[msquic] stream: RECEIVE bytes=52 buffers=1 pending=0
[lat] dt_ms=46.1069 cmd=down key=m
[watchdog] key=16 age_ms=566.956
[msquic] stream: RECEIVE bytes=52 buffers=1 pending=0
[msquic] stream: RECEIVE bytes=52 buffers=1 pending=0
[lat] dt_ms=44.867 cmd=up key=n
[lat] dt_ms=67.6019 cmd=up key=m
[msquic] stream: RECEIVE bytes=52 buffers=1 pending=0
[msquic] stream: RECEIVE bytes=52 buffers=1 pending=0
[msquic] stream: RECEIVE bytes=52 buffers=1 pending=0
[msquic] stream: RECEIVE bytes=52 buffers=1 pending=0
[lat] dt_ms=77.7078 cmd=down key=n
[lat] dt_ms=47.4607 cmd=up key=o
[lat] dt_ms=60.8592 cmd=down key=o
[watchdog] key=18 age_ms=577.806
[heal] key=17 heal_ms=76.7226
[msquic] stream: RECEIVE bytes=52 buffers=1 pending=0
[stuck] key=19 age_ms=554.308
[heal] key=19 heal_ms=617.554
[msquic] stream: RECEIVE bytes=52 buffers=1 pending=0
[lat] dt_ms=74.4468 cmd=down key=p
[lat] dt_ms=66.8672 cmd=up key=p
[lat] dt_ms=66.5563 cmd=down key=q
[heal] key=20 heal_ms=624.472
[heal] key=18 heal_ms=97.7897
[msquic] stream: RECEIVE bytes=52 buffers=1 pending=0
[lat] dt_ms=59.8717 cmd=up key=q
[heal] key=19 heal_ms=82.2677
[msquic] stream: RECEIVE bytes=52 buffers=1 pending=0
[msquic] stream: RECEIVE bytes=52 buffers=1 pending=0
[lat] dt_ms=56.9794 cmd=down key=r
[msquic] stream: RECEIVE bytes=52 buffers=1 pending=0
[heal] key=21 heal_ms=627.518
[msquic] stream: RECEIVE bytes=52 buffers=1 pending=0
[lat] dt_ms=65.2886 cmd=up key=r
[msquic] stream: RECEIVE bytes=52 buffers=1 pending=0
[stuck] key=22 age_ms=550.465
[lat] dt_ms=65.4264 cmd=down key=s
[msquic] stream: RECEIVE bytes=52 buffers=1 pending=0
[heal] key=22 heal_ms=66.7234
[msquic] stream: RECEIVE bytes=52 buffers=1 pending=0
[lat] dt_ms=70.0002 cmd=up key=s
[stuck] key=23 age_ms=574.817
[lat] dt_ms=52.3708 cmd=up key=t
[lat] dt_ms=72.1085 cmd=down key=t
[heal] key=23 heal_ms=62.7271
[msquic] stream: RECEIVE bytes=52 buffers=1 pending=0
[msquic] stream: RECEIVE bytes=52 buffers=1 pending=0
[lat] dt_ms=44.882 cmd=down key=v
[msquic] stream: RECEIVE bytes=52 buffers=1 pending=0
[stuck] key=24 age_ms=569.326
[heal] key=24 heal_ms=61.6598
[msquic] stream: RECEIVE bytes=52 buffers=1 pending=0
[lat] dt_ms=44.2424 cmd=up key=v
[lat] dt_ms=76.4915 cmd=down key=u
[lat] dt_ms=69.2626 cmd=up key=u
[lat] dt_ms=54.2872 cmd=down key=w
[heal] key=26 heal_ms=46.19
[msquic] stream: RECEIVE bytes=52 buffers=1 pending=0
[heal] key=25 heal_ms=69.2289
[msquic] stream: RECEIVE bytes=52 buffers=2 pending=0
[lat] dt_ms=51.7349 cmd=up key=w
[msquic] stream: RECEIVE bytes=52 buffers=1 pending=0
[msquic] stream: RECEIVE bytes=52 buffers=1 pending=0
[msquic] stream: RECEIVE bytes=52 buffers=1 pending=0
[stuck] key=27 age_ms=574.482
[heal] key=27 heal_ms=617.689
[msquic] stream: RECEIVE bytes=52 buffers=1 pending=0
[lat] dt_ms=48.703 cmd=down key=y
[lat] dt_ms=40.6082 cmd=up key=y
[lat] dt_ms=65.3935 cmd=up key=x
[lat] dt_ms=78.2205 cmd=down key=x
[msquic] stream: RECEIVE bytes=104 buffers=1 pending=0
[lat] dt_ms=43.189 cmd=down key=z
[watchdog] key=29 age_ms=540.921
[msquic] stream: RECEIVE bytes=52 buffers=1 pending=0
[msquic] stream: RECEIVE bytes=52 buffers=1 pending=0
[lat] dt_ms=42.8577 cmd=down key=ENTER
[watchdog] key=40 age_ms=543.503
[heal] key=28 heal_ms=78.3595
[msquic] stream: RECEIVE bytes=52 buffers=1 pending=0
[heal] key=29 heal_ms=66.197
[msquic] stream: RECEIVE bytes=52 buffers=1 pending=0
[lat] dt_ms=68.3192 cmd=up key=z
[lat] dt_ms=45.0079 cmd=down key=a
[heal] key=40 heal_ms=59.6096
[heal] key=4 heal_ms=608.214
[msquic] stream: RECEIVE bytes=104 buffers=1 pending=0
[lat] dt_ms=72.1098 cmd=up key=ENTER
[msquic] stream: RECEIVE bytes=52 buffers=1 pending=0
[msquic] stream: RECEIVE bytes=52 buffers=1 pending=0
[msquic] stream: RECEIVE bytes=52 buffers=1 pending=0
[lat] dt_ms=61.8192 cmd=up key=a
[stuck] key=5 age_ms=549.139
[lat] dt_ms=54.6171 cmd=down key=b
[heal] key=5 heal_ms=50.3554
[msquic] stream: RECEIVE bytes=52 buffers=1 pending=0
[lat] dt_ms=44.4288 cmd=down key=c
[heal] key=4 heal_ms=78.9671
[msquic] stream: RECEIVE bytes=52 buffers=1 pending=0
[lat] dt_ms=62.102 cmd=up key=b
[lat] dt_ms=47.4219 cmd=up key=c
[msquic] stream: RECEIVE bytes=52 buffers=1 pending=0
[msquic] stream: RECEIVE bytes=104 buffers=1 pending=0
[stuck] key=7 age_ms=554.684
[heal] key=7 heal_ms=609.488
[msquic] stream: RECEIVE bytes=52 buffers=1 pending=0
[lat] dt_ms=55.3129 cmd=down key=d
[lat] dt_ms=45.6572 cmd=up key=d
[lat] dt_ms=41.1052 cmd=down key=e
[msquic] stream: RECEIVE bytes=52 buffers=1 pending=0
[msquic] stream: RECEIVE bytes=52 buffers=1 pending=0
[lat] dt_ms=55.5159 cmd=down key=f
[watchdog] key=9 age_ms=572.667
[heal] key=8 heal_ms=73.0942
[msquic] stream: RECEIVE bytes=104 buffers=1 pending=0
[lat] dt_ms=74.141 cmd=up key=e
[lat] dt_ms=59.0576 cmd=up key=f
[msquic] stream: RECEIVE bytes=52 buffers=1 pending=0
[msquic] stream: RECEIVE bytes=52 buffers=1 pending=0
[lat] dt_ms=55.2884 cmd=up key=g
[lat] dt_ms=69.6313 cmd=down key=g
[lat] dt_ms=52.9445 cmd=up key=h
[lat] dt_ms=47.6863 cmd=down key=i
[heal] key=10 heal_ms=79.5023
[msquic] stream: RECEIVE bytes=52 buffers=1 pending=0
[lat] dt_ms=70.9522 cmd=down key=h
[msquic] stream: RECEIVE bytes=52 buffers=1 pending=0
[lat] dt_ms=49.3577 cmd=up key=i
[msquic] stream: RECEIVE bytes=52 buffers=1 pending=0
[heal] key=11 heal_ms=75.4168
[msquic] stream: RECEIVE bytes=52 buffers=1 pending=0
[msquic] stream: RECEIVE bytes=52 buffers=1 pending=0
[msquic] stream: RECEIVE bytes=52 buffers=1 pending=0
[lat] dt_ms=76.3825 cmd=down key=j
[msquic] stream: RECEIVE bytes=52 buffers=1 pending=0
[lat] dt_ms=75.3003 cmd=up key=j
[lat] dt_ms=45.7612 cmd=down key=l
[msquic] stream: RECEIVE bytes=52 buffers=1 pending=0
[lat] dt_ms=62.5805 cmd=up key=k
[msquic] stream: RECEIVE bytes=52 buffers=1 pending=0
[msquic] stream: RECEIVE bytes=52 buffers=1 pending=0
[lat] dt_ms=76.0296 cmd=down key=k
[msquic] stream: RECEIVE bytes=52 buffers=1 pending=0
[msquic] stream: RECEIVE bytes=52 buffers=1 pending=0
[lat] dt_ms=42.354 cmd=up key=m
[msquic] stream: RECEIVE bytes=52 buffers=1 pending=0
[lat] dt_ms=70.1711 cmd=up key=l
[lat] dt_ms=74.0975 cmd=down key=m
[watchdog] key=16 age_ms=549.977
[lat] dt_ms=46.5402 cmd=up key=n
[lat] dt_ms=61.2859 cmd=down key=n
[watchdog] key=17 age_ms=566.471
[msquic] stream: RECEIVE bytes=52 buffers=1 pending=0
[msquic] stream: RECEIVE bytes=104 buffers=1 pending=0
[msquic] stream: RECEIVE bytes=52 buffers=1 pending=0
[stuck] key=18 age_ms=558.292
[lat] dt_ms=44.1865 cmd=down key=p
[lat] dt_ms=66.16 cmd=down key=o
[watchdog] key=19 age_ms=531.192
[lat] dt_ms=67.5239 cmd=up key=o
[msquic] stream: RECEIVE bytes=52 buffers=1 pending=0
[msquic] stream: RECEIVE bytes=52 buffers=1 pending=0
[lat] dt_ms=52.7655 cmd=down key=q
[lat] dt_ms=48.2572 cmd=up key=q
[lat] dt_ms=72.0101 cmd=up key=p
[msquic] stream: RECEIVE bytes=52 buffers=1 pending=0
[msquic] stream: RECEIVE bytes=52 buffers=1 pending=0
[msquic] stream: RECEIVE bytes=52 buffers=1 pending=0
[msquic] stream: RECEIVE bytes=52 buffers=1 pending=0
[stuck] key=21 age_ms=550.894
[heal] key=21 heal_ms=625.432
[msquic] stream: RECEIVE bytes=52 buffers=1 pending=0
[stuck] key=22 age_ms=534.726
[lat] dt_ms=70.9991 cmd=down key=r
[heal] key=21 heal_ms=65.0091
[heal] key=22 heal_ms=43.4492
[msquic] stream: RECEIVE bytes=52 buffers=1 pending=0
[hidra] snapshot v1 mods=0x0 pressed=1
[msquic] stream: RECEIVE bytes=52 buffers=1 pending=0
[lat] dt_ms=58.6063 cmd=down key=s
[lat] dt_ms=77.6383 cmd=up key=r
[msquic] stream: RECEIVE bytes=52 buffers=1 pending=0
[lat] dt_ms=56.2455 cmd=down key=t
[watchdog] key=23 age_ms=568.201
[lat] dt_ms=73.834 cmd=up key=s
[lat] dt_ms=54.7024 cmd=up key=t
[msquic] stream: RECEIVE bytes=52 buffers=1 pending=0
[msquic] stream: RECEIVE bytes=52 buffers=1 pending=0
[lat] dt_ms=60.1638 cmd=down key=u
[heal] key=24 heal_ms=54.9362
[heal] key=23 heal_ms=75.9988
[msquic] stream: RECEIVE bytes=52 buffers=1 pending=0
[msquic] stream: RECEIVE bytes=52 buffers=1 pending=0
[lat] dt_ms=64.3574 cmd=up key=u
[msquic] stream: RECEIVE bytes=52 buffers=1 pending=0
[heal] key=25 heal_ms=53.5772
[msquic] stream: RECEIVE bytes=52 buffers=1 pending=0
[lat] dt_ms=70.4644 cmd=down key=v
[lat] dt_ms=61.9764 cmd=up key=v
[msquic] stream: RECEIVE bytes=104 buffers=1 pending=0
[lat] dt_ms=66.2027 cmd=down key=w
[lat] dt_ms=47.0924 cmd=down key=x
[watchdog] key=27 age_ms=565.297
[lat] dt_ms=41.4941 cmd=down key=y
[watchdog] key=28 age_ms=533.329
[lat] dt_ms=75.1007 cmd=up key=w
[msquic] stream: RECEIVE bytes=52 buffers=1 pending=0
[msquic] stream: RECEIVE bytes=52 buffers=1 pending=0
[msquic] stream: RECEIVE bytes=52 buffers=1 pending=0
[heal] key=27 heal_ms=69.5073
[msquic] stream: RECEIVE bytes=52 buffers=1 pending=0
[msquic] stream: RECEIVE bytes=52 buffers=1 pending=0
[lat] dt_ms=41.6141 cmd=down key=z
[lat] dt_ms=72.8319 cmd=up key=x
[watchdog] key=29 age_ms=542.013
[heal] key=28 heal_ms=52.9328
[msquic] stream: RECEIVE bytes=52 buffers=1 pending=0
[lat] dt_ms=43.6704 cmd=up key=z
[msquic] stream: RECEIVE bytes=52 buffers=1 pending=0
[lat] dt_ms=79.678 cmd=up key=y
[heal] key=29 heal_ms=61.1352
[msquic] stream: RECEIVE bytes=52 buffers=1 pending=0
[msquic] stream: RECEIVE bytes=52 buffers=1 pending=0
[stuck] key=40 age_ms=545.819
[lat] dt_ms=68.6102 cmd=down key=ENTER
[msquic] stream: RECEIVE bytes=52 buffers=1 pending=0
[lat] dt_ms=51.0674 cmd=down key=a
[lat] dt_ms=63.2709 cmd=up key=ENTER
[lat] dt_ms=43.744 cmd=up key=a
[msquic] stream: RECEIVE bytes=52 buffers=1 pending=0
[msquic] stream: RECEIVE bytes=52 buffers=1 pending=0
[msquic] stream: RECEIVE bytes=52 buffers=1 pending=0
[lat] dt_ms=58.1244 cmd=up key=b
[lat] dt_ms=72.7182 cmd=down key=b
[heal] key=4 heal_ms=90.0041
[msquic] stream: RECEIVE bytes=52 buffers=1 pending=0
[lat] dt_ms=62.0253 cmd=down key=c
[heal] key=6 heal_ms=53.535
[msquic] stream: RECEIVE bytes=52 buffers=1 pending=0
[lat] dt_ms=60.8673 cmd=up key=c
[msquic] stream: RECEIVE bytes=52 buffers=1 pending=0
[msquic] stream: RECEIVE bytes=52 buffers=2 pending=0
[stuck] key=7 age_ms=568.826
[heal] key=7 heal_ms=614.903
[msquic] stream: RECEIVE bytes=52 buffers=1 pending=0
[lat] dt_ms=61.1756 cmd=down key=d
[hidra] progress: rx=1127 emits=1613 quic_snapshots=868 socket=connected
[lat] dt_ms=48.4788 cmd=up key=e
[lat] dt_ms=69.9907 cmd=up key=d
[msquic] stream: RECEIVE bytes=52 buffers=1 pending=0
[msquic] stream: RECEIVE bytes=52 buffers=1 pending=0
[lat] dt_ms=79.318 cmd=down key=e
[lat] dt_ms=42.0998 cmd=down key=g
[lat] dt_ms=53.7981 cmd=up key=f
[watchdog] key=10 age_ms=547.51
[watchdog] key=8 age_ms=598.506
[lat] dt_ms=42.3646 cmd=up key=g
[msquic] stream: RECEIVE bytes=52 buffers=1 pending=0
[lat] dt_ms=78.831 cmd=down key=f
[msquic] stream: RECEIVE bytes=52 buffers=1 pending=0
[msquic] stream: RECEIVE bytes=52 buffers=1 pending=0
[msquic] stream: RECEIVE bytes=52 buffers=1 pending=0
[lat] dt_ms=51.1615 cmd=down key=h
[watchdog] key=11 age_ms=540.883
[lat] dt_ms=49.0942 cmd=up key=h
[heal] key=10 heal_ms=71.9613
[msquic] stream: RECEIVE bytes=52 buffers=1 pending=0
[lat] dt_ms=47.163 cmd=down key=i
[watchdog] key=12 age_ms=570.496
[heal] key=11 heal_ms=68.846
[msquic] stream: RECEIVE bytes=104 buffers=1 pending=0
[msquic] stream: RECEIVE bytes=52 buffers=1 pending=0
[lat] dt_ms=53.8933 cmd=up key=j
[lat] dt_ms=66.5887 cmd=down key=j
[lat] dt_ms=78.4195 cmd=up key=i
[msquic] stream: RECEIVE bytes=52 buffers=1 pending=0
[msquic] stream: RECEIVE bytes=52 buffers=1 pending=0
[msquic] stream: RECEIVE bytes=52 buffers=1 pending=0
[lat] dt_ms=47.3754 cmd=up key=k
[msquic] stream: RECEIVE bytes=52 buffers=1 pending=0
[msquic] stream: RECEIVE bytes=104 buffers=1 pending=0
[lat] dt_ms=68.3051 cmd=down key=k
[lat] dt_ms=52.7499 cmd=up key=l
[heal] key=14 heal_ms=74.641
[msquic] stream: RECEIVE bytes=52 buffers=1 pending=0
[msquic] stream: RECEIVE bytes=52 buffers=1 pending=0
[lat] dt_ms=73.5402 cmd=down key=l
[heal] key=15 heal_ms=80.8713
[msquic] stream: RECEIVE bytes=52 buffers=1 pending=0
[stuck] key=17 age_ms=556.675
[lat] dt_ms=51.0366 cmd=down key=n
[lat] dt_ms=73.605 cmd=down key=m
[lat] dt_ms=42.581 cmd=up key=n
[lat] dt_ms=65.7831 cmd=up key=m
[msquic] stream: RECEIVE bytes=52 buffers=1 pending=0
[heal] key=16 heal_ms=77.397
[msquic] stream: RECEIVE bytes=52 buffers=1 pending=0
[msquic] stream: RECEIVE bytes=52 buffers=1 pending=0
[msquic] stream: RECEIVE bytes=52 buffers=1 pending=0
[lat] dt_ms=67.019 cmd=down key=o
[watchdog] key=18 age_ms=587.243
[msquic] stream: RECEIVE bytes=52 buffers=1 pending=0
[msquic] stream: RECEIVE bytes=104 buffers=1 pending=0
[lat] dt_ms=73.2103 cmd=up key=o
[lat] dt_ms=53.6572 cmd=up key=p
[lat] dt_ms=40.6233 cmd=up key=q
[msquic] stream: RECEIVE bytes=52 buffers=1 pending=0
[msquic] stream: RECEIVE bytes=52 buffers=1 pending=0
[lat] dt_ms=69.0319 cmd=down key=q
[msquic] stream: RECEIVE bytes=52 buffers=1 pending=0
[heal] key=20 heal_ms=67.066
[msquic] stream: RECEIVE bytes=52 buffers=1 pending=0
[stuck] key=21 age_ms=535.254
[heal] key=21 heal_ms=51.596
[msquic] stream: RECEIVE bytes=52 buffers=1 pending=0
[lat] dt_ms=73.3143 cmd=down key=r
[msquic] stream: RECEIVE bytes=52 buffers=1 pending=0
[stuck] key=22 age_ms=537.623
[lat] dt_ms=71.3248 cmd=up key=r
[msquic] stream: RECEIVE bytes=52 buffers=1 pending=0
[lat] dt_ms=50.4196 cmd=down key=t
[lat] dt_ms=74.455 cmd=down key=s
[lat] dt_ms=65.1328 cmd=up key=s
[watchdog] key=23 age_ms=547.131
[msquic] stream: RECEIVE bytes=52 buffers=1 pending=0
[msquic] stream: RECEIVE bytes=52 buffers=1 pending=0
[msquic] stream: RECEIVE bytes=52 buffers=1 pending=0
[stuck] key=24 age_ms=545.107
[msquic] stream: RECEIVE bytes=52 buffers=1 pending=0
[lat] dt_ms=69.2034 cmd=up key=t
[lat] dt_ms=49.3223 cmd=up key=u
[lat] dt_ms=60.7332 cmd=down key=u
[msquic] stream: RECEIVE bytes=52 buffers=1 pending=0
[lat] dt_ms=40.9634 cmd=up key=v
[msquic] stream: RECEIVE bytes=52 buffers=1 pending=0
[lat] dt_ms=60.8216 cmd=down key=v
[msquic] stream: RECEIVE bytes=104 buffers=1 pending=0
[stuck] key=26 age_ms=532.436
[lat] dt_ms=44.0433 cmd=up key=w
[lat] dt_ms=71.9818 cmd=down key=w
[heal] key=26 heal_ms=67.6197
[msquic] stream: RECEIVE bytes=52 buffers=1 pending=0
[lat] dt_ms=46.4459 cmd=up key=x
[msquic] stream: RECEIVE bytes=52 buffers=1 pending=0
[msquic] stream: RECEIVE bytes=52 buffers=1 pending=0
[lat] dt_ms=68.6321 cmd=down key=x
[msquic] stream: RECEIVE bytes=52 buffers=1 pending=0
[stuck] key=28 age_ms=536.011
[msquic] stream: RECEIVE bytes=52 buffers=1 pending=0
[lat] dt_ms=68.558 cmd=down key=y
[heal] key=28 heal_ms=59.5599
[msquic] stream: RECEIVE bytes=52 buffers=1 pending=0
[msquic] stream: RECEIVE bytes=52 buffers=1 pending=0
[lat] dt_ms=68.9831 cmd=up key=y
[msquic] stream: RECEIVE bytes=52 buffers=1 pending=0
[stuck] key=29 age_ms=581.54
[msquic] stream: RECEIVE bytes=52 buffers=1 pending=0
[lat] dt_ms=77.6561 cmd=down key=z
[lat] dt_ms=77.7445 cmd=up key=z
[msquic] stream: RECEIVE bytes=52 buffers=1 pending=0
[lat] dt_ms=75.2795 cmd=down key=ENTER
[lat] dt_ms=58.8658 cmd=down key=a
[watchdog] key=4 age_ms=551.202
[watchdog] key=40 age_ms=584.837
[lat] dt_ms=73.1732 cmd=up key=ENTER
[msquic] stream: RECEIVE bytes=52 buffers=1 pending=0
[msquic] stream: RECEIVE bytes=52 buffers=1 pending=0
[lat] dt_ms=66.9445 cmd=up key=a
[msquic] stream: RECEIVE bytes=52 buffers=1 pending=0
[lat] dt_ms=70.3041 cmd=down key=b
[heal] key=5 heal_ms=61.1715
[msquic] stream: RECEIVE bytes=52 buffers=1 pending=0
[msquic] stream: RECEIVE bytes=52 buffers=1 pending=0
[msquic] stream: RECEIVE bytes=52 buffers=1 pending=0
[lat] dt_ms=61.3928 cmd=down key=c
[lat] dt_ms=74.1279 cmd=up key=b
[watchdog] key=6 age_ms=1151.88
[msquic] stream: RECEIVE bytes=52 buffers=1 pending=0
[lat] dt_ms=60.6119 cmd=down key=d
[msquic] stream: RECEIVE bytes=52 buffers=1 pending=0
[lat] dt_ms=76.2826 cmd=up key=c
[msquic] stream: RECEIVE bytes=52 buffers=1 pending=0
[msquic] stream: RECEIVE bytes=52 buffers=1 pending=0
[lat] dt_ms=64.7425 cmd=down key=e
[heal] key=7 heal_ms=75.2914
[msquic] stream: RECEIVE bytes=52 buffers=1 pending=0
[lat] dt_ms=77.5927 cmd=up key=d
[lat] dt_ms=43.0627 cmd=up key=f
[msquic] stream: RECEIVE bytes=52 buffers=1 pending=0
[heal] key=9 heal_ms=52.4791
[msquic] stream: RECEIVE bytes=52 buffers=1 pending=0
[lat] dt_ms=64.4524 cmd=down key=f
[msquic] stream: RECEIVE bytes=52 buffers=1 pending=0
[lat] dt_ms=78.4002 cmd=up key=e
[lat] dt_ms=50.6698 cmd=down key=g
[watchdog] key=10 age_ms=551.952
[msquic] stream: RECEIVE bytes=52 buffers=1 pending=0
[lat] dt_ms=62.6559 cmd=up key=g
[msquic] stream: RECEIVE bytes=52 buffers=1 pending=0
[lat] dt_ms=42.7911 cmd=down key=i
[msquic] stream: RECEIVE bytes=52 buffers=1 pending=0
[msquic] stream: RECEIVE bytes=52 buffers=1 pending=0
[lat] dt_ms=70.433 cmd=down key=h
[msquic] stream: RECEIVE bytes=52 buffers=1 pending=0
[lat] dt_ms=70.1601 cmd=up key=h
[msquic] stream: RECEIVE bytes=52 buffers=1 pending=0
[msquic] stream: RECEIVE bytes=104 buffers=1 pending=0
[heal] key=12 heal_ms=76.1343
[msquic] stream: RECEIVE bytes=52 buffers=1 pending=0
[lat] dt_ms=77.1746 cmd=up key=i
[heal] key=13 heal_ms=57.5852
[msquic] stream: RECEIVE bytes=52 buffers=1 pending=0
[stuck] key=14 age_ms=548.361
[lat] dt_ms=61.8496 cmd=up key=j
[lat] dt_ms=52.5989 cmd=down key=k
[lat] dt_ms=75.2412 cmd=down key=j
[msquic] stream: RECEIVE bytes=52 buffers=1 pending=0
[msquic] stream: RECEIVE bytes=52 buffers=1 pending=0
[lat] dt_ms=75.9058 cmd=up key=k
[msquic] stream: RECEIVE bytes=52 buffers=2 pending=0
[lat] dt_ms=69.9022 cmd=down key=l
[lat] dt_ms=62.7681 cmd=up key=l
[lat] dt_ms=53.2822 cmd=down key=m
[watchdog] key=16 age_ms=548.709
[lat] dt_ms=48.732 cmd=up key=m
[msquic] stream: RECEIVE bytes=52 buffers=1 pending=0
[msquic] stream: RECEIVE bytes=52 buffers=1 pending=0
[heal] key=16 heal_ms=56.6125
[msquic] stream: RECEIVE bytes=52 buffers=1 pending=0
[lat] dt_ms=48.4977 cmd=down key=n
[watchdog] key=17 age_ms=557.323
[msquic] stream: RECEIVE bytes=52 buffers=1 pending=0
[msquic] stream: RECEIVE bytes=52 buffers=1 pending=0
[stuck] key=18 age_ms=529.666
[msquic] stream: RECEIVE bytes=52 buffers=1 pending=0
[lat] dt_ms=61.3459 cmd=up key=n
[msquic] stream: RECEIVE bytes=52 buffers=1 pending=0
[lat] dt_ms=78.5052 cmd=down key=o
[lat] dt_ms=70.0165 cmd=up key=o
[msquic] stream: RECEIVE bytes=52 buffers=1 pending=0
[msquic] stream: RECEIVE bytes=52 buffers=1 pending=0
[stuck] key=19 age_ms=568.839
[lat] dt_ms=41.2511 cmd=up key=q
[lat] dt_ms=76.2686 cmd=down key=p
[lat] dt_ms=70.7383 cmd=up key=p
[lat] dt_ms=67.5978 cmd=down key=q
[heal] key=20 heal_ms=59.0577
[msquic] stream: RECEIVE bytes=52 buffers=1 pending=0
[msquic] stream: RECEIVE bytes=52 buffers=1 pending=0
[lat] dt_ms=62.2973 cmd=down key=r
[msquic] stream: RECEIVE bytes=104 buffers=1 pending=0
[lat] dt_ms=70.7143 cmd=up key=r
[msquic] stream: RECEIVE bytes=52 buffers=1 pending=0
[lat] dt_ms=58.8834 cmd=up key=s
[hidra] snapshot v1 mods=0x0 pressed=0
[msquic] stream: RECEIVE bytes=52 buffers=1 pending=0
[lat] dt_ms=67.1798 cmd=down key=t
[watchdog] key=23 age_ms=554.32
[msquic] stream: RECEIVE bytes=52 buffers=1 pending=0
[lat] dt_ms=48.501 cmd=up key=u
[msquic] stream: RECEIVE bytes=52 buffers=1 pending=0
[msquic] stream: RECEIVE bytes=52 buffers=1 pending=0
[lat] dt_ms=73.8117 cmd=up key=t
[lat] dt_ms=63.361 cmd=down key=u
[msquic] stream: RECEIVE bytes=52 buffers=1 pending=0
[msquic] stream: RECEIVE bytes=52 buffers=1 pending=0
[msquic] stream: RECEIVE bytes=52 buffers=1 pending=0
[lat] dt_ms=56.7076 cmd=down key=v
[heal] key=25 heal_ms=66.1216
[msquic] stream: RECEIVE bytes=52 buffers=1 pending=0
[msquic] stream: RECEIVE bytes=52 buffers=1 pending=0
[msquic] stream: RECEIVE bytes=52 buffers=1 pending=0
[msquic] stream: RECEIVE bytes=52 buffers=1 pending=0
[lat] dt_ms=58.4009 cmd=up key=w
[lat] dt_ms=79.1737 cmd=up key=v
[lat] dt_ms=69.7846 cmd=down key=w
[stuck] key=27 age_ms=547.202
[heal] key=26 heal_ms=66.7741
[heal] key=27 heal_ms=611.471
[msquic] stream: RECEIVE bytes=52 buffers=1 pending=0
[lat] dt_ms=61.0453 cmd=down key=x
[lat] dt_ms=41.9909 cmd=down key=y
[watchdog] key=28 age_ms=551.935
[lat] dt_ms=41.1358 cmd=up key=y
[lat] dt_ms=63.982 cmd=up key=x
[msquic] stream: RECEIVE bytes=52 buffers=1 pending=0
[msquic] stream: RECEIVE bytes=52 buffers=1 pending=0
[heal] key=28 heal_ms=64.3155
[msquic] stream: RECEIVE bytes=52 buffers=1 pending=0
[lat] dt_ms=45.1596 cmd=up key=z
[lat] dt_ms=55.8419 cmd=down key=z
[msquic] stream: RECEIVE bytes=52 buffers=1 pending=0
[msquic] stream: RECEIVE bytes=52 buffers=1 pending=0
[lat] dt_ms=50.5804 cmd=down key=ENTER
[watchdog] key=40 age_ms=1128.18
[msquic] stream: RECEIVE bytes=52 buffers=1 pending=0
[lat] dt_ms=60.9301 cmd=up key=ENTER
[lat] dt_ms=54.4294 cmd=down key=a
[watchdog] key=4 age_ms=545.676
[lat] dt_ms=42.6148 cmd=down key=b
[msquic] stream: RECEIVE bytes=52 buffers=1 pending=0
[msquic] stream: RECEIVE bytes=52 buffers=1 pending=0
[lat] dt_ms=54.9459 cmd=up key=b
[heal] key=4 heal_ms=76.4215
[msquic] stream: RECEIVE bytes=52 buffers=1 pending=0
[lat] dt_ms=77.6194 cmd=up key=a
[lat] dt_ms=41.8707 cmd=up key=c
[msquic] stream: RECEIVE bytes=52 buffers=1 pending=0
[lat] dt_ms=44.0249 cmd=down key=d
[msquic] stream: RECEIVE bytes=52 buffers=1 pending=0
[heal] key=5 heal_ms=79.2615
[msquic] stream: RECEIVE bytes=52 buffers=1 pending=0
[msquic] stream: RECEIVE bytes=52 buffers=1 pending=0
[lat] dt_ms=80.4714 cmd=down key=c
[lat] dt_ms=49.3194 cmd=up key=d
[msquic] stream: RECEIVE bytes=52 buffers=1 pending=0
[msquic] stream: RECEIVE bytes=52 buffers=1 pending=0
[msquic] stream: RECEIVE bytes=52 buffers=1 pending=0
[heal] key=7 heal_ms=76.5628
[msquic] stream: RECEIVE bytes=52 buffers=1 pending=0
[lat] dt_ms=49.7189 cmd=down key=f
[watchdog] key=9 age_ms=552.819
[stuck] key=8 age_ms=549.743
[msquic] stream: RECEIVE bytes=52 buffers=1 pending=0
[msquic] stream: RECEIVE bytes=52 buffers=1 pending=0
[lat] dt_ms=52.9369 cmd=up key=f
[lat] dt_ms=75.8456 cmd=up key=e
[msquic] stream: RECEIVE bytes=52 buffers=1 pending=0
[stuck] key=10 age_ms=543.029
[lat] dt_ms=57.8099 cmd=down key=g
[lat] dt_ms=53.3911 cmd=up key=g
[msquic] stream: RECEIVE bytes=52 buffers=1 pending=0
[lat] dt_ms=48.6842 cmd=down key=h
[watchdog] key=11 age_ms=547.284
[msquic] stream: RECEIVE bytes=52 buffers=1 pending=0
[lat] dt_ms=53.5114 cmd=up key=h
[msquic] stream: RECEIVE bytes=52 buffers=1 pending=0
[lat] dt_ms=48.3793 cmd=down key=i
[watchdog] key=12 age_ms=534.265
[msquic] stream: RECEIVE bytes=52 buffers=1 pending=0
[msquic] stream: RECEIVE bytes=52 buffers=1 pending=0
[msquic] stream: RECEIVE bytes=52 buffers=1 pending=0
[lat] dt_ms=48.6173 cmd=down key=j
[lat] dt_ms=64.122 cmd=up key=i
[lat] dt_ms=45.1266 cmd=up key=j
[msquic] stream: RECEIVE bytes=52 buffers=1 pending=0
[msquic] stream: RECEIVE bytes=52 buffers=1 pending=0
[lat] dt_ms=49.6189 cmd=down key=k
[heal] key=13 heal_ms=66.1615
[msquic] stream: RECEIVE bytes=52 buffers=1 pending=0
[heal] key=14 heal_ms=614.732
[msquic] stream: RECEIVE bytes=52 buffers=1 pending=0
[lat] dt_ms=59.2773 cmd=down key=l
[msquic] stream: RECEIVE bytes=52 buffers=1 pending=0
[lat] dt_ms=75.4779 cmd=up key=k
[msquic] stream: RECEIVE bytes=52 buffers=1 pending=0
[lat] dt_ms=69.8876 cmd=up key=l
[msquic] stream: RECEIVE bytes=52 buffers=1 pending=0
[heal] key=16 heal_ms=51.2678
[msquic] stream: RECEIVE bytes=52 buffers=1 pending=0
[lat] dt_ms=77.8412 cmd=down key=m
[lat] dt_ms=58.967 cmd=down key=n
[watchdog] key=17 age_ms=554.868
[lat] dt_ms=75.7254 cmd=up key=m
[msquic] stream: RECEIVE bytes=104 buffers=1 pending=0
[msquic] stream: RECEIVE bytes=52 buffers=1 pending=0
[lat] dt_ms=60.1547 cmd=up key=n
[msquic] stream: RECEIVE bytes=52 buffers=1 pending=0
[msquic] stream: RECEIVE bytes=52 buffers=1 pending=0
[stuck] key=18 age_ms=549.668
[msquic] stream: RECEIVE bytes=52 buffers=1 pending=0
[lat] dt_ms=74.588 cmd=down key=o
[heal] key=18 heal_ms=635.999
[msquic] stream: RECEIVE bytes=52 buffers=1 pending=0
[stuck] key=19 age_ms=547.769
[lat] dt_ms=73.7856 cmd=up key=o
[lat] dt_ms=54.1242 cmd=up key=p
[lat] dt_ms=70.3809 cmd=down key=p
[msquic] stream: RECEIVE bytes=52 buffers=1 pending=0
[msquic] stream: RECEIVE bytes=52 buffers=1 pending=0
[stuck] key=20 age_ms=560.634
[lat] dt_ms=63.7987 cmd=down key=q
[heal] key=20 heal_ms=64.8102
[msquic] stream: RECEIVE bytes=52 buffers=1 pending=0
[heal] key=21 heal_ms=49.1437
[msquic] stream: RECEIVE bytes=52 buffers=1 pending=0
[lat] dt_ms=71.1713 cmd=up key=q
[lat] dt_ms=61.7342 cmd=down key=r
[msquic] stream: RECEIVE bytes=52 buffers=1 pending=0
[lat] dt_ms=68.9719 cmd=up key=r
[lat] dt_ms=59.4978 cmd=down key=s
[watchdog] key=22 age_ms=558.699
[msquic] stream: RECEIVE bytes=52 buffers=1 pending=0
[msquic] stream: RECEIVE bytes=52 buffers=1 pending=0
[msquic] stream: RECEIVE bytes=52 buffers=1 pending=0
[lat] dt_ms=68.9893 cmd=down key=t
[watchdog] key=23 age_ms=550.87
[msquic] stream: RECEIVE bytes=52 buffers=1 pending=0
[msquic] stream: RECEIVE bytes=104 buffers=1 pending=0
[stuck] key=24 age_ms=562.074
[lat] dt_ms=44.3363 cmd=down key=v
[lat] dt_ms=75.7582 cmd=up key=t
[heal] key=24 heal_ms=54.7561
[msquic] stream: RECEIVE bytes=52 buffers=1 pending=0
[msquic] stream: RECEIVE bytes=52 buffers=1 pending=0
[lat] dt_ms=74.6205 cmd=down key=u
[lat] dt_ms=65.401 cmd=up key=u
[msquic] stream: RECEIVE bytes=52 buffers=1 pending=0
[lat] dt_ms=56.469 cmd=down key=w
[watchdog] key=26 age_ms=567.759
[msquic] stream: RECEIVE bytes=52 buffers=1 pending=0
[lat] dt_ms=74.0643 cmd=up key=v
[lat] dt_ms=46.5518 cmd=down key=x
[watchdog] key=27 age_ms=567.215
[msquic] stream: RECEIVE bytes=52 buffers=1 pending=0
[lat] dt_ms=60.6019 cmd=up key=w
[msquic] stream: RECEIVE bytes=52 buffers=1 pending=0
[msquic] stream: RECEIVE bytes=52 buffers=1 pending=0
[msquic] stream: RECEIVE bytes=52 buffers=1 pending=0
[lat] dt_ms=61.2887 cmd=up key=x
[msquic] stream: RECEIVE bytes=52 buffers=1 pending=0
[lat] dt_ms=63.5869 cmd=down key=y
[heal] key=28 heal_ms=58.6207
[msquic] stream: RECEIVE bytes=52 buffers=1 pending=0
[lat] dt_ms=59.6723 cmd=up key=y
[lat] dt_ms=52.7067 cmd=down key=z
[watchdog] key=29 age_ms=568.269
[msquic] stream: RECEIVE bytes=52 buffers=1 pending=0
[lat] dt_ms=52.5312 cmd=up key=z
[msquic] stream: RECEIVE bytes=104 buffers=1 pending=0
[msquic] stream: RECEIVE bytes=52 buffers=1 pending=0
[lat] dt_ms=49.3537 cmd=up key=ENTER
[msquic] stream: RECEIVE bytes=52 buffers=1 pending=0
[lat] dt_ms=65.3727 cmd=down key=ENTER
[msquic] stream: RECEIVE bytes=52 buffers=1 pending=0
[lat] dt_ms=40.814 cmd=down key=b
[watchdog] key=5 age_ms=522.312
[lat] dt_ms=53.5056 cmd=up key=a
[lat] dt_ms=67.0849 cmd=down key=a
[heal] key=4 heal_ms=62.9455
[msquic] stream: RECEIVE bytes=52 buffers=1 pending=0
[msquic] stream: RECEIVE bytes=52 buffers=1 pending=0
[msquic] stream: RECEIVE bytes=52 buffers=1 pending=0
[lat] dt_ms=43.0403 cmd=down key=c
[lat] dt_ms=57.888 cmd=up key=b
[watchdog] key=6 age_ms=560.818
[msquic] stream: RECEIVE bytes=104 buffers=1 pending=0
[msquic] stream: RECEIVE bytes=52 buffers=1 pending=0
[lat] dt_ms=63.5742 cmd=up key=c
[msquic] stream: RECEIVE bytes=52 buffers=1 pending=0
[msquic] stream: RECEIVE bytes=52 buffers=1 pending=0
[stuck] key=7 age_ms=566.817
[lat] dt_ms=46.0115 cmd=down key=e
[lat] dt_ms=57.7545 cmd=up key=d
[watchdog] key=8 age_ms=549.683
[lat] dt_ms=74.4341 cmd=down key=d
[msquic] stream: RECEIVE bytes=52 buffers=1 pending=0
[heal] key=8 heal_ms=54.6148
[msquic] stream: RECEIVE bytes=52 buffers=1 pending=0
[msquic] stream: RECEIVE bytes=52 buffers=1 pending=0
[msquic] stream: RECEIVE bytes=52 buffers=1 pending=0
[lat] dt_ms=78.4364 cmd=up key=e
[lat] dt_ms=68.9387 cmd=down key=f
[msquic] stream: RECEIVE bytes=52 buffers=1 pending=0
[lat] dt_ms=49.3131 cmd=down key=g
[watchdog] key=10 age_ms=556.789
[lat] dt_ms=71.2938 cmd=up key=f
[msquic] stream: RECEIVE bytes=52 buffers=1 pending=0
[msquic] stream: RECEIVE bytes=52 buffers=1 pending=0
[msquic] stream: RECEIVE bytes=52 buffers=1 pending=0
[lat] dt_ms=65.1163 cmd=up key=g
[lat] dt_ms=59.7726 cmd=down key=h
[msquic] stream: RECEIVE bytes=52 buffers=1 pending=0
[msquic] stream: RECEIVE bytes=52 buffers=1 pending=0
[lat] dt_ms=55.8628 cmd=down key=i
[watchdog] key=12 age_ms=1107.97
[heal] key=11 heal_ms=76.4403
[msquic] stream: RECEIVE bytes=52 buffers=1 pending=0
[lat] dt_ms=77.7166 cmd=up key=h
[lat] dt_ms=51.6193 cmd=down key=j
[msquic] stream: RECEIVE bytes=52 buffers=1 pending=0
[lat] dt_ms=51.3333 cmd=up key=j
[heal] key=12 heal_ms=73.4973
[msquic] stream: RECEIVE bytes=52 buffers=1 pending=0
[lat] dt_ms=79.8754 cmd=up key=i
[msquic] stream: RECEIVE bytes=52 buffers=1 pending=0
[lat] dt_ms=60.9117 cmd=down key=k
[heal] key=14 heal_ms=618.541
[heal] key=13 heal_ms=74.6186
[msquic] stream: RECEIVE bytes=52 buffers=1 pending=0
[msquic] stream: RECEIVE bytes=52 buffers=1 pending=0
[lat] dt_ms=64.2064 cmd=up key=k
[msquic] stream: RECEIVE bytes=52 buffers=1 pending=0
[lat] dt_ms=43.4287 cmd=down key=m
[watchdog] key=16 age_ms=549.176
[lat] dt_ms=68.6204 cmd=down key=l
[heal] key=15 heal_ms=59.0646
[msquic] stream: RECEIVE bytes=52 buffers=1 pending=0
[lat] dt_ms=41.0684 cmd=up key=m
[msquic] stream: RECEIVE bytes=52 buffers=1 pending=0
[msquic] stream: RECEIVE bytes=52 buffers=1 pending=0
[lat] dt_ms=41.4452 cmd=down key=n
[watchdog] key=17 age_ms=540.697
[lat] dt_ms=77.0249 cmd=up key=l
[msquic] stream: RECEIVE bytes=52 buffers=1 pending=0
[lat] dt_ms=43.4723 cmd=up key=n
[msquic] stream: RECEIVE bytes=52 buffers=1 pending=0
[heal] key=16 heal_ms=69.7316
[msquic] stream: RECEIVE bytes=52 buffers=1 pending=0
[msquic] stream: RECEIVE bytes=52 buffers=1 pending=0
[lat] dt_ms=41.4949 cmd=down key=o
[watchdog] key=18 age_ms=538.703
[lat] dt_ms=42.721 cmd=down key=p
[heal] key=19 heal_ms=600.951
[msquic] stream: RECEIVE bytes=52 buffers=1 pending=0
[msquic] stream: RECEIVE bytes=52 buffers=1 pending=0
[lat] dt_ms=65.739 cmd=up key=o
[lat] dt_ms=44.8107 cmd=up key=p
[lat] dt_ms=44.0387 cmd=down key=q
[watchdog] key=20 age_ms=554.607
[msquic] stream: RECEIVE bytes=52 buffers=1 pending=0
[heal] key=19 heal_ms=64.539
[msquic] stream: RECEIVE bytes=52 buffers=1 pending=0
[lat] dt_ms=54.7897 cmd=up key=q
[msquic] stream: RECEIVE bytes=52 buffers=1 pending=0
[lat] dt_ms=53.9973 cmd=down key=r
[lat] dt_ms=46.7667 cmd=up key=r
[msquic] stream: RECEIVE bytes=104 buffers=1 pending=0
[lat] dt_ms=41.9668 cmd=down key=s
[watchdog] key=22 age_ms=534.178
[heal] key=21 heal_ms=75.745
[hidra] snapshot v1 mods=0x0 pressed=0
[msquic] stream: RECEIVE bytes=104 buffers=1 pending=0
[lat] dt_ms=59.1943 cmd=up key=s
[hidra] progress: rx=1412 emits=2015 quic_snapshots=1081 socket=connected
[msquic] stream: RECEIVE bytes=52 buffers=1 pending=0
[stuck] key=23 age_ms=537.895
[msquic] stream: RECEIVE bytes=104 buffers=1 pending=0
[lat] dt_ms=64.432 cmd=down key=t
[lat] dt_ms=54.7087 cmd=down key=u
[lat] dt_ms=65.4447 cmd=up key=t
[watchdog] key=24 age_ms=566.617
[msquic] stream: RECEIVE bytes=52 buffers=1 pending=0
[lat] dt_ms=58.129 cmd=up key=u
[lat] dt_ms=53.1214 cmd=down key=v
[watchdog] key=25 age_ms=574.036
[lat] dt_ms=56.2099 cmd=up key=v
[msquic] stream: RECEIVE bytes=52 buffers=1 pending=0
[msquic] stream: RECEIVE bytes=52 buffers=1 pending=0
[msquic] stream: RECEIVE bytes=52 buffers=1 pending=0
[msquic] stream: RECEIVE bytes=52 buffers=1 pending=0
[lat] dt_ms=60.633 cmd=up key=w
[msquic] stream: RECEIVE bytes=52 buffers=1 pending=0
[lat] dt_ms=74.1461 cmd=down key=w
[lat] dt_ms=55.3912 cmd=down key=x
[watchdog] key=27 age_ms=549.706
[msquic] stream: RECEIVE bytes=52 buffers=1 pending=0
[lat] dt_ms=51.7309 cmd=up key=x
[msquic] stream: RECEIVE bytes=52 buffers=1 pending=0
[lat] dt_ms=52.7221 cmd=down key=y
[watchdog] key=28 age_ms=559.525
[heal] key=26 heal_ms=91.1976
[msquic] stream: RECEIVE bytes=52 buffers=1 pending=0
[heal] key=27 heal_ms=77.9294
[msquic] stream: RECEIVE bytes=52 buffers=1 pending=0
[lat] dt_ms=55.8387 cmd=down key=z
[heal] key=29 heal_ms=614.577
[msquic] stream: RECEIVE bytes=52 buffers=1 pending=0
[lat] dt_ms=50.6084 cmd=up key=z
[heal] key=28 heal_ms=78.1101
[msquic] stream: RECEIVE bytes=52 buffers=1 pending=0
[lat] dt_ms=80.1124 cmd=up key=y
[lat] dt_ms=69.6045 cmd=down key=ENTER
[heal] key=29 heal_ms=80.518
[msquic] stream: RECEIVE bytes=52 buffers=1 pending=0
[heal] key=40 heal_ms=59.6404
[msquic] stream: RECEIVE bytes=52 buffers=1 pending=0
[msquic] stream: RECEIVE bytes=52 buffers=1 pending=0
[lat] dt_ms=72.3501 cmd=up key=ENTER
[msquic] stream: RECEIVE bytes=52 buffers=1 pending=0
[stuck] key=4 age_ms=570.612
[lat] dt_ms=57.3723 cmd=down key=b
[lat] dt_ms=69.1128 cmd=up key=a
[lat] dt_ms=80.4952 cmd=down key=a
[heal] key=5 heal_ms=50.2955
[msquic] stream: RECEIVE bytes=52 buffers=1 pending=0
[lat] dt_ms=46.4569 cmd=down key=c
[heal] key=6 heal_ms=602.878
[msquic] stream: RECEIVE bytes=104 buffers=2 pending=0
[msquic] stream: RECEIVE bytes=52 buffers=1 pending=0
[lat] dt_ms=72.3901 cmd=up key=b
[msquic] stream: RECEIVE bytes=52 buffers=1 pending=0
[stuck] key=7 age_ms=540.678
[lat] dt_ms=43.0536 cmd=up key=d
[msquic] stream: RECEIVE bytes=52 buffers=1 pending=0
[heal] key=6 heal_ms=67.4312
[msquic] stream: RECEIVE bytes=52 buffers=1 pending=0
[msquic] stream: RECEIVE bytes=52 buffers=1 pending=0
[lat] dt_ms=43.9881 cmd=down key=e
[lat] dt_ms=77.8774 cmd=up key=c
[watchdog] key=8 age_ms=544.136
[lat] dt_ms=74.4661 cmd=down key=d
[heal] key=7 heal_ms=71.2889
[msquic] stream: RECEIVE bytes=52 buffers=1 pending=0
[msquic] stream: RECEIVE bytes=104 buffers=1 pending=0
[lat] dt_ms=66.698 cmd=up key=e
[msquic] stream: RECEIVE bytes=52 buffers=1 pending=0
[msquic] stream: RECEIVE bytes=52 buffers=1 pending=0
[stuck] key=9 age_ms=541.969
[lat] dt_ms=66.0079 cmd=down key=f
[msquic] stream: RECEIVE bytes=52 buffers=1 pending=0
[lat] dt_ms=62.5847 cmd=down key=g
[lat] dt_ms=78.3064 cmd=up key=f
[heal] key=10 heal_ms=624.689
[msquic] stream: RECEIVE bytes=52 buffers=1 pending=0
[lat] dt_ms=60.5641 cmd=up key=g
[msquic] stream: RECEIVE bytes=52 buffers=1 pending=0
[lat] dt_ms=67.6681 cmd=down key=h
[heal] key=10 heal_ms=81.3198
[msquic] stream: RECEIVE bytes=52 buffers=1 pending=0
[heal] key=11 heal_ms=64.7989
[msquic] stream: RECEIVE bytes=52 buffers=1 pending=0
[msquic] stream: RECEIVE bytes=52 buffers=1 pending=0
[msquic] stream: RECEIVE bytes=52 buffers=1 pending=0
[lat] dt_ms=74.4381 cmd=up key=h
[lat] dt_ms=63.8873 cmd=down key=i
[lat] dt_ms=46.4062 cmd=down key=j
[watchdog] key=13 age_ms=547.684
[msquic] stream: RECEIVE bytes=52 buffers=1 pending=0
[msquic] stream: RECEIVE bytes=52 buffers=1 pending=0
[lat] dt_ms=79.827 cmd=up key=i
[lat] dt_ms=62.938 cmd=up key=j
[msquic] stream: RECEIVE bytes=52 buffers=1 pending=0
[lat] dt_ms=47.6312 cmd=up key=k
[lat] dt_ms=61.3647 cmd=down key=k
[lat] dt_ms=43.2233 cmd=down key=l
[heal] key=13 heal_ms=74.8827
[msquic] stream: RECEIVE bytes=52 buffers=1 pending=0
[msquic] stream: RECEIVE bytes=52 buffers=1 pending=0
[heal] key=15 heal_ms=47.8427
[msquic] stream: RECEIVE bytes=52 buffers=1 pending=0
[heal] key=14 heal_ms=87.3433
[msquic] stream: RECEIVE bytes=52 buffers=1 pending=0
[msquic] stream: RECEIVE bytes=52 buffers=1 pending=0
[lat] dt_ms=75.9667 cmd=up key=l
[msquic] stream: RECEIVE bytes=52 buffers=1 pending=0
[lat] dt_ms=70.6435 cmd=down key=m
[lat] dt_ms=69.5209 cmd=up key=m
[msquic] stream: RECEIVE bytes=52 buffers=1 pending=0
[heal] key=17 heal_ms=615.741
[msquic] stream: RECEIVE bytes=52 buffers=1 pending=0
[lat] dt_ms=66.3851 cmd=down key=n
[lat] dt_ms=61.6958 cmd=down key=o
[lat] dt_ms=72.4192 cmd=up key=n
[heal] key=16 heal_ms=93.5939
[msquic] stream: RECEIVE bytes=52 buffers=1 pending=0
[heal] key=18 heal_ms=628.83
[msquic] stream: RECEIVE bytes=52 buffers=1 pending=0
[lat] dt_ms=66.3418 cmd=up key=o
[msquic] stream: RECEIVE bytes=52 buffers=1 pending=0
[msquic] stream: RECEIVE bytes=52 buffers=1 pending=0
[lat] dt_ms=68.4805 cmd=down key=p
[lat] dt_ms=57.7121 cmd=up key=p
[msquic] stream: RECEIVE bytes=52 buffers=1 pending=0
[msquic] stream: RECEIVE bytes=52 buffers=1 pending=0
[heal] key=19 heal_ms=73.6892
[msquic] stream: RECEIVE bytes=52 buffers=1 pending=0
[msquic] stream: RECEIVE bytes=52 buffers=1 pending=0
[lat] dt_ms=76.8153 cmd=down key=q
[msquic] stream: RECEIVE bytes=52 buffers=1 pending=0
[lat] dt_ms=68.7928 cmd=up key=q
[lat] dt_ms=48.8601 cmd=down key=s
[msquic] stream: RECEIVE bytes=104 buffers=1 pending=0
[lat] dt_ms=78.3666 cmd=down key=r
[lat] dt_ms=52.8424 cmd=up key=s
[heal] key=21 heal_ms=75.4707
[msquic] stream: RECEIVE bytes=52 buffers=1 pending=0
[lat] dt_ms=77.529 cmd=up key=r
[msquic] stream: RECEIVE bytes=52 buffers=1 pending=0
[lat] dt_ms=50.9039 cmd=down key=t
[heal] key=23 heal_ms=61.862
[msquic] stream: RECEIVE bytes=52 buffers=1 pending=0
[lat] dt_ms=71.0882 cmd=up key=t
[lat] dt_ms=60.6768 cmd=down key=u
[heal] key=24 heal_ms=620.846
[msquic] stream: RECEIVE bytes=52 buffers=1 pending=0
[lat] dt_ms=45.1883 cmd=down key=v
[heal] key=25 heal_ms=602.768
[msquic] stream: RECEIVE bytes=52 buffers=1 pending=0
[lat] dt_ms=63.1798 cmd=up key=u
[msquic] stream: RECEIVE bytes=52 buffers=1 pending=0
[lat] dt_ms=45.049 cmd=down key=w
[msquic] stream: RECEIVE bytes=52 buffers=1 pending=0
[heal] key=25 heal_ms=62.7301
[msquic] stream: RECEIVE bytes=104 buffers=1 pending=0
[lat] dt_ms=77.3215 cmd=up key=v
[heal] key=26 heal_ms=62.9232
[msquic] stream: RECEIVE bytes=52 buffers=1 pending=0
[msquic] stream: RECEIVE bytes=52 buffers=1 pending=0
[lat] dt_ms=61.1743 cmd=down key=x
[heal] key=27 heal_ms=66.061
[msquic] stream: RECEIVE bytes=52 buffers=1 pending=0
[msquic] stream: RECEIVE bytes=52 buffers=1 pending=0
[msquic] stream: RECEIVE bytes=52 buffers=1 pending=0
[lat] dt_ms=41.034 cmd=down key=z
[watchdog] key=29 age_ms=550.677
[msquic] stream: RECEIVE bytes=52 buffers=1 pending=0
[lat] dt_ms=79.9217 cmd=down key=y
[lat] dt_ms=73.2724 cmd=up key=y
[msquic] stream: RECEIVE bytes=52 buffers=1 pending=0
[lat] dt_ms=43.0539 cmd=up key=ENTER
[msquic] stream: RECEIVE bytes=52 buffers=1 pending=0
[lat] dt_ms=69.4237 cmd=up key=z
[lat] dt_ms=72.0399 cmd=down key=ENTER
[lat] dt_ms=56.1483 cmd=down key=a
[msquic] stream: RECEIVE bytes=52 buffers=1 pending=0
[msquic] stream: RECEIVE bytes=52 buffers=1 pending=0
[msquic] stream: RECEIVE bytes=52 buffers=1 pending=0
[msquic] stream: RECEIVE bytes=52 buffers=1 pending=0
[lat] dt_ms=62.1697 cmd=up key=a
[lat] dt_ms=44.4288 cmd=up key=b
[lat] dt_ms=41.938 cmd=down key=c
[heal] key=40 heal_ms=96.8127
[msquic] stream: RECEIVE bytes=52 buffers=1 pending=0
[lat] dt_ms=70.2964 cmd=down key=b
[lat] dt_ms=45.1509 cmd=up key=c
[heal] key=5 heal_ms=66.216
[msquic] stream: RECEIVE bytes=52 buffers=1 pending=0
[msquic] stream: RECEIVE bytes=104 buffers=1 pending=0
[msquic] stream: RECEIVE bytes=52 buffers=1 pending=0
[lat] dt_ms=55.3282 cmd=up key=d
[lat] dt_ms=65.7067 cmd=down key=d
[lat] dt_ms=49.092 cmd=down key=e
[lat] dt_ms=43.9448 cmd=up key=e
[msquic] stream: RECEIVE bytes=52 buffers=1 pending=0
[heal] key=8 heal_ms=59.3667
[msquic] stream: RECEIVE bytes=104 buffers=1 pending=0
[msquic] stream: RECEIVE bytes=52 buffers=1 pending=0
[lat] dt_ms=64.5108 cmd=down key=f
[watchdog] key=9 age_ms=574.481
[msquic] stream: RECEIVE bytes=52 buffers=1 pending=0
[lat] dt_ms=59.7258 cmd=down key=g
[heal] key=10 heal_ms=53.3538
[msquic] stream: RECEIVE bytes=52 buffers=1 pending=0
[lat] dt_ms=79.3886 cmd=up key=f
[msquic] stream: RECEIVE bytes=52 buffers=1 pending=0
[lat] dt_ms=66.0577 cmd=up key=g
[msquic] stream: RECEIVE bytes=52 buffers=1 pending=0
[msquic] stream: RECEIVE bytes=52 buffers=1 pending=0
[lat] dt_ms=73.7062 cmd=down key=h
[watchdog] key=11 age_ms=569.823
[msquic] stream: RECEIVE bytes=52 buffers=1 pending=0
[msquic] stream: RECEIVE bytes=52 buffers=1 pending=0
[lat] dt_ms=76.7136 cmd=up key=h
[lat] dt_ms=66.4473 cmd=down key=i
[watchdog] key=12 age_ms=585.567
[lat] dt_ms=47.1442 cmd=up key=j
[msquic] stream: RECEIVE bytes=52 buffers=1 pending=0
[msquic] stream: RECEIVE bytes=52 buffers=1 pending=0
[lat] dt_ms=76.0078 cmd=up key=i
[lat] dt_ms=73.5194 cmd=down key=j
[msquic] stream: RECEIVE bytes=52 buffers=2 pending=0
[msquic] stream: RECEIVE bytes=52 buffers=1 pending=0
[lat] dt_ms=56.9225 cmd=down key=k
[lat] dt_ms=50.4068 cmd=up key=k
[heal] key=13 heal_ms=71.6985
[msquic] stream: RECEIVE bytes=52 buffers=1 pending=0
[msquic] stream: RECEIVE bytes=52 buffers=1 pending=0
[msquic] stream: RECEIVE bytes=52 buffers=1 pending=0
[msquic] stream: RECEIVE bytes=52 buffers=1 pending=0
[lat] dt_ms=55.2007 cmd=up key=l
[lat] dt_ms=66.8197 cmd=down key=l
[watchdog] key=15 age_ms=581.773
[heal] key=14 heal_ms=83.3383
[msquic] stream: RECEIVE bytes=52 buffers=1 pending=0
[heal] key=16 heal_ms=44.7537
[msquic] stream: RECEIVE bytes=52 buffers=1 pending=0
[lat] dt_ms=59.1459 cmd=up key=m
[msquic] stream: RECEIVE bytes=52 buffers=1 pending=0
[msquic] stream: RECEIVE bytes=52 buffers=1 pending=0
[lat] dt_ms=76.2573 cmd=down key=m
[msquic] stream: RECEIVE bytes=52 buffers=1 pending=0
[lat] dt_ms=68.3365 cmd=down key=n
[heal] key=17 heal_ms=66.1217
[msquic] stream: RECEIVE bytes=52 buffers=1 pending=0
[lat] dt_ms=64.8691 cmd=down key=o
[watchdog] key=18 age_ms=572.863
[msquic] stream: RECEIVE bytes=52 buffers=1 pending=0
[lat] dt_ms=79.8863 cmd=up key=n
[msquic] stream: RECEIVE bytes=52 buffers=1 pending=0
[lat] dt_ms=42.2457 cmd=up key=p
[msquic] stream: RECEIVE bytes=52 buffers=1 pending=0
[lat] dt_ms=59.1813 cmd=down key=p
[lat] dt_ms=74.9149 cmd=up key=o
[lat] dt_ms=50.4716 cmd=down key=q
[watchdog] key=20 age_ms=545.676
[lat] dt_ms=45.5021 cmd=up key=q
[heal] key=19 heal_ms=73.978
[msquic] stream: RECEIVE bytes=52 buffers=1 pending=0
[msquic] stream: RECEIVE bytes=52 buffers=1 pending=0
[heal] key=20 heal_ms=57.7414
[msquic] stream: RECEIVE bytes=52 buffers=1 pending=0
[lat] dt_ms=51.3041 cmd=down key=r
[msquic] stream: RECEIVE bytes=52 buffers=1 pending=0
[hidra] snapshot v1 mods=0x0 pressed=0
[msquic] stream: RECEIVE bytes=52 buffers=1 pending=0
[msquic] stream: RECEIVE bytes=52 buffers=1 pending=0
[lat] dt_ms=62.5184 cmd=up key=r
[lat] dt_ms=52.0853 cmd=down key=s
[watchdog] key=22 age_ms=556.545
[msquic] stream: RECEIVE bytes=52 buffers=1 pending=0
[lat] dt_ms=66.1797 cmd=up key=s
[msquic] stream: RECEIVE bytes=104 buffers=1 pending=0
[msquic] stream: RECEIVE bytes=52 buffers=1 pending=0
[stuck] key=23 age_ms=558.302
[heal] key=23 heal_ms=64.562
[msquic] stream: RECEIVE bytes=52 buffers=1 pending=0
[stuck] key=24 age_ms=555.594
[lat] dt_ms=72.9071 cmd=up key=t
[msquic] stream: RECEIVE bytes=52 buffers=1 pending=0
[msquic] stream: RECEIVE bytes=52 buffers=1 pending=0
[lat] dt_ms=47.1902 cmd=down key=v
[watchdog] key=25 age_ms=550.833
[lat] dt_ms=62.3722 cmd=up key=u
[lat] dt_ms=78.1181 cmd=down key=u
[lat] dt_ms=49.2975 cmd=up key=v
[heal] key=24 heal_ms=84.0616
[msquic] stream: RECEIVE bytes=104 buffers=1 pending=0
[lat] dt_ms=54.2069 cmd=down key=w
[watchdog] key=26 age_ms=574.747
[heal] key=25 heal_ms=69.9804
[msquic] stream: RECEIVE bytes=52 buffers=1 pending=0
[msquic] stream: RECEIVE bytes=52 buffers=1 pending=0
[lat] dt_ms=67.7955 cmd=up key=w
[lat] dt_ms=61.3155 cmd=down key=x
[lat] dt_ms=52.8259 cmd=up key=x
[msquic] stream: RECEIVE bytes=52 buffers=1 pending=0
[msquic] stream: RECEIVE bytes=52 buffers=1 pending=0
[heal] key=28 heal_ms=612.862
[msquic] stream: RECEIVE bytes=52 buffers=1 pending=0
[lat] dt_ms=56.5913 cmd=down key=y
[msquic] stream: RECEIVE bytes=52 buffers=1 pending=0
[msquic] stream: RECEIVE bytes=52 buffers=1 pending=0
[lat] dt_ms=44.3254 cmd=down key=z
[watchdog] key=29 age_ms=540.295
[lat] dt_ms=58.1205 cmd=up key=y
[msquic] stream: RECEIVE bytes=104 buffers=1 pending=0
[msquic] stream: RECEIVE bytes=52 buffers=1 pending=0
[lat] dt_ms=41.1743 cmd=up key=ENTER
[msquic] stream: RECEIVE bytes=52 buffers=1 pending=0
[lat] dt_ms=75.4901 cmd=up key=z
[heal] key=40 heal_ms=59.7884
[msquic] stream: RECEIVE bytes=52 buffers=1 pending=0
[lat] dt_ms=75.8376 cmd=down key=ENTER
[msquic] stream: RECEIVE bytes=52 buffers=1 pending=0
[msquic] stream: RECEIVE bytes=52 buffers=1 pending=0
[msquic] stream: RECEIVE bytes=52 buffers=1 pending=0
[msquic] stream: RECEIVE bytes=52 buffers=1 pending=0
[msquic] stream: RECEIVE bytes=52 buffers=1 pending=0
[msquic] stream: RECEIVE bytes=52 buffers=1 pending=0
[msquic] stream: RECEIVE bytes=52 buffers=1 pending=0
[msquic] stream: RECEIVE bytes=52 buffers=1 pending=0
[msquic] stream: RECEIVE bytes=52 buffers=1 pending=0
[msquic] stream: RECEIVE bytes=52 buffers=1 pending=0
[msquic] stream: RECEIVE bytes=52 buffers=1 pending=0
[msquic] stream: RECEIVE bytes=52 buffers=1 pending=0
[msquic] stream: RECEIVE bytes=52 buffers=1 pending=0
[msquic] stream: RECEIVE bytes=52 buffers=1 pending=0
[msquic] stream: RECEIVE bytes=52 buffers=1 pending=0
[msquic] stream: RECEIVE bytes=52 buffers=1 pending=0
[msquic] stream: RECEIVE bytes=52 buffers=1 pending=0
[msquic] stream: RECEIVE bytes=52 buffers=1 pending=0
[msquic] stream: RECEIVE bytes=52 buffers=1 pending=0
[msquic] stream: RECEIVE bytes=52 buffers=1 pending=0
[msquic] stream: RECEIVE bytes=52 buffers=1 pending=0
[msquic] stream: RECEIVE bytes=52 buffers=1 pending=0
[msquic] stream: RECEIVE bytes=104 buffers=1 pending=0
[msquic] stream: RECEIVE bytes=52 buffers=1 pending=0
[msquic] stream: RECEIVE bytes=52 buffers=1 pending=0
[msquic] stream: RECEIVE bytes=52 buffers=1 pending=0
[msquic] stream: RECEIVE bytes=52 buffers=1 pending=0
[msquic] stream: RECEIVE bytes=52 buffers=1 pending=0
[msquic] stream: RECEIVE bytes=52 buffers=1 pending=0
[msquic] stream: RECEIVE bytes=52 buffers=1 pending=0
[msquic] stream: RECEIVE bytes=52 buffers=1 pending=0
[msquic] stream: RECEIVE bytes=52 buffers=1 pending=0
[msquic] stream: RECEIVE bytes=52 buffers=1 pending=0
[msquic] stream: RECEIVE bytes=52 buffers=1 pending=0
[msquic] stream: RECEIVE bytes=52 buffers=1 pending=0
[msquic] stream: RECEIVE bytes=52 buffers=1 pending=0
[msquic] stream: RECEIVE bytes=52 buffers=2 pending=0
[msquic] stream: RECEIVE bytes=52 buffers=1 pending=0
[msquic] stream: RECEIVE bytes=52 buffers=1 pending=0
[msquic] stream: RECEIVE bytes=52 buffers=1 pending=0
[msquic] stream: RECEIVE bytes=52 buffers=1 pending=0
[msquic] stream: RECEIVE bytes=52 buffers=1 pending=0
[msquic] stream: RECEIVE bytes=52 buffers=1 pending=0
[msquic] stream: RECEIVE bytes=52 buffers=1 pending=0
[msquic] stream: RECEIVE bytes=52 buffers=1 pending=0
[msquic] stream: RECEIVE bytes=104 buffers=1 pending=0
[msquic] stream: RECEIVE bytes=52 buffers=1 pending=0
[msquic] stream: RECEIVE bytes=52 buffers=1 pending=0
[msquic] stream: RECEIVE bytes=52 buffers=1 pending=0
[msquic] stream: RECEIVE bytes=52 buffers=1 pending=0
[msquic] stream: RECEIVE bytes=52 buffers=1 pending=0
[msquic] stream: RECEIVE bytes=52 buffers=1 pending=0
[msquic] stream: RECEIVE bytes=52 buffers=1 pending=0
[msquic] stream: RECEIVE bytes=52 buffers=1 pending=0
[msquic] stream: RECEIVE bytes=52 buffers=1 pending=0
[msquic] stream: RECEIVE bytes=52 buffers=1 pending=0
[msquic] stream: RECEIVE bytes=52 buffers=1 pending=0
[msquic] stream: RECEIVE bytes=52 buffers=1 pending=0
[msquic] stream: RECEIVE bytes=52 buffers=1 pending=0
[msquic] stream: RECEIVE bytes=52 buffers=1 pending=0
[msquic] stream: RECEIVE bytes=52 buffers=1 pending=0
[msquic] stream: RECEIVE bytes=52 buffers=1 pending=0
[msquic] stream: RECEIVE bytes=52 buffers=1 pending=0
[msquic] stream: RECEIVE bytes=52 buffers=1 pending=0
[msquic] stream: RECEIVE bytes=52 buffers=1 pending=0
[msquic] stream: RECEIVE bytes=52 buffers=1 pending=0
[msquic] stream: RECEIVE bytes=52 buffers=1 pending=0
[msquic] stream: RECEIVE bytes=52 buffers=1 pending=0
[msquic] stream: RECEIVE bytes=52 buffers=1 pending=0
[msquic] stream: RECEIVE bytes=52 buffers=1 pending=0
[msquic] stream: RECEIVE bytes=52 buffers=1 pending=0
[msquic] stream: RECEIVE bytes=52 buffers=1 pending=0
[msquic] stream: RECEIVE bytes=52 buffers=1 pending=0
[msquic] stream: RECEIVE bytes=52 buffers=1 pending=0
[msquic] stream: RECEIVE bytes=52 buffers=1 pending=0
[msquic] stream: RECEIVE bytes=52 buffers=1 pending=0
[msquic] stream: RECEIVE bytes=52 buffers=1 pending=0
[msquic] stream: RECEIVE bytes=52 buffers=1 pending=0
[msquic] stream: RECEIVE bytes=52 buffers=1 pending=0
[msquic] stream: RECEIVE bytes=52 buffers=1 pending=0
[msquic] stream: RECEIVE bytes=52 buffers=1 pending=0
[msquic] stream: RECEIVE bytes=52 buffers=1 pending=0
[msquic] stream: RECEIVE bytes=52 buffers=1 pending=0
[msquic] stream: RECEIVE bytes=52 buffers=1 pending=0
[msquic] stream: RECEIVE bytes=52 buffers=1 pending=0
[msquic] stream: RECEIVE bytes=52 buffers=1 pending=0
[msquic] stream: RECEIVE bytes=52 buffers=1 pending=0
[msquic] stream: RECEIVE bytes=52 buffers=1 pending=0
[msquic] stream: RECEIVE bytes=52 buffers=1 pending=0
[msquic] stream: RECEIVE bytes=52 buffers=1 pending=0
[msquic] stream: RECEIVE bytes=52 buffers=1 pending=0
[msquic] stream: RECEIVE bytes=52 buffers=1 pending=0
[msquic] stream: RECEIVE bytes=52 buffers=1 pending=0
[msquic] stream: RECEIVE bytes=52 buffers=1 pending=0
[msquic] stream: RECEIVE bytes=52 buffers=1 pending=0
[hidra] snapshot v1 mods=0x0 pressed=0
[msquic] stream: RECEIVE bytes=52 buffers=1 pending=0
[msquic] stream: RECEIVE bytes=52 buffers=1 pending=0
[msquic] stream: RECEIVE bytes=52 buffers=1 pending=0
[msquic] stream: RECEIVE bytes=104 buffers=1 pending=0
[msquic] stream: RECEIVE bytes=52 buffers=1 pending=0
[msquic] stream: RECEIVE bytes=52 buffers=1 pending=0
[msquic] stream: RECEIVE bytes=52 buffers=1 pending=0
[msquic] stream: RECEIVE bytes=52 buffers=1 pending=0
[msquic] stream: RECEIVE bytes=52 buffers=1 pending=0
[msquic] stream: RECEIVE bytes=52 buffers=1 pending=0
[msquic] stream: RECEIVE bytes=52 buffers=1 pending=0
[msquic] stream: RECEIVE bytes=52 buffers=1 pending=0
[msquic] stream: RECEIVE bytes=52 buffers=1 pending=0
[msquic] stream: RECEIVE bytes=52 buffers=1 pending=0
[msquic] stream: RECEIVE bytes=52 buffers=1 pending=0
[msquic] stream: RECEIVE bytes=52 buffers=1 pending=0
[msquic] stream: RECEIVE bytes=52 buffers=1 pending=0
[msquic] stream: RECEIVE bytes=52 buffers=1 pending=0
[msquic] stream: RECEIVE bytes=52 buffers=2 pending=0
[msquic] stream: RECEIVE bytes=52 buffers=1 pending=0
[msquic] stream: RECEIVE bytes=52 buffers=1 pending=0
[msquic] stream: RECEIVE bytes=52 buffers=1 pending=0
[msquic] stream: RECEIVE bytes=52 buffers=1 pending=0
[msquic] stream: RECEIVE bytes=52 buffers=1 pending=0
[msquic] stream: RECEIVE bytes=52 buffers=1 pending=0
[msquic] stream: RECEIVE bytes=52 buffers=1 pending=0
[msquic] stream: RECEIVE bytes=52 buffers=1 pending=0
[msquic] stream: RECEIVE bytes=52 buffers=1 pending=0
[msquic] stream: RECEIVE bytes=52 buffers=1 pending=0
[msquic] stream: RECEIVE bytes=52 buffers=1 pending=0
[msquic] stream: RECEIVE bytes=52 buffers=1 pending=0
[msquic] stream: RECEIVE bytes=52 buffers=1 pending=0
[msquic] stream: RECEIVE bytes=52 buffers=1 pending=0
[msquic] stream: RECEIVE bytes=52 buffers=1 pending=0
[msquic] stream: RECEIVE bytes=52 buffers=1 pending=0
[msquic] stream: RECEIVE bytes=52 buffers=1 pending=0
[msquic] stream: RECEIVE bytes=52 buffers=1 pending=0
[msquic] stream: RECEIVE bytes=52 buffers=1 pending=0
[msquic] stream: RECEIVE bytes=52 buffers=1 pending=0
[msquic] stream: RECEIVE bytes=52 buffers=1 pending=0
[msquic] stream: RECEIVE bytes=52 buffers=1 pending=0
[msquic] stream: RECEIVE bytes=52 buffers=1 pending=0
[msquic] stream: RECEIVE bytes=52 buffers=1 pending=0
[msquic] stream: RECEIVE bytes=52 buffers=1 pending=0
[msquic] stream: RECEIVE bytes=52 buffers=1 pending=0
[msquic] stream: RECEIVE bytes=52 buffers=1 pending=0
[msquic] stream: RECEIVE bytes=52 buffers=1 pending=0
[msquic] stream: RECEIVE bytes=52 buffers=1 pending=0
[msquic] stream: RECEIVE bytes=52 buffers=1 pending=0
[msquic] stream: RECEIVE bytes=52 buffers=1 pending=0
[msquic] stream: RECEIVE bytes=52 buffers=1 pending=0
[msquic] stream: RECEIVE bytes=52 buffers=1 pending=0
[msquic] stream: RECEIVE bytes=52 buffers=1 pending=0
[msquic] stream: RECEIVE bytes=52 buffers=1 pending=0
[msquic] stream: RECEIVE bytes=52 buffers=1 pending=0
[msquic] stream: RECEIVE bytes=52 buffers=1 pending=0
[msquic] stream: RECEIVE bytes=52 buffers=1 pending=0
[msquic] stream: RECEIVE bytes=52 buffers=1 pending=0
[msquic] stream: RECEIVE bytes=52 buffers=1 pending=0
[msquic] stream: RECEIVE bytes=52 buffers=1 pending=0
[msquic] stream: RECEIVE bytes=52 buffers=1 pending=0
[msquic] connection: SHUTDOWN_BY_PEER error_code=0
[msquic] connection: SHUTDOWN_COMPLETE handshake_completed=0 peer_ack=0 app_close_in_progress=0
[msquic] connection: SHUTDOWN_COMPLETE handshake_completed=1 peer_ack=1 app_close_in_progress=1
[msquic] connection: CONNECTED
[msquic] connection: PEER_STREAM_STARTED
[msquic] stream: RECEIVE bytes=52 buffers=1 pending=0
[msquic] stream: RECEIVE bytes=52 buffers=1 pending=0
[msquic] stream: RECEIVE bytes=52 buffers=1 pending=0
[msquic] stream: RECEIVE bytes=52 buffers=1 pending=0
[msquic] stream: RECEIVE bytes=52 buffers=1 pending=0
[msquic] stream: RECEIVE bytes=52 buffers=1 pending=0
[msquic] stream: RECEIVE bytes=52 buffers=1 pending=0
[msquic] stream: RECEIVE bytes=52 buffers=1 pending=0
[msquic] stream: RECEIVE bytes=52 buffers=1 pending=0
[msquic] stream: RECEIVE bytes=52 buffers=1 pending=0
[msquic] stream: RECEIVE bytes=52 buffers=1 pending=0
[msquic] stream: RECEIVE bytes=52 buffers=1 pending=0
[msquic] stream: RECEIVE bytes=52 buffers=1 pending=0
[msquic] stream: RECEIVE bytes=52 buffers=1 pending=0
[msquic] stream: RECEIVE bytes=52 buffers=1 pending=0
[msquic] stream: RECEIVE bytes=52 buffers=1 pending=0
[msquic] stream: RECEIVE bytes=104 buffers=1 pending=0
[msquic] stream: RECEIVE bytes=52 buffers=1 pending=0
[msquic] stream: RECEIVE bytes=52 buffers=1 pending=0
[msquic] stream: RECEIVE bytes=52 buffers=1 pending=0
[msquic] stream: RECEIVE bytes=52 buffers=1 pending=0
[msquic] stream: RECEIVE bytes=52 buffers=1 pending=0
[msquic] stream: RECEIVE bytes=52 buffers=1 pending=0
[msquic] stream: RECEIVE bytes=52 buffers=1 pending=0
[msquic] stream: RECEIVE bytes=52 buffers=1 pending=0
[msquic] stream: RECEIVE bytes=52 buffers=1 pending=0
[msquic] stream: RECEIVE bytes=104 buffers=1 pending=0
[msquic] stream: RECEIVE bytes=52 buffers=1 pending=0
[msquic] stream: RECEIVE bytes=104 buffers=1 pending=0
[msquic] stream: RECEIVE bytes=52 buffers=1 pending=0
[msquic] stream: RECEIVE bytes=52 buffers=1 pending=0
[msquic] stream: RECEIVE bytes=52 buffers=1 pending=0
[msquic] stream: RECEIVE bytes=52 buffers=1 pending=0
[msquic] stream: RECEIVE bytes=52 buffers=1 pending=0
[msquic] connection: SHUTDOWN_BY_PEER error_code=0
[msquic] connection: SHUTDOWN_COMPLETE handshake_completed=0 peer_ack=0 app_close_in_progress=0
[msquic] connection: SHUTDOWN_COMPLETE handshake_completed=1 peer_ack=1 app_close_in_progress=1
