[hidra] daemon starting
  udp edges : 0.0.0.0:4444
  hid socket: /run/user/1000/hidra.kbd (QEMU should be server=on)
  watchdog  : 200 ms
  deadline  : 0 ms
  stuck(ms) : 300 ms
[hidra] msquic snapshot listener on :4445 (ALPN hidra-snp)
[hidra] msquic edge listener on :4446 (ALPN hidra-edg)
[msquic] connection: CONNECTED
[lat] dt_ms=42.8282 cmd=down key=a
[hidra] HID socket connect failed (/run/user/1000/hidra.kbd). Waiting for QEMU to listen... (set HID_SOCK or run scripts/run_qemu.sh)
[hidra] progress: rx=1 emits=1 quic_snapshots=0 socket=[hidra] HID socket connect failed (/run/user/1000/hidra.kbd). Waiting for QEMU to listen... (set HID_SOCK or run scripts/run_qemu.sh)
waiting
[lat] dt_ms=55.3617 cmd=up key=a
[hidra] HID socket connect failed (/run/user/1000/hidra.kbd). Waiting for QEMU to listen... (set HID_SOCK or run scripts/run_qemu.sh)
[msquic] connection: PEER_STREAM_STARTED
[hidra] snapshot v1 mods=0x0 pressed=1
[hidra] HID socket connect failed (/run/user/1000/hidra.kbd). Waiting for QEMU to listen... (set HID_SOCK or run scripts/run_qemu.sh)
[heal] key=4 heal_ms=75.0217
[hidra] HID socket connect failed (/run/user/1000/hidra.kbd). Waiting for QEMU to listen... (set HID_SOCK or run scripts/run_qemu.sh)
[hidra] HID socket connect failed (/run/user/1000/hidra.kbd). Waiting for QEMU to listen... (set HID_SOCK or run scripts/run_qemu.sh)
[hidra] HID socket connect failed (/run/user/1000/hidra.kbd). Waiting for QEMU to listen... (set HID_SOCK or run scripts/run_qemu.sh)
[msquic] stream: RECEIVE bytes=208 buffers=1 pending=0
[lat] dt_ms=55.3993 cmd=up key=p
[hidra] HID socket connect failed (/run/user/1000/hidra.kbd). Waiting for QEMU to listen... (set HID_SOCK or run scripts/run_qemu.sh)
[lat] dt_ms=46.3203 cmd=down key=t
[hidra] HID socket connect failed (/run/user/1000/hidra.kbd). Waiting for QEMU to listen... (set HID_SOCK or run scripts/run_qemu.sh)
[lat] dt_ms=66.6899 cmd=down key=p
[hidra] HID socket connect failed (/run/user/1000/hidra.kbd). Waiting for QEMU to listen... (set HID_SOCK or run scripts/run_qemu.sh)
[heal] key=19 heal_ms=71.9297
[hidra] HID socket connect failed (/run/user/1000/hidra.kbd). Waiting for QEMU to listen... (set HID_SOCK or run scripts/run_qemu.sh)
[msquic] stream: RECEIVE bytes=52 buffers=1 pending=0
[lat] dt_ms=58.0414 cmd=up key=t
[hidra] HID socket connect failed (/run/user/1000/hidra.kbd). Waiting for QEMU to listen... (set HID_SOCK or run scripts/run_qemu.sh)
[hidra] HID socket connect failed (/run/user/1000/hidra.kbd). Waiting for QEMU to listen... (set HID_SOCK or run scripts/run_qemu.sh)
[msquic] stream: RECEIVE bytes=52 buffers=1 pending=0
[lat] dt_ms=48.9087 cmd=up key=ENTER
[hidra] HID socket connect failed (/run/user/1000/hidra.kbd). Waiting for QEMU to listen... (set HID_SOCK or run scripts/run_qemu.sh)
[hidra] HID socket connect failed (/run/user/1000/hidra.kbd). Waiting for QEMU to listen... (set HID_SOCK or run scripts/run_qemu.sh)
[msquic] stream: RECEIVE bytes=52 buffers=1 pending=0
[lat] dt_ms=53.9182 cmd=down key=a
[hidra] HID socket connect failed (/run/user/1000/hidra.kbd). Waiting for QEMU to listen... (set HID_SOCK or run scripts/run_qemu.sh)
[lat] dt_ms=76.5553 cmd=down key=ENTER
[hidra] HID socket connect failed (/run/user/1000/hidra.kbd). Waiting for QEMU to listen... (set HID_SOCK or run scripts/run_qemu.sh)
[hidra] HID socket connect failed (/run/user/1000/hidra.kbd). Waiting for QEMU to listen... (set HID_SOCK or run scripts/run_qemu.sh)
[msquic] stream: RECEIVE bytes=52 buffers=1 pending=0
[lat] dt_ms=44.482 cmd=down key=p
[hidra] HID socket connect failed (/run/user/1000/hidra.kbd). Waiting for QEMU to listen... (set HID_SOCK or run scripts/run_qemu.sh)
[lat] dt_ms=43.357 cmd=up key=p
[hidra] HID socket connect failed (/run/user/1000/hidra.kbd). Waiting for QEMU to listen... (set HID_SOCK or run scripts/run_qemu.sh)
[heal] key=4 heal_ms=65.5269
[hidra] HID socket connect failed (/run/user/1000/hidra.kbd). Waiting for QEMU to listen... (set HID_SOCK or run scripts/run_qemu.sh)
[msquic] stream: RECEIVE bytes=52 buffers=1 pending=0
[lat] dt_ms=68.5869 cmd=up key=a
[hidra] HID socket connect failed (/run/user/1000/hidra.kbd). Waiting for QEMU to listen... (set HID_SOCK or run scripts/run_qemu.sh)
[hidra] HID socket connect failed (/run/user/1000/hidra.kbd). Waiting for QEMU to listen... (set HID_SOCK or run scripts/run_qemu.sh)
[msquic] stream: RECEIVE bytes=52 buffers=1 pending=0
[hidra] HID socket connect failed (/run/user/1000/hidra.kbd). Waiting for QEMU to listen... (set HID_SOCK or run scripts/run_qemu.sh)
[hidra] HID socket connect failed (/run/user/1000/hidra.kbd). Waiting for QEMU to listen... (set HID_SOCK or run scripts/run_qemu.sh)
[msquic] stream: RECEIVE bytes=104 buffers=1 pending=0
[lat] dt_ms=67.2485 cmd=down key=t
[hidra] HID socket connect failed (/run/user/1000/hidra.kbd). Waiting for QEMU to listen... (set HID_SOCK or run scripts/run_qemu.sh)
[lat] dt_ms=47.5932 cmd=down key=ENTER
[hidra] HID socket connect failed (/run/user/1000/hidra.kbd). Waiting for QEMU to listen... (set HID_SOCK or run scripts/run_qemu.sh)
[heal] key=40 heal_ms=121.38
[hidra] HID socket connect failed (/run/user/1000/hidra.kbd). Waiting for QEMU to listen... (set HID_SOCK or run scripts/run_qemu.sh)
[msquic] stream: RECEIVE bytes=52 buffers=1 pending=0
[hidra] HID socket connect failed (/run/user/1000/hidra.kbd). Waiting for QEMU to listen... (set HID_SOCK or run scripts/run_qemu.sh)
[msquic] stream: RECEIVE bytes=52 buffers=1 pending=0
[heal] key=23 heal_ms=63.8492
[hidra] HID socket connect failed (/run/user/1000/hidra.kbd). Waiting for QEMU to listen... (set HID_SOCK or run scripts/run_qemu.sh)
[msquic] stream: RECEIVE bytes=52 buffers=1 pending=0
[hidra] HID socket connect failed (/run/user/1000/hidra.kbd). Waiting for QEMU to listen... (set HID_SOCK or run scripts/run_qemu.sh)
[msquic] stream: RECEIVE bytes=52 buffers=1 pending=0
[lat] dt_ms=72.2988 cmd=up key=t
[hidra] HID socket connect failed (/run/user/1000/hidra.kbd). Waiting for QEMU to listen... (set HID_SOCK or run scripts/run_qemu.sh)
[lat] dt_ms=42.1141 cmd=down key=a
[hidra] HID socket connect failed (/run/user/1000/hidra.kbd). Waiting for QEMU to listen... (set HID_SOCK or run scripts/run_qemu.sh)
[lat] dt_ms=54.5105 cmd=up key=ENTER
[hidra] HID socket connect failed (/run/user/1000/hidra.kbd). Waiting for QEMU to listen... (set HID_SOCK or run scripts/run_qemu.sh)
[hidra] HID socket connect failed (/run/user/1000/hidra.kbd). Waiting for QEMU to listen... (set HID_SOCK or run scripts/run_qemu.sh)
[msquic] stream: RECEIVE bytes=52 buffers=1 pending=0
[heal] key=40 heal_ms=72.299
[hidra] HID socket connect failed (/run/user/1000/hidra.kbd). Waiting for QEMU to listen... (set HID_SOCK or run scripts/run_qemu.sh)
[msquic] stream: RECEIVE bytes=52 buffers=1 pending=0
[lat] dt_ms=62.6491 cmd=up key=a
[hidra] HID socket connect failed (/run/user/1000/hidra.kbd). Waiting for QEMU to listen... (set HID_SOCK or run scripts/run_qemu.sh)
[lat] dt_ms=58.6401 cmd=down key=p
[hidra] HID socket connect failed (/run/user/1000/hidra.kbd). Waiting for QEMU to listen... (set HID_SOCK or run scripts/run_qemu.sh)
[hidra] HID socket connect failed (/run/user/1000/hidra.kbd). Waiting for QEMU to listen... (set HID_SOCK or run scripts/run_qemu.sh)
[msquic] stream: RECEIVE bytes=52 buffers=1 pending=0
[lat] dt_ms=58.4588 cmd=up key=p
[hidra] HID socket connect failed (/run/user/1000/hidra.kbd). Waiting for QEMU to listen... (set HID_SOCK or run scripts/run_qemu.sh)
[hidra] HID socket connect failed (/run/user/1000/hidra.kbd). Waiting for QEMU to listen... (set HID_SOCK or run scripts/run_qemu.sh)
[msquic] stream: RECEIVE bytes=52 buffers=1 pending=0
[lat] dt_ms=53.0416 cmd=down key=t
[hidra] HID socket connect failed (/run/user/1000/hidra.kbd). Waiting for QEMU to listen... (set HID_SOCK or run scripts/run_qemu.sh)
[hidra] HID socket connect failed (/run/user/1000/hidra.kbd). Waiting for QEMU to listen... (set HID_SOCK or run scripts/run_qemu.sh)
[hidra] HID socket connect failed (/run/user/1000/hidra.kbd). Waiting for QEMU to listen... (set HID_SOCK or run scripts/run_qemu.sh)
[msquic] stream: RECEIVE bytes=104 buffers=1 pending=0
[hidra] HID socket connect failed (/run/user/1000/hidra.kbd). Waiting for QEMU to listen... (set HID_SOCK or run scripts/run_qemu.sh)
[msquic] stream: RECEIVE bytes=52 buffers=1 pending=0
[lat] dt_ms=45.7009 cmd=down key=ENTER
[hidra] HID socket connect failed (/run/user/1000/hidra.kbd). Waiting for QEMU to listen... (set HID_SOCK or run scripts/run_qemu.sh)
[hidra] HID socket connect failed (/run/user/1000/hidra.kbd). Waiting for QEMU to listen... (set HID_SOCK or run scripts/run_qemu.sh)
[msquic] stream: RECEIVE bytes=52 buffers=1 pending=0
[lat] dt_ms=43.0146 cmd=up key=ENTER
[hidra] HID socket connect failed (/run/user/1000/hidra.kbd). Waiting for QEMU to listen... (set HID_SOCK or run scripts/run_qemu.sh)
[lat] dt_ms=68.9526 cmd=up key=t
[hidra] HID socket connect failed (/run/user/1000/hidra.kbd). Waiting for QEMU to listen... (set HID_SOCK or run scripts/run_qemu.sh)
[lat] dt_ms=49.9137 cmd=down key=a
[hidra] HID socket connect failed (/run/user/1000/hidra.kbd). Waiting for QEMU to listen... (set HID_SOCK or run scripts/run_qemu.sh)
[lat] dt_ms=45.88 cmd=up key=a
[hidra] HID socket connect failed (/run/user/1000/hidra.kbd). Waiting for QEMU to listen... (set HID_SOCK or run scripts/run_qemu.sh)
[hidra] HID socket connect failed (/run/user/1000/hidra.kbd). Waiting for QEMU to listen... (set HID_SOCK or run scripts/run_qemu.sh)
[msquic] stream: RECEIVE bytes=52 buffers=1 pending=0
[hidra] HID socket connect failed (/run/user/1000/hidra.kbd). Waiting for QEMU to listen... (set HID_SOCK or run scripts/run_qemu.sh)
[msquic] stream: RECEIVE bytes=52 buffers=1 pending=0
[hidra] HID socket connect failed (/run/user/1000/hidra.kbd). Waiting for QEMU to listen... (set HID_SOCK or run scripts/run_qemu.sh)
[msquic] stream: RECEIVE bytes=52 buffers=1 pending=0
[hidra] HID socket connect failed (/run/user/1000/hidra.kbd). Waiting for QEMU to listen... (set HID_SOCK or run scripts/run_qemu.sh)
[msquic] stream: RECEIVE bytes=52 buffers=1 pending=0
[hidra] HID socket connect failed (/run/user/1000/hidra.kbd). Waiting for QEMU to listen... (set HID_SOCK or run scripts/run_qemu.sh)
[msquic] stream: RECEIVE bytes=52 buffers=1 pending=0
[lat] dt_ms=41.9131 cmd=down key=t
[hidra] HID socket connect failed (/run/user/1000/hidra.kbd). Waiting for QEMU to listen... (set HID_SOCK or run scripts/run_qemu.sh)
[lat] dt_ms=67.4942 cmd=up key=p
[hidra] HID socket connect failed (/run/user/1000/hidra.kbd). Waiting for QEMU to listen... (set HID_SOCK or run scripts/run_qemu.sh)
[lat] dt_ms=78.7741 cmd=down key=p
[hidra] HID socket connect failed (/run/user/1000/hidra.kbd). Waiting for QEMU to listen... (set HID_SOCK or run scripts/run_qemu.sh)
[lat] dt_ms=51.6987 cmd=up key=t
[hidra] HID socket connect failed (/run/user/1000/hidra.kbd). Waiting for QEMU to listen... (set HID_SOCK or run scripts/run_qemu.sh)
[heal] key=19 heal_ms=76.6743
[hidra] HID socket connect failed (/run/user/1000/hidra.kbd). Waiting for QEMU to listen... (set HID_SOCK or run scripts/run_qemu.sh)
[msquic] stream: RECEIVE bytes=52 buffers=1 pending=0
[hidra] HID socket connect failed (/run/user/1000/hidra.kbd). Waiting for QEMU to listen... (set HID_SOCK or run scripts/run_qemu.sh)
[msquic] stream: RECEIVE bytes=52 buffers=1 pending=0
[heal] key=40 heal_ms=125.296
[hidra] HID socket connect failed (/run/user/1000/hidra.kbd). Waiting for QEMU to listen... (set HID_SOCK or run scripts/run_qemu.sh)
[msquic] stream: RECEIVE bytes=52 buffers=1 pending=0
[lat] dt_ms=42.7557 cmd=up key=ENTER
[hidra] HID socket connect failed (/run/user/1000/hidra.kbd). Waiting for QEMU to listen... (set HID_SOCK or run scripts/run_qemu.sh)
[hidra] HID socket connect failed (/run/user/1000/hidra.kbd). Waiting for QEMU to listen... (set HID_SOCK or run scripts/run_qemu.sh)
[msquic] stream: RECEIVE bytes=52 buffers=1 pending=0
[lat] dt_ms=57.9448 cmd=down key=ENTER
[hidra] HID socket connect failed (/run/user/1000/hidra.kbd). Waiting for QEMU to listen... (set HID_SOCK or run scripts/run_qemu.sh)
[heal] key=40 heal_ms=55.4177
[heal] key=23 heal_ms=76.5146
[hidra] HID socket connect failed (/run/user/1000/hidra.kbd). Waiting for QEMU to listen... (set HID_SOCK or run scripts/run_qemu.sh)
[msquic] stream: RECEIVE bytes=52 buffers=1 pending=0
[lat] dt_ms=52.0331 cmd=down key=a
[hidra] HID socket connect failed (/run/user/1000/hidra.kbd). Waiting for QEMU to listen... (set HID_SOCK or run scripts/run_qemu.sh)
[lat] dt_ms=47.9774 cmd=up key=a
[hidra] HID socket connect failed (/run/user/1000/hidra.kbd). Waiting for QEMU to listen... (set HID_SOCK or run scripts/run_qemu.sh)
[hidra] send() failed; will retry connect
[msquic] stream: RECEIVE bytes=52 buffers=1 pending=0
[hidra] HID socket connect failed (/run/user/1000/hidra.kbd). Waiting for QEMU to listen... (set HID_SOCK or run scripts/run_qemu.sh)
[msquic] stream: RECEIVE bytes=52 buffers=1 pending=0
[hidra] HID socket connect failed (/run/user/1000/hidra.kbd). Waiting for QEMU to listen... (set HID_SOCK or run scripts/run_qemu.sh)
[msquic] stream: RECEIVE bytes=52 buffers=1 pending=0
[heal] key=4 heal_ms=62.9395
[hidra] HID socket connect failed (/run/user/1000/hidra.kbd). Waiting for QEMU to listen... (set HID_SOCK or run scripts/run_qemu.sh)
[msquic] stream: RECEIVE bytes=52 buffers=1 pending=0
[lat] dt_ms=56.2306 cmd=up key=p
[hidra] HID socket connect failed (/run/user/1000/hidra.kbd). Waiting for QEMU to listen... (set HID_SOCK or run scripts/run_qemu.sh)
[lat] dt_ms=68.375 cmd=down key=p
[hidra] HID socket connect failed (/run/user/1000/hidra.kbd). Waiting for QEMU to listen... (set HID_SOCK or run scripts/run_qemu.sh)
[hidra] HID socket connect failed (/run/user/1000/hidra.kbd). Waiting for QEMU to listen... (set HID_SOCK or run scripts/run_qemu.sh)
[msquic] stream: RECEIVE bytes=52 buffers=1 pending=0
[lat] dt_ms=64.5694 cmd=down key=t
[hidra] HID socket connect failed (/run/user/1000/hidra.kbd). Waiting for QEMU to listen... (set HID_SOCK or run scripts/run_qemu.sh)
[hidra] HID socket connect failed (/run/user/1000/hidra.kbd). Waiting for QEMU to listen... (set HID_SOCK or run scripts/run_qemu.sh)
[msquic] stream: RECEIVE bytes=52 buffers=1 pending=0
[heal] key=23 heal_ms=58.489
[hidra] HID socket connect failed (/run/user/1000/hidra.kbd). Waiting for QEMU to listen... (set HID_SOCK or run scripts/run_qemu.sh)
[msquic] stream: RECEIVE bytes=52 buffers=1 pending=0
[lat] dt_ms=59.6781 cmd=up key=t
[hidra] HID socket connect failed (/run/user/1000/hidra.kbd). Waiting for QEMU to listen... (set HID_SOCK or run scripts/run_qemu.sh)
[hidra] HID socket connect failed (/run/user/1000/hidra.kbd). Waiting for QEMU to listen... (set HID_SOCK or run scripts/run_qemu.sh)
[msquic] stream: RECEIVE bytes=52 buffers=1 pending=0
[hidra] HID socket connect failed (/run/user/1000/hidra.kbd). Waiting for QEMU to listen... (set HID_SOCK or run scripts/run_qemu.sh)
[lat] dt_ms=57.5571 cmd=down key=ENTER[msquic] stream: RECEIVE bytes=52 buffers=1 pending=0

[hidra] HID socket connect failed (/run/user/1000/hidra.kbd). Waiting for QEMU to listen... (set HID_SOCK or run scripts/run_qemu.sh)
[lat] dt_ms=65.524 cmd=up key=ENTER
[hidra] HID socket connect failed (/run/user/1000/hidra.kbd). Waiting for QEMU to listen... (set HID_SOCK or run scripts/run_qemu.sh)
[hidra] HID socket connect failed (/run/user/1000/hidra.kbd). Waiting for QEMU to listen... (set HID_SOCK or run scripts/run_qemu.sh)
[hidra] HID socket connect failed (/run/user/1000/hidra.kbd). Waiting for QEMU to listen... (set HID_SOCK or run scripts/run_qemu.sh)
[msquic] stream: RECEIVE bytes=104 buffers=1 pending=0
[hidra] HID socket connect failed (/run/user/1000/hidra.kbd). Waiting for QEMU to listen... (set HID_SOCK or run scripts/run_qemu.sh)
[msquic] stream: RECEIVE bytes=52 buffers=1 pending=0
[lat] dt_ms=79.4394 cmd=down key=a
[hidra] HID socket connect failed (/run/user/1000/hidra.kbd). Waiting for QEMU to listen... (set HID_SOCK or run scripts/run_qemu.sh)
[lat] dt_ms=60.6697 cmd=down key=p
[hidra] HID socket connect failed (/run/user/1000/hidra.kbd). Waiting for QEMU to listen... (set HID_SOCK or run scripts/run_qemu.sh)
[lat] dt_ms=77.0672 cmd=up key=a
[hidra] HID socket connect failed (/run/user/1000/hidra.kbd). Waiting for QEMU to listen... (set HID_SOCK or run scripts/run_qemu.sh)
[heal] key=19 heal_ms=143.903
[hidra] HID socket connect failed (/run/user/1000/hidra.kbd). Waiting for QEMU to listen... (set HID_SOCK or run scripts/run_qemu.sh)
[msquic] stream: RECEIVE bytes=52 buffers=1 pending=0
[hidra] HID socket connect failed (/run/user/1000/hidra.kbd). Waiting for QEMU to listen... (set HID_SOCK or run scripts/run_qemu.sh)
[hidra] HID socket connect failed (/run/user/1000/hidra.kbd). Waiting for QEMU to listen... (set HID_SOCK or run scripts/run_qemu.sh)
[msquic] stream: RECEIVE bytes=104 buffers=1 pending=0
[hidra] HID socket connect failed (/run/user/1000/hidra.kbd). Waiting for QEMU to listen... (set HID_SOCK or run scripts/run_qemu.sh)
[msquic] stream: RECEIVE bytes=52 buffers=1 pending=0
[lat] dt_ms=74.0164 cmd=up key=p
[hidra] HID socket connect failed (/run/user/1000/hidra.kbd). Waiting for QEMU to listen... (set HID_SOCK or run scripts/run_qemu.sh)
[lat] dt_ms=57.4374 cmd=up key=t
[hidra] HID socket connect failed (/run/user/1000/hidra.kbd). Waiting for QEMU to listen... (set HID_SOCK or run scripts/run_qemu.sh)
[lat] dt_ms=50.1923 cmd=down key=ENTER
[hidra] HID socket connect failed (/run/user/1000/hidra.kbd). Waiting for QEMU to listen... (set HID_SOCK or run scripts/run_qemu.sh)
[lat] dt_ms=72.8204 cmd=down key=t
[hidra] HID socket connect failed (/run/user/1000/hidra.kbd). Waiting for QEMU to listen... (set HID_SOCK or run scripts/run_qemu.sh)
[heal] key=40 heal_ms=125.212
[hidra] HID socket connect failed (/run/user/1000/hidra.kbd). Waiting for QEMU to listen... (set HID_SOCK or run scripts/run_qemu.sh)
[msquic] stream: RECEIVE bytes=52 buffers=1 pending=0
[lat] dt_ms=47.6263 cmd=up key=ENTER
[hidra] HID socket connect failed (/run/user/1000/hidra.kbd). Waiting for QEMU to listen... (set HID_SOCK or run scripts/run_qemu.sh)
[hidra] HID socket connect failed (/run/user/1000/hidra.kbd). Waiting for QEMU to listen... (set HID_SOCK or run scripts/run_qemu.sh)
[msquic] stream: RECEIVE bytes=52 buffers=1 pending=0
[hidra] HID socket connect failed (/run/user/1000/hidra.kbd). Waiting for QEMU to listen... (set HID_SOCK or run scripts/run_qemu.sh)
[msquic] stream: RECEIVE bytes=52 buffers=1 pending=0
[lat] dt_ms=59.8234 cmd=down key=a
[hidra] HID socket connect failed (/run/user/1000/hidra.kbd). Waiting for QEMU to listen... (set HID_SOCK or run scripts/run_qemu.sh)
[heal] key=4 heal_ms=51.6398
[hidra] HID socket connect failed (/run/user/1000/hidra.kbd). Waiting for QEMU to listen... (set HID_SOCK or run scripts/run_qemu.sh)
[msquic] stream: RECEIVE bytes=52 buffers=1 pending=0
[heal] key=40 heal_ms=73.8848
[hidra] HID socket connect failed (/run/user/1000/hidra.kbd). Waiting for QEMU to listen... (set HID_SOCK or run scripts/run_qemu.sh)
[msquic] stream: RECEIVE bytes=52 buffers=1 pending=0
[hidra] HID socket connect failed (/run/user/1000/hidra.kbd). Waiting for QEMU to listen... (set HID_SOCK or run scripts/run_qemu.sh)
[msquic] stream: RECEIVE bytes=52 buffers=1 pending=0
[lat] dt_ms=60.1831 cmd=up key=a
[hidra] HID socket connect failed (/run/user/1000/hidra.kbd). Waiting for QEMU to listen... (set HID_SOCK or run scripts/run_qemu.sh)
[lat] dt_ms=50.7053 cmd=down key=p
[hidra] HID socket connect failed (/run/user/1000/hidra.kbd). Waiting for QEMU to listen... (set HID_SOCK or run scripts/run_qemu.sh)
[heal] key=19 heal_ms=50.6405
[hidra] HID socket connect failed (/run/user/1000/hidra.kbd). Waiting for QEMU to listen... (set HID_SOCK or run scripts/run_qemu.sh)
[msquic] stream: RECEIVE bytes=52 buffers=1 pending=0
[lat] dt_ms=43.2121 cmd=up key=t
[hidra] HID socket connect failed (/run/user/1000/hidra.kbd). Waiting for QEMU to listen... (set HID_SOCK or run scripts/run_qemu.sh)
[hidra] HID socket connect failed (/run/user/1000/hidra.kbd). Waiting for QEMU to listen... (set HID_SOCK or run scripts/run_qemu.sh)
[msquic] stream: RECEIVE bytes=52 buffers=1 pending=0
[hidra] HID socket connect failed (/run/user/1000/hidra.kbd). Waiting for QEMU to listen... (set HID_SOCK or run scripts/run_qemu.sh)
[msquic] stream: RECEIVE bytes=52 buffers=1 pending=0
[lat] dt_ms=78.8427 cmd=up key=p
[hidra] HID socket connect failed (/run/user/1000/hidra.kbd). Waiting for QEMU to listen... (set HID_SOCK or run scripts/run_qemu.sh)
[heal] key=23 heal_ms=58.0033
[hidra] HID socket connect failed (/run/user/1000/hidra.kbd). Waiting for QEMU to listen... (set HID_SOCK or run scripts/run_qemu.sh)
[msquic] stream: RECEIVE bytes=52 buffers=1 pending=0
[lat] dt_ms=73.3199 cmd=down key=t
[hidra] HID socket connect failed (/run/user/1000/hidra.kbd). Waiting for QEMU to listen... (set HID_SOCK or run scripts/run_qemu.sh)
[lat] dt_ms=42.766 cmd=up key=ENTER
[hidra] HID socket connect failed (/run/user/1000/hidra.kbd). Waiting for QEMU to listen... (set HID_SOCK or run scripts/run_qemu.sh)
[hidra] HID socket connect failed (/run/user/1000/hidra.kbd). Waiting for QEMU to listen... (set HID_SOCK or run scripts/run_qemu.sh)
[msquic] stream: RECEIVE bytes=52 buffers=1 pending=0
[hidra] HID socket connect failed (/run/user/1000/hidra.kbd). Waiting for QEMU to listen... (set HID_SOCK or run scripts/run_qemu.sh)
[msquic] stream: RECEIVE bytes=52 buffers=1 pending=0
[hidra] HID socket connect failed (/run/user/1000/hidra.kbd). Waiting for QEMU to listen... (set HID_SOCK or run scripts/run_qemu.sh)
[msquic] stream: RECEIVE bytes=52 buffers=1 pending=0
[hidra] HID socket connect failed (/run/user/1000/hidra.kbd). Waiting for QEMU to listen... (set HID_SOCK or run scripts/run_qemu.sh)
[msquic] stream: RECEIVE bytes=52 buffers=1 pending=0
[lat] dt_ms=79.8547 cmd=down key=ENTER
[hidra] HID socket connect failed (/run/user/1000/hidra.kbd). Waiting for QEMU to listen... (set HID_SOCK or run scripts/run_qemu.sh)
[lat] dt_ms=41.3297 cmd=down key=p
[hidra] HID socket connect failed (/run/user/1000/hidra.kbd). Waiting for QEMU to listen... (set HID_SOCK or run scripts/run_qemu.sh)
[lat] dt_ms=56.8282 cmd=up key=a
[hidra] HID socket connect failed (/run/user/1000/hidra.kbd). Waiting for QEMU to listen... (set HID_SOCK or run scripts/run_qemu.sh)
[lat] dt_ms=67.0478 cmd=down key=a
[hidra] HID socket connect failed (/run/user/1000/hidra.kbd). Waiting for QEMU to listen... (set HID_SOCK or run scripts/run_qemu.sh)
[heal] key=40 heal_ms=83.7547
[hidra] HID socket connect failed (/run/user/1000/hidra.kbd). Waiting for QEMU to listen... (set HID_SOCK or run scripts/run_qemu.sh)
[msquic] stream: RECEIVE bytes=52 buffers=1 pending=0
[hidra] HID socket connect failed (/run/user/1000/hidra.kbd). Waiting for QEMU to listen... (set HID_SOCK or run scripts/run_qemu.sh)
[msquic] stream: RECEIVE bytes=52 buffers=1 pending=0
[hidra] HID socket connect failed (/run/user/1000/hidra.kbd). Waiting for QEMU to listen... (set HID_SOCK or run scripts/run_qemu.sh)
[msquic] stream: RECEIVE bytes=52 buffers=1 pending=0
[lat] dt_ms=43.9219 cmd=up key=t
[hidra] HID socket connect failed (/run/user/1000/hidra.kbd). Waiting for QEMU to listen... (set HID_SOCK or run scripts/run_qemu.sh)
[hidra] HID socket connect failed (/run/user/1000/hidra.kbd). Waiting for QEMU to listen... (set HID_SOCK or run scripts/run_qemu.sh)
[msquic] stream: RECEIVE bytes=52 buffers=1 pending=0
[hidra] HID socket connect failed (/run/user/1000/hidra.kbd). Waiting for QEMU to listen... (set HID_SOCK or run scripts/run_qemu.sh)
[msquic] stream: RECEIVE bytes=52 buffers=1 pending=0
[lat] dt_ms=77.9106 cmd=up key=p
[hidra] HID socket connect failed (/run/user/1000/hidra.kbd). Waiting for QEMU to listen... (set HID_SOCK or run scripts/run_qemu.sh)
[lat] dt_ms=46.2469 cmd=down key=ENTER
[hidra] HID socket connect failed (/run/user/1000/hidra.kbd). Waiting for QEMU to listen... (set HID_SOCK or run scripts/run_qemu.sh)
[lat] dt_ms=68.3465 cmd=down key=t
[hidra] HID socket connect failed (/run/user/1000/hidra.kbd). Waiting for QEMU to listen... (set HID_SOCK or run scripts/run_qemu.sh)
[lat] dt_ms=46.201 cmd=up key=ENTER
[hidra] HID socket connect failed (/run/user/1000/hidra.kbd). Waiting for QEMU to listen... (set HID_SOCK or run scripts/run_qemu.sh)
[hidra] HID socket connect failed (/run/user/1000/hidra.kbd). Waiting for QEMU to listen... (set HID_SOCK or run scripts/run_qemu.sh)
[msquic] stream: RECEIVE bytes=52 buffers=1 pending=0
[hidra] HID socket connect failed (/run/user/1000/hidra.kbd). Waiting for QEMU to listen... (set HID_SOCK or run scripts/run_qemu.sh)
[msquic] stream: RECEIVE bytes=52 buffers=1 pending=0
[lat] dt_ms=51.4819 cmd=up key=a
[hidra] HID socket connect failed (/run/user/1000/hidra.kbd). Waiting for QEMU to listen... (set HID_SOCK or run scripts/run_qemu.sh)
[heal] key=40 heal_ms=73.6372
[hidra] HID socket connect failed (/run/user/1000/hidra.kbd). Waiting for QEMU to listen... (set HID_SOCK or run scripts/run_qemu.sh)
[msquic] stream: RECEIVE bytes=52 buffers=1 pending=0
[hidra] HID socket connect failed (/run/user/1000/hidra.kbd). Waiting for QEMU to listen... (set HID_SOCK or run scripts/run_qemu.sh)
[msquic] stream: RECEIVE bytes=52 buffers=1 pending=0
[lat] dt_ms=66.7681 cmd=down key=a
[hidra] HID socket connect failed (/run/user/1000/hidra.kbd). Waiting for QEMU to listen... (set HID_SOCK or run scripts/run_qemu.sh)
[lat] dt_ms=54.8077 cmd=down key=p
[hidra] HID socket connect failed (/run/user/1000/hidra.kbd). Waiting for QEMU to listen... (set HID_SOCK or run scripts/run_qemu.sh)
[lat] dt_ms=51.5785 cmd=up key=p
[hidra] HID socket connect failed (/run/user/1000/hidra.kbd). Waiting for QEMU to listen... (set HID_SOCK or run scripts/run_qemu.sh)
[heal] key=4 heal_ms=72.8155
[hidra] HID socket connect failed (/run/user/1000/hidra.kbd). Waiting for QEMU to listen... (set HID_SOCK or run scripts/run_qemu.sh)
[msquic] stream: RECEIVE bytes=52 buffers=1 pending=0
[heal] key=19 heal_ms=55.0549
[hidra] HID socket connect failed (/run/user/1000/hidra.kbd). Waiting for QEMU to listen... (set HID_SOCK or run scripts/run_qemu.sh)
[hidra] HID socket connect failed (/run/user/1000/hidra.kbd). Waiting for QEMU to listen... (set HID_SOCK or run scripts/run_qemu.sh)
[msquic] stream: RECEIVE bytes=104 buffers=1 pending=0
[lat] dt_ms=53.1973 cmd=down key=t
[hidra] HID socket connect failed (/run/user/1000/hidra.kbd). Waiting for QEMU to listen... (set HID_SOCK or run scripts/run_qemu.sh)
[heal] key=23 heal_ms=128.755
[hidra] HID socket connect failed (/run/user/1000/hidra.kbd). Waiting for QEMU to listen... (set HID_SOCK or run scripts/run_qemu.sh)
[msquic] stream: RECEIVE bytes=52 buffers=1 pending=0
[hidra] HID socket connect failed (/run/user/1000/hidra.kbd). Waiting for QEMU to listen... (set HID_SOCK or run scripts/run_qemu.sh)
[msquic] stream: RECEIVE bytes=52 buffers=1 pending=0
[heal] key=23 heal_ms=60.8564
[hidra] HID socket connect failed (/run/user/1000/hidra.kbd). Waiting for QEMU to listen... (set HID_SOCK or run scripts/run_qemu.sh)
[hidra] HID socket connect failed (/run/user/1000/hidra.kbd). Waiting for QEMU to listen... (set HID_SOCK or run scripts/run_qemu.sh)
[msquic] stream: RECEIVE bytes=104 buffers=2 pending=0
[lat] dt_ms=59.5286 cmd=down key=ENTER
[hidra] HID socket connect failed (/run/user/1000/hidra.kbd). Waiting for QEMU to listen... (set HID_SOCK or run scripts/run_qemu.sh)
[lat] dt_ms=50.9832 cmd=up key=ENTER
[hidra] HID socket connect failed (/run/user/1000/hidra.kbd). Waiting for QEMU to listen... (set HID_SOCK or run scripts/run_qemu.sh)
[hidra] HID socket connect failed (/run/user/1000/hidra.kbd). Waiting for QEMU to listen... (set HID_SOCK or run scripts/run_qemu.sh)
[msquic] stream: RECEIVE bytes=52 buffers=1 pending=0
[lat] dt_ms=74.6809 cmd=up key=t
[hidra] HID socket connect failed (/run/user/1000/hidra.kbd). Waiting for QEMU to listen... (set HID_SOCK or run scripts/run_qemu.sh)
[lat] dt_ms=47.0218 cmd=down key=a
[hidra] HID socket connect failed (/run/user/1000/hidra.kbd). Waiting for QEMU to listen... (set HID_SOCK or run scripts/run_qemu.sh)
[hidra] HID socket connect failed (/run/user/1000/hidra.kbd). Waiting for QEMU to listen... (set HID_SOCK or run scripts/run_qemu.sh)
[msquic] stream: RECEIVE bytes=52 buffers=1 pending=0
[lat] dt_ms=65.2794 cmd=up key=a
[hidra] HID socket connect failed (/run/user/1000/hidra.kbd). Waiting for QEMU to listen... (set HID_SOCK or run scripts/run_qemu.sh)
[heal] key=40 heal_ms=88.9305
[hidra] HID socket connect failed (/run/user/1000/hidra.kbd). Waiting for QEMU to listen... (set HID_SOCK or run scripts/run_qemu.sh)
[msquic] stream: RECEIVE bytes=52 buffers=1 pending=0
[hidra] HID socket connect failed (/run/user/1000/hidra.kbd). Waiting for QEMU to listen... (set HID_SOCK or run scripts/run_qemu.sh)
[msquic] stream: RECEIVE bytes=52 buffers=1 pending=0
[heal] key=19 heal_ms=50.8386
[hidra] HID socket connect failed (/run/user/1000/hidra.kbd). Waiting for QEMU to listen... (set HID_SOCK or run scripts/run_qemu.sh)
[hidra] HID socket connect failed (/run/user/1000/hidra.kbd). Waiting for QEMU to listen... (set HID_SOCK or run scripts/run_qemu.sh)
[msquic] stream: RECEIVE bytes=104 buffers=1 pending=0
[lat] dt_ms=69.3272 cmd=down key=p
[hidra] HID socket connect failed (/run/user/1000/hidra.kbd). Waiting for QEMU to listen... (set HID_SOCK or run scripts/run_qemu.sh)
[hidra] HID socket connect failed (/run/user/1000/hidra.kbd). Waiting for QEMU to listen... (set HID_SOCK or run scripts/run_qemu.sh)
[msquic] stream: RECEIVE bytes=52 buffers=1 pending=0
[hidra] HID socket connect failed (/run/user/1000/hidra.kbd). Waiting for QEMU to listen... (set HID_SOCK or run scripts/run_qemu.sh)
[msquic] stream: RECEIVE bytes=52 buffers=1 pending=0
[lat] dt_ms=52.0844 cmd=up key=t
[hidra] HID socket connect failed (/run/user/1000/hidra.kbd). Waiting for QEMU to listen... (set HID_SOCK or run scripts/run_qemu.sh)
[hidra] HID socket connect failed (/run/user/1000/hidra.kbd). Waiting for QEMU to listen... (set HID_SOCK or run scripts/run_qemu.sh)
[msquic] stream: RECEIVE bytes=52 buffers=1 pending=0
[lat] dt_ms=77.5801 cmd=up key=p
[hidra] HID socket connect failed (/run/user/1000/hidra.kbd). Waiting for QEMU to listen... (set HID_SOCK or run scripts/run_qemu.sh)
[hidra] HID socket connect failed (/run/user/1000/hidra.kbd). Waiting for QEMU to listen... (set HID_SOCK or run scripts/run_qemu.sh)
[msquic] stream: RECEIVE bytes=52 buffers=1 pending=0
[lat] dt_ms=75.2762 cmd=down key=ENTER
[hidra] HID socket connect failed (/run/user/1000/hidra.kbd). Waiting for QEMU to listen... (set HID_SOCK or run scripts/run_qemu.sh)
[hidra] HID socket connect failed (/run/user/1000/hidra.kbd). Waiting for QEMU to listen... (set HID_SOCK or run scripts/run_qemu.sh)
[msquic] stream: RECEIVE bytes=52 buffers=1 pending=0
[lat] dt_ms=69.3414 cmd=up key=ENTER
[hidra] HID socket connect failed (/run/user/1000/hidra.kbd). Waiting for QEMU to listen... (set HID_SOCK or run scripts/run_qemu.sh)
[lat] dt_ms=50.651 cmd=up key=a
[hidra] HID socket connect failed (/run/user/1000/hidra.kbd). Waiting for QEMU to listen... (set HID_SOCK or run scripts/run_qemu.sh)
[lat] dt_ms=41.093 cmd=down key=p
[hidra] HID socket connect failed (/run/user/1000/hidra.kbd). Waiting for QEMU to listen... (set HID_SOCK or run scripts/run_qemu.sh)
[hidra] HID socket connect failed (/run/user/1000/hidra.kbd). Waiting for QEMU to listen... (set HID_SOCK or run scripts/run_qemu.sh)
[msquic] stream: RECEIVE bytes=52 buffers=1 pending=0
[lat] dt_ms=69.0743 cmd=down key=a
[hidra] HID socket connect failed (/run/user/1000/hidra.kbd). Waiting for QEMU to listen... (set HID_SOCK or run scripts/run_qemu.sh)
[hidra] HID socket connect failed (/run/user/1000/hidra.kbd). Waiting for QEMU to listen... (set HID_SOCK or run scripts/run_qemu.sh)
[msquic] stream: RECEIVE bytes=52 buffers=1 pending=0
[hidra] HID socket connect failed (/run/user/1000/hidra.kbd). Waiting for QEMU to listen... (set HID_SOCK or run scripts/run_qemu.sh)
[msquic] stream: RECEIVE bytes=52 buffers=1 pending=0
[lat] dt_ms=43.4631 cmd=down key=t
[hidra] HID socket connect failed (/run/user/1000/hidra.kbd). Waiting for QEMU to listen... (set HID_SOCK or run scripts/run_qemu.sh)
[heal] key=23 heal_ms=120.913
[hidra] HID socket connect failed (/run/user/1000/hidra.kbd). Waiting for QEMU to listen... (set HID_SOCK or run scripts/run_qemu.sh)
[msquic] stream: RECEIVE bytes=52 buffers=1 pending=0
[lat] dt_ms=59.932 cmd=up key=p
[hidra] HID socket connect failed (/run/user/1000/hidra.kbd). Waiting for QEMU to listen... (set HID_SOCK or run scripts/run_qemu.sh)
[lat] dt_ms=44.6734 cmd=up key=t
[hidra] HID socket connect failed (/run/user/1000/hidra.kbd). Waiting for QEMU to listen... (set HID_SOCK or run scripts/run_qemu.sh)
[hidra] HID socket connect failed (/run/user/1000/hidra.kbd). Waiting for QEMU to listen... (set HID_SOCK or run scripts/run_qemu.sh)
[msquic] stream: RECEIVE bytes=52 buffers=1 pending=0
[hidra] HID socket connect failed (/run/user/1000/hidra.kbd). Waiting for QEMU to listen... (set HID_SOCK or run scripts/run_qemu.sh)
[msquic] stream: RECEIVE bytes=52 buffers=1 pending=0
[heal] key=40 heal_ms=45.8507
[hidra] HID socket connect failed (/run/user/1000/hidra.kbd). Waiting for QEMU to listen... (set HID_SOCK or run scripts/run_qemu.sh)
[msquic] stream: RECEIVE bytes=52 buffers=1 pending=0
[heal] key=23 heal_ms=69.2238
[hidra] HID socket connect failed (/run/user/1000/hidra.kbd). Waiting for QEMU to listen... (set HID_SOCK or run scripts/run_qemu.sh)
[msquic] stream: RECEIVE bytes=52 buffers=1 pending=0
[lat] dt_ms=54.2926 cmd=up key=ENTER
[hidra] HID socket connect failed (/run/user/1000/hidra.kbd). Waiting for QEMU to listen... (set HID_SOCK or run scripts/run_qemu.sh)
[hidra] HID socket connect failed (/run/user/1000/hidra.kbd). Waiting for QEMU to listen... (set HID_SOCK or run scripts/run_qemu.sh)
[msquic] stream: RECEIVE bytes=52 buffers=1 pending=0
[lat] dt_ms=48.6205 cmd=down key=a
[hidra] HID socket connect failed (/run/user/1000/hidra.kbd). Waiting for QEMU to listen... (set HID_SOCK or run scripts/run_qemu.sh)
[hidra] HID socket connect failed (/run/user/1000/hidra.kbd). Waiting for QEMU to listen... (set HID_SOCK or run scripts/run_qemu.sh)
[msquic] stream: RECEIVE bytes=52 buffers=1 pending=0
[lat] dt_ms=80.3295 cmd=down key=ENTER
[hidra] HID socket connect failed (/run/user/1000/hidra.kbd). Waiting for QEMU to listen... (set HID_SOCK or run scripts/run_qemu.sh)
[hidra] HID socket connect failed (/run/user/1000/hidra.kbd). Waiting for QEMU to listen... (set HID_SOCK or run scripts/run_qemu.sh)
[msquic] stream: RECEIVE bytes=52 buffers=1 pending=0
[heal] key=19 heal_ms=49.5808
[hidra] HID socket connect failed (/run/user/1000/hidra.kbd). Waiting for QEMU to listen... (set HID_SOCK or run scripts/run_qemu.sh)
[hidra] HID socket connect failed (/run/user/1000/hidra.kbd). Waiting for QEMU to listen... (set HID_SOCK or run scripts/run_qemu.sh)
[msquic] stream: RECEIVE bytes=104 buffers=1 pending=0
[lat] dt_ms=72.5118 cmd=up key=a
[hidra] HID socket connect failed (/run/user/1000/hidra.kbd). Waiting for QEMU to listen... (set HID_SOCK or run scripts/run_qemu.sh)
[lat] dt_ms=62.3193 cmd=down key=p
[hidra] HID socket connect failed (/run/user/1000/hidra.kbd). Waiting for QEMU to listen... (set HID_SOCK or run scripts/run_qemu.sh)
[lat] dt_ms=68.2219 cmd=down key=t
[hidra] HID socket connect failed (/run/user/1000/hidra.kbd). Waiting for QEMU to listen... (set HID_SOCK or run scripts/run_qemu.sh)
[lat] dt_ms=51.368 cmd=down key=ENTER
[hidra] HID socket connect failed (/run/user/1000/hidra.kbd). Waiting for QEMU to listen... (set HID_SOCK or run scripts/run_qemu.sh)
[heal] key=23 heal_ms=62.9203
[hidra] HID socket connect failed (/run/user/1000/hidra.kbd). Waiting for QEMU to listen... (set HID_SOCK or run scripts/run_qemu.sh)
[msquic] stream: RECEIVE bytes=52 buffers=1 pending=0
[hidra] HID socket connect failed (/run/user/1000/hidra.kbd). Waiting for QEMU to listen... (set HID_SOCK or run scripts/run_qemu.sh)
[msquic] stream: RECEIVE bytes=52 buffers=1 pending=0
[hidra] HID socket connect failed (/run/user/1000/hidra.kbd). Waiting for QEMU to listen... (set HID_SOCK or run scripts/run_qemu.sh)
[msquic] stream: RECEIVE bytes=52 buffers=1 pending=0
[lat] dt_ms=79.5412 cmd=up key=t
[hidra] HID socket connect failed (/run/user/1000/hidra.kbd). Waiting for QEMU to listen... (set HID_SOCK or run scripts/run_qemu.sh)
[hidra] HID socket connect failed (/run/user/1000/hidra.kbd). Waiting for QEMU to listen... (set HID_SOCK or run scripts/run_qemu.sh)
[msquic] stream: RECEIVE bytes=52 buffers=1 pending=0
[hidra] HID socket connect failed (/run/user/1000/hidra.kbd). Waiting for QEMU to listen... (set HID_SOCK or run scripts/run_qemu.sh)
[msquic] stream: RECEIVE bytes=52 buffers=1 pending=0
[hidra] HID socket connect failed (/run/user/1000/hidra.kbd). Waiting for QEMU to listen... (set HID_SOCK or run scripts/run_qemu.sh)
[msquic] stream: RECEIVE bytes=52 buffers=1 pending=0
[lat] dt_ms=41.0702 cmd=up key=p
[hidra] HID socket connect failed (/run/user/1000/hidra.kbd). Waiting for QEMU to listen... (set HID_SOCK or run scripts/run_qemu.sh)
[hidra] HID socket connect failed (/run/user/1000/hidra.kbd). Waiting for QEMU to listen... (set HID_SOCK or run scripts/run_qemu.sh)
[msquic] stream: RECEIVE bytes=52 buffers=1 pending=0
[lat] dt_ms=80.8592 cmd=down key=a
[hidra] HID socket connect failed (/run/user/1000/hidra.kbd). Waiting for QEMU to listen... (set HID_SOCK or run scripts/run_qemu.sh)
[lat] dt_ms=71.7867 cmd=up key=a
[hidra] HID socket connect failed (/run/user/1000/hidra.kbd). Waiting for QEMU to listen... (set HID_SOCK or run scripts/run_qemu.sh)
[lat] dt_ms=62.6976 cmd=down key=p
[hidra] HID socket connect failed (/run/user/1000/hidra.kbd). Waiting for QEMU to listen... (set HID_SOCK or run scripts/run_qemu.sh)
[heal] key=19 heal_ms=64.0078
[hidra] HID socket connect failed (/run/user/1000/hidra.kbd). Waiting for QEMU to listen... (set HID_SOCK or run scripts/run_qemu.sh)
[hidra] HID socket connect failed (/run/user/1000/hidra.kbd). Waiting for QEMU to listen... (set HID_SOCK or run scripts/run_qemu.sh)
[msquic] stream: RECEIVE bytes=104 buffers=1 pending=0
[hidra] HID socket connect failed (/run/user/1000/hidra.kbd). Waiting for QEMU to listen... (set HID_SOCK or run scripts/run_qemu.sh)
[msquic] stream: RECEIVE bytes=52 buffers=1 pending=0
[hidra] HID socket connect failed (/run/user/1000/hidra.kbd). Waiting for QEMU to listen... (set HID_SOCK or run scripts/run_qemu.sh)
[msquic] stream: RECEIVE bytes=52 buffers=1 pending=0
[lat] dt_ms=69.6732 cmd=down key=t
[hidra] HID socket connect failed (/run/user/1000/hidra.kbd). Waiting for QEMU to listen... (set HID_SOCK or run scripts/run_qemu.sh)
[lat] dt_ms=49.8995 cmd=down key=ENTER
[hidra] HID socket connect failed (/run/user/1000/hidra.kbd). Waiting for QEMU to listen... (set HID_SOCK or run scripts/run_qemu.sh)
[lat] dt_ms=65.6957 cmd=up key=t
[hidra] HID socket connect failed (/run/user/1000/hidra.kbd). Waiting for QEMU to listen... (set HID_SOCK or run scripts/run_qemu.sh)
[hidra] HID socket connect failed (/run/user/1000/hidra.kbd). Waiting for QEMU to listen... (set HID_SOCK or run scripts/run_qemu.sh)
[msquic] stream: RECEIVE bytes=52 buffers=1 pending=0
[lat] dt_ms=51.9626 cmd=up key=ENTER
[hidra] HID socket connect failed (/run/user/1000/hidra.kbd). Waiting for QEMU to listen... (set HID_SOCK or run scripts/run_qemu.sh)
[hidra] HID socket connect failed (/run/user/1000/hidra.kbd). Waiting for QEMU to listen... (set HID_SOCK or run scripts/run_qemu.sh)
[msquic] stream: RECEIVE bytes=52 buffers=1 pending=0
[lat] dt_ms=50.2934 cmd=down key=a
[hidra] HID socket connect failed (/run/user/1000/hidra.kbd). Waiting for QEMU to listen... (set HID_SOCK or run scripts/run_qemu.sh)
[heal] key=4 heal_ms=124.315
[hidra] HID socket connect failed (/run/user/1000/hidra.kbd). Waiting for QEMU to listen... (set HID_SOCK or run scripts/run_qemu.sh)
[msquic] stream: RECEIVE bytes=52 buffers=1 pending=0
[hidra] HID socket connect failed (/run/user/1000/hidra.kbd). Waiting for QEMU to listen... (set HID_SOCK or run scripts/run_qemu.sh)
[msquic] stream: RECEIVE bytes=52 buffers=1 pending=0
[lat] dt_ms=53.9433 cmd=up key=a
[hidra] HID socket connect failed (/run/user/1000/hidra.kbd). Waiting for QEMU to listen... (set HID_SOCK or run scripts/run_qemu.sh)
[lat] dt_ms=59.6464 cmd=down key=p
[hidra] HID socket connect failed (/run/user/1000/hidra.kbd). Waiting for QEMU to listen... (set HID_SOCK or run scripts/run_qemu.sh)
[hidra] HID socket connect failed (/run/user/1000/hidra.kbd). Waiting for QEMU to listen... (set HID_SOCK or run scripts/run_qemu.sh)
[msquic] stream: RECEIVE bytes=52 buffers=1 pending=0
[lat] dt_ms=55.9682 cmd=up key=p
[hidra] HID socket connect failed (/run/user/1000/hidra.kbd). Waiting for QEMU to listen... (set HID_SOCK or run scripts/run_qemu.sh)
[hidra] snapshot v1 mods=0x0 pressed=0
[hidra] HID socket connect failed (/run/user/1000/hidra.kbd). Waiting for QEMU to listen... (set HID_SOCK or run scripts/run_qemu.sh)
[msquic] stream: RECEIVE bytes=52 buffers=1 pending=0
[hidra] HID socket connect failed (/run/user/1000/hidra.kbd). Waiting for QEMU to listen... (set HID_SOCK or run scripts/run_qemu.sh)
[msquic] stream: RECEIVE bytes=52 buffers=1 pending=0
[lat] dt_ms=43.7835 cmd=down key=ENTER
[hidra] HID socket connect failed (/run/user/1000/hidra.kbd). Waiting for QEMU to listen... (set HID_SOCK or run scripts/run_qemu.sh)
[lat] dt_ms=59.5755 cmd=up key=t
[hidra] HID socket connect failed (/run/user/1000/hidra.kbd). Waiting for QEMU to listen... (set HID_SOCK or run scripts/run_qemu.sh)
[hidra] HID socket connect failed (/run/user/1000/hidra.kbd). Waiting for QEMU to listen... (set HID_SOCK or run scripts/run_qemu.sh)
[msquic] stream: RECEIVE bytes=52 buffers=1 pending=0
[hidra] HID socket connect failed (/run/user/1000/hidra.kbd). Waiting for QEMU to listen... (set HID_SOCK or run scripts/run_qemu.sh)
[msquic] stream: RECEIVE bytes=52 buffers=1 pending=0
[lat] dt_ms=76.0916 cmd=down key=t
[hidra] HID socket connect failed (/run/user/1000/hidra.kbd). Waiting for QEMU to listen... (set HID_SOCK or run scripts/run_qemu.sh)
[hidra] HID socket connect failed (/run/user/1000/hidra.kbd). Waiting for QEMU to listen... (set HID_SOCK or run scripts/run_qemu.sh)
[msquic] stream: RECEIVE bytes=52 buffers=1 pending=0
[lat] dt_ms=50.3893 cmd=down key=a
[hidra] HID socket connect failed (/run/user/1000/hidra.kbd). Waiting for QEMU to listen... (set HID_SOCK or run scripts/run_qemu.sh)
[hidra] HID socket connect failed (/run/user/1000/hidra.kbd). Waiting for QEMU to listen... (set HID_SOCK or run scripts/run_qemu.sh)
[msquic] stream: RECEIVE bytes=52 buffers=1 pending=0
[lat] dt_ms=69.2056 cmd=up key=ENTER
[hidra] HID socket connect failed (/run/user/1000/hidra.kbd). Waiting for QEMU to listen... (set HID_SOCK or run scripts/run_qemu.sh)
[hidra] HID socket connect failed (/run/user/1000/hidra.kbd). Waiting for QEMU to listen... (set HID_SOCK or run scripts/run_qemu.sh)
[msquic] stream: RECEIVE bytes=52 buffers=1 pending=0
[hidra] HID socket connect failed (/run/user/1000/hidra.kbd). Waiting for QEMU to listen... (set HID_SOCK or run scripts/run_qemu.sh)
[msquic] stream: RECEIVE bytes=52 buffers=1 pending=0
[hidra] HID socket connect failed (/run/user/1000/hidra.kbd). Waiting for QEMU to listen... (set HID_SOCK or run scripts/run_qemu.sh)
[msquic] stream: RECEIVE bytes=52 buffers=1 pending=0
[hidra] HID socket connect failed (/run/user/1000/hidra.kbd). Waiting for QEMU to listen... (set HID_SOCK or run scripts/run_qemu.sh)
[msquic] stream: RECEIVE bytes=52 buffers=1 pending=0
[lat] dt_ms=77.5246 cmd=up key=a
[hidra] HID socket connect failed (/run/user/1000/hidra.kbd). Waiting for QEMU to listen... (set HID_SOCK or run scripts/run_qemu.sh)
[hidra] HID socket connect failed (/run/user/1000/hidra.kbd). Waiting for QEMU to listen... (set HID_SOCK or run scripts/run_qemu.sh)
[msquic] stream: RECEIVE bytes=52 buffers=1 pending=0
[hidra] HID socket connect failed (/run/user/1000/hidra.kbd). Waiting for QEMU to listen... (set HID_SOCK or run scripts/run_qemu.sh)
[msquic] stream: RECEIVE bytes=52 buffers=1 pending=0
[lat] dt_ms=80.055 cmd=down key=p
[hidra] HID socket connect failed (/run/user/1000/hidra.kbd). Waiting for QEMU to listen... (set HID_SOCK or run scripts/run_qemu.sh)
[lat] dt_ms=69.2154 cmd=up key=p
[hidra] HID socket connect failed (/run/user/1000/hidra.kbd). Waiting for QEMU to listen... (set HID_SOCK or run scripts/run_qemu.sh)
[lat] dt_ms=55.6855 cmd=up key=t
[hidra] HID socket connect failed (/run/user/1000/hidra.kbd). Waiting for QEMU to listen... (set HID_SOCK or run scripts/run_qemu.sh)
[hidra] HID socket connect failed (/run/user/1000/hidra.kbd). Waiting for QEMU to listen... (set HID_SOCK or run scripts/run_qemu.sh)
[msquic] stream: RECEIVE bytes=52 buffers=1 pending=0
[lat] dt_ms=47.483 cmd=down key=ENTER
[hidra] HID socket connect failed (/run/user/1000/hidra.kbd). Waiting for QEMU to listen... (set HID_SOCK or run scripts/run_qemu.sh)
[lat] dt_ms=77.1663 cmd=down key=t
[hidra] HID socket connect failed (/run/user/1000/hidra.kbd). Waiting for QEMU to listen... (set HID_SOCK or run scripts/run_qemu.sh)
[heal] key=23 heal_ms=72.9306
[hidra] HID socket connect failed (/run/user/1000/hidra.kbd). Waiting for QEMU to listen... (set HID_SOCK or run scripts/run_qemu.sh)
[msquic] stream: RECEIVE bytes=52 buffers=1 pending=0
[heal] key=40 heal_ms=140.206
[hidra] HID socket connect failed (/run/user/1000/hidra.kbd). Waiting for QEMU to listen... (set HID_SOCK or run scripts/run_qemu.sh)
[msquic] stream: RECEIVE bytes=52 buffers=1 pending=0
[lat] dt_ms=58.7929 cmd=up key=ENTER
[hidra] HID socket connect failed (/run/user/1000/hidra.kbd). Waiting for QEMU to listen... (set HID_SOCK or run scripts/run_qemu.sh)
[lat] dt_ms=40.6523 cmd=up key=a
[hidra] HID socket connect failed (/run/user/1000/hidra.kbd). Waiting for QEMU to listen... (set HID_SOCK or run scripts/run_qemu.sh)
[lat] dt_ms=64.8885 cmd=down key=a
[hidra] HID socket connect failed (/run/user/1000/hidra.kbd). Waiting for QEMU to listen... (set HID_SOCK or run scripts/run_qemu.sh)
[hidra] HID socket connect failed (/run/user/1000/hidra.kbd). Waiting for QEMU to listen... (set HID_SOCK or run scripts/run_qemu.sh)
[msquic] stream: RECEIVE bytes=52 buffers=1 pending=0
[hidra] HID socket connect failed (/run/user/1000/hidra.kbd). Waiting for QEMU to listen... (set HID_SOCK or run scripts/run_qemu.sh)
[msquic] stream: RECEIVE bytes=52 buffers=1 pending=0
[heal] key=4 heal_ms=73.3087
[hidra] HID socket connect failed (/run/user/1000/hidra.kbd). Waiting for QEMU to listen... (set HID_SOCK or run scripts/run_qemu.sh)
[msquic] stream: RECEIVE bytes=52 buffers=1 pending=0
[lat] dt_ms=69.2567 cmd=down key=p
[hidra] HID socket connect failed (/run/user/1000/hidra.kbd). Waiting for QEMU to listen... (set HID_SOCK or run scripts/run_qemu.sh)
[heal] key=19 heal_ms=63.6115
[hidra] HID socket connect failed (/run/user/1000/hidra.kbd). Waiting for QEMU to listen... (set HID_SOCK or run scripts/run_qemu.sh)
[msquic] stream: RECEIVE bytes=52 buffers=1 pending=0
[lat] dt_ms=66.9691 cmd=up key=p
[hidra] HID socket connect failed (/run/user/1000/hidra.kbd). Waiting for QEMU to listen... (set HID_SOCK or run scripts/run_qemu.sh)
[heal] key=23 heal_ms=49.7299
[hidra] HID socket connect failed (/run/user/1000/hidra.kbd). Waiting for QEMU to listen... (set HID_SOCK or run scripts/run_qemu.sh)
[msquic] stream: RECEIVE bytes=52 buffers=1 pending=0
[hidra] HID socket connect failed (/run/user/1000/hidra.kbd). Waiting for QEMU to listen... (set HID_SOCK or run scripts/run_qemu.sh)
[msquic] stream: RECEIVE bytes=52 buffers=1 pending=0
[lat] dt_ms=66.401 cmd=down key=t
[hidra] HID socket connect failed (/run/user/1000/hidra.kbd). Waiting for QEMU to listen... (set HID_SOCK or run scripts/run_qemu.sh)
[hidra] HID socket connect failed (/run/user/1000/hidra.kbd). Waiting for QEMU to listen... (set HID_SOCK or run scripts/run_qemu.sh)
[msquic] stream: RECEIVE bytes=52 buffers=1 pending=0
[lat] dt_ms=59.4845 cmd=down key=ENTER
[hidra] HID socket connect failed (/run/user/1000/hidra.kbd). Waiting for QEMU to listen... (set HID_SOCK or run scripts/run_qemu.sh)
[lat] dt_ms=74.8567 cmd=up key=t
[hidra] HID socket connect failed (/run/user/1000/hidra.kbd). Waiting for QEMU to listen... (set HID_SOCK or run scripts/run_qemu.sh)
[lat] dt_ms=57.3436 cmd=up key=ENTER
[hidra] HID socket connect failed (/run/user/1000/hidra.kbd). Waiting for QEMU to listen... (set HID_SOCK or run scripts/run_qemu.sh)
[lat] dt_ms=48.4793 cmd=down key=a
[hidra] HID socket connect failed (/run/user/1000/hidra.kbd). Waiting for QEMU to listen... (set HID_SOCK or run scripts/run_qemu.sh)
[hidra] HID socket connect failed (/run/user/1000/hidra.kbd). Waiting for QEMU to listen... (set HID_SOCK or run scripts/run_qemu.sh)
[msquic] stream: RECEIVE bytes=52 buffers=1 pending=0
[hidra] HID socket connect failed (/run/user/1000/hidra.kbd). Waiting for QEMU to listen... (set HID_SOCK or run scripts/run_qemu.sh)
[msquic] stream: RECEIVE bytes=52 buffers=1 pending=0
[hidra] HID socket connect failed (/run/user/1000/hidra.kbd). Waiting for QEMU to listen... (set HID_SOCK or run scripts/run_qemu.sh)
[msquic] stream: RECEIVE bytes=52 buffers=1 pending=0
[lat] dt_ms=57.2209 cmd=up key=a
[hidra] HID socket connect failed (/run/user/1000/hidra.kbd). Waiting for QEMU to listen... (set HID_SOCK or run scripts/run_qemu.sh)
[heal] key=40 heal_ms=84.9021
[hidra] HID socket connect failed (/run/user/1000/hidra.kbd). Waiting for QEMU to listen... (set HID_SOCK or run scripts/run_qemu.sh)
[msquic] stream: RECEIVE bytes=52 buffers=1 pending=0
[hidra] HID socket connect failed (/run/user/1000/hidra.kbd). Waiting for QEMU to listen... (set HID_SOCK or run scripts/run_qemu.sh)
[msquic] stream: RECEIVE bytes=52 buffers=1 pending=0
[lat] dt_ms=51.5672 cmd=down key=t
[hidra] HID socket connect failed (/run/user/1000/hidra.kbd). Waiting for QEMU to listen... (set HID_SOCK or run scripts/run_qemu.sh)
[hidra] HID socket connect failed (/run/user/1000/hidra.kbd). Waiting for QEMU to listen... (set HID_SOCK or run scripts/run_qemu.sh)
[msquic] stream: RECEIVE bytes=52 buffers=1 pending=0
[hidra] HID socket connect failed (/run/user/1000/hidra.kbd). Waiting for QEMU to listen... (set HID_SOCK or run scripts/run_qemu.sh)
[msquic] stream: RECEIVE bytes=52 buffers=1 pending=0
[lat] dt_ms=45.825 cmd=up key=ENTER
[hidra] HID socket connect failed (/run/user/1000/hidra.kbd). Waiting for QEMU to listen... (set HID_SOCK or run scripts/run_qemu.sh)
[hidra] HID socket connect failed (/run/user/1000/hidra.kbd). Waiting for QEMU to listen... (set HID_SOCK or run scripts/run_qemu.sh)
[msquic] stream: RECEIVE bytes=52 buffers=1 pending=0
[hidra] HID socket connect failed (/run/user/1000/hidra.kbd). Waiting for QEMU to listen... (set HID_SOCK or run scripts/run_qemu.sh)
[msquic] stream: RECEIVE bytes=52 buffers=1 pending=0
[lat] dt_ms=66.9583 cmd=down key=ENTER
[hidra] HID socket connect failed (/run/user/1000/hidra.kbd). Waiting for QEMU to listen... (set HID_SOCK or run scripts/run_qemu.sh)
[hidra] HID socket connect failed (/run/user/1000/hidra.kbd). Waiting for QEMU to listen... (set HID_SOCK or run scripts/run_qemu.sh)
[msquic] stream: RECEIVE bytes=52 buffers=1 pending=0
[lat] dt_ms=79.7089 cmd=up key=t
[hidra] HID socket connect failed (/run/user/1000/hidra.kbd). Waiting for QEMU to listen... (set HID_SOCK or run scripts/run_qemu.sh)
[hidra] HID socket connect failed (/run/user/1000/hidra.kbd). Waiting for QEMU to listen... (set HID_SOCK or run scripts/run_qemu.sh)
[msquic] stream: RECEIVE bytes=52 buffers=1 pending=0
[hidra] HID socket connect failed (/run/user/1000/hidra.kbd). Waiting for QEMU to listen... (set HID_SOCK or run scripts/run_qemu.sh)
[msquic] stream: RECEIVE bytes=52 buffers=1 pending=0
[lat] dt_ms=46.6215 cmd=down key=p
[hidra] HID socket connect failed (/run/user/1000/hidra.kbd). Waiting for QEMU to listen... (set HID_SOCK or run scripts/run_qemu.sh)
[lat] dt_ms=65.0931 cmd=up key=a
[hidra] HID socket connect failed (/run/user/1000/hidra.kbd). Waiting for QEMU to listen... (set HID_SOCK or run scripts/run_qemu.sh)
[heal] key=19 heal_ms=133.33
[hidra] HID socket connect failed (/run/user/1000/hidra.kbd). Waiting for QEMU to listen... (set HID_SOCK or run scripts/run_qemu.sh)
[msquic] stream: RECEIVE bytes=52 buffers=1 pending=0
[hidra] HID socket connect failed (/run/user/1000/hidra.kbd). Waiting for QEMU to listen... (set HID_SOCK or run scripts/run_qemu.sh)
[msquic] stream: RECEIVE bytes=52 buffers=1 pending=0
[heal] key=19 heal_ms=62.6626
[hidra] HID socket connect failed (/run/user/1000/hidra.kbd). Waiting for QEMU to listen... (set HID_SOCK or run scripts/run_qemu.sh)
[msquic] stream: RECEIVE bytes=52 buffers=1 pending=0
[lat] dt_ms=42.3626 cmd=up key=t
[hidra] HID socket connect failed (/run/user/1000/hidra.kbd). Waiting for QEMU to listen... (set HID_SOCK or run scripts/run_qemu.sh)
[lat] dt_ms=72.0051 cmd=up key=p
[hidra] HID socket connect failed (/run/user/1000/hidra.kbd). Waiting for QEMU to listen... (set HID_SOCK or run scripts/run_qemu.sh)
[lat] dt_ms=48.1431 cmd=down key=ENTER
[hidra] HID socket connect failed (/run/user/1000/hidra.kbd). Waiting for QEMU to listen... (set HID_SOCK or run scripts/run_qemu.sh)
[hidra] HID socket connect failed (/run/user/1000/hidra.kbd). Waiting for QEMU to listen... (set HID_SOCK or run scripts/run_qemu.sh)
[msquic] stream: RECEIVE bytes=52 buffers=2 pending=0
[heal] key=40 heal_ms=45.1301
[hidra] HID socket connect failed (/run/user/1000/hidra.kbd). Waiting for QEMU to listen... (set HID_SOCK or run scripts/run_qemu.sh)
[msquic] stream: RECEIVE bytes=52 buffers=1 pending=0
[lat] dt_ms=80.4247 cmd=down key=t
[hidra] HID socket connect failed (/run/user/1000/hidra.kbd). Waiting for QEMU to listen... (set HID_SOCK or run scripts/run_qemu.sh)
[hidra] HID socket connect failed (/run/user/1000/hidra.kbd). Waiting for QEMU to listen... (set HID_SOCK or run scripts/run_qemu.sh)
[msquic] stream: RECEIVE bytes=52 buffers=1 pending=0
[lat] dt_ms=51.653 cmd=up key=ENTER
[hidra] HID socket connect failed (/run/user/1000/hidra.kbd). Waiting for QEMU to listen... (set HID_SOCK or run scripts/run_qemu.sh)
[heal] key=23 heal_ms=87.076
[hidra] HID socket connect failed (/run/user/1000/hidra.kbd). Waiting for QEMU to listen... (set HID_SOCK or run scripts/run_qemu.sh)
[msquic] stream: RECEIVE bytes=52 buffers=1 pending=0
[lat] dt_ms=52.0354 cmd=up key=a
[hidra] HID socket connect failed (/run/user/1000/hidra.kbd). Waiting for QEMU to listen... (set HID_SOCK or run scripts/run_qemu.sh)
[hidra] HID socket connect failed (/run/user/1000/hidra.kbd). Waiting for QEMU to listen... (set HID_SOCK or run scripts/run_qemu.sh)
[msquic] stream: RECEIVE bytes=52 buffers=1 pending=0
[hidra] HID socket connect failed (/run/user/1000/hidra.kbd). Waiting for QEMU to listen... (set HID_SOCK or run scripts/run_qemu.sh)
[hidra] HID socket connect failed (/run/user/1000/hidra.kbd). Waiting for QEMU to listen... (set HID_SOCK or run scripts/run_qemu.sh)
[msquic] stream: RECEIVE bytes=104 buffers=1 pending=0
[lat] dt_ms=70.3908 cmd=down key=a
[hidra] HID socket connect failed (/run/user/1000/hidra.kbd). Waiting for QEMU to listen... (set HID_SOCK or run scripts/run_qemu.sh)
[lat] dt_ms=47.752 cmd=down key=t
[hidra] HID socket connect failed (/run/user/1000/hidra.kbd). Waiting for QEMU to listen... (set HID_SOCK or run scripts/run_qemu.sh)
[heal] key=4 heal_ms=81.2562
[hidra] HID socket connect failed (/run/user/1000/hidra.kbd). Waiting for QEMU to listen... (set HID_SOCK or run scripts/run_qemu.sh)
[msquic] stream: RECEIVE bytes=52 buffers=1 pending=0
[lat] dt_ms=76.2098 cmd=down key=p
[hidra] HID socket connect failed (/run/user/1000/hidra.kbd). Waiting for QEMU to listen... (set HID_SOCK or run scripts/run_qemu.sh)
[lat] dt_ms=67.0227 cmd=up key=p
[hidra] HID socket connect failed (/run/user/1000/hidra.kbd). Waiting for QEMU to listen... (set HID_SOCK or run scripts/run_qemu.sh)
[lat] dt_ms=49.0671 cmd=up key=t
[hidra] HID socket connect failed (/run/user/1000/hidra.kbd). Waiting for QEMU to listen... (set HID_SOCK or run scripts/run_qemu.sh)
[hidra] HID socket connect failed (/run/user/1000/hidra.kbd). Waiting for QEMU to listen... (set HID_SOCK or run scripts/run_qemu.sh)
[msquic] stream: RECEIVE bytes=52 buffers=1 pending=0
[hidra] HID socket connect failed (/run/user/1000/hidra.kbd). Waiting for QEMU to listen... (set HID_SOCK or run scripts/run_qemu.sh)
[msquic] stream: RECEIVE bytes=52 buffers=1 pending=0
[hidra] HID socket connect failed (/run/user/1000/hidra.kbd). Waiting for QEMU to listen... (set HID_SOCK or run scripts/run_qemu.sh)
[msquic] stream: RECEIVE bytes=52 buffers=1 pending=0
[lat] dt_ms=56.3008 cmd=up key=ENTER
[hidra] HID socket connect failed (/run/user/1000/hidra.kbd). Waiting for QEMU to listen... (set HID_SOCK or run scripts/run_qemu.sh)
[lat] dt_ms=76.3205 cmd=down key=ENTER
[hidra] HID socket connect failed (/run/user/1000/hidra.kbd). Waiting for QEMU to listen... (set HID_SOCK or run scripts/run_qemu.sh)
[hidra] HID socket connect failed (/run/user/1000/hidra.kbd). Waiting for QEMU to listen... (set HID_SOCK or run scripts/run_qemu.sh)
[msquic] stream: RECEIVE bytes=52 buffers=1 pending=0
[heal] key=40 heal_ms=76.0872
[hidra] HID socket connect failed (/run/user/1000/hidra.kbd). Waiting for QEMU to listen... (set HID_SOCK or run scripts/run_qemu.sh)
[msquic] stream: RECEIVE bytes=52 buffers=1 pending=0
[lat] dt_ms=69.2148 cmd=down key=a
[hidra] HID socket connect failed (/run/user/1000/hidra.kbd). Waiting for QEMU to listen... (set HID_SOCK or run scripts/run_qemu.sh)
[hidra] HID socket connect failed (/run/user/1000/hidra.kbd). Waiting for QEMU to listen... (set HID_SOCK or run scripts/run_qemu.sh)
[msquic] stream: RECEIVE bytes=52 buffers=1 pending=0
[lat] dt_ms=68.1615 cmd=up key=a
[hidra] HID socket connect failed (/run/user/1000/hidra.kbd). Waiting for QEMU to listen... (set HID_SOCK or run scripts/run_qemu.sh)
[lat] dt_ms=58.5973 cmd=down key=p
[hidra] HID socket connect failed (/run/user/1000/hidra.kbd). Waiting for QEMU to listen... (set HID_SOCK or run scripts/run_qemu.sh)
[hidra] HID socket connect failed (/run/user/1000/hidra.kbd). Waiting for QEMU to listen... (set HID_SOCK or run scripts/run_qemu.sh)
[hidra] HID socket connect failed (/run/user/1000/hidra.kbd). Waiting for QEMU to listen... (set HID_SOCK or run scripts/run_qemu.sh)
[msquic] stream: RECEIVE bytes=104 buffers=1 pending=0
[hidra] HID socket connect failed (/run/user/1000/hidra.kbd). Waiting for QEMU to listen... (set HID_SOCK or run scripts/run_qemu.sh)
[msquic] stream: RECEIVE bytes=52 buffers=1 pending=0
[hidra] HID socket connect failed (/run/user/1000/hidra.kbd). Waiting for QEMU to listen... (set HID_SOCK or run scripts/run_qemu.sh)
[msquic] stream: RECEIVE bytes=52 buffers=1 pending=0
[lat] dt_ms=65.6864 cmd=up key=p
[hidra] HID socket connect failed (/run/user/1000/hidra.kbd). Waiting for QEMU to listen... (set HID_SOCK or run scripts/run_qemu.sh)
[heal] key=23 heal_ms=135.601
[hidra] HID socket connect failed (/run/user/1000/hidra.kbd). Waiting for QEMU to listen... (set HID_SOCK or run scripts/run_qemu.sh)
[msquic] stream: RECEIVE bytes=52 buffers=1 pending=0
[hidra] HID socket connect failed (/run/user/1000/hidra.kbd). Waiting for QEMU to listen... (set HID_SOCK or run scripts/run_qemu.sh)
[msquic] stream: RECEIVE bytes=52 buffers=1 pending=0
[lat] dt_ms=75.9551 cmd=down key=t
[hidra] HID socket connect failed (/run/user/1000/hidra.kbd). Waiting for QEMU to listen... (set HID_SOCK or run scripts/run_qemu.sh)
[lat] dt_ms=72.757 cmd=up key=t
[hidra] HID socket connect failed (/run/user/1000/hidra.kbd). Waiting for QEMU to listen... (set HID_SOCK or run scripts/run_qemu.sh)
[hidra] HID socket connect failed (/run/user/1000/hidra.kbd). Waiting for QEMU to listen... (set HID_SOCK or run scripts/run_qemu.sh)
[msquic] stream: RECEIVE bytes=52 buffers=1 pending=0
[lat] dt_ms=73.977 cmd=down key=ENTER
[hidra] HID socket connect failed (/run/user/1000/hidra.kbd). Waiting for QEMU to listen... (set HID_SOCK or run scripts/run_qemu.sh)
[hidra] HID socket connect failed (/run/user/1000/hidra.kbd). Waiting for QEMU to listen... (set HID_SOCK or run scripts/run_qemu.sh)
[msquic] stream: RECEIVE bytes=52 buffers=1 pending=0
[heal] key=40 heal_ms=83.0218
[hidra] HID socket connect failed (/run/user/1000/hidra.kbd). Waiting for QEMU to listen... (set HID_SOCK or run scripts/run_qemu.sh)
[msquic] stream: RECEIVE bytes=52 buffers=1 pending=0
[heal] key=4 heal_ms=146.171
[hidra] HID socket connect failed (/run/user/1000/hidra.kbd). Waiting for QEMU to listen... (set HID_SOCK or run scripts/run_qemu.sh)
[hidra] HID socket connect failed (/run/user/1000/hidra.kbd). Waiting for QEMU to listen... (set HID_SOCK or run scripts/run_qemu.sh)
[msquic] stream: RECEIVE bytes=104 buffers=1 pending=0
[lat] dt_ms=43.2239 cmd=up key=p
[hidra] HID socket connect failed (/run/user/1000/hidra.kbd). Waiting for QEMU to listen... (set HID_SOCK or run scripts/run_qemu.sh)
[lat] dt_ms=75.848 cmd=down key=a
[hidra] HID socket connect failed (/run/user/1000/hidra.kbd). Waiting for QEMU to listen... (set HID_SOCK or run scripts/run_qemu.sh)
[lat] dt_ms=64.0917 cmd=down key=p
[hidra] HID socket connect failed (/run/user/1000/hidra.kbd). Waiting for QEMU to listen... (set HID_SOCK or run scripts/run_qemu.sh)
[heal] key=4 heal_ms=74.5401
[hidra] HID socket connect failed (/run/user/1000/hidra.kbd). Waiting for QEMU to listen... (set HID_SOCK or run scripts/run_qemu.sh)
[msquic] stream: RECEIVE bytes=52 buffers=1 pending=0
[hidra] HID socket connect failed (/run/user/1000/hidra.kbd). Waiting for QEMU to listen... (set HID_SOCK or run scripts/run_qemu.sh)
[msquic] stream: RECEIVE bytes=52 buffers=1 pending=0
[lat] dt_ms=48.6206 cmd=up key=t
[hidra] HID socket connect failed (/run/user/1000/hidra.kbd). Waiting for QEMU to listen... (set HID_SOCK or run scripts/run_qemu.sh)
[hidra] HID socket connect failed (/run/user/1000/hidra.kbd). Waiting for QEMU to listen... (set HID_SOCK or run scripts/run_qemu.sh)
[msquic] stream: RECEIVE bytes=52 buffers=1 pending=0
[lat] dt_ms=78.9013 cmd=down key=t
[hidra] HID socket connect failed (/run/user/1000/hidra.kbd). Waiting for QEMU to listen... (set HID_SOCK or run scripts/run_qemu.sh)
[hidra] HID socket connect failed (/run/user/1000/hidra.kbd). Waiting for QEMU to listen... (set HID_SOCK or run scripts/run_qemu.sh)
[msquic] stream: RECEIVE bytes=52 buffers=1 pending=0
[lat] dt_ms=63.3949 cmd=down key=ENTER
[hidra] HID socket connect failed (/run/user/1000/hidra.kbd). Waiting for QEMU to listen... (set HID_SOCK or run scripts/run_qemu.sh)
[lat] dt_ms=42.3748 cmd=down key=a
[hidra] HID socket connect failed (/run/user/1000/hidra.kbd). Waiting for QEMU to listen... (set HID_SOCK or run scripts/run_qemu.sh)
[lat] dt_ms=55.8704 cmd=up key=ENTER
[hidra] HID socket connect failed (/run/user/1000/hidra.kbd). Waiting for QEMU to listen... (set HID_SOCK or run scripts/run_qemu.sh)
[hidra] HID socket connect failed (/run/user/1000/hidra.kbd). Waiting for QEMU to listen... (set HID_SOCK or run scripts/run_qemu.sh)
[msquic] stream: RECEIVE bytes=52 buffers=1 pending=0
[heal] key=23 heal_ms=81.5778
[hidra] HID socket connect failed (/run/user/1000/hidra.kbd). Waiting for QEMU to listen... (set HID_SOCK or run scripts/run_qemu.sh)
[msquic] stream: RECEIVE bytes=52 buffers=1 pending=0
[hidra] HID socket connect failed (/run/user/1000/hidra.kbd). Waiting for QEMU to listen... (set HID_SOCK or run scripts/run_qemu.sh)
[msquic] stream: RECEIVE bytes=52 buffers=1 pending=0
[hidra] HID socket connect failed (/run/user/1000/hidra.kbd). Waiting for QEMU to listen... (set HID_SOCK or run scripts/run_qemu.sh)
[msquic] stream: RECEIVE bytes=52 buffers=1 pending=0
[lat] dt_ms=67.2894 cmd=down key=p
[hidra] HID socket connect failed (/run/user/1000/hidra.kbd). Waiting for QEMU to listen... (set HID_SOCK or run scripts/run_qemu.sh)
[hidra] HID socket connect failed (/run/user/1000/hidra.kbd). Waiting for QEMU to listen... (set HID_SOCK or run scripts/run_qemu.sh)
[msquic] stream: RECEIVE bytes=52 buffers=1 pending=0
[lat] dt_ms=79.2031 cmd=up key=a
[hidra] HID socket connect failed (/run/user/1000/hidra.kbd). Waiting for QEMU to listen... (set HID_SOCK or run scripts/run_qemu.sh)
[lat] dt_ms=58.9842 cmd=up key=p
[hidra] HID socket connect failed (/run/user/1000/hidra.kbd). Waiting for QEMU to listen... (set HID_SOCK or run scripts/run_qemu.sh)
[hidra] HID socket connect failed (/run/user/1000/hidra.kbd). Waiting for QEMU to listen... (set HID_SOCK or run scripts/run_qemu.sh)
[msquic] stream: RECEIVE bytes=52 buffers=1 pending=0
[lat] dt_ms=47.0714 cmd=up key=t
[hidra] HID socket connect failed (/run/user/1000/hidra.kbd). Waiting for QEMU to listen... (set HID_SOCK or run scripts/run_qemu.sh)
[hidra] HID socket connect failed (/run/user/1000/hidra.kbd). Waiting for QEMU to listen... (set HID_SOCK or run scripts/run_qemu.sh)
[msquic] stream: RECEIVE bytes=52 buffers=1 pending=0
[lat] dt_ms=72.403 cmd=down key=t
[hidra] HID socket connect failed (/run/user/1000/hidra.kbd). Waiting for QEMU to listen... (set HID_SOCK or run scripts/run_qemu.sh)
[hidra] HID socket connect failed (/run/user/1000/hidra.kbd). Waiting for QEMU to listen... (set HID_SOCK or run scripts/run_qemu.sh)
[msquic] stream: RECEIVE bytes=52 buffers=1 pending=0
[heal] key=23 heal_ms=67.9855
[hidra] HID socket connect failed (/run/user/1000/hidra.kbd). Waiting for QEMU to listen... (set HID_SOCK or run scripts/run_qemu.sh)
[msquic] stream: RECEIVE bytes=52 buffers=1 pending=0
[lat] dt_ms=57.8712 cmd=down key=ENTER
[hidra] HID socket connect failed (/run/user/1000/hidra.kbd). Waiting for QEMU to listen... (set HID_SOCK or run scripts/run_qemu.sh)
[hidra] HID socket connect failed (/run/user/1000/hidra.kbd). Waiting for QEMU to listen... (set HID_SOCK or run scripts/run_qemu.sh)
[hidra] HID socket connect failed (/run/user/1000/hidra.kbd). Waiting for QEMU to listen... (set HID_SOCK or run scripts/run_qemu.sh)
[msquic] stream: RECEIVE bytes=104 buffers=1 pending=0
[hidra] HID socket connect failed (/run/user/1000/hidra.kbd). Waiting for QEMU to listen... (set HID_SOCK or run scripts/run_qemu.sh)
[msquic] stream: RECEIVE bytes=52 buffers=1 pending=0
[hidra] HID socket connect failed (/run/user/1000/hidra.kbd). Waiting for QEMU to listen... (set HID_SOCK or run scripts/run_qemu.sh)
[msquic] stream: RECEIVE bytes=52 buffers=1 pending=0
[lat] dt_ms=72.381 cmd=up key=ENTER
[hidra] HID socket connect failed (/run/user/1000/hidra.kbd). Waiting for QEMU to listen... (set HID_SOCK or run scripts/run_qemu.sh)
[hidra] HID socket connect failed (/run/user/1000/hidra.kbd). Waiting for QEMU to listen... (set HID_SOCK or run scripts/run_qemu.sh)
[msquic] stream: RECEIVE bytes=52 buffers=1 pending=0
[lat] dt_ms=55.8804 cmd=up key=a
[hidra] HID socket connect failed (/run/user/1000/hidra.kbd). Waiting for QEMU to listen... (set HID_SOCK or run scripts/run_qemu.sh)
[lat] dt_ms=79.7702 cmd=down key=a
[hidra] HID socket connect failed (/run/user/1000/hidra.kbd). Waiting for QEMU to listen... (set HID_SOCK or run scripts/run_qemu.sh)
[heal] key=4 heal_ms=76.659
[hidra] HID socket connect failed (/run/user/1000/hidra.kbd). Waiting for QEMU to listen... (set HID_SOCK or run scripts/run_qemu.sh)
[heal] key=19 heal_ms=140.797
[hidra] HID socket connect failed (/run/user/1000/hidra.kbd). Waiting for QEMU to listen... (set HID_SOCK or run scripts/run_qemu.sh)
[msquic] stream: RECEIVE bytes=104 buffers=1 pending=0
[lat] dt_ms=52.4655 cmd=down key=t
[hidra] HID socket connect failed (/run/user/1000/hidra.kbd). Waiting for QEMU to listen... (set HID_SOCK or run scripts/run_qemu.sh)
[hidra] HID socket connect failed (/run/user/1000/hidra.kbd). Waiting for QEMU to listen... (set HID_SOCK or run scripts/run_qemu.sh)
[hidra] HID socket connect failed (/run/user/1000/hidra.kbd). Waiting for QEMU to listen... (set HID_SOCK or run scripts/run_qemu.sh)
[msquic] stream: RECEIVE bytes=104 buffers=1 pending=0
[lat] dt_ms=75.7098 cmd=down key=p
[hidra] HID socket connect failed (/run/user/1000/hidra.kbd). Waiting for QEMU to listen... (set HID_SOCK or run scripts/run_qemu.sh)
[lat] dt_ms=69.1161 cmd=up key=p
[hidra] HID socket connect failed (/run/user/1000/hidra.kbd). Waiting for QEMU to listen... (set HID_SOCK or run scripts/run_qemu.sh)
[lat] dt_ms=40.7672 cmd=down key=ENTER
[hidra] HID socket connect failed (/run/user/1000/hidra.kbd). Waiting for QEMU to listen... (set HID_SOCK or run scripts/run_qemu.sh)
[heal] key=40 heal_ms=42.9586
[heal] key=23 heal_ms=63.8314
[hidra] HID socket connect failed (/run/user/1000/hidra.kbd). Waiting for QEMU to listen... (set HID_SOCK or run scripts/run_qemu.sh)
[msquic] stream: RECEIVE bytes=52 buffers=1 pending=0
[hidra] HID socket connect failed (/run/user/1000/hidra.kbd). Waiting for QEMU to listen... (set HID_SOCK or run scripts/run_qemu.sh)
[msquic] stream: RECEIVE bytes=52 buffers=1 pending=0
[lat] dt_ms=49.4826 cmd=up key=ENTER
[hidra] HID socket connect failed (/run/user/1000/hidra.kbd). Waiting for QEMU to listen... (set HID_SOCK or run scripts/run_qemu.sh)
[hidra] HID socket connect failed (/run/user/1000/hidra.kbd). Waiting for QEMU to listen... (set HID_SOCK or run scripts/run_qemu.sh)
[msquic] stream: RECEIVE bytes=52 buffers=1 pending=0
[lat] dt_ms=76.8053 cmd=up key=t
[hidra] HID socket connect failed (/run/user/1000/hidra.kbd). Waiting for QEMU to listen... (set HID_SOCK or run scripts/run_qemu.sh)
[hidra] HID socket connect failed (/run/user/1000/hidra.kbd). Waiting for QEMU to listen... (set HID_SOCK or run scripts/run_qemu.sh)
[msquic] stream: RECEIVE bytes=52 buffers=1 pending=0
[hidra] HID socket connect failed (/run/user/1000/hidra.kbd). Waiting for QEMU to listen... (set HID_SOCK or run scripts/run_qemu.sh)
[msquic] stream: RECEIVE bytes=52 buffers=1 pending=0
[lat] dt_ms=69.5666 cmd=down key=a
[hidra] HID socket connect failed (/run/user/1000/hidra.kbd). Waiting for QEMU to listen... (set HID_SOCK or run scripts/run_qemu.sh)
[lat] dt_ms=53.6274 cmd=down key=p
[hidra] HID socket connect failed (/run/user/1000/hidra.kbd). Waiting for QEMU to listen... (set HID_SOCK or run scripts/run_qemu.sh)
[heal] key=19 heal_ms=56.7503
[heal] key=4 heal_ms=77.4884
[hidra] HID socket connect failed (/run/user/1000/hidra.kbd). Waiting for QEMU to listen... (set HID_SOCK or run scripts/run_qemu.sh)
[msquic] stream: RECEIVE bytes=52 buffers=1 pending=0
[lat] dt_ms=79.6094 cmd=up key=a
[hidra] HID socket connect failed (/run/user/1000/hidra.kbd). Waiting for QEMU to listen... (set HID_SOCK or run scripts/run_qemu.sh)
[lat] dt_ms=58.908 cmd=up key=p
[hidra] HID socket connect failed (/run/user/1000/hidra.kbd). Waiting for QEMU to listen... (set HID_SOCK or run scripts/run_qemu.sh)
[hidra] HID socket connect failed (/run/user/1000/hidra.kbd). Waiting for QEMU to listen... (set HID_SOCK or run scripts/run_qemu.sh)
[msquic] stream: RECEIVE bytes=52 buffers=1 pending=0
[hidra] HID socket connect failed (/run/user/1000/hidra.kbd). Waiting for QEMU to listen... (set HID_SOCK or run scripts/run_qemu.sh)
[msquic] stream: RECEIVE bytes=52 buffers=1 pending=0
[lat] dt_ms=63.0355 cmd=down key=t
[hidra] HID socket connect failed (/run/user/1000/hidra.kbd). Waiting for QEMU to listen... (set HID_SOCK or run scripts/run_qemu.sh)
[hidra] HID socket connect failed (/run/user/1000/hidra.kbd). Waiting for QEMU to listen... (set HID_SOCK or run scripts/run_qemu.sh)
[heal] key=23 heal_ms=52.5383
[hidra] HID socket connect failed (/run/user/1000/hidra.kbd). Waiting for QEMU to listen... (set HID_SOCK or run scripts/run_qemu.sh)
[msquic] stream: RECEIVE bytes=104 buffers=1 pending=0
[lat] dt_ms=46.2097 cmd=down key=ENTER
[hidra] HID socket connect failed (/run/user/1000/hidra.kbd). Waiting for QEMU to listen... (set HID_SOCK or run scripts/run_qemu.sh)
[hidra] progress: rx=277 emits=396 quic_snapshots=214 socket=[hidra] HID socket connect failed (/run/user/1000/hidra.kbd). Waiting for QEMU to listen... (set HID_SOCK or run scripts/run_qemu.sh)
[hidra] send() failed; will retry connect
[msquic] stream: RECEIVE bytes=52 buffers=1 pending=0
waiting
[lat] dt_ms=46.0756 cmd=up key=ENTER
[hidra] HID socket connect failed (/run/user/1000/hidra.kbd). Waiting for QEMU to listen... (set HID_SOCK or run scripts/run_qemu.sh)
[lat] dt_ms=77.3207 cmd=up key=t
[hidra] HID socket connect failed (/run/user/1000/hidra.kbd). Waiting for QEMU to listen... (set HID_SOCK or run scripts/run_qemu.sh)
[hidra] HID socket connect failed (/run/user/1000/hidra.kbd). Waiting for QEMU to listen... (set HID_SOCK or run scripts/run_qemu.sh)
[msquic] stream: RECEIVE bytes=52 buffers=1 pending=0
[heal] key=40 heal_ms=70.5693
[hidra] HID socket connect failed (/run/user/1000/hidra.kbd). Waiting for QEMU to listen... (set HID_SOCK or run scripts/run_qemu.sh)
[msquic] stream: RECEIVE bytes=52 buffers=1 pending=0
[lat] dt_ms=40.3883 cmd=down key=p
[hidra] HID socket connect failed (/run/user/1000/hidra.kbd). Waiting for QEMU to listen... (set HID_SOCK or run scripts/run_qemu.sh)
[hidra] HID socket connect failed (/run/user/1000/hidra.kbd). Waiting for QEMU to listen... (set HID_SOCK or run scripts/run_qemu.sh)
[msquic] stream: RECEIVE bytes=52 buffers=1 pending=0
[lat] dt_ms=75.0405 cmd=down key=a
[hidra] HID socket connect failed (/run/user/1000/hidra.kbd). Waiting for QEMU to listen... (set HID_SOCK or run scripts/run_qemu.sh)
[heal] key=4 heal_ms=64.7163
[hidra] HID socket connect failed (/run/user/1000/hidra.kbd). Waiting for QEMU to listen... (set HID_SOCK or run scripts/run_qemu.sh)
[msquic] stream: RECEIVE bytes=52 buffers=1 pending=0
[lat] dt_ms=66.9891 cmd=up key=a
[hidra] HID socket connect failed (/run/user/1000/hidra.kbd). Waiting for QEMU to listen... (set HID_SOCK or run scripts/run_qemu.sh)
[hidra] HID socket connect failed (/run/user/1000/hidra.kbd). Waiting for QEMU to listen... (set HID_SOCK or run scripts/run_qemu.sh)
[msquic] stream: RECEIVE bytes=52 buffers=1 pending=0
[heal] key=19 heal_ms=59.1501
[hidra] HID socket connect failed (/run/user/1000/hidra.kbd). Waiting for QEMU to listen... (set HID_SOCK or run scripts/run_qemu.sh)
[msquic] stream: RECEIVE bytes=52 buffers=1 pending=0
[lat] dt_ms=50.1088 cmd=down key=t
[hidra] HID socket connect failed (/run/user/1000/hidra.kbd). Waiting for QEMU to listen... (set HID_SOCK or run scripts/run_qemu.sh)
[lat] dt_ms=63.5048 cmd=up key=p
[hidra] HID socket connect failed (/run/user/1000/hidra.kbd). Waiting for QEMU to listen... (set HID_SOCK or run scripts/run_qemu.sh)
[hidra] HID socket connect failed (/run/user/1000/hidra.kbd). Waiting for QEMU to listen... (set HID_SOCK or run scripts/run_qemu.sh)
[msquic] stream: RECEIVE bytes=52 buffers=1 pending=0
[lat] dt_ms=40.7431 cmd=up key=ENTER
[hidra] HID socket connect failed (/run/user/1000/hidra.kbd). Waiting for QEMU to listen... (set HID_SOCK or run scripts/run_qemu.sh)
[hidra] HID socket connect failed (/run/user/1000/hidra.kbd). Waiting for QEMU to listen... (set HID_SOCK or run scripts/run_qemu.sh)
[msquic] stream: RECEIVE bytes=52 buffers=1 pending=0
[heal] key=40 heal_ms=58.0576
[hidra] HID socket connect failed (/run/user/1000/hidra.kbd). Waiting for QEMU to listen... (set HID_SOCK or run scripts/run_qemu.sh)
[msquic] stream: RECEIVE bytes=52 buffers=1 pending=0
[hidra] HID socket connect failed (/run/user/1000/hidra.kbd). Waiting for QEMU to listen... (set HID_SOCK or run scripts/run_qemu.sh)
[msquic] stream: RECEIVE bytes=52 buffers=1 pending=0
[hidra] HID socket connect failed (/run/user/1000/hidra.kbd). Waiting for QEMU to listen... (set HID_SOCK or run scripts/run_qemu.sh)
[msquic] stream: RECEIVE bytes=52 buffers=1 pending=0
[lat] dt_ms=71.6065 cmd=down key=a
[hidra] HID socket connect failed (/run/user/1000/hidra.kbd). Waiting for QEMU to listen... (set HID_SOCK or run scripts/run_qemu.sh)
[lat] dt_ms=68.1114 cmd=up key=a
[hidra] HID socket connect failed (/run/user/1000/hidra.kbd). Waiting for QEMU to listen... (set HID_SOCK or run scripts/run_qemu.sh)
[hidra] HID socket connect failed (/run/user/1000/hidra.kbd). Waiting for QEMU to listen... (set HID_SOCK or run scripts/run_qemu.sh)
[msquic] stream: RECEIVE bytes=52 buffers=1 pending=0
[hidra] HID socket connect failed (/run/user/1000/hidra.kbd). Waiting for QEMU to listen... (set HID_SOCK or run scripts/run_qemu.sh)
[msquic] stream: RECEIVE bytes=52 buffers=1 pending=0
[lat] dt_ms=65.4642 cmd=down key=p
[hidra] HID socket connect failed (/run/user/1000/hidra.kbd). Waiting for QEMU to listen... (set HID_SOCK or run scripts/run_qemu.sh)
[hidra] HID socket connect failed (/run/user/1000/hidra.kbd). Waiting for QEMU to listen... (set HID_SOCK or run scripts/run_qemu.sh)
[msquic] stream: RECEIVE bytes=52 buffers=1 pending=0
[lat] dt_ms=62.4724 cmd=up key=p
[hidra] HID socket connect failed (/run/user/1000/hidra.kbd). Waiting for QEMU to listen... (set HID_SOCK or run scripts/run_qemu.sh)
[hidra] HID socket connect failed (/run/user/1000/hidra.kbd). Waiting for QEMU to listen... (set HID_SOCK or run scripts/run_qemu.sh)
[msquic] stream: RECEIVE bytes=52 buffers=1 pending=0
[heal] key=23 heal_ms=54.6105
[hidra] HID socket connect failed (/run/user/1000/hidra.kbd). Waiting for QEMU to listen... (set HID_SOCK or run scripts/run_qemu.sh)
[msquic] stream: RECEIVE bytes=52 buffers=1 pending=0
[hidra] HID socket connect failed (/run/user/1000/hidra.kbd). Waiting for QEMU to listen... (set HID_SOCK or run scripts/run_qemu.sh)
[msquic] stream: RECEIVE bytes=52 buffers=1 pending=0
[lat] dt_ms=70.6355 cmd=down key=t
[hidra] HID socket connect failed (/run/user/1000/hidra.kbd). Waiting for QEMU to listen... (set HID_SOCK or run scripts/run_qemu.sh)
[lat] dt_ms=61.0889 cmd=up key=t
[hidra] HID socket connect failed (/run/user/1000/hidra.kbd). Waiting for QEMU to listen... (set HID_SOCK or run scripts/run_qemu.sh)
[hidra] HID socket connect failed (/run/user/1000/hidra.kbd). Waiting for QEMU to listen... (set HID_SOCK or run scripts/run_qemu.sh)
[msquic] stream: RECEIVE bytes=52 buffers=1 pending=0
[lat] dt_ms=42.2673 cmd=up key=ENTER
[hidra] HID socket connect failed (/run/user/1000/hidra.kbd). Waiting for QEMU to listen... (set HID_SOCK or run scripts/run_qemu.sh)
[lat] dt_ms=42.7917 cmd=down key=a
[hidra] HID socket connect failed (/run/user/1000/hidra.kbd). Waiting for QEMU to listen... (set HID_SOCK or run scripts/run_qemu.sh)
[hidra] HID socket connect failed (/run/user/1000/hidra.kbd). Waiting for QEMU to listen... (set HID_SOCK or run scripts/run_qemu.sh)
[msquic] stream: RECEIVE bytes=52 buffers=1 pending=0
[lat] dt_ms=41.8808 cmd=up key=a
[hidra] HID socket connect failed (/run/user/1000/hidra.kbd). Waiting for QEMU to listen... (set HID_SOCK or run scripts/run_qemu.sh)
[hidra] HID socket connect failed (/run/user/1000/hidra.kbd). Waiting for QEMU to listen... (set HID_SOCK or run scripts/run_qemu.sh)
[msquic] stream: RECEIVE bytes=52 buffers=1 pending=0
[lat] dt_ms=78.8437 cmd=down key=ENTER
[hidra] HID socket connect failed (/run/user/1000/hidra.kbd). Waiting for QEMU to listen... (set HID_SOCK or run scripts/run_qemu.sh)
[lat] dt_ms=48.0237 cmd=down key=p
[hidra] HID socket connect failed (/run/user/1000/hidra.kbd). Waiting for QEMU to listen... (set HID_SOCK or run scripts/run_qemu.sh)
[heal] key=40 heal_ms=87.7851
[hidra] HID socket connect failed (/run/user/1000/hidra.kbd). Waiting for QEMU to listen... (set HID_SOCK or run scripts/run_qemu.sh)
[hidra] HID socket connect failed (/run/user/1000/hidra.kbd). Waiting for QEMU to listen... (set HID_SOCK or run scripts/run_qemu.sh)
[msquic] stream: RECEIVE bytes=104 buffers=2 pending=0
[hidra] HID socket connect failed (/run/user/1000/hidra.kbd). Waiting for QEMU to listen... (set HID_SOCK or run scripts/run_qemu.sh)
[msquic] stream: RECEIVE bytes=52 buffers=1 pending=0
[lat] dt_ms=62.196 cmd=up key=p
[hidra] HID socket connect failed (/run/user/1000/hidra.kbd). Waiting for QEMU to listen... (set HID_SOCK or run scripts/run_qemu.sh)
[lat] dt_ms=41.5243 cmd=up key=t
[hidra] HID socket connect failed (/run/user/1000/hidra.kbd). Waiting for QEMU to listen... (set HID_SOCK or run scripts/run_qemu.sh)
[heal] key=4 heal_ms=91.8033
[hidra] HID socket connect failed (/run/user/1000/hidra.kbd). Waiting for QEMU to listen... (set HID_SOCK or run scripts/run_qemu.sh)
[msquic] stream: RECEIVE bytes=52 buffers=1 pending=0
[hidra] HID socket connect failed (/run/user/1000/hidra.kbd). Waiting for QEMU to listen... (set HID_SOCK or run scripts/run_qemu.sh)
[msquic] stream: RECEIVE bytes=52 buffers=1 pending=0
[lat] dt_ms=40.8118 cmd=down key=ENTER
[hidra] HID socket connect failed (/run/user/1000/hidra.kbd). Waiting for QEMU to listen... (set HID_SOCK or run scripts/run_qemu.sh)
[hidra] snapshot v1 mods=0x0 pressed=1
[hidra] HID socket connect failed (/run/user/1000/hidra.kbd). Waiting for QEMU to listen... (set HID_SOCK or run scripts/run_qemu.sh)
[msquic] stream: RECEIVE bytes=52 buffers=1 pending=0
[lat] dt_ms=74.4001 cmd=down key=t
[hidra] HID socket connect failed (/run/user/1000/hidra.kbd). Waiting for QEMU to listen... (set HID_SOCK or run scripts/run_qemu.sh)
[heal] key=23 heal_ms=76.1647
[hidra] HID socket connect failed (/run/user/1000/hidra.kbd). Waiting for QEMU to listen... (set HID_SOCK or run scripts/run_qemu.sh)
[msquic] stream: RECEIVE bytes=52 buffers=1 pending=0
[hidra] HID socket connect failed (/run/user/1000/hidra.kbd). Waiting for QEMU to listen... (set HID_SOCK or run scripts/run_qemu.sh)
[msquic] stream: RECEIVE bytes=52 buffers=1 pending=0
[lat] dt_ms=50.3962 cmd=down key=a
[hidra] HID socket connect failed (/run/user/1000/hidra.kbd). Waiting for QEMU to listen... (set HID_SOCK or run scripts/run_qemu.sh)
[hidra] HID socket connect failed (/run/user/1000/hidra.kbd). Waiting for QEMU to listen... (set HID_SOCK or run scripts/run_qemu.sh)
[msquic] stream: RECEIVE bytes=52 buffers=1 pending=0
[hidra] HID socket connect failed (/run/user/1000/hidra.kbd). Waiting for QEMU to listen... (set HID_SOCK or run scripts/run_qemu.sh)
[msquic] stream: RECEIVE bytes=52 buffers=1 pending=0
[lat] dt_ms=48.5574 cmd=up key=a
[hidra] HID socket connect failed (/run/user/1000/hidra.kbd). Waiting for QEMU to listen... (set HID_SOCK or run scripts/run_qemu.sh)
[lat] dt_ms=79.9256 cmd=up key=ENTER
[hidra] HID socket connect failed (/run/user/1000/hidra.kbd). Waiting for QEMU to listen... (set HID_SOCK or run scripts/run_qemu.sh)
[hidra] HID socket connect failed (/run/user/1000/hidra.kbd). Waiting for QEMU to listen... (set HID_SOCK or run scripts/run_qemu.sh)
[msquic] stream: RECEIVE bytes=52 buffers=1 pending=0
[hidra] HID socket connect failed (/run/user/1000/hidra.kbd). Waiting for QEMU to listen... (set HID_SOCK or run scripts/run_qemu.sh)
[msquic] stream: RECEIVE bytes=52 buffers=1 pending=0
[lat] dt_ms=47.7138 cmd=up key=p
[hidra] HID socket connect failed (/run/user/1000/hidra.kbd). Waiting for QEMU to listen... (set HID_SOCK or run scripts/run_qemu.sh)
[hidra] HID socket connect failed (/run/user/1000/hidra.kbd). Waiting for QEMU to listen... (set HID_SOCK or run scripts/run_qemu.sh)
[msquic] stream: RECEIVE bytes=52 buffers=1 pending=0
[lat] dt_ms=46.5102 cmd=down key=t
[hidra] HID socket connect failed (/run/user/1000/hidra.kbd). Waiting for QEMU to listen... (set HID_SOCK or run scripts/run_qemu.sh)
[hidra] HID socket connect failed (/run/user/1000/hidra.kbd). Waiting for QEMU to listen... (set HID_SOCK or run scripts/run_qemu.sh)
[msquic] stream: RECEIVE bytes=52 buffers=1 pending=0
[lat] dt_ms=57.1644 cmd=up key=t
[hidra] HID socket connect failed (/run/user/1000/hidra.kbd). Waiting for QEMU to listen... (set HID_SOCK or run scripts/run_qemu.sh)
[lat] dt_ms=42.387 cmd=up key=ENTER
[hidra] HID socket connect failed (/run/user/1000/hidra.kbd). Waiting for QEMU to listen... (set HID_SOCK or run scripts/run_qemu.sh)
[hidra] HID socket connect failed (/run/user/1000/hidra.kbd). Waiting for QEMU to listen... (set HID_SOCK or run scripts/run_qemu.sh)
[msquic] stream: RECEIVE bytes=52 buffers=1 pending=0
[heal] key=23 heal_ms=73.0639
[hidra] HID socket connect failed (/run/user/1000/hidra.kbd). Waiting for QEMU to listen... (set HID_SOCK or run scripts/run_qemu.sh)
[msquic] stream: RECEIVE bytes=52 buffers=1 pending=0
[lat] dt_ms=43.3817 cmd=down key=a
[hidra] HID socket connect failed (/run/user/1000/hidra.kbd). Waiting for QEMU to listen... (set HID_SOCK or run scripts/run_qemu.sh)
[heal] key=4 heal_ms=119.392
[hidra] HID socket connect failed (/run/user/1000/hidra.kbd). Waiting for QEMU to listen... (set HID_SOCK or run scripts/run_qemu.sh)
[msquic] stream: RECEIVE bytes=52 buffers=1 pending=0
[hidra] HID socket connect failed (/run/user/1000/hidra.kbd). Waiting for QEMU to listen... (set HID_SOCK or run scripts/run_qemu.sh)
[msquic] stream: RECEIVE bytes=52 buffers=1 pending=0
[hidra] HID socket connect failed (/run/user/1000/hidra.kbd). Waiting for QEMU to listen... (set HID_SOCK or run scripts/run_qemu.sh)
[msquic] stream: RECEIVE bytes=52 buffers=1 pending=0
[lat] dt_ms=57.1626 cmd=up key=a
[hidra] HID socket connect failed (/run/user/1000/hidra.kbd). Waiting for QEMU to listen... (set HID_SOCK or run scripts/run_qemu.sh)
[lat] dt_ms=48.0348 cmd=up key=p
[hidra] HID socket connect failed (/run/user/1000/hidra.kbd). Waiting for QEMU to listen... (set HID_SOCK or run scripts/run_qemu.sh)
[heal] key=40 heal_ms=94.6282
[hidra] HID socket connect failed (/run/user/1000/hidra.kbd). Waiting for QEMU to listen... (set HID_SOCK or run scripts/run_qemu.sh)
[msquic] stream: RECEIVE bytes=52 buffers=1 pending=0
[heal] key=4 heal_ms=77.7783
[hidra] HID socket connect failed (/run/user/1000/hidra.kbd). Waiting for QEMU to listen... (set HID_SOCK or run scripts/run_qemu.sh)
[msquic] stream: RECEIVE bytes=52 buffers=1 pending=0
[lat] dt_ms=70.0209 cmd=down key=p
[hidra] HID socket connect failed (/run/user/1000/hidra.kbd). Waiting for QEMU to listen... (set HID_SOCK or run scripts/run_qemu.sh)
[hidra] HID socket connect failed (/run/user/1000/hidra.kbd). Waiting for QEMU to listen... (set HID_SOCK or run scripts/run_qemu.sh)
[msquic] stream: RECEIVE bytes=52 buffers=1 pending=0
[hidra] HID socket connect failed (/run/user/1000/hidra.kbd). Waiting for QEMU to listen... (set HID_SOCK or run scripts/run_qemu.sh)
[msquic] stream: RECEIVE bytes=52 buffers=1 pending=0
[lat] dt_ms=62.7989 cmd=down key=t
[hidra] HID socket connect failed (/run/user/1000/hidra.kbd). Waiting for QEMU to listen... (set HID_SOCK or run scripts/run_qemu.sh)
[hidra] HID socket connect failed (/run/user/1000/hidra.kbd). Waiting for QEMU to listen... (set HID_SOCK or run scripts/run_qemu.sh)
[msquic] stream: RECEIVE bytes=52 buffers=1 pending=0
[lat] dt_ms=58.5166 cmd=up key=t
[hidra] HID socket connect failed (/run/user/1000/hidra.kbd). Waiting for QEMU to listen... (set HID_SOCK or run scripts/run_qemu.sh)
[lat] dt_ms=52.1823 cmd=down key=ENTER
[hidra] HID socket connect failed (/run/user/1000/hidra.kbd). Waiting for QEMU to listen... (set HID_SOCK or run scripts/run_qemu.sh)
[hidra] HID socket connect failed (/run/user/1000/hidra.kbd). Waiting for QEMU to listen... (set HID_SOCK or run scripts/run_qemu.sh)
[msquic] stream: RECEIVE bytes=52 buffers=1 pending=0
[lat] dt_ms=55.5982 cmd=up key=ENTER
[hidra] HID socket connect failed (/run/user/1000/hidra.kbd). Waiting for QEMU to listen... (set HID_SOCK or run scripts/run_qemu.sh)
[hidra] HID socket connect failed (/run/user/1000/hidra.kbd). Waiting for QEMU to listen... (set HID_SOCK or run scripts/run_qemu.sh)
[msquic] stream: RECEIVE bytes=52 buffers=1 pending=0
[lat] dt_ms=52.7385 cmd=down key=a
[hidra] HID socket connect failed (/run/user/1000/hidra.kbd). Waiting for QEMU to listen... (set HID_SOCK or run scripts/run_qemu.sh)
[hidra] HID socket connect failed (/run/user/1000/hidra.kbd). Waiting for QEMU to listen... (set HID_SOCK or run scripts/run_qemu.sh)
[msquic] stream: RECEIVE bytes=52 buffers=1 pending=0
[hidra] HID socket connect failed (/run/user/1000/hidra.kbd). Waiting for QEMU to listen... (set HID_SOCK or run scripts/run_qemu.sh)
[msquic] stream: RECEIVE bytes=52 buffers=1 pending=0
[lat] dt_ms=52.3474 cmd=up key=a
[hidra] HID socket connect failed (/run/user/1000/hidra.kbd). Waiting for QEMU to listen... (set HID_SOCK or run scripts/run_qemu.sh)
[lat] dt_ms=50.3948 cmd=down key=p
[hidra] HID socket connect failed (/run/user/1000/hidra.kbd). Waiting for QEMU to listen... (set HID_SOCK or run scripts/run_qemu.sh)
[lat] dt_ms=46.1118 cmd=up key=p
[hidra] HID socket connect failed (/run/user/1000/hidra.kbd). Waiting for QEMU to listen... (set HID_SOCK or run scripts/run_qemu.sh)
[heal] key=40 heal_ms=88.1449
[hidra] HID socket connect failed (/run/user/1000/hidra.kbd). Waiting for QEMU to listen... (set HID_SOCK or run scripts/run_qemu.sh)
[msquic] stream: RECEIVE bytes=52 buffers=1 pending=0
[heal] key=4 heal_ms=72.2066
[hidra] HID socket connect failed (/run/user/1000/hidra.kbd). Waiting for QEMU to listen... (set HID_SOCK or run scripts/run_qemu.sh)
[hidra] HID socket connect failed (/run/user/1000/hidra.kbd). Waiting for QEMU to listen... (set HID_SOCK or run scripts/run_qemu.sh)
[msquic] stream: RECEIVE bytes=104 buffers=1 pending=0
[hidra] HID socket connect failed (/run/user/1000/hidra.kbd). Waiting for QEMU to listen... (set HID_SOCK or run scripts/run_qemu.sh)
[msquic] stream: RECEIVE bytes=52 buffers=1 pending=0
[hidra] HID socket connect failed (/run/user/1000/hidra.kbd). Waiting for QEMU to listen... (set HID_SOCK or run scripts/run_qemu.sh)
[msquic] stream: RECEIVE bytes=52 buffers=1 pending=0
[hidra] HID socket connect failed (/run/user/1000/hidra.kbd). Waiting for QEMU to listen... (set HID_SOCK or run scripts/run_qemu.sh)
[msquic] stream: RECEIVE bytes=52 buffers=1 pending=0
[lat] dt_ms=52.9704 cmd=down key=t
[hidra] HID socket connect failed (/run/user/1000/hidra.kbd). Waiting for QEMU to listen... (set HID_SOCK or run scripts/run_qemu.sh)
[hidra] HID socket connect failed (/run/user/1000/hidra.kbd). Waiting for QEMU to listen... (set HID_SOCK or run scripts/run_qemu.sh)
[msquic] stream: RECEIVE bytes=52 buffers=1 pending=0
[lat] dt_ms=65.1241 cmd=up key=t
[hidra] HID socket connect failed (/run/user/1000/hidra.kbd). Waiting for QEMU to listen... (set HID_SOCK or run scripts/run_qemu.sh)
[lat] dt_ms=69.5294 cmd=down key=ENTER
[hidra] HID socket connect failed (/run/user/1000/hidra.kbd). Waiting for QEMU to listen... (set HID_SOCK or run scripts/run_qemu.sh)
[lat] dt_ms=63.2821 cmd=up key=ENTER
[hidra] HID socket connect failed (/run/user/1000/hidra.kbd). Waiting for QEMU to listen... (set HID_SOCK or run scripts/run_qemu.sh)
[hidra] HID socket connect failed (/run/user/1000/hidra.kbd). Waiting for QEMU to listen... (set HID_SOCK or run scripts/run_qemu.sh)
[msquic] stream: RECEIVE bytes=52 buffers=1 pending=0
[lat] dt_ms=57.543 cmd=up key=a
[hidra] HID socket connect failed (/run/user/1000/hidra.kbd). Waiting for QEMU to listen... (set HID_SOCK or run scripts/run_qemu.sh)
[lat] dt_ms=73.3353 cmd=down key=a
[hidra] HID socket connect failed (/run/user/1000/hidra.kbd). Waiting for QEMU to listen... (set HID_SOCK or run scripts/run_qemu.sh)
[heal] key=40 heal_ms=84.0554
[hidra] HID socket connect failed (/run/user/1000/hidra.kbd). Waiting for QEMU to listen... (set HID_SOCK or run scripts/run_qemu.sh)
[msquic] stream: RECEIVE bytes=52 buffers=1 pending=0
[lat] dt_ms=51.4757 cmd=up key=p
[hidra] HID socket connect failed (/run/user/1000/hidra.kbd). Waiting for QEMU to listen... (set HID_SOCK or run scripts/run_qemu.sh)
[hidra] HID socket connect failed (/run/user/1000/hidra.kbd). Waiting for QEMU to listen... (set HID_SOCK or run scripts/run_qemu.sh)
[msquic] stream: RECEIVE bytes=52 buffers=1 pending=0
[lat] dt_ms=71.0613 cmd=down key=p
[hidra] HID socket connect failed (/run/user/1000/hidra.kbd). Waiting for QEMU to listen... (set HID_SOCK or run scripts/run_qemu.sh)
[lat] dt_ms=54.7472 cmd=down key=t
[hidra] HID socket connect failed (/run/user/1000/hidra.kbd). Waiting for QEMU to listen... (set HID_SOCK or run scripts/run_qemu.sh)
[hidra] HID socket connect failed (/run/user/1000/hidra.kbd). Waiting for QEMU to listen... (set HID_SOCK or run scripts/run_qemu.sh)
[msquic] stream: RECEIVE bytes=52 buffers=1 pending=0
[hidra] HID socket connect failed (/run/user/1000/hidra.kbd). Waiting for QEMU to listen... (set HID_SOCK or run scripts/run_qemu.sh)
[msquic] stream: RECEIVE bytes=52 buffers=1 pending=0
[hidra] HID socket connect failed (/run/user/1000/hidra.kbd). Waiting for QEMU to listen... (set HID_SOCK or run scripts/run_qemu.sh)
[msquic] stream: RECEIVE bytes=52 buffers=1 pending=0
[hidra] HID socket connect failed (/run/user/1000/hidra.kbd). Waiting for QEMU to listen... (set HID_SOCK or run scripts/run_qemu.sh)
[msquic] stream: RECEIVE bytes=52 buffers=1 pending=0
[hidra] HID socket connect failed (/run/user/1000/hidra.kbd). Waiting for QEMU to listen... (set HID_SOCK or run scripts/run_qemu.sh)
[msquic] stream: RECEIVE bytes=52 buffers=1 pending=0
[hidra] HID socket connect failed (/run/user/1000/hidra.kbd). Waiting for QEMU to listen... (set HID_SOCK or run scripts/run_qemu.sh)
[msquic] stream: RECEIVE bytes=52 buffers=1 pending=0
[heal] key=23 heal_ms=78.7311
[hidra] HID socket connect failed (/run/user/1000/hidra.kbd). Waiting for QEMU to listen... (set HID_SOCK or run scripts/run_qemu.sh)
[msquic] stream: RECEIVE bytes=52 buffers=1 pending=0
[lat] dt_ms=79.9742 cmd=up key=t
[hidra] HID socket connect failed (/run/user/1000/hidra.kbd). Waiting for QEMU to listen... (set HID_SOCK or run scripts/run_qemu.sh)
[lat] dt_ms=71.7522 cmd=down key=ENTER
[hidra] HID socket connect failed (/run/user/1000/hidra.kbd). Waiting for QEMU to listen... (set HID_SOCK or run scripts/run_qemu.sh)
[lat] dt_ms=60.9705 cmd=down key=a
[hidra] HID socket connect failed (/run/user/1000/hidra.kbd). Waiting for QEMU to listen... (set HID_SOCK or run scripts/run_qemu.sh)
[heal] key=40 heal_ms=73.9982
[hidra] HID socket connect failed (/run/user/1000/hidra.kbd). Waiting for QEMU to listen... (set HID_SOCK or run scripts/run_qemu.sh)
[msquic] stream: RECEIVE bytes=52 buffers=1 pending=0
[lat] dt_ms=45.431 cmd=down key=p
[hidra] HID socket connect failed (/run/user/1000/hidra.kbd). Waiting for QEMU to listen... (set HID_SOCK or run scripts/run_qemu.sh)
[lat] dt_ms=79.0969 cmd=up key=ENTER
[hidra] HID socket connect failed (/run/user/1000/hidra.kbd). Waiting for QEMU to listen... (set HID_SOCK or run scripts/run_qemu.sh)
[lat] dt_ms=72.5568 cmd=up key=a
[hidra] HID socket connect failed (/run/user/1000/hidra.kbd). Waiting for QEMU to listen... (set HID_SOCK or run scripts/run_qemu.sh)
[heal] key=19 heal_ms=56.6962
[hidra] HID socket connect failed (/run/user/1000/hidra.kbd). Waiting for QEMU to listen... (set HID_SOCK or run scripts/run_qemu.sh)
[msquic] stream: RECEIVE bytes=52 buffers=1 pending=0
[heal] key=4 heal_ms=84.4939
[hidra] HID socket connect failed (/run/user/1000/hidra.kbd). Waiting for QEMU to listen... (set HID_SOCK or run scripts/run_qemu.sh)
[msquic] stream: RECEIVE bytes=52 buffers=1 pending=0
[hidra] HID socket connect failed (/run/user/1000/hidra.kbd). Waiting for QEMU to listen... (set HID_SOCK or run scripts/run_qemu.sh)
[msquic] stream: RECEIVE bytes=52 buffers=1 pending=0
[lat] dt_ms=72.342 cmd=up key=p
[hidra] HID socket connect failed (/run/user/1000/hidra.kbd). Waiting for QEMU to listen... (set HID_SOCK or run scripts/run_qemu.sh)
[hidra] HID socket connect failed (/run/user/1000/hidra.kbd). Waiting for QEMU to listen... (set HID_SOCK or run scripts/run_qemu.sh)
[msquic] stream: RECEIVE bytes=52 buffers=1 pending=0
[hidra] HID socket connect failed (/run/user/1000/hidra.kbd). Waiting for QEMU to listen... (set HID_SOCK or run scripts/run_qemu.sh)
[msquic] stream: RECEIVE bytes=52 buffers=1 pending=0
[lat] dt_ms=73.642 cmd=down key=t
[hidra] HID socket connect failed (/run/user/1000/hidra.kbd). Waiting for QEMU to listen... (set HID_SOCK or run scripts/run_qemu.sh)
[hidra] HID socket connect failed (/run/user/1000/hidra.kbd). Waiting for QEMU to listen... (set HID_SOCK or run scripts/run_qemu.sh)
[msquic] stream: RECEIVE bytes=52 buffers=1 pending=0
[lat] dt_ms=69.5877 cmd=up key=t
[hidra] HID socket connect failed (/run/user/1000/hidra.kbd). Waiting for QEMU to listen... (set HID_SOCK or run scripts/run_qemu.sh)
[lat] dt_ms=40.6318 cmd=down key=a
[hidra] HID socket connect failed (/run/user/1000/hidra.kbd). Waiting for QEMU to listen... (set HID_SOCK or run scripts/run_qemu.sh)
[hidra] HID socket connect failed (/run/user/1000/hidra.kbd). Waiting for QEMU to listen... (set HID_SOCK or run scripts/run_qemu.sh)
[msquic] stream: RECEIVE bytes=52 buffers=1 pending=0
[lat] dt_ms=67.7213 cmd=down key=ENTER
[hidra] HID socket connect failed (/run/user/1000/hidra.kbd). Waiting for QEMU to listen... (set HID_SOCK or run scripts/run_qemu.sh)
[heal] key=40 heal_ms=57.3895
[heal] key=23 heal_ms=78.1445
[hidra] HID socket connect failed (/run/user/1000/hidra.kbd). Waiting for QEMU to listen... (set HID_SOCK or run scripts/run_qemu.sh)
[msquic] stream: RECEIVE bytes=52 buffers=1 pending=0
[lat] dt_ms=66.8693 cmd=up key=ENTER
[hidra] HID socket connect failed (/run/user/1000/hidra.kbd). Waiting for QEMU to listen... (set HID_SOCK or run scripts/run_qemu.sh)
[hidra] HID socket connect failed (/run/user/1000/hidra.kbd). Waiting for QEMU to listen... (set HID_SOCK or run scripts/run_qemu.sh)
[msquic] stream: RECEIVE bytes=52 buffers=1 pending=0
[hidra] HID socket connect failed (/run/user/1000/hidra.kbd). Waiting for QEMU to listen... (set HID_SOCK or run scripts/run_qemu.sh)
[msquic] stream: RECEIVE bytes=52 buffers=1 pending=0
[hidra] HID socket connect failed (/run/user/1000/hidra.kbd). Waiting for QEMU to listen... (set HID_SOCK or run scripts/run_qemu.sh)
[msquic] stream: RECEIVE bytes=52 buffers=1 pending=0
[hidra] HID socket connect failed (/run/user/1000/hidra.kbd). Waiting for QEMU to listen... (set HID_SOCK or run scripts/run_qemu.sh)
[msquic] stream: RECEIVE bytes=52 buffers=1 pending=0
[lat] dt_ms=80.2461 cmd=up key=a
[hidra] HID socket connect failed (/run/user/1000/hidra.kbd). Waiting for QEMU to listen... (set HID_SOCK or run scripts/run_qemu.sh)
[lat] dt_ms=70.5783 cmd=down key=p
[hidra] HID socket connect failed (/run/user/1000/hidra.kbd). Waiting for QEMU to listen... (set HID_SOCK or run scripts/run_qemu.sh)
[heal] key=19 heal_ms=61.3815
[hidra] HID socket connect failed (/run/user/1000/hidra.kbd). Waiting for QEMU to listen... (set HID_SOCK or run scripts/run_qemu.sh)
[msquic] stream: RECEIVE bytes=52 buffers=1 pending=0
[lat] dt_ms=72.6464 cmd=up key=p
[hidra] HID socket connect failed (/run/user/1000/hidra.kbd). Waiting for QEMU to listen... (set HID_SOCK or run scripts/run_qemu.sh)
[lat] dt_ms=41.8219 cmd=down key=ENTER
[hidra] HID socket connect failed (/run/user/1000/hidra.kbd). Waiting for QEMU to listen... (set HID_SOCK or run scripts/run_qemu.sh)
[heal] key=23 heal_ms=56.3314
[hidra] HID socket connect failed (/run/user/1000/hidra.kbd). Waiting for QEMU to listen... (set HID_SOCK or run scripts/run_qemu.sh)
[msquic] stream: RECEIVE bytes=52 buffers=1 pending=0
[hidra] HID socket connect failed (/run/user/1000/hidra.kbd). Waiting for QEMU to listen... (set HID_SOCK or run scripts/run_qemu.sh)
[msquic] stream: RECEIVE bytes=52 buffers=1 pending=0
[lat] dt_ms=43.9006 cmd=up key=ENTER
[hidra] HID socket connect failed (/run/user/1000/hidra.kbd). Waiting for QEMU to listen... (set HID_SOCK or run scripts/run_qemu.sh)
[hidra] HID socket connect failed (/run/user/1000/hidra.kbd). Waiting for QEMU to listen... (set HID_SOCK or run scripts/run_qemu.sh)
[msquic] stream: RECEIVE bytes=52 buffers=1 pending=0
[hidra] HID socket connect failed (/run/user/1000/hidra.kbd). Waiting for QEMU to listen... (set HID_SOCK or run scripts/run_qemu.sh)
[msquic] stream: RECEIVE bytes=52 buffers=1 pending=0
[lat] dt_ms=80.4785 cmd=up key=t
[hidra] HID socket connect failed (/run/user/1000/hidra.kbd). Waiting for QEMU to listen... (set HID_SOCK or run scripts/run_qemu.sh)
[lat] dt_ms=40.582 cmd=down key=p
[hidra] HID socket connect failed (/run/user/1000/hidra.kbd). Waiting for QEMU to listen... (set HID_SOCK or run scripts/run_qemu.sh)
[hidra] HID socket connect failed (/run/user/1000/hidra.kbd). Waiting for QEMU to listen... (set HID_SOCK or run scripts/run_qemu.sh)
[msquic] stream: RECEIVE bytes=52 buffers=1 pending=0
[heal] key=40 heal_ms=75.2759
[hidra] HID socket connect failed (/run/user/1000/hidra.kbd). Waiting for QEMU to listen... (set HID_SOCK or run scripts/run_qemu.sh)
[msquic] stream: RECEIVE bytes=52 buffers=1 pending=0
[hidra] HID socket connect failed (/run/user/1000/hidra.kbd). Waiting for QEMU to listen... (set HID_SOCK or run scripts/run_qemu.sh)
[msquic] stream: RECEIVE bytes=52 buffers=1 pending=0
[hidra] HID socket connect failed (/run/user/1000/hidra.kbd). Waiting for QEMU to listen... (set HID_SOCK or run scripts/run_qemu.sh)
[msquic] stream: RECEIVE bytes=52 buffers=1 pending=0
[lat] dt_ms=76.3855 cmd=down key=a
[hidra] HID socket connect failed (/run/user/1000/hidra.kbd). Waiting for QEMU to listen... (set HID_SOCK or run scripts/run_qemu.sh)
[lat] dt_ms=68.9827 cmd=up key=a
[hidra] HID socket connect failed (/run/user/1000/hidra.kbd). Waiting for QEMU to listen... (set HID_SOCK or run scripts/run_qemu.sh)
[hidra] HID socket connect failed (/run/user/1000/hidra.kbd). Waiting for QEMU to listen... (set HID_SOCK or run scripts/run_qemu.sh)
[msquic] stream: RECEIVE bytes=52 buffers=1 pending=0
[hidra] HID socket connect failed (/run/user/1000/hidra.kbd). Waiting for QEMU to listen... (set HID_SOCK or run scripts/run_qemu.sh)
[msquic] stream: RECEIVE bytes=52 buffers=1 pending=0
[hidra] HID socket connect failed (/run/user/1000/hidra.kbd). Waiting for QEMU to listen... (set HID_SOCK or run scripts/run_qemu.sh)
[msquic] stream: RECEIVE bytes=52 buffers=1 pending=0
[lat] dt_ms=64.2702 cmd=up key=p
[hidra] HID socket connect failed (/run/user/1000/hidra.kbd). Waiting for QEMU to listen... (set HID_SOCK or run scripts/run_qemu.sh)
[hidra] HID socket connect failed (/run/user/1000/hidra.kbd). Waiting for QEMU to listen... (set HID_SOCK or run scripts/run_qemu.sh)
[msquic] stream: RECEIVE bytes=52 buffers=1 pending=0
[lat] dt_ms=64.1703 cmd=down key=t
[hidra] HID socket connect failed (/run/user/1000/hidra.kbd). Waiting for QEMU to listen... (set HID_SOCK or run scripts/run_qemu.sh)
[lat] dt_ms=47.4949 cmd=down key=ENTER
[hidra] HID socket connect failed (/run/user/1000/hidra.kbd). Waiting for QEMU to listen... (set HID_SOCK or run scripts/run_qemu.sh)
[lat] dt_ms=59.0558 cmd=up key=t
[hidra] HID socket connect failed (/run/user/1000/hidra.kbd). Waiting for QEMU to listen... (set HID_SOCK or run scripts/run_qemu.sh)
[hidra] HID socket connect failed (/run/user/1000/hidra.kbd). Waiting for QEMU to listen... (set HID_SOCK or run scripts/run_qemu.sh)
[msquic] stream: RECEIVE bytes=52 buffers=1 pending=0
[lat] dt_ms=47.5955 cmd=up key=ENTER
[hidra] HID socket connect failed (/run/user/1000/hidra.kbd). Waiting for QEMU to listen... (set HID_SOCK or run scripts/run_qemu.sh)
[hidra] HID socket connect failed (/run/user/1000/hidra.kbd). Waiting for QEMU to listen... (set HID_SOCK or run scripts/run_qemu.sh)
[msquic] stream: RECEIVE bytes=52 buffers=1 pending=0
[heal] key=4 heal_ms=133.92
[hidra] HID socket connect failed (/run/user/1000/hidra.kbd). Waiting for QEMU to listen... (set HID_SOCK or run scripts/run_qemu.sh)
[msquic] stream: RECEIVE bytes=52 buffers=1 pending=0
[hidra] HID socket connect failed (/run/user/1000/hidra.kbd). Waiting for QEMU to listen... (set HID_SOCK or run scripts/run_qemu.sh)
[msquic] stream: RECEIVE bytes=52 buffers=1 pending=0
[lat] dt_ms=79.6757 cmd=down key=a
[hidra] HID socket connect failed (/run/user/1000/hidra.kbd). Waiting for QEMU to listen... (set HID_SOCK or run scripts/run_qemu.sh)
[heal] key=4 heal_ms=69.0739
[hidra] HID socket connect failed (/run/user/1000/hidra.kbd). Waiting for QEMU to listen... (set HID_SOCK or run scripts/run_qemu.sh)
[msquic] stream: RECEIVE bytes=52 buffers=1 pending=0
[lat] dt_ms=49.2124 cmd=up key=p
[hidra] HID socket connect failed (/run/user/1000/hidra.kbd). Waiting for QEMU to listen... (set HID_SOCK or run scripts/run_qemu.sh)
[hidra] HID socket connect failed (/run/user/1000/hidra.kbd). Waiting for QEMU to listen... (set HID_SOCK or run scripts/run_qemu.sh)
[msquic] stream: RECEIVE bytes=52 buffers=1 pending=0
[lat] dt_ms=75.6355 cmd=up key=a
[hidra] HID socket connect failed (/run/user/1000/hidra.kbd). Waiting for QEMU to listen... (set HID_SOCK or run scripts/run_qemu.sh)
[hidra] HID socket connect failed (/run/user/1000/hidra.kbd). Waiting for QEMU to listen... (set HID_SOCK or run scripts/run_qemu.sh)
[msquic] stream: RECEIVE bytes=52 buffers=1 pending=0
[lat] dt_ms=71.4286 cmd=down key=p
[hidra] HID socket connect failed (/run/user/1000/hidra.kbd). Waiting for QEMU to listen... (set HID_SOCK or run scripts/run_qemu.sh)
[hidra] HID socket connect failed (/run/user/1000/hidra.kbd). Waiting for QEMU to listen... (set HID_SOCK or run scripts/run_qemu.sh)
[msquic] stream: RECEIVE bytes=52 buffers=1 pending=0
[lat] dt_ms=60.7736 cmd=down key=t
[hidra] HID socket connect failed (/run/user/1000/hidra.kbd). Waiting for QEMU to listen... (set HID_SOCK or run scripts/run_qemu.sh)
[lat] dt_ms=52.6495 cmd=up key=t
[hidra] HID socket connect failed (/run/user/1000/hidra.kbd). Waiting for QEMU to listen... (set HID_SOCK or run scripts/run_qemu.sh)
[hidra] HID socket connect failed (/run/user/1000/hidra.kbd). Waiting for QEMU to listen... (set HID_SOCK or run scripts/run_qemu.sh)
[msquic] stream: RECEIVE bytes=52 buffers=1 pending=0
[heal] key=23 heal_ms=56.1996
[hidra] HID socket connect failed (/run/user/1000/hidra.kbd). Waiting for QEMU to listen... (set HID_SOCK or run scripts/run_qemu.sh)
[msquic] stream: RECEIVE bytes=52 buffers=2 pending=0
[lat] dt_ms=44.7967 cmd=up key=ENTER
[hidra] HID socket connect failed (/run/user/1000/hidra.kbd). Waiting for QEMU to listen... (set HID_SOCK or run scripts/run_qemu.sh)
[lat] dt_ms=57.184 cmd=down key=ENTER
[hidra] HID socket connect failed (/run/user/1000/hidra.kbd). Waiting for QEMU to listen... (set HID_SOCK or run scripts/run_qemu.sh)
[heal] key=40 heal_ms=77.6098
[hidra] HID socket connect failed (/run/user/1000/hidra.kbd). Waiting for QEMU to listen... (set HID_SOCK or run scripts/run_qemu.sh)
[msquic] stream: RECEIVE bytes=52 buffers=1 pending=0
[lat] dt_ms=49.9078 cmd=down key=p
[hidra] HID socket connect failed (/run/user/1000/hidra.kbd). Waiting for QEMU to listen... (set HID_SOCK or run scripts/run_qemu.sh)
[hidra] HID socket connect failed (/run/user/1000/hidra.kbd). Waiting for QEMU to listen... (set HID_SOCK or run scripts/run_qemu.sh)
[msquic] stream: RECEIVE bytes=52 buffers=1 pending=0
[lat] dt_ms=73.3491 cmd=down key=a
[hidra] HID socket connect failed (/run/user/1000/hidra.kbd). Waiting for QEMU to listen... (set HID_SOCK or run scripts/run_qemu.sh)
[lat] dt_ms=41.1689 cmd=down key=t
[hidra] HID socket connect failed (/run/user/1000/hidra.kbd). Waiting for QEMU to listen... (set HID_SOCK or run scripts/run_qemu.sh)
[hidra] HID socket connect failed (/run/user/1000/hidra.kbd). Waiting for QEMU to listen... (set HID_SOCK or run scripts/run_qemu.sh)
[msquic] stream: RECEIVE bytes=52 buffers=1 pending=0
[lat] dt_ms=75.92 cmd=up key=a
[hidra] HID socket connect failed (/run/user/1000/hidra.kbd). Waiting for QEMU to listen... (set HID_SOCK or run scripts/run_qemu.sh)
[hidra] HID socket connect failed (/run/user/1000/hidra.kbd). Waiting for QEMU to listen... (set HID_SOCK or run scripts/run_qemu.sh)
[msquic] stream: RECEIVE bytes=52 buffers=1 pending=0
[hidra] HID socket connect failed (/run/user/1000/hidra.kbd). Waiting for QEMU to listen... (set HID_SOCK or run scripts/run_qemu.sh)
[msquic] stream: RECEIVE bytes=52 buffers=1 pending=0
[lat] dt_ms=40.8111 cmd=up key=t
[hidra] HID socket connect failed (/run/user/1000/hidra.kbd). Waiting for QEMU to listen... (set HID_SOCK or run scripts/run_qemu.sh)
[lat] dt_ms=40.8414 cmd=down key=ENTER
[hidra] HID socket connect failed (/run/user/1000/hidra.kbd). Waiting for QEMU to listen... (set HID_SOCK or run scripts/run_qemu.sh)
[lat] dt_ms=76.6942 cmd=up key=p
[hidra] HID socket connect failed (/run/user/1000/hidra.kbd). Waiting for QEMU to listen... (set HID_SOCK or run scripts/run_qemu.sh)
[hidra] HID socket connect failed (/run/user/1000/hidra.kbd). Waiting for QEMU to listen... (set HID_SOCK or run scripts/run_qemu.sh)
[msquic] stream: RECEIVE bytes=52 buffers=1 pending=0
[lat] dt_ms=52.3023 cmd=up key=ENTER
[hidra] HID socket connect failed (/run/user/1000/hidra.kbd). Waiting for QEMU to listen... (set HID_SOCK or run scripts/run_qemu.sh)
[hidra] HID socket connect failed (/run/user/1000/hidra.kbd). Waiting for QEMU to listen... (set HID_SOCK or run scripts/run_qemu.sh)
[msquic] stream: RECEIVE bytes=52 buffers=1 pending=0
[hidra] HID socket connect failed (/run/user/1000/hidra.kbd). Waiting for QEMU to listen... (set HID_SOCK or run scripts/run_qemu.sh)
[msquic] stream: RECEIVE bytes=52 buffers=1 pending=0
[lat] dt_ms=58.9791 cmd=down key=a
[hidra] HID socket connect failed (/run/user/1000/hidra.kbd). Waiting for QEMU to listen... (set HID_SOCK or run scripts/run_qemu.sh)
[lat] dt_ms=53.2426 cmd=up key=a
[hidra] HID socket connect failed (/run/user/1000/hidra.kbd). Waiting for QEMU to listen... (set HID_SOCK or run scripts/run_qemu.sh)
[lat] dt_ms=51.1705 cmd=down key=p
[hidra] HID socket connect failed (/run/user/1000/hidra.kbd). Waiting for QEMU to listen... (set HID_SOCK or run scripts/run_qemu.sh)
[heal] key=40 heal_ms=86.7508
[hidra] HID socket connect failed (/run/user/1000/hidra.kbd). Waiting for QEMU to listen... (set HID_SOCK or run scripts/run_qemu.sh)
[msquic] stream: RECEIVE bytes=52 buffers=1 pending=0
[heal] key=4 heal_ms=69.0986
[hidra] HID socket connect failed (/run/user/1000/hidra.kbd). Waiting for QEMU to listen... (set HID_SOCK or run scripts/run_qemu.sh)
[hidra] HID socket connect failed (/run/user/1000/hidra.kbd). Waiting for QEMU to listen... (set HID_SOCK or run scripts/run_qemu.sh)
[msquic] stream: RECEIVE bytes=104 buffers=1 pending=0
[hidra] HID socket connect failed (/run/user/1000/hidra.kbd). Waiting for QEMU to listen... (set HID_SOCK or run scripts/run_qemu.sh)
[msquic] stream: RECEIVE bytes=52 buffers=1 pending=0
[lat] dt_ms=53.0178 cmd=up key=p
[hidra] HID socket connect failed (/run/user/1000/hidra.kbd). Waiting for QEMU to listen... (set HID_SOCK or run scripts/run_qemu.sh)
[hidra] HID socket connect failed (/run/user/1000/hidra.kbd). Waiting for QEMU to listen... (set HID_SOCK or run scripts/run_qemu.sh)
[heal] key=23 heal_ms=121.677
[hidra] HID socket connect failed (/run/user/1000/hidra.kbd). Waiting for QEMU to listen... (set HID_SOCK or run scripts/run_qemu.sh)
[msquic] stream: RECEIVE bytes=104 buffers=1 pending=0
[lat] dt_ms=41.8749 cmd=down key=ENTER
[hidra] HID socket connect failed (/run/user/1000/hidra.kbd). Waiting for QEMU to listen... (set HID_SOCK or run scripts/run_qemu.sh)
[hidra] HID socket connect failed (/run/user/1000/hidra.kbd). Waiting for QEMU to listen... (set HID_SOCK or run scripts/run_qemu.sh)
[msquic] stream: RECEIVE bytes=52 buffers=1 pending=0
[hidra] HID socket connect failed (/run/user/1000/hidra.kbd). Waiting for QEMU to listen... (set HID_SOCK or run scripts/run_qemu.sh)
[msquic] stream: RECEIVE bytes=52 buffers=1 pending=0
[lat] dt_ms=63.7721 cmd=up key=t
[hidra] HID socket connect failed (/run/user/1000/hidra.kbd). Waiting for QEMU to listen... (set HID_SOCK or run scripts/run_qemu.sh)
[lat] dt_ms=79.4821 cmd=down key=t
[hidra] HID socket connect failed (/run/user/1000/hidra.kbd). Waiting for QEMU to listen... (set HID_SOCK or run scripts/run_qemu.sh)
[heal] key=23 heal_ms=78.2422
[hidra] HID socket connect failed (/run/user/1000/hidra.kbd). Waiting for QEMU to listen... (set HID_SOCK or run scripts/run_qemu.sh)
[msquic] stream: RECEIVE bytes=52 buffers=1 pending=0
[heal] key=40 heal_ms=59.9513
[hidra] HID socket connect failed (/run/user/1000/hidra.kbd). Waiting for QEMU to listen... (set HID_SOCK or run scripts/run_qemu.sh)
[msquic] stream: RECEIVE bytes=52 buffers=1 pending=0
[lat] dt_ms=56.1684 cmd=down key=a
[hidra] HID socket connect failed (/run/user/1000/hidra.kbd). Waiting for QEMU to listen... (set HID_SOCK or run scripts/run_qemu.sh)
[lat] dt_ms=68.2544 cmd=up key=ENTER
[hidra] HID socket connect failed (/run/user/1000/hidra.kbd). Waiting for QEMU to listen... (set HID_SOCK or run scripts/run_qemu.sh)
[lat] dt_ms=41.8897 cmd=down key=p
[hidra] HID socket connect failed (/run/user/1000/hidra.kbd). Waiting for QEMU to listen... (set HID_SOCK or run scripts/run_qemu.sh)
[heal] key=19 heal_ms=116.512
[hidra] HID socket connect failed (/run/user/1000/hidra.kbd). Waiting for QEMU to listen... (set HID_SOCK or run scripts/run_qemu.sh)
[msquic] stream: RECEIVE bytes=52 buffers=1 pending=0
[lat] dt_ms=66.6743 cmd=up key=a
[hidra] HID socket connect failed (/run/user/1000/hidra.kbd). Waiting for QEMU to listen... (set HID_SOCK or run scripts/run_qemu.sh)
[hidra] HID socket connect failed (/run/user/1000/hidra.kbd). Waiting for QEMU to listen... (set HID_SOCK or run scripts/run_qemu.sh)
[msquic] stream: RECEIVE bytes=52 buffers=1 pending=0
[hidra] HID socket connect failed (/run/user/1000/hidra.kbd). Waiting for QEMU to listen... (set HID_SOCK or run scripts/run_qemu.sh)
[msquic] stream: RECEIVE bytes=52 buffers=1 pending=0
[hidra] HID socket connect failed (/run/user/1000/hidra.kbd). Waiting for QEMU to listen... (set HID_SOCK or run scripts/run_qemu.sh)
[msquic] stream: RECEIVE bytes=52 buffers=1 pending=0
[heal] key=19 heal_ms=65.9924
[hidra] HID socket connect failed (/run/user/1000/hidra.kbd). Waiting for QEMU to listen... (set HID_SOCK or run scripts/run_qemu.sh)
[msquic] stream: RECEIVE bytes=52 buffers=1 pending=0
[lat] dt_ms=68.2242 cmd=up key=p
[hidra] HID socket connect failed (/run/user/1000/hidra.kbd). Waiting for QEMU to listen... (set HID_SOCK or run scripts/run_qemu.sh)
[hidra] HID socket connect failed (/run/user/1000/hidra.kbd). Waiting for QEMU to listen... (set HID_SOCK or run scripts/run_qemu.sh)
[msquic] stream: RECEIVE bytes=52 buffers=1 pending=0
[lat] dt_ms=49.3655 cmd=up key=t
[hidra] HID socket connect failed (/run/user/1000/hidra.kbd). Waiting for QEMU to listen... (set HID_SOCK or run scripts/run_qemu.sh)
[lat] dt_ms=70.3896 cmd=down key=t
[hidra] HID socket connect failed (/run/user/1000/hidra.kbd). Waiting for QEMU to listen... (set HID_SOCK or run scripts/run_qemu.sh)
[heal] key=23 heal_ms=68.9781
[hidra] HID socket connect failed (/run/user/1000/hidra.kbd). Waiting for QEMU to listen... (set HID_SOCK or run scripts/run_qemu.sh)
[msquic] stream: RECEIVE bytes=52 buffers=1 pending=0
[lat] dt_ms=68.0886 cmd=down key=ENTER
[hidra] HID socket connect failed (/run/user/1000/hidra.kbd). Waiting for QEMU to listen... (set HID_SOCK or run scripts/run_qemu.sh)
[lat] dt_ms=60.7693 cmd=up key=ENTER
[hidra] HID socket connect failed (/run/user/1000/hidra.kbd). Waiting for QEMU to listen... (set HID_SOCK or run scripts/run_qemu.sh)
[hidra] HID socket connect failed (/run/user/1000/hidra.kbd). Waiting for QEMU to listen... (set HID_SOCK or run scripts/run_qemu.sh)
[msquic] stream: RECEIVE bytes=52 buffers=1 pending=0
[heal] key=4 heal_ms=128.615
[hidra] HID socket connect failed (/run/user/1000/hidra.kbd). Waiting for QEMU to listen... (set HID_SOCK or run scripts/run_qemu.sh)
[msquic] stream: RECEIVE bytes=52 buffers=1 pending=0
[hidra] HID socket connect failed (/run/user/1000/hidra.kbd). Waiting for QEMU to listen... (set HID_SOCK or run scripts/run_qemu.sh)
[msquic] stream: RECEIVE bytes=52 buffers=1 pending=0
[lat] dt_ms=56.1762 cmd=down key=p
[hidra] HID socket connect failed (/run/user/1000/hidra.kbd). Waiting for QEMU to listen... (set HID_SOCK or run scripts/run_qemu.sh)
[lat] dt_ms=79.6386 cmd=down key=a
[hidra] HID socket connect failed (/run/user/1000/hidra.kbd). Waiting for QEMU to listen... (set HID_SOCK or run scripts/run_qemu.sh)
[lat] dt_ms=50.0042 cmd=up key=p
[hidra] HID socket connect failed (/run/user/1000/hidra.kbd). Waiting for QEMU to listen... (set HID_SOCK or run scripts/run_qemu.sh)
[lat] dt_ms=73.1892 cmd=up key=a
[hidra] HID socket connect failed (/run/user/1000/hidra.kbd). Waiting for QEMU to listen... (set HID_SOCK or run scripts/run_qemu.sh)
[lat] dt_ms=49.2843 cmd=down key=t
[hidra] HID socket connect failed (/run/user/1000/hidra.kbd). Waiting for QEMU to listen... (set HID_SOCK or run scripts/run_qemu.sh)
[hidra] HID socket connect failed (/run/user/1000/hidra.kbd). Waiting for QEMU to listen... (set HID_SOCK or run scripts/run_qemu.sh)
[msquic] stream: RECEIVE bytes=52 buffers=1 pending=0
[hidra] HID socket connect failed (/run/user/1000/hidra.kbd). Waiting for QEMU to listen... (set HID_SOCK or run scripts/run_qemu.sh)
[msquic] stream: RECEIVE bytes=52 buffers=1 pending=0
[lat] dt_ms=60.8849 cmd=up key=t
[hidra] HID socket connect failed (/run/user/1000/hidra.kbd). Waiting for QEMU to listen... (set HID_SOCK or run scripts/run_qemu.sh)
[heal] key=19 heal_ms=83.9496
[hidra] HID socket connect failed (/run/user/1000/hidra.kbd). Waiting for QEMU to listen... (set HID_SOCK or run scripts/run_qemu.sh)
[hidra] HID socket connect failed (/run/user/1000/hidra.kbd). Waiting for QEMU to listen... (set HID_SOCK or run scripts/run_qemu.sh)
[msquic] stream: RECEIVE bytes=104 buffers=1 pending=0
[lat] dt_ms=46.3316 cmd=up key=ENTER
[hidra] HID socket connect failed (/run/user/1000/hidra.kbd). Waiting for QEMU to listen... (set HID_SOCK or run scripts/run_qemu.sh)
[lat] dt_ms=59.7864 cmd=down key=ENTER
[hidra] HID socket connect failed (/run/user/1000/hidra.kbd). Waiting for QEMU to listen... (set HID_SOCK or run scripts/run_qemu.sh)
[hidra] HID socket connect failed (/run/user/1000/hidra.kbd). Waiting for QEMU to listen... (set HID_SOCK or run scripts/run_qemu.sh)
[msquic] stream: RECEIVE bytes=52 buffers=1 pending=0
[lat] dt_ms=41.3883 cmd=down key=a
[hidra] HID socket connect failed (/run/user/1000/hidra.kbd). Waiting for QEMU to listen... (set HID_SOCK or run scripts/run_qemu.sh)
[hidra] HID socket connect failed (/run/user/1000/hidra.kbd). Waiting for QEMU to listen... (set HID_SOCK or run scripts/run_qemu.sh)
[msquic] stream: RECEIVE bytes=52 buffers=1 pending=0
[heal] key=4 heal_ms=124.012
[hidra] HID socket connect failed (/run/user/1000/hidra.kbd). Waiting for QEMU to listen... (set HID_SOCK or run scripts/run_qemu.sh)
[msquic] stream: RECEIVE bytes=52 buffers=1 pending=0
[hidra] HID socket connect failed (/run/user/1000/hidra.kbd). Waiting for QEMU to listen... (set HID_SOCK or run scripts/run_qemu.sh)
[msquic] stream: RECEIVE bytes=52 buffers=1 pending=0
[hidra] HID socket connect failed (/run/user/1000/hidra.kbd). Waiting for QEMU to listen... (set HID_SOCK or run scripts/run_qemu.sh)
[msquic] stream: RECEIVE bytes=52 buffers=1 pending=0
[hidra] HID socket connect failed (/run/user/1000/hidra.kbd). Waiting for QEMU to listen... (set HID_SOCK or run scripts/run_qemu.sh)
[msquic] stream: RECEIVE bytes=52 buffers=1 pending=0
[heal] key=4 heal_ms=59.053
[hidra] HID socket connect failed (/run/user/1000/hidra.kbd). Waiting for QEMU to listen... (set HID_SOCK or run scripts/run_qemu.sh)
[msquic] stream: RECEIVE bytes=52 buffers=1 pending=0
[lat] dt_ms=63.4234 cmd=up key=a
[hidra] HID socket connect failed (/run/user/1000/hidra.kbd). Waiting for QEMU to listen... (set HID_SOCK or run scripts/run_qemu.sh)
[lat] dt_ms=53.7368 cmd=up key=p
[hidra] HID socket connect failed (/run/user/1000/hidra.kbd). Waiting for QEMU to listen... (set HID_SOCK or run scripts/run_qemu.sh)
[hidra] HID socket connect failed (/run/user/1000/hidra.kbd). Waiting for QEMU to listen... (set HID_SOCK or run scripts/run_qemu.sh)
[msquic] stream: RECEIVE bytes=52 buffers=1 pending=0
[lat] dt_ms=72.3919 cmd=down key=p
[hidra] HID socket connect failed (/run/user/1000/hidra.kbd). Waiting for QEMU to listen... (set HID_SOCK or run scripts/run_qemu.sh)
[lat] dt_ms=55.0599 cmd=up key=t
[hidra] HID socket connect failed (/run/user/1000/hidra.kbd). Waiting for QEMU to listen... (set HID_SOCK or run scripts/run_qemu.sh)
[hidra] HID socket connect failed (/run/user/1000/hidra.kbd). Waiting for QEMU to listen... (set HID_SOCK or run scripts/run_qemu.sh)
[msquic] stream: RECEIVE bytes=52 buffers=1 pending=0
[lat] dt_ms=79.8057 cmd=down key=t
[hidra] HID socket connect failed (/run/user/1000/hidra.kbd). Waiting for QEMU to listen... (set HID_SOCK or run scripts/run_qemu.sh)
[lat] dt_ms=47.9457 cmd=up key=ENTER
[hidra] HID socket connect failed (/run/user/1000/hidra.kbd). Waiting for QEMU to listen... (set HID_SOCK or run scripts/run_qemu.sh)
[hidra] HID socket connect failed (/run/user/1000/hidra.kbd). Waiting for QEMU to listen... (set HID_SOCK or run scripts/run_qemu.sh)
[msquic] stream: RECEIVE bytes=52 buffers=1 pending=0
[hidra] HID socket connect failed (/run/user/1000/hidra.kbd). Waiting for QEMU to listen... (set HID_SOCK or run scripts/run_qemu.sh)
[msquic] stream: RECEIVE bytes=52 buffers=1 pending=0
[hidra] HID socket connect failed (/run/user/1000/hidra.kbd). Waiting for QEMU to listen... (set HID_SOCK or run scripts/run_qemu.sh)
[heal] key=40 heal_ms=66.03
[hidra] snapshot v1 mods=0x0 pressed=1
[hidra] HID socket connect failed (/run/user/1000/hidra.kbd). Waiting for QEMU to listen... (set HID_SOCK or run scripts/run_qemu.sh)
[msquic] stream: RECEIVE bytes=104 buffers=1 pending=0
[lat] dt_ms=77.8217 cmd=down key=ENTER
[hidra] HID socket connect failed (/run/user/1000/hidra.kbd). Waiting for QEMU to listen... (set HID_SOCK or run scripts/run_qemu.sh)
[heal] key=4 heal_ms=53.8722
[hidra] HID socket connect failed (/run/user/1000/hidra.kbd). Waiting for QEMU to listen... (set HID_SOCK or run scripts/run_qemu.sh)
[msquic] stream: RECEIVE bytes=52 buffers=1 pending=0
[lat] dt_ms=78.6654 cmd=down key=a
[hidra] HID socket connect failed (/run/user/1000/hidra.kbd). Waiting for QEMU to listen... (set HID_SOCK or run scripts/run_qemu.sh)
[lat] dt_ms=64.2126 cmd=down key=p
[hidra] HID socket connect failed (/run/user/1000/hidra.kbd). Waiting for QEMU to listen... (set HID_SOCK or run scripts/run_qemu.sh)
[lat] dt_ms=75.4144 cmd=up key=a
[hidra] HID socket connect failed (/run/user/1000/hidra.kbd). Waiting for QEMU to listen... (set HID_SOCK or run scripts/run_qemu.sh)
[hidra] HID socket connect failed (/run/user/1000/hidra.kbd). Waiting for QEMU to listen... (set HID_SOCK or run scripts/run_qemu.sh)
[msquic] stream: RECEIVE bytes=52 buffers=1 pending=0
[lat] dt_ms=49.0096 cmd=down key=t
[hidra] HID socket connect failed (/run/user/1000/hidra.kbd). Waiting for QEMU to listen... (set HID_SOCK or run scripts/run_qemu.sh)
[lat] dt_ms=40.7335 cmd=up key=t
[hidra] HID socket connect failed (/run/user/1000/hidra.kbd). Waiting for QEMU to listen... (set HID_SOCK or run scripts/run_qemu.sh)
[lat] dt_ms=62.8485 cmd=up key=p
[hidra] HID socket connect failed (/run/user/1000/hidra.kbd). Waiting for QEMU to listen... (set HID_SOCK or run scripts/run_qemu.sh)
[hidra] HID socket connect failed (/run/user/1000/hidra.kbd). Waiting for QEMU to listen... (set HID_SOCK or run scripts/run_qemu.sh)
[msquic] stream: RECEIVE bytes=52 buffers=1 pending=0
[heal] key=19 heal_ms=69.1138
[hidra] HID socket connect failed (/run/user/1000/hidra.kbd). Waiting for QEMU to listen... (set HID_SOCK or run scripts/run_qemu.sh)
[msquic] stream: RECEIVE bytes=52 buffers=1 pending=0
[hidra] HID socket connect failed (/run/user/1000/hidra.kbd). Waiting for QEMU to listen... (set HID_SOCK or run scripts/run_qemu.sh)
[msquic] stream: RECEIVE bytes=52 buffers=1 pending=0
[lat] dt_ms=55.2089 cmd=down key=ENTER
[hidra] HID socket connect failed (/run/user/1000/hidra.kbd). Waiting for QEMU to listen... (set HID_SOCK or run scripts/run_qemu.sh)
[hidra] HID socket connect failed (/run/user/1000/hidra.kbd). Waiting for QEMU to listen... (set HID_SOCK or run scripts/run_qemu.sh)
[heal] key=23 heal_ms=73.0417
[hidra] HID socket connect failed (/run/user/1000/hidra.kbd). Waiting for QEMU to listen... (set HID_SOCK or run scripts/run_qemu.sh)
[msquic] stream: RECEIVE bytes=104 buffers=1 pending=0
[lat] dt_ms=56.4012 cmd=up key=ENTER
[hidra] HID socket connect failed (/run/user/1000/hidra.kbd). Waiting for QEMU to listen... (set HID_SOCK or run scripts/run_qemu.sh)
[hidra] HID socket connect failed (/run/user/1000/hidra.kbd). Waiting for QEMU to listen... (set HID_SOCK or run scripts/run_qemu.sh)
[msquic] stream: RECEIVE bytes=52 buffers=1 pending=0
[lat] dt_ms=47.958 cmd=up key=a
[hidra] HID socket connect failed (/run/user/1000/hidra.kbd). Waiting for QEMU to listen... (set HID_SOCK or run scripts/run_qemu.sh)
[heal] key=40 heal_ms=70.0799
[hidra] HID socket connect failed (/run/user/1000/hidra.kbd). Waiting for QEMU to listen... (set HID_SOCK or run scripts/run_qemu.sh)
[msquic] stream: RECEIVE bytes=52 buffers=1 pending=0
[hidra] HID socket connect failed (/run/user/1000/hidra.kbd). Waiting for QEMU to listen... (set HID_SOCK or run scripts/run_qemu.sh)
[msquic] stream: RECEIVE bytes=52 buffers=1 pending=0
[hidra] HID socket connect failed (/run/user/1000/hidra.kbd). Waiting for QEMU to listen... (set HID_SOCK or run scripts/run_qemu.sh)
[msquic] stream: RECEIVE bytes=52 buffers=1 pending=0
[lat] dt_ms=76.83 cmd=down key=a
[hidra] HID socket connect failed (/run/user/1000/hidra.kbd). Waiting for QEMU to listen... (set HID_SOCK or run scripts/run_qemu.sh)
[hidra] HID socket connect failed (/run/user/1000/hidra.kbd). Waiting for QEMU to listen... (set HID_SOCK or run scripts/run_qemu.sh)
[msquic] stream: RECEIVE bytes=52 buffers=1 pending=0
[lat] dt_ms=50.4492 cmd=up key=p
[hidra] HID socket connect failed (/run/user/1000/hidra.kbd). Waiting for QEMU to listen... (set HID_SOCK or run scripts/run_qemu.sh)
[lat] dt_ms=60.7365 cmd=down key=p
[hidra] HID socket connect failed (/run/user/1000/hidra.kbd). Waiting for QEMU to listen... (set HID_SOCK or run scripts/run_qemu.sh)
[lat] dt_ms=44.4528 cmd=down key=t
[hidra] HID socket connect failed (/run/user/1000/hidra.kbd). Waiting for QEMU to listen... (set HID_SOCK or run scripts/run_qemu.sh)
[lat] dt_ms=44.2349 cmd=up key=t
[hidra] HID socket connect failed (/run/user/1000/hidra.kbd). Waiting for QEMU to listen... (set HID_SOCK or run scripts/run_qemu.sh)
[hidra] HID socket connect failed (/run/user/1000/hidra.kbd). Waiting for QEMU to listen... (set HID_SOCK or run scripts/run_qemu.sh)
[msquic] stream: RECEIVE bytes=52 buffers=1 pending=0
[heal] key=19 heal_ms=72.5364
[hidra] HID socket connect failed (/run/user/1000/hidra.kbd). Waiting for QEMU to listen... (set HID_SOCK or run scripts/run_qemu.sh)
[hidra] HID socket connect failed (/run/user/1000/hidra.kbd). Waiting for QEMU to listen... (set HID_SOCK or run scripts/run_qemu.sh)
[msquic] stream: RECEIVE bytes=104 buffers=1 pending=0
[hidra] HID socket connect failed (/run/user/1000/hidra.kbd). Waiting for QEMU to listen... (set HID_SOCK or run scripts/run_qemu.sh)
[msquic] stream: RECEIVE bytes=52 buffers=1 pending=0
[lat] dt_ms=50.3656 cmd=up key=ENTER
[hidra] HID socket connect failed (/run/user/1000/hidra.kbd). Waiting for QEMU to listen... (set HID_SOCK or run scripts/run_qemu.sh)
[hidra] HID socket connect failed (/run/user/1000/hidra.kbd). Waiting for QEMU to listen... (set HID_SOCK or run scripts/run_qemu.sh)
[msquic] stream: RECEIVE bytes=52 buffers=1 pending=0
[lat] dt_ms=50.8698 cmd=down key=a
[hidra] HID socket connect failed (/run/user/1000/hidra.kbd). Waiting for QEMU to listen... (set HID_SOCK or run scripts/run_qemu.sh)
[hidra] HID socket connect failed (/run/user/1000/hidra.kbd). Waiting for QEMU to listen... (set HID_SOCK or run scripts/run_qemu.sh)
[msquic] stream: RECEIVE bytes=52 buffers=1 pending=0
[hidra] HID socket connect failed (/run/user/1000/hidra.kbd[lat] dt_ms=78.3625 cmd=down key=ENTER
[hidra] send() failed; will retry connect
). Waiting for QEMU to listen... (set HID_SOCK or run scripts/run_qemu.sh)
[msquic] stream: RECEIVE bytes=52 buffers=1 pending=0
[lat] dt_ms=51.0511 cmd=up key=a
[hidra] HID socket connect failed (/run/user/1000/hidra.kbd). Waiting for QEMU to listen... (set HID_SOCK or run scripts/run_qemu.sh)
[lat] dt_ms=42.5067 cmd=down key=p
[hidra] HID socket connect failed (/run/user/1000/hidra.kbd). Waiting for QEMU to listen... (set HID_SOCK or run scripts/run_qemu.sh)
[heal] key=40 heal_ms=77.4593
[hidra] HID socket connect failed (/run/user/1000/hidra.kbd). Waiting for QEMU to listen... (set HID_SOCK or run scripts/run_qemu.sh)
[msquic] stream: RECEIVE bytes=52 buffers=1 pending=0
[lat] dt_ms=40.8034 cmd=up key=p
[hidra] HID socket connect failed (/run/user/1000/hidra.kbd). Waiting for QEMU to listen... (set HID_SOCK or run scripts/run_qemu.sh)
[heal] key=4 heal_ms=66.9324
[hidra] HID socket connect failed (/run/user/1000/hidra.kbd). Waiting for QEMU to listen... (set HID_SOCK or run scripts/run_qemu.sh)
[msquic] stream: RECEIVE bytes=52 buffers=1 pending=0
[hidra] HID socket connect failed (/run/user/1000/hidra.kbd). Waiting for QEMU to listen... (set HID_SOCK or run scripts/run_qemu.sh)
[msquic] stream: RECEIVE bytes=52 buffers=1 pending=0
[lat] dt_ms=41.8437 cmd=up key=t
[hidra] HID socket connect failed (/run/user/1000/hidra.kbd). Waiting for QEMU to listen... (set HID_SOCK or run scripts/run_qemu.sh)
[heal] key=19 heal_ms=77.1767
[hidra] HID socket connect failed (/run/user/1000/hidra.kbd). Waiting for QEMU to listen... (set HID_SOCK or run scripts/run_qemu.sh)
[hidra] HID socket connect failed (/run/user/1000/hidra.kbd). Waiting for QEMU to listen... (set HID_SOCK or run scripts/run_qemu.sh)
[msquic] stream: RECEIVE bytes=104 buffers=1 pending=0
[hidra] HID socket connect failed (/run/user/1000/hidra.kbd). Waiting for QEMU to listen... (set HID_SOCK or run scripts/run_qemu.sh)
[msquic] stream: RECEIVE bytes=52 buffers=1 pending=0
[heal] key=23 heal_ms=76.9332
[hidra] HID socket connect failed (/run/user/1000/hidra.kbd). Waiting for QEMU to listen... (set HID_SOCK or run scripts/run_qemu.sh)
[msquic] stream: RECEIVE bytes=52 buffers=1 pending=0
[hidra] HID socket connect failed (/run/user/1000/hidra.kbd). Waiting for QEMU to listen... (set HID_SOCK or run scripts/run_qemu.sh)
[msquic] stream: RECEIVE bytes=52 buffers=1 pending=0
[hidra] HID socket connect failed (/run/user/1000/hidra.kbd). Waiting for QEMU to listen... (set HID_SOCK or run scripts/run_qemu.sh)
[msquic] stream: RECEIVE bytes=52 buffers=1 pending=0
[hidra] HID socket connect failed (/run/user/1000/hidra.kbd). Waiting for QEMU to listen... (set HID_SOCK or run scripts/run_qemu.sh)
[msquic] stream: RECEIVE bytes=52 buffers=1 pending=0
[lat] dt_ms=80.6023 cmd=down key=ENTER
[hidra] HID socket connect failed (/run/user/1000/hidra.kbd). Waiting for QEMU to listen... (set HID_SOCK or run scripts/run_qemu.sh)
[lat] dt_ms=52.1032 cmd=up key=a
[hidra] HID socket connect failed (/run/user/1000/hidra.kbd). Waiting for QEMU to listen... (set HID_SOCK or run scripts/run_qemu.sh)
[lat] dt_ms=64.8355 cmd=down key=a
[hidra] HID socket connect failed (/run/user/1000/hidra.kbd). Waiting for QEMU to listen... (set HID_SOCK or run scripts/run_qemu.sh)
[lat] dt_ms=76.1891 cmd=up key=ENTER
[hidra] HID socket connect failed (/run/user/1000/hidra.kbd). Waiting for QEMU to listen... (set HID_SOCK or run scripts/run_qemu.sh)
[hidra] HID socket connect failed (/run/user/1000/hidra.kbd). Waiting for QEMU to listen... (set HID_SOCK or run scripts/run_qemu.sh)
[msquic] stream: RECEIVE bytes=52 buffers=1 pending=0
[lat] dt_ms=55.5518 cmd=down key=p
[hidra] HID socket connect failed (/run/user/1000/hidra.kbd). Waiting for QEMU to listen... (set HID_SOCK or run scripts/run_qemu.sh)
[heal] key=4 heal_ms=78.9904
[hidra] HID socket connect failed (/run/user/1000/hidra.kbd). Waiting for QEMU to listen... (set HID_SOCK or run scripts/run_qemu.sh)
[msquic] stream: RECEIVE bytes=52 buffers=1 pending=0
[hidra] HID socket connect failed (/run/user/1000/hidra.kbd). Waiting for QEMU to listen... (set HID_SOCK or run scripts/run_qemu.sh)
[hidra] HID socket connect failed (/run/user/1000/hidra.kbd). Waiting for QEMU to listen... (set HID_SOCK or run scripts/run_qemu.sh)
[hidra] HID socket connect failed (/run/user/1000/hidra.kbd). Waiting for QEMU to listen... (set HID_SOCK or run scripts/run_qemu.sh)
[msquic] stream: RECEIVE bytes=156 buffers=2 pending=0
[lat] dt_ms=72.0788 cmd=down key=t
[hidra] HID socket connect failed (/run/user/1000/hidra.kbd). Waiting for QEMU to listen... (set HID_SOCK or run scripts/run_qemu.sh)
[lat] dt_ms=62.833 cmd=down key=ENTER
[hidra] HID socket connect failed (/run/user/1000/hidra.kbd). Waiting for QEMU to listen... (set HID_SOCK or run scripts/run_qemu.sh)
[heal] key=40 heal_ms=52.5034
[heal] key=23 heal_ms=73.573
[heal] key=19 heal_ms=94.5223
[hidra] HID socket connect failed (/run/user/1000/hidra.kbd). Waiting for QEMU to listen... (set HID_SOCK or run scripts/run_qemu.sh)
[msquic] stream: RECEIVE bytes=52 buffers=1 pending=0
[lat] dt_ms=74.625 cmd=up key=t
[hidra] HID socket connect failed (/run/user/1000/hidra.kbd). Waiting for QEMU to listen... (set HID_SOCK or run scripts/run_qemu.sh)
[lat] dt_ms=65.769 cmd=up key=ENTER
[hidra] HID socket connect failed (/run/user/1000/hidra.kbd). Waiting for QEMU to listen... (set HID_SOCK or run scripts/run_qemu.sh)
[hidra] HID socket connect failed (/run/user/1000/hidra.kbd). Waiting for QEMU to listen... (set HID_SOCK or run scripts/run_qemu.sh)
[msquic] stream: RECEIVE bytes=52 buffers=1 pending=0
[lat] dt_ms=61.9523 cmd=down key=a
[hidra] HID socket connect failed (/run/user/1000/hidra.kbd). Waiting for QEMU to listen... (set HID_SOCK or run scripts/run_qemu.sh)
[hidra] HID socket connect failed (/run/user/1000/hidra.kbd). Waiting for QEMU to listen... (set HID_SOCK or run scripts/run_qemu.sh)
[msquic] stream: RECEIVE bytes=52 buffers=1 pending=0
[hidra] HID socket connect failed (/run/user/1000/hidra.kbd). Waiting for QEMU to listen... (set HID_SOCK or run scripts/run_qemu.sh)
[msquic] stream: RECEIVE bytes=52 buffers=1 pending=0
[lat] dt_ms=46.455 cmd=down key=p
[hidra] HID socket connect failed (/run/user/1000/hidra.kbd). Waiting for QEMU to listen... (set HID_SOCK or run scripts/run_qemu.sh)
[heal] key=4 heal_ms=69.2584
[hidra] HID socket connect failed (/run/user/1000/hidra.kbd). Waiting for QEMU to listen... (set HID_SOCK or run scripts/run_qemu.sh)
[msquic] stream: RECEIVE bytes=52 buffers=1 pending=0
[lat] dt_ms=72.2619 cmd=up key=a
[hidra] HID socket connect failed (/run/user/1000/hidra.kbd). Waiting for QEMU to listen... (set HID_SOCK or run scripts/run_qemu.sh)
[heal] key=19 heal_ms=53.8505
[hidra] HID socket connect failed (/run/user/1000/hidra.kbd). Waiting for QEMU to listen... (set HID_SOCK or run scripts/run_qemu.sh)
[msquic] stream: RECEIVE bytes=52 buffers=1 pending=0
[lat] dt_ms=65.3328 cmd=up key=p
[hidra] HID socket connect failed (/run/user/1000/hidra.kbd). Waiting for QEMU to listen... (set HID_SOCK or run scripts/run_qemu.sh)
[hidra] HID socket connect failed (/run/user/1000/hidra.kbd). Waiting for QEMU to listen... (set HID_SOCK or run scripts/run_qemu.sh)
[msquic] stream: RECEIVE bytes=52 buffers=1 pending=0
[lat] dt_ms=46.3432 cmd=up key=t
[hidra] HID socket connect failed (/run/user/1000/hidra.kbd). Waiting for QEMU to listen... (set HID_SOCK or run scripts/run_qemu.sh)
[hidra] HID socket connect failed (/run/user/1000/hidra.kbd). Waiting for QEMU to listen... (set HID_SOCK or run scripts/run_qemu.sh)
[msquic] stream: RECEIVE bytes=52 buffers=1 pending=0
[hidra] HID socket connect failed (/run/user/1000/hidra.kbd). Waiting for QEMU to listen... (set HID_SOCK or run scripts/run_qemu.sh)
[msquic] stream: RECEIVE bytes=52 buffers=1 pending=0
[hidra] HID socket connect failed (/run/user/1000/hidra.kbd). Waiting for QEMU to listen... (set HID_SOCK or run scripts/run_qemu.sh)
[msquic] stream: RECEIVE bytes=52 buffers=1 pending=0
[lat] dt_ms=77.5553 cmd=down key=t
[hidra] HID socket connect failed (/run/user/1000/hidra.kbd). Waiting for QEMU to listen... (set HID_SOCK or run scripts/run_qemu.sh)
[lat] dt_ms=60.7035 cmd=down key=ENTER
[hidra] HID socket connect failed (/run/user/1000/hidra.kbd). Waiting for QEMU to listen... (set HID_SOCK or run scripts/run_qemu.sh)
[lat] dt_ms=65.5784 cmd=up key=ENTER
[hidra] HID socket connect failed (/run/user/1000/hidra.kbd). Waiting for QEMU to listen... (set HID_SOCK or run scripts/run_qemu.sh)
[lat] dt_ms=60.8252 cmd=up key=a
[hidra] HID socket connect failed (/run/user/1000/hidra.kbd). Waiting for QEMU to listen... (set HID_SOCK or run scripts/run_qemu.sh)
[hidra] HID socket connect failed (/run/user/1000/hidra.kbd). Waiting for QEMU to listen... (set HID_SOCK or run scripts/run_qemu.sh)
[msquic] stream: RECEIVE bytes=52 buffers=1 pending=0
[lat] dt_ms=75.6188 cmd=down key=a
[hidra] send() failed; will retry connect
[msquic] stream: RECEIVE bytes=52 buffers=1 pending=0
[hidra] HID socket connect failed (/run/user/1000/hidra.kbd). Waiting for QEMU to listen... (set HID_SOCK or run scripts/run_qemu.sh)
[hidra] HID socket connect failed (/run/user/1000/hidra.kbd). Waiting for QEMU to listen... (set HID_SOCK or run scripts/run_qemu.sh)
[msquic] stream: RECEIVE bytes=52 buffers=1 pending=0
[hidra] HID socket connect failed (/run/user/1000/hidra.kbd). Waiting for QEMU to listen... (set HID_SOCK or run scripts/run_qemu.sh)
[msquic] stream: RECEIVE bytes=52 buffers=1 pending=0
[hidra] HID socket connect failed (/run/user/1000/hidra.kbd). Waiting for QEMU to listen... (set HID_SOCK or run scripts/run_qemu.sh)
[msquic] stream: RECEIVE bytes=52 buffers=1 pending=0
[lat] dt_ms=72.4781 cmd=down key=p
[hidra] HID socket connect failed (/run/user/1000/hidra.kbd). Waiting for QEMU to listen... (set HID_SOCK or run scripts/run_qemu.sh)
[lat] dt_ms=74.4933 cmd=up key=p
[hidra] HID socket connect failed (/run/user/1000/hidra.kbd). Waiting for QEMU to listen... (set HID_SOCK or run scripts/run_qemu.sh)
[hidra] HID socket connect failed (/run/user/1000/hidra.kbd). Waiting for QEMU to listen... (set HID_SOCK or run scripts/run_qemu.sh)
[msquic] stream: RECEIVE bytes=52 buffers=1 pending=0
[hidra] HID socket connect failed (/run/user/1000/hidra.kbd). Waiting for QEMU to listen... (set HID_SOCK or run scripts/run_qemu.sh)
[msquic] stream: RECEIVE bytes=52 buffers=1 pending=0
[heal] key=23 heal_ms=69.4587
[hidra] HID socket connect failed (/run/user/1000/hidra.kbd). Waiting for QEMU to listen... (set HID_SOCK or run scripts/run_qemu.sh)
[msquic] stream: RECEIVE bytes=52 buffers=1 pending=0
[lat] dt_ms=79.6868 cmd=down key=t
[hidra] HID socket connect failed (/run/user/1000/hidra.kbd). Waiting for QEMU to listen... (set HID_SOCK or run scripts/run_qemu.sh)
[lat] dt_ms=69.6125 cmd=up key=t
[hidra] HID socket connect failed (/run/user/1000/hidra.kbd). Waiting for QEMU to listen... (set HID_SOCK or run scripts/run_qemu.sh)
[lat] dt_ms=58.4944 cmd=up key=ENTER
[hidra] HID socket connect failed (/run/user/1000/hidra.kbd). Waiting for QEMU to listen... (set HID_SOCK or run scripts/run_qemu.sh)
[lat] dt_ms=71.7938 cmd=down key=ENTER
[hidra] HID socket connect failed (/run/user/1000/hidra.kbd). Waiting for QEMU to listen... (set HID_SOCK or run scripts/run_qemu.sh)
[lat] dt_ms=60.4435 cmd=down key=a
[hidra] HID socket connect failed (/run/user/1000/hidra.kbd). Waiting for QEMU to listen... (set HID_SOCK or run scripts/run_qemu.sh)
[lat] dt_ms=44.8305 cmd=down key=p
[hidra] HID socket connect failed (/run/user/1000/hidra.kbd). Waiting for QEMU to listen... (set HID_SOCK or run scripts/run_qemu.sh)
[heal] key=4 heal_ms=55.063
[heal] key=40 heal_ms=76.2242
[hidra] HID socket connect failed (/run/user/1000/hidra.kbd). Waiting for QEMU to listen... (set HID_SOCK or run scripts/run_qemu.sh)
[msquic] stream: RECEIVE bytes=52 buffers=1 pending=0
[hidra] HID socket connect failed (/run/user/1000/hidra.kbd). Waiting for QEMU to listen... (set HID_SOCK or run scripts/run_qemu.sh)
[msquic] stream: RECEIVE bytes=52 buffers=1 pending=0
[lat] dt_ms=64.5748 cmd=up key=a
[hidra] HID socket connect failed (/run/user/1000/hidra.kbd). Waiting for QEMU to listen... (set HID_SOCK or run scripts/run_qemu.sh)
[hidra] HID socket connect failed (/run/user/1000/hidra.kbd). Waiting for QEMU to listen... (set HID_SOCK or run scripts/run_qemu.sh)
[hidra] HID socket connect failed (/run/user/1000/hidra.kbd). Waiting for QEMU to listen... (set HID_SOCK or run scripts/run_qemu.sh)
[msquic] stream: RECEIVE bytes=104 buffers=1 pending=0
[lat] dt_ms=52.2014 cmd=up key=p
[hidra] HID socket connect failed (/run/user/1000/hidra.kbd). Waiting for QEMU to listen... (set HID_SOCK or run scripts/run_qemu.sh)
[hidra] HID socket connect failed (/run/user/1000/hidra.kbd). Waiting for QEMU to listen... (set HID_SOCK or run scripts/run_qemu.sh)
[msquic] stream: RECEIVE bytes=52 buffers=1 pending=0
[hidra] HID socket connect failed (/run/user/1000/hidra.kbd). Waiting for QEMU to listen... (set HID_SOCK or run scripts/run_qemu.sh)
[msquic] stream: RECEIVE bytes=52 buffers=1 pending=0
[lat] dt_ms=64.3939 cmd=down key=t
[hidra] HID socket connect failed (/run/user/1000/hidra.kbd). Waiting for QEMU to listen... (set HID_SOCK or run scripts/run_qemu.sh)
[heal] key=23 heal_ms=60.3014
[hidra] HID socket connect failed (/run/user/1000/hidra.kbd). Waiting for QEMU to listen... (set HID_SOCK or run scripts/run_qemu.sh)
[msquic] stream: RECEIVE bytes=52 buffers=1 pending=0
[hidra] HID socket connect failed (/run/user/1000/hidra.kbd). Waiting for QEMU to listen... (set HID_SOCK or run scripts/run_qemu.sh)
[msquic] stream: RECEIVE bytes=52 buffers=1 pending=0
[lat] dt_ms=75.9437 cmd=up key=t
[hidra] HID socket connect failed (/run/user/1000/hidra.kbd). Waiting for QEMU to listen... (set HID_SOCK or run scripts/run_qemu.sh)
[lat] dt_ms=55.2793 cmd=up key=ENTER
[hidra] HID socket connect failed (/run/user/1000/hidra.kbd). Waiting for QEMU to listen... (set HID_SOCK or run scripts/run_qemu.sh)
[lat] dt_ms=67.6868 cmd=down key=ENTER
[hidra] HID socket connect failed (/run/user/1000/hidra.kbd). Waiting for QEMU to listen... (set HID_SOCK or run scripts/run_qemu.sh)
[lat] dt_ms=55.8511 cmd=down key=a
[hidra] HID socket connect failed (/run/user/1000/hidra.kbd). Waiting for QEMU to listen... (set HID_SOCK or run scripts/run_qemu.sh)
[hidra] HID socket connect failed (/run/user/1000/hidra.kbd). Waiting for QEMU to listen... (set HID_SOCK or run scripts/run_qemu.sh)
[msquic] stream: RECEIVE bytes=52 buffers=1 pending=0
[hidra] HID socket connect failed (/run/user/1000/hidra.kbd). Waiting for QEMU to listen... (set HID_SOCK or run scripts/run_qemu.sh)
[msquic] stream: RECEIVE bytes=52 buffers=1 pending=0
[lat] dt_ms=62.3383 cmd=up key=a
[hidra] HID socket connect failed (/run/user/1000/hidra.kbd). Waiting for QEMU to listen... (set HID_SOCK or run scripts/run_qemu.sh)
[lat] dt_ms=59.3186 cmd=down key=p
[hidra] HID socket connect failed (/run/user/1000/hidra.kbd). Waiting for QEMU to listen... (set HID_SOCK or run scripts/run_qemu.sh)
[heal] key=19 heal_ms=133.297
[hidra] HID socket connect failed (/run/user/1000/hidra.kbd). Waiting for QEMU to listen... (set HID_SOCK or run scripts/run_qemu.sh)
[msquic] stream: RECEIVE bytes=52 buffers=1 pending=0
[hidra] HID socket connect failed (/run/user/1000/hidra.kbd). Waiting for QEMU to listen... (set HID_SOCK or run scripts/run_qemu.sh)
[msquic] stream: RECEIVE bytes=52 buffers=1 pending=0
[lat] dt_ms=62.4743 cmd=up key=p
[hidra] HID socket connect failed (/run/user/1000/hidra.kbd). Waiting for QEMU to listen... (set HID_SOCK or run scripts/run_qemu.sh)
[heal] key=4 heal_ms=88.6718
[hidra] HID socket connect failed (/run/user/1000/hidra.kbd). Waiting for QEMU to listen... (set HID_SOCK or run scripts/run_qemu.sh)
[msquic] stream: RECEIVE bytes=52 buffers=1 pending=0
[hidra] progress: rx=555 emits=791 quic_snapshots=426 socket=[hidra] HID socket connect failed (/run/user/1000/hidra.kbd). Waiting for QEMU to listen... (set HID_SOCK or run scripts/run_qemu.sh)
waiting
[hidra] HID socket connect failed (/run/user/1000/hidra.kbd). Waiting for QEMU to listen... (set HID_SOCK or run scripts/run_qemu.sh)
[msquic] stream: RECEIVE bytes=52 buffers=1 pending=0
[lat] dt_ms=59.0387 cmd=up key=t
[hidra] HID socket connect failed (/run/user/1000/hidra.kbd). Waiting for QEMU to listen... (set HID_SOCK or run scripts/run_qemu.sh)
[heal] key=19 heal_ms=85.9155
[hidra] HID socket connect failed (/run/user/1000/hidra.kbd). Waiting for QEMU to listen... (set HID_SOCK or run scripts/run_qemu.sh)
[hidra] HID socket connect failed (/run/user/1000/hidra.kbd). Waiting for QEMU to listen... (set HID_SOCK or run scripts/run_qemu.sh)
[msquic] stream: RECEIVE bytes=104 buffers=1 pending=0
[lat] dt_ms=80.2093 cmd=down key=t
[hidra] HID socket connect failed (/run/user/1000/hidra.kbd). Waiting for QEMU to listen... (set HID_SOCK or run scripts/run_qemu.sh)
[lat] dt_ms=63.8109 cmd=down key=ENTER
[hidra] HID socket connect failed (/run/user/1000/hidra.kbd). Waiting for QEMU to listen... (set HID_SOCK or run scripts/run_qemu.sh)
[hidra] HID socket connect failed (/run/user/1000/hidra.kbd). Waiting for QEMU to listen... (set HID_SOCK or run scripts/run_qemu.sh)
[msquic] stream: RECEIVE bytes=52 buffers=1 pending=0
[lat] dt_ms=48.5716 cmd=down key=a
[hidra] HID socket connect failed (/run/user/1000/hidra.kbd). Waiting for QEMU to listen... (set HID_SOCK or run scripts/run_qemu.sh)
[hidra] HID socket connect failed (/run/user/1000/hidra.kbd). Waiting for QEMU to listen... (set HID_SOCK or run scripts/run_qemu.sh)
[msquic] stream: RECEIVE bytes=52 buffers=1 pending=0
[heal] key=40 heal_ms=159.807
[hidra] HID socket connect failed (/run/user/1000/hidra.kbd). Waiting for QEMU to listen... (set HID_SOCK or run scripts/run_qemu.sh)
[hidra] HID socket connect failed (/run/user/1000/hidra.kbd). Waiting for QEMU to listen... (set HID_SOCK or run scripts/run_qemu.sh)
[msquic] stream: RECEIVE bytes=104 buffers=1 pending=0
[hidra] HID socket connect failed (/run/user/1000/hidra.kbd). Waiting for QEMU to listen... (set HID_SOCK or run scripts/run_qemu.sh)
[msquic] stream: RECEIVE bytes=52 buffers=1 pending=0
[lat] dt_ms=45.9905 cmd=down key=p
[hidra] HID socket connect failed (/run/user/1000/hidra.kbd). Waiting for QEMU to listen... (set HID_SOCK or run scripts/run_qemu.sh)
[lat] dt_ms=78.7338 cmd=up key=ENTER
[hidra] HID socket connect failed (/run/user/1000/hidra.kbd). Waiting for QEMU to listen... (set HID_SOCK or run scripts/run_qemu.sh)
[lat] dt_ms=66.9865 cmd=up key=a
[hidra] HID socket connect failed (/run/user/1000/hidra.kbd). Waiting for QEMU to listen... (set HID_SOCK or run scripts/run_qemu.sh)
[hidra] HID socket connect failed (/run/user/1000/hidra.kbd). Waiting for QEMU to listen... (set HID_SOCK or run scripts/run_qemu.sh)
[msquic] stream: RECEIVE bytes=52 buffers=1 pending=0
[hidra] HID socket connect failed (/run/user/1000/hidra.kbd). Waiting for QEMU to listen... (set HID_SOCK or run scripts/run_qemu.sh)
[msquic] stream: RECEIVE bytes=52 buffers=1 pending=0
[lat] dt_ms=54.6218 cmd=up key=p
[hidra] HID socket connect failed (/run/user/1000/hidra.kbd). Waiting for QEMU to listen... (set HID_SOCK or run scripts/run_qemu.sh)
[hidra] HID socket connect failed (/run/user/1000/hidra.kbd). Waiting for QEMU to listen... (set HID_SOCK or run scripts/run_qemu.sh)
[msquic] stream: RECEIVE bytes=52 buffers=1 pending=0
[lat] dt_ms=48.7456 cmd=up key=t
[hidra] HID socket connect failed (/run/user/1000/hidra.kbd). Waiting for QEMU to listen... (set HID_SOCK or run scripts/run_qemu.sh)
[hidra] HID socket connect failed (/run/user/1000/hidra.kbd). Waiting for QEMU to listen... (set HID_SOCK or run scripts/run_qemu.sh)
[msquic] stream: RECEIVE bytes=52 buffers=1 pending=0
[hidra] HID socket connect failed (/run/user/1000/hidra.kbd). Waiting for QEMU to listen... (set HID_SOCK or run scripts/run_qemu.sh)
[msquic] stream: RECEIVE bytes=52 buffers=1 pending=0
[lat] dt_ms=79.3134 cmd=down key=t
[hidra] HID socket connect failed (/run/user/1000/hidra.kbd). Waiting for QEMU to listen... (set HID_SOCK or run scripts/run_qemu.sh)
[lat] dt_ms=62.4375 cmd=down key=ENTER
[hidra] HID socket connect failed (/run/user/1000/hidra.kbd). Waiting for QEMU to listen... (set HID_SOCK or run scripts/run_qemu.sh)
[heal] key=40 heal_ms=136.638
[hidra] HID socket connect failed (/run/user/1000/hidra.kbd). Waiting for QEMU to listen... (set HID_SOCK or run scripts/run_qemu.sh)
[msquic] stream: RECEIVE bytes=52 buffers=1 pending=0
[hidra] HID socket connect failed (/run/user/1000/hidra.kbd). Waiting for QEMU to listen... (set HID_SOCK or run scripts/run_qemu.sh)
[msquic] stream: RECEIVE bytes=52 buffers=1 pending=0
[lat] dt_ms=71.513 cmd=up key=ENTER
[hidra] HID socket connect failed (/run/user/1000/hidra.kbd). Waiting for QEMU to listen... (set HID_SOCK or run scripts/run_qemu.sh)
[lat] dt_ms=58.7641 cmd=up key=a
[hidra] HID socket connect failed (/run/user/1000/hidra.kbd). Waiting for QEMU to listen... (set HID_SOCK or run scripts/run_qemu.sh)
[hidra] HID socket connect failed (/run/user/1000/hidra.kbd). Waiting for QEMU to listen... (set HID_SOCK or run scripts/run_qemu.sh)
[msquic] stream: RECEIVE bytes=52 buffers=1 pending=0
[lat] dt_ms=73.5618 cmd=down key=a
[hidra] HID socket connect failed (/run/user/1000/hidra.kbd). Waiting for QEMU to listen... (set HID_SOCK or run scripts/run_qemu.sh)
[hidra] HID socket connect failed (/run/user/1000/hidra.kbd). Waiting for QEMU to listen... (set HID_SOCK or run scripts/run_qemu.sh)
[msquic] stream: RECEIVE bytes=52 buffers=1 pending=0
[lat] dt_ms=48.3238 cmd=up key=p
[hidra] HID socket connect failed (/run/user/1000/hidra.kbd). Waiting for QEMU to listen... (set HID_SOCK or run scripts/run_qemu.sh)
[heal] key=4 heal_ms=70.6817
[hidra] HID socket connect failed (/run/user/1000/hidra.kbd). Waiting for QEMU to listen... (set HID_SOCK or run scripts/run_qemu.sh)
[msquic] stream: RECEIVE bytes=52 buffers=1 pending=0
[heal] key=19 heal_ms=59.0783
[hidra] HID socket connect failed (/run/user/1000/hidra.kbd). Waiting for QEMU to listen... (set HID_SOCK or run scripts/run_qemu.sh)
[msquic] stream: RECEIVE bytes=52 buffers=1 pending=0
[lat] dt_ms=45.2943 cmd=up key=t
[hidra] HID socket connect failed (/run/user/1000/hidra.kbd). Waiting for QEMU to listen... (set HID_SOCK or run scripts/run_qemu.sh)
[hidra] HID socket connect failed (/run/user/1000/hidra.kbd). Waiting for QEMU to listen... (set HID_SOCK or run scripts/run_qemu.sh)
[msquic] stream: RECEIVE bytes=52 buffers=1 pending=0
[lat] dt_ms=80.3509 cmd=down key=p
[hidra] HID socket connect failed (/run/user/1000/hidra.kbd). Waiting for QEMU to listen... (set HID_SOCK or run scripts/run_qemu.sh)
[lat] dt_ms=60.9967 cmd=down key=t
[hidra] HID socket connect failed (/run/user/1000/hidra.kbd). Waiting for QEMU to listen... (set HID_SOCK or run scripts/run_qemu.sh)
[heal] key=23 heal_ms=66.2902
[hidra] HID socket connect failed (/run/user/1000/hidra.kbd). Waiting for QEMU to listen... (set HID_SOCK or run scripts/run_qemu.sh)
[msquic] stream: RECEIVE bytes=52 buffers=1 pending=0
[hidra] HID socket connect failed (/run/user/1000/hidra.kbd). Waiting for QEMU to listen... (set HID_SOCK or run scripts/run_qemu.sh)
[msquic] stream: RECEIVE bytes=52 buffers=1 pending=0
[lat] dt_ms=63.2611 cmd=down key=ENTER
[hidra] HID socket connect failed (/run/user/1000/hidra.kbd). Waiting for QEMU to listen... (set HID_SOCK or run scripts/run_qemu.sh)
[lat] dt_ms=49.0426 cmd=down key=a
[hidra] HID socket connect failed (/run/user/1000/hidra.kbd). Waiting for QEMU to listen... (set HID_SOCK or run scripts/run_qemu.sh)
[heal] key=40 heal_ms=61.9616
[hidra] HID socket connect failed (/run/user/1000/hidra.kbd). Waiting for QEMU to listen... (set HID_SOCK or run scripts/run_qemu.sh)
[msquic] stream: RECEIVE bytes=52 buffers=1 pending=0
[lat] dt_ms=41.8813 cmd=up key=a
[hidra] HID socket connect failed (/run/user/1000/hidra.kbd). Waiting for QEMU to listen... (set HID_SOCK or run scripts/run_qemu.sh)
[lat] dt_ms=65.1405 cmd=up key=ENTER
[hidra] HID socket connect failed (/run/user/1000/hidra.kbd). Waiting for QEMU to listen... (set HID_SOCK or run scripts/run_qemu.sh)
[hidra] HID socket connect failed (/run/user/1000/hidra.kbd). Waiting for QEMU to listen... (set HID_SOCK or run scripts/run_qemu.sh)
[msquic] stream: RECEIVE bytes=52 buffers=1 pending=0
[lat] dt_ms=44.0338 cmd=down key=p
[hidra] HID socket connect failed (/run/user/1000/hidra.kbd). Waiting for QEMU to listen... (set HID_SOCK or run scripts/run_qemu.sh)
[hidra] HID socket connect failed (/run/user/1000/hidra.kbd). Waiting for QEMU to listen... (set HID_SOCK or run scripts/run_qemu.sh)
[msquic] stream: RECEIVE bytes=52 buffers=1 pending=0
[hidra] HID socket connect failed (/run/user/1000/hidra.kbd). Waiting for QEMU to listen... (set HID_SOCK or run scripts/run_qemu.sh)
[msquic] stream: RECEIVE bytes=52 buffers=1 pending=0
[hidra] HID socket connect failed (/run/user/1000/hidra.kbd). Waiting for QEMU to listen... (set HID_SOCK or run scripts/run_qemu.sh)
[msquic] stream: RECEIVE bytes=52 buffers=1 pending=0
[hidra] HID socket connect failed (/run/user/1000/hidra.kbd). Waiting for QEMU to listen... (set HID_SOCK or run scripts/run_qemu.sh)
[msquic] stream: RECEIVE bytes=52 buffers=1 pending=0
[heal] key=4 heal_ms=83.9852
[hidra] HID socket connect failed (/run/user/1000/hidra.kbd). Waiting for QEMU to listen... (set HID_SOCK or run scripts/run_qemu.sh)
[msquic] stream: RECEIVE bytes=52 buffers=1 pending=0
[lat] dt_ms=66.2533 cmd=up key=p
[hidra] HID socket connect failed (/run/user/1000/hidra.kbd). Waiting for QEMU to listen... (set HID_SOCK or run scripts/run_qemu.sh)
[lat] dt_ms=59.9633 cmd=down key=t
[hidra] HID socket connect failed (/run/user/1000/hidra.kbd). Waiting for QEMU to listen... (set HID_SOCK or run scripts/run_qemu.sh)
[lat] dt_ms=56.6017 cmd=up key=t
[hidra] HID socket connect failed (/run/user/1000/hidra.kbd). Waiting for QEMU to listen... (set HID_SOCK or run scripts/run_qemu.sh)
[hidra] HID socket connect failed (/run/user/1000/hidra.kbd). Waiting for QEMU to listen... (set HID_SOCK or run scripts/run_qemu.sh)
[msquic] stream: RECEIVE bytes=52 buffers=1 pending=0
[heal] key=23 heal_ms=69.351
[hidra] HID socket connect failed (/run/user/1000/hidra.kbd). Waiting for QEMU to listen... (set HID_SOCK or run scripts/run_qemu.sh)
[hidra] HID socket connect failed (/run/user/1000/hidra.kbd). Waiting for QEMU to listen... (set HID_SOCK or run scripts/run_qemu.sh)
[msquic] stream: RECEIVE bytes=104 buffers=1 pending=0
[hidra] HID socket connect failed (/run/user/1000/hidra.kbd). Waiting for QEMU to listen... (set HID_SOCK or run scripts/run_qemu.sh)
[msquic] stream: RECEIVE bytes=52 buffers=1 pending=0
[lat] dt_ms=60.9298 cmd=down key=ENTER
[hidra] HID socket connect failed (/run/user/1000/hidra.kbd). Waiting for QEMU to listen... (set HID_SOCK or run scripts/run_qemu.sh)
[heal] key=40 heal_ms=60.6469
[hidra] HID socket connect failed (/run/user/1000/hidra.kbd). Waiting for QEMU to listen... (set HID_SOCK or run scripts/run_qemu.sh)
[msquic] stream: RECEIVE bytes=52 buffers=1 pending=0
[hidra] HID socket connect failed (/run/user/1000/hidra.kbd). Waiting for QEMU to listen... (set HID_SOCK or run scripts/run_qemu.sh)
[msquic] stream: RECEIVE bytes=52 buffers=1 pending=0
[lat] dt_ms=75.2863 cmd=up key=ENTER
[hidra] HID socket connect failed (/run/user/1000/hidra.kbd). Waiting for QEMU to listen... (set HID_SOCK or run scripts/run_qemu.sh)
[lat] dt_ms=68.1666 cmd=down key=a
[hidra] HID socket connect failed (/run/user/1000/hidra.kbd). Waiting for QEMU to listen... (set HID_SOCK or run scripts/run_qemu.sh)
[hidra] HID socket connect failed (/run/user/1000/hidra.kbd). Waiting for QEMU to listen... (set HID_SOCK or run scripts/run_qemu.sh)
[msquic] stream: RECEIVE bytes=52 buffers=1 pending=0
[lat] dt_ms=70.0751 cmd=up key=a
[hidra] HID socket connect failed (/run/user/1000/hidra.kbd). Waiting for QEMU to listen... (set HID_SOCK or run scripts/run_qemu.sh)
[lat] dt_ms=50.4896 cmd=up key=p
[hidra] HID socket connect failed (/run/user/1000/hidra.kbd). Waiting for QEMU to listen... (set HID_SOCK or run scripts/run_qemu.sh)
[lat] dt_ms=62.9202 cmd=down key=p
[hidra] HID socket connect failed (/run/user/1000/hidra.kbd). Waiting for QEMU to listen... (set HID_SOCK or run scripts/run_qemu.sh)
[hidra] HID socket connect failed (/run/user/1000/hidra.kbd). Waiting for QEMU to listen... (set HID_SOCK or run scripts/run_qemu.sh)
[msquic] stream: RECEIVE bytes=52 buffers=1 pending=0
[hidra] HID socket connect failed (/run/user/1000/hidra.kbd). Waiting for QEMU to listen... (set HID_SOCK or run scripts/run_qemu.sh)
[hidra] HID socket connect failed (/run/user/1000/hidra.kbd). Waiting for QEMU to listen... (set HID_SOCK or run scripts/run_qemu.sh)
[hidra] HID socket connect failed (/run/user/1000/hidra.kbd). Waiting for QEMU to listen... (set HID_SOCK or run scripts/run_qemu.sh)
[msquic] stream: RECEIVE bytes=156 buffers=1 pending=0
[lat] dt_ms=61.4067 cmd=down key=t
[hidra] HID socket connect failed (/run/user/1000/hidra.kbd). Waiting for QEMU to listen... (set HID_SOCK or run scripts/run_qemu.sh)
[lat] dt_ms=62.3003 cmd=up key=t
[hidra] HID socket connect failed (/run/user/1000/hidra.kbd). Waiting for QEMU to listen... (set HID_SOCK or run scripts/run_qemu.sh)
[hidra] HID socket connect failed (/run/user/1000/hidra.kbd). Waiting for QEMU to listen... (set HID_SOCK or run scripts/run_qemu.sh)
[msquic] stream: RECEIVE bytes=52 buffers=1 pending=0
[lat] dt_ms=50.8735 cmd=down key=a
[hidra] HID socket connect failed (/run/user/1000/hidra.kbd). Waiting for QEMU to listen... (set HID_SOCK or run scripts/run_qemu.sh)
[hidra] HID socket connect failed (/run/user/1000/hidra.kbd). Waiting for QEMU to listen... (set HID_SOCK or run scripts/run_qemu.sh)
[msquic] stream: RECEIVE bytes=52 buffers=1 pending=0
[hidra] HID socket connect failed (/run/user/1000/hidra.kbd). Waiting for QEMU to listen... (set HID_SOCK or run scripts/run_qemu.sh)
[msquic] stream: RECEIVE bytes=52 buffers=1 pending=0
[lat] dt_ms=64.7869 cmd=up key=ENTER
[hidra] HID socket connect failed (/run/user/1000/hidra.kbd). Waiting for QEMU to listen... (set HID_SOCK or run scripts/run_qemu.sh)
[hidra] HID socket connect failed (/run/user/1000/hidra.kbd). Waiting for QEMU to listen... (set HID_SOCK or run scripts/run_qemu.sh)
[msquic] stream: RECEIVE bytes=52 buffers=1 pending=0
[lat] dt_ms=76.2727 cmd=down key=ENTER
[hidra] HID socket connect failed (/run/user/1000/hidra.kbd). Waiting for QEMU to listen... (set HID_SOCK or run scripts/run_qemu.sh)
[heal] key=40 heal_ms=77.2325
[heal] key=4 heal_ms=56.2596
[hidra] HID socket connect failed (/run/user/1000/hidra.kbd). Waiting for QEMU to listen... (set HID_SOCK or run scripts/run_qemu.sh)
[msquic] stream: RECEIVE bytes=52 buffers=1 pending=0
[lat] dt_ms=63.6732 cmd=up key=a
[hidra] HID socket connect failed (/run/user/1000/hidra.kbd). Waiting for QEMU to listen... (set HID_SOCK or run scripts/run_qemu.sh)
[lat] dt_ms=41.7807 cmd=down key=t
[hidra] HID socket connect failed (/run/user/1000/hidra.kbd). Waiting for QEMU to listen... (set HID_SOCK or run scripts/run_qemu.sh)
[lat] dt_ms=53.3516 cmd=up key=p
[hidra] HID socket connect failed (/run/user/1000/hidra.kbd). Waiting for QEMU to listen... (set HID_SOCK or run scripts/run_qemu.sh)
[lat] dt_ms=68.6051 cmd=down key=p
[hidra] HID socket connect failed (/run/user/1000/hidra.kbd). Waiting for QEMU to listen... (set HID_SOCK or run scripts/run_qemu.sh)
[heal] key=23 heal_ms=120.95
[hidra] HID socket connect failed (/run/user/1000/hidra.kbd). Waiting for QEMU to listen... (set HID_SOCK or run scripts/run_qemu.sh)
[msquic] stream: RECEIVE bytes=52 buffers=1 pending=0
[hidra] HID socket connect failed (/run/user/1000/hidra.kbd). Waiting for QEMU to listen... (set HID_SOCK or run scripts/run_qemu.sh)
[hidra] HID socket connect failed (/run/user/1000/hidra.kbd). Waiting for QEMU to listen... (set HID_SOCK or run scripts/run_qemu.sh)
[msquic] stream: RECEIVE bytes=104 buffers=2 pending=0
[hidra] HID socket connect failed (/run/user/1000/hidra.kbd). Waiting for QEMU to listen... (set HID_SOCK or run scripts/run_qemu.sh)
[msquic] stream: RECEIVE bytes=52 buffers=1 pending=0
[hidra] HID socket connect failed (/run/user/1000/hidra.kbd). Waiting for QEMU to listen... (set HID_SOCK or run scripts/run_qemu.sh)
[msquic] stream: RECEIVE bytes=52 buffers=1 pending=0
[lat] dt_ms=57.0645 cmd=up key=t
[hidra] HID socket connect failed (/run/user/1000/hidra.kbd). Waiting for QEMU to listen... (set HID_SOCK or run scripts/run_qemu.sh)
[hidra] HID socket connect failed (/run/user/1000/hidra.kbd). Waiting for QEMU to listen... (set HID_SOCK or run scripts/run_qemu.sh)
[msquic] stream: RECEIVE bytes=52 buffers=1 pending=0
[lat] dt_ms=48.5429 cmd=down key=a
[hidra] HID socket connect failed (/run/user/1000/hidra.kbd). Waiting for QEMU to listen... (set HID_SOCK or run scripts/run_qemu.sh)
[lat] dt_ms=69.3461 cmd=down key=ENTER
[hidra] HID socket connect failed (/run/user/1000/hidra.kbd). Waiting for QEMU to listen... (set HID_SOCK or run scripts/run_qemu.sh)
[heal] key=40 heal_ms=59.9986
[hidra] HID socket connect failed (/run/user/1000/hidra.kbd). Waiting for QEMU to listen... (set HID_SOCK or run scripts/run_qemu.sh)
[msquic] stream: RECEIVE bytes=52 buffers=1 pending=0
[hidra] HID socket connect failed (/run/user/1000/hidra.kbd). Waiting for QEMU to listen... (set HID_SOCK or run scripts/run_qemu.sh)
[msquic] stream: RECEIVE bytes=52 buffers=1 pending=0
[hidra] HID socket connect failed (/run/user/1000/hidra.kbd). Waiting for QEMU to listen... (set HID_SOCK or run scripts/run_qemu.sh)
[msquic] stream: RECEIVE bytes=52 buffers=1 pending=0
[lat] dt_ms=42.5809 cmd=down key=p
[hidra] HID socket connect failed (/run/user/1000/hidra.kbd). Waiting for QEMU to listen... (set HID_SOCK or run scripts/run_qemu.sh)
[lat] dt_ms=77.2208 cmd=up key=ENTER
[hidra] HID socket connect failed (/run/user/1000/hidra.kbd). Waiting for QEMU to listen... (set HID_SOCK or run scripts/run_qemu.sh)
[hidra] snapshot v1 mods=0x0 pressed=0
[hidra] HID socket connect failed (/run/user/1000/hidra.kbd). Waiting for QEMU to listen... (set HID_SOCK or run scripts/run_qemu.sh)
[msquic] stream: RECEIVE bytes=52 buffers=1 pending=0
[lat] dt_ms=48.5947 cmd=up key=p
[hidra] HID socket connect failed (/run/user/1000/hidra.kbd). Waiting for QEMU to listen... (set HID_SOCK or run scripts/run_qemu.sh)
[lat] dt_ms=72.2538 cmd=up key=a
[hidra] HID socket connect failed (/run/user/1000/hidra.kbd). Waiting for QEMU to listen... (set HID_SOCK or run scripts/run_qemu.sh)
[hidra] HID socket connect failed (/run/user/1000/hidra.kbd). Waiting for QEMU to listen... (set HID_SOCK or run scripts/run_qemu.sh)
[msquic] stream: RECEIVE bytes=52 buffers=1 pending=0
[heal] key=19 heal_ms=55.5546
[hidra] HID socket connect failed (/run/user/1000/hidra.kbd). Waiting for QEMU to listen... (set HID_SOCK or run scripts/run_qemu.sh)
[msquic] stream: RECEIVE bytes=52 buffers=1 pending=0
[heal] key=23 heal_ms=121.055
[hidra] HID socket connect failed (/run/user/1000/hidra.kbd). Waiting for QEMU to listen... (set HID_SOCK or run scripts/run_qemu.sh)
[msquic] stream: RECEIVE bytes=52 buffers=1 pending=0
[hidra] HID socket connect failed (/run/user/1000/hidra.kbd). Waiting for QEMU to listen... (set HID_SOCK or run scripts/run_qemu.sh)
[msquic] stream: RECEIVE bytes=52 buffers=1 pending=0
[lat] dt_ms=44.8007 cmd=down key=ENTER
[hidra] HID socket connect failed (/run/user/1000/hidra.kbd). Waiting for QEMU to listen... (set HID_SOCK or run scripts/run_qemu.sh)
[lat] dt_ms=77.7259 cmd=down key=t
[hidra] HID socket connect failed (/run/user/1000/hidra.kbd). Waiting for QEMU to listen... (set HID_SOCK or run scripts/run_qemu.sh)
[heal] key=23 heal_ms=71.2846
[hidra] HID socket connect failed (/run/user/1000/hidra.kbd). Waiting for QEMU to listen... (set HID_SOCK or run scripts/run_qemu.sh)
[msquic] stream: RECEIVE bytes=52 buffers=1 pending=0
[hidra] HID socket connect failed (/run/user/1000/hidra.kbd). Waiting for QEMU to listen... (set HID_SOCK or run scripts/run_qemu.sh)
[msquic] stream: RECEIVE bytes=52 buffers=1 pending=0
[lat] dt_ms=75.808 cmd=up key=t
[hidra] HID socket connect failed (/run/user/1000/hidra.kbd). Waiting for QEMU to listen... (set HID_SOCK or run scripts/run_qemu.sh)
[lat] dt_ms=44.803 cmd=down key=a
[hidra] HID socket connect failed (/run/user/1000/hidra.kbd). Waiting for QEMU to listen... (set HID_SOCK or run scripts/run_qemu.sh)
[heal] key=4 heal_ms=130.076
[hidra] HID socket connect failed (/run/user/1000/hidra.kbd). Waiting for QEMU to listen... (set HID_SOCK or run scripts/run_qemu.sh)
[msquic] stream: RECEIVE bytes=52 buffers=1 pending=0
[heal] key=40 heal_ms=69.5183
[hidra] HID socket connect failed (/run/user/1000/hidra.kbd). Waiting for QEMU to listen... (set HID_SOCK or run scripts/run_qemu.sh)
[msquic] stream: RECEIVE bytes=52 buffers=1 pending=0
[lat] dt_ms=75.745 cmd=up key=ENTER
[hidra] HID socket connect failed (/run/user/1000/hidra.kbd). Waiting for QEMU to listen... (set HID_SOCK or run scripts/run_qemu.sh)
[lat] dt_ms=57.0687 cmd=up key=a
[hidra] HID socket connect failed (/run/user/1000/hidra.kbd). Waiting for QEMU to listen... (set HID_SOCK or run scripts/run_qemu.sh)
[lat] dt_ms=53.011 cmd=down key=p
[hidra] HID socket connect failed (/run/user/1000/hidra.kbd). Waiting for QEMU to listen... (set HID_SOCK or run scripts/run_qemu.sh)
[heal] key=19 heal_ms=47.9104
[hidra] HID socket connect failed (/run/user/1000/hidra.kbd). Waiting for QEMU to listen... (set HID_SOCK or run scripts/run_qemu.sh)
[msquic] stream: RECEIVE bytes=52 buffers=1 pending=0
[hidra] HID socket connect failed (/run/user/1000/hidra.kbd). Waiting for QEMU to listen... (set HID_SOCK or run scripts/run_qemu.sh)
[msquic] stream: RECEIVE bytes=52 buffers=1 pending=0
[hidra] HID socket connect failed (/run/user/1000/hidra.kbd). Waiting for QEMU to listen... (set HID_SOCK or run scripts/run_qemu.sh)
[msquic] stream: RECEIVE bytes=52 buffers=1 pending=0
[lat] dt_ms=59.9561 cmd=up key=p
[hidra] HID socket connect failed (/run/user/1000/hidra.kbd). Waiting for QEMU to listen... (set HID_SOCK or run scripts/run_qemu.sh)
[lat] dt_ms=58.2301 cmd=down key=t
[hidra] HID socket connect failed (/run/user/1000/hidra.kbd). Waiting for QEMU to listen... (set HID_SOCK or run scripts/run_qemu.sh)
[lat] dt_ms=48.8309 cmd=up key=t
[hidra] HID socket connect failed (/run/user/1000/hidra.kbd). Waiting for QEMU to listen... (set HID_SOCK or run scripts/run_qemu.sh)
[hidra] HID socket connect failed (/run/user/1000/hidra.kbd). Waiting for QEMU to listen... (set HID_SOCK or run scripts/run_qemu.sh)
[msquic] stream: RECEIVE bytes=52 buffers=1 pending=0
[lat] dt_ms=48.3408 cmd=down key=ENTER
[hidra] HID socket connect failed (/run/user/1000/hidra.kbd). Waiting for QEMU to listen... (set HID_SOCK or run scripts/run_qemu.sh)
[hidra] HID socket connect failed (/run/user/1000/hidra.kbd). Waiting for QEMU to listen... (set HID_SOCK or run scripts/run_qemu.sh)
[msquic] stream: RECEIVE bytes=52 buffers=1 pending=0
[heal] key=23 heal_ms=77.0079
[hidra] HID socket connect failed (/run/user/1000/hidra.kbd). Waiting for QEMU to listen... (set HID_SOCK or run scripts/run_qemu.sh)
[heal] key=4 heal_ms=119.163
[hidra] HID socket connect failed (/run/user/1000/hidra.kbd). Waiting for QEMU to listen... (set HID_SOCK or run scripts/run_qemu.sh)
[msquic] stream: RECEIVE bytes=104 buffers=1 pending=0
[hidra] HID socket connect failed (/run/user/1000/hidra.kbd). Waiting for QEMU to listen... (set HID_SOCK or run scripts/run_qemu.sh)
[msquic] stream: RECEIVE bytes=52 buffers=1 pending=0
[hidra] HID socket connect failed (/run/user/1000/hidra.kbd). Waiting for QEMU to listen... (set HID_SOCK or run scripts/run_qemu.sh)
[msquic] stream: RECEIVE bytes=52 buffers=1 pending=0
[lat] dt_ms=62.3748 cmd=up key=ENTER
[hidra] HID socket connect failed (/run/user/1000/hidra.kbd). Waiting for QEMU to listen... (set HID_SOCK or run scripts/run_qemu.sh)
[hidra] HID socket connect failed (/run/user/1000/hidra.kbd). Waiting for QEMU to listen... (set HID_SOCK or run scripts/run_qemu.sh)
[msquic] stream: RECEIVE bytes=52 buffers=1 pending=0
[lat] dt_ms=73.2553 cmd=down key=a
[hidra] HID socket connect failed (/run/user/1000/hidra.kbd). Waiting for QEMU to listen... (set HID_SOCK or run scripts/run_qemu.sh)
[lat] dt_ms=56.532 cmd=down key=p
[hidra] HID socket connect failed (/run/user/1000/hidra.kbd). Waiting for QEMU to listen... (set HID_SOCK or run scripts/run_qemu.sh)
[lat] dt_ms=71.9548 cmd=up key=a
[hidra] HID socket connect failed (/run/user/1000/hidra.kbd). Waiting for QEMU to listen... (set HID_SOCK or run scripts/run_qemu.sh)
[hidra] HID socket connect failed (/run/user/1000/hidra.kbd). Waiting for QEMU to listen... (set HID_SOCK or run scripts/run_qemu.sh)
[msquic] stream: RECEIVE bytes=52 buffers=1 pending=0
[lat] dt_ms=43.9817 cmd=down key=t
[heal] key=19 heal_ms=54.5697
[hidra] send() failed; will retry connect
[hidra] HID socket connect failed (/run/user/1000/hidra.kbd). Waiting for QEMU to listen... (set HID_SOCK or run scripts/run_qemu.sh)
[msquic] stream: RECEIVE bytes=52 buffers=1 pending=0
[lat] dt_ms=62.9466 cmd=up key=p
[hidra] HID socket connect failed (/run/user/1000/hidra.kbd). Waiting for QEMU to listen... (set HID_SOCK or run scripts/run_qemu.sh)
[hidra] HID socket connect failed (/run/user/1000/hidra.kbd). Waiting for QEMU to listen... (set HID_SOCK or run scripts/run_qemu.sh)
[msquic] stream: RECEIVE bytes=52 buffers=1 pending=0
[lat] dt_ms=44.864 cmd=down key=ENTER
[hidra] HID socket connect failed (/run/user/1000/hidra.kbd). Waiting for QEMU to listen... (set HID_SOCK or run scripts/run_qemu.sh)
[lat] dt_ms=58.0944 cmd=up key=t
[hidra] HID socket connect failed (/run/user/1000/hidra.kbd). Waiting for QEMU to listen... (set HID_SOCK or run scripts/run_qemu.sh)
[heal] key=40 heal_ms=44.7684
[hidra] HID socket connect failed (/run/user/1000/hidra.kbd). Waiting for QEMU to listen... (set HID_SOCK or run scripts/run_qemu.sh)
[msquic] stream: RECEIVE bytes=52 buffers=1 pending=0
[hidra] HID socket connect failed (/run/user/1000/hidra.kbd). Waiting for QEMU to listen... (set HID_SOCK or run scripts/run_qemu.sh)
[msquic] stream: RECEIVE bytes=52 buffers=1 pending=0
[heal] key=23 heal_ms=82.1544
[hidra] HID socket connect failed (/run/user/1000/hidra.kbd). Waiting for QEMU to listen... (set HID_SOCK or run scripts/run_qemu.sh)
[msquic] stream: RECEIVE bytes=52 buffers=1 pending=0
[lat] dt_ms=67.859 cmd=up key=ENTER
[hidra] HID socket connect failed (/run/user/1000/hidra.kbd). Waiting for QEMU to listen... (set HID_SOCK or run scripts/run_qemu.sh)
[hidra] HID socket connect failed (/run/user/1000/hidra.kbd). Waiting for QEMU to listen... (set HID_SOCK or run scripts/run_qemu.sh)
[msquic] stream: RECEIVE bytes=52 buffers=1 pending=0
[hidra] HID socket connect failed (/run/user/1000/hidra.kbd). Waiting for QEMU to listen... (set HID_SOCK or run scripts/run_qemu.sh)
[msquic] stream: RECEIVE bytes=52 buffers=1 pending=0
[hidra] HID socket connect failed (/run/user/1000/hidra.kbd). Waiting for QEMU to listen... (set HID_SOCK or run scripts/run_qemu.sh)
[msquic] stream: RECEIVE bytes=52 buffers=1 pending=0
[lat] dt_ms=53.5909 cmd=down key=p
[hidra] HID socket connect failed (/run/user/1000/hidra.kbd). Waiting for QEMU to listen... (set HID_SOCK or run scripts/run_qemu.sh)
[hidra] HID socket connect failed (/run/user/1000/hidra.kbd). Waiting for QEMU to listen... (set HID_SOCK or run scripts/run_qemu.sh)
[hidra] HID socket connect failed (/run/user/1000/hidra.kbd). Waiting for QEMU to listen... (set HID_SOCK or run scripts/run_qemu.sh)
[msquic] stream: RECEIVE bytes=104 buffers=1 pending=0
[lat] dt_ms=67.2872 cmd=up key=a
[hidra] HID socket connect failed (/run/user/1000/hidra.kbd). Waiting for QEMU to listen... (set HID_SOCK or run scripts/run_qemu.sh)
[lat] dt_ms=80.0119 cmd=down key=a
[hidra] HID socket connect failed (/run/user/1000/hidra.kbd). Waiting for QEMU to listen... (set HID_SOCK or run scripts/run_qemu.sh)
[lat] dt_ms=64.3574 cmd=up key=p
[hidra] HID socket connect failed (/run/user/1000/hidra.kbd). Waiting for QEMU to listen... (set HID_SOCK or run scripts/run_qemu.sh)
[heal] key=4 heal_ms=85.0716
[hidra] HID socket connect failed (/run/user/1000/hidra.kbd). Waiting for QEMU to listen... (set HID_SOCK or run scripts/run_qemu.sh)
[msquic] stream: RECEIVE bytes=52 buffers=1 pending=0
[lat] dt_ms=50.4288 cmd=up key=t
[hidra] HID socket connect failed (/run/user/1000/hidra.kbd). Waiting for QEMU to listen... (set HID_SOCK or run scripts/run_qemu.sh)
[lat] dt_ms=67.199 cmd=down key=t
[hidra] HID socket connect failed (/run/user/1000/hidra.kbd). Waiting for QEMU to listen... (set HID_SOCK or run scripts/run_qemu.sh)
[hidra] HID socket connect failed (/run/user/1000/hidra.kbd). Waiting for QEMU to listen... (set HID_SOCK or run scripts/run_qemu.sh)
[msquic] stream: RECEIVE bytes=52 buffers=1 pending=0
[lat] dt_ms=51.9286 cmd=down key=ENTER
[hidra] HID socket connect failed (/run/user/1000/hidra.kbd). Waiting for QEMU to listen... (set HID_SOCK or run scripts/run_qemu.sh)
[hidra] send() failed; will retry connect
[msquic] stream: RECEIVE bytes=52 buffers=1 pending=0
[lat] dt_ms=47.4721 cmd=up key=ENTER
[hidra] HID socket connect failed (/run/user/1000/hidra.kbd). Waiting for QEMU to listen... (set HID_SOCK or run scripts/run_qemu.sh)
[hidra] HID socket connect failed (/run/user/1000/hidra.kbd). Waiting for QEMU to listen... (set HID_SOCK or run scripts/run_qemu.sh)
[msquic] stream: RECEIVE bytes=52 buffers=1 pending=0
[hidra] HID socket connect failed (/run/user/1000/hidra.kbd). Waiting for QEMU to listen... (set HID_SOCK or run scripts/run_qemu.sh)
[msquic] stream: RECEIVE bytes=52 buffers=1 pending=0
[lat] dt_ms=62.7507 cmd=down key=a
[hidra] HID socket connect failed (/run/user/1000/hidra.kbd). Waiting for QEMU to listen... (set HID_SOCK or run scripts/run_qemu.sh)
[lat] dt_ms=52.5089 cmd=up key=a
[hidra] HID socket connect failed (/run/user/1000/hidra.kbd). Waiting for QEMU to listen... (set HID_SOCK or run scripts/run_qemu.sh)
[lat] dt_ms=43.1457 cmd=down key=p
[hidra] HID socket connect failed (/run/user/1000/hidra.kbd). Waiting for QEMU to listen... (set HID_SOCK or run scripts/run_qemu.sh)
[hidra] HID socket connect failed (/run/user/1000/hidra.kbd). Waiting for QEMU to listen... (set HID_SOCK or run scripts/run_qemu.sh)
[msquic] stream: RECEIVE bytes=52 buffers=1 pending=0
[hidra] HID socket connect failed (/run/user/1000/hidra.kbd). Waiting for QEMU to listen... (set HID_SOCK or run scripts/run_qemu.sh)
[msquic] stream: RECEIVE bytes=52 buffers=1 pending=0
[hidra] HID socket connect failed (/run/user/1000/hidra.kbd). Waiting for QEMU to listen... (set HID_SOCK or run scripts/run_qemu.sh)
[msquic] stream: RECEIVE bytes=52 buffers=1 pending=0
[hidra] HID socket connect failed (/run/user/1000/hidra.kbd). Waiting for QEMU to listen... (set HID_SOCK or run scripts/run_qemu.sh)
[msquic] stream: RECEIVE bytes=52 buffers=1 pending=0
[hidra] HID socket connect failed (/run/user/1000/hidra.kbd). Waiting for QEMU to listen... (set HID_SOCK or run scripts/run_qemu.sh)
[msquic] stream: RECEIVE bytes=52 buffers=1 pending=0
[lat] dt_ms=52.5373 cmd=up key=t
[hidra] HID socket connect failed (/run/user/1000/hidra.kbd). Waiting for QEMU to listen... (set HID_SOCK or run scripts/run_qemu.sh)
[lat] dt_ms=66.9683 cmd=down key=t
[hidra] HID socket connect failed (/run/user/1000/hidra.kbd). Waiting for QEMU to listen... (set HID_SOCK or run scripts/run_qemu.sh)
[lat] dt_ms=77.6065 cmd=up key=p
[hidra] HID socket connect failed (/run/user/1000/hidra.kbd). Waiting for QEMU to listen... (set HID_SOCK or run scripts/run_qemu.sh)
[hidra] HID socket connect failed (/run/user/1000/hidra.kbd). Waiting for QEMU to listen... (set HID_SOCK or run scripts/run_qemu.sh)
[msquic] stream: RECEIVE bytes=52 buffers=1 pending=0
[lat] dt_ms=44.9771 cmd=up key=ENTER
[hidra] HID socket connect failed (/run/user/1000/hidra.kbd). Waiting for QEMU to listen... (set HID_SOCK or run scripts/run_qemu.sh)
[hidra] HID socket connect failed (/run/user/1000/hidra.kbd). Waiting for QEMU to listen... (set HID_SOCK or run scripts/run_qemu.sh)
[msquic] stream: RECEIVE bytes=52 buffers=1 pending=0
[hidra] HID socket connect failed (/run/user/1000/hidra.kbd). Waiting for QEMU to listen... (set HID_SOCK or run scripts/run_qemu.sh)
[msquic] stream: RECEIVE bytes=52 buffers=1 pending=0
[heal] key=40 heal_ms=60.7472
[hidra] HID socket connect failed (/run/user/1000/hidra.kbd). Waiting for QEMU to listen... (set HID_SOCK or run scripts/run_qemu.sh)
[msquic] stream: RECEIVE bytes=52 buffers=1 pending=0
[lat] dt_ms=72.8229 cmd=down key=ENTER
[hidra] HID socket connect failed (/run/user/1000/hidra.kbd). Waiting for QEMU to listen... (set HID_SOCK or run scripts/run_qemu.sh)
[lat] dt_ms=54.577 cmd=up key=a
[hidra] HID socket connect failed (/run/user/1000/hidra.kbd). Waiting for QEMU to listen... (set HID_SOCK or run scripts/run_qemu.sh)
[hidra] HID socket connect failed (/run/user/1000/hidra.kbd). Waiting for QEMU to listen... (set HID_SOCK or run scripts/run_qemu.sh)
[hidra] HID socket connect failed (/run/user/1000/hidra.kbd). Waiting for QEMU to listen... (set HID_SOCK or run scripts/run_qemu.sh)
[msquic] stream: RECEIVE bytes=104 buffers=1 pending=0
[lat] dt_ms=78.1772 cmd=down key=a
[hidra] HID socket connect failed (/run/user/1000/hidra.kbd). Waiting for QEMU to listen... (set HID_SOCK or run scripts/run_qemu.sh)
[lat] dt_ms=42.4734 cmd=down key=t
[hidra] HID socket connect failed (/run/user/1000/hidra.kbd). Waiting for QEMU to listen... (set HID_SOCK or run scripts/run_qemu.sh)
[lat] dt_ms=64.5675 cmd=down key=p
[hidra] HID socket connect failed (/run/user/1000/hidra.kbd). Waiting for QEMU to listen... (set HID_SOCK or run scripts/run_qemu.sh)
[hidra] HID socket connect failed (/run/user/1000/hidra.kbd). Waiting for QEMU to listen... (set HID_SOCK or run scripts/run_qemu.sh)
[msquic] stream: RECEIVE bytes=52 buffers=1 pending=0
[lat] dt_ms=65.9827 cmd=up key=p
[hidra] HID socket connect failed (/run/user/1000/hidra.kbd). Waiting for QEMU to listen... (set HID_SOCK or run scripts/run_qemu.sh)
[lat] dt_ms=42.6275 cmd=down key=ENTER
[hidra] HID socket connect failed (/run/user/1000/hidra.kbd). Waiting for QEMU to listen... (set HID_SOCK or run scripts/run_qemu.sh)
[hidra] HID socket connect failed (/run/user/1000/hidra.kbd). Waiting for QEMU to listen... (set HID_SOCK or run scripts/run_qemu.sh)
[msquic] stream: RECEIVE bytes=52 buffers=1 pending=0
[hidra] HID socket connect failed (/run/user/1000/hidra.kbd). Waiting for QEMU to listen... (set HID_SOCK or run scripts/run_qemu.sh)
[msquic] stream: RECEIVE bytes=52 buffers=1 pending=0
[hidra] HID socket connect failed (/run/user/1000/hidra.kbd). Waiting for QEMU to listen... (set HID_SOCK or run scripts/run_qemu.sh)
[msquic] stream: RECEIVE bytes=52 buffers=1 pending=0
[heal] key=23 heal_ms=78.0013
[hidra] HID socket connect failed (/run/user/1000/hidra.kbd). Waiting for QEMU to listen... (set HID_SOCK or run scripts/run_qemu.sh)
[msquic] stream: RECEIVE bytes=52 buffers=1 pending=0
[lat] dt_ms=62.8222 cmd=up key=ENTER
[hidra] HID socket connect failed (/run/user/1000/hidra.kbd). Waiting for QEMU to listen... (set HID_SOCK or run scripts/run_qemu.sh)
[hidra] HID socket connect failed (/run/user/1000/hidra.kbd). Waiting for QEMU to listen... (set HID_SOCK or run scripts/run_qemu.sh)
[msquic] stream: RECEIVE bytes=52 buffers=1 pending=0
[hidra] HID socket connect failed (/run/user/1000/hidra.kbd). Waiting for QEMU to listen... (set HID_SOCK or run scripts/run_qemu.sh)
[msquic] stream: RECEIVE bytes=52 buffers=1 pending=0
[hidra] HID socket connect failed (/run/user/1000/hidra.kbd). Waiting for QEMU to listen... (set HID_SOCK or run scripts/run_qemu.sh)
[msquic] stream: RECEIVE bytes=52 buffers=1 pending=0
[hidra] HID socket connect failed (/run/user/1000/hidra.kbd). Waiting for QEMU to listen... (set HID_SOCK or run scripts/run_qemu.sh)
[msquic] stream: RECEIVE bytes=52 buffers=1 pending=0
[lat] dt_ms=71.6865 cmd=down key=a
[hidra] HID socket connect failed (/run/user/1000/hidra.kbd). Waiting for QEMU to listen... (set HID_SOCK or run scripts/run_qemu.sh)
[lat] dt_ms=44.4051 cmd=up key=p
[hidra] HID socket connect failed (/run/user/1000/hidra.kbd). Waiting for QEMU to listen... (set HID_SOCK or run scripts/run_qemu.sh)
[heal] key=4 heal_ms=69.344
[hidra] HID socket connect failed (/run/user/1000/hidra.kbd). Waiting for QEMU to listen... (set HID_SOCK or run scripts/run_qemu.sh)
[msquic] stream: RECEIVE bytes=52 buffers=1 pending=0
[hidra] HID socket connect failed (/run/user/1000/hidra.kbd). Waiting for QEMU to listen... (set HID_SOCK or run scripts/run_qemu.sh)
[msquic] stream: RECEIVE bytes=52 buffers=1 pending=0
[lat] dt_ms=42.5412 cmd=down key=t
[hidra] HID socket connect failed (/run/user/1000/hidra.kbd). Waiting for QEMU to listen... (set HID_SOCK or run scripts/run_qemu.sh)
[lat] dt_ms=75.7584 cmd=up key=a
[hidra] HID socket connect failed (/run/user/1000/hidra.kbd). Waiting for QEMU to listen... (set HID_SOCK or run scripts/run_qemu.sh)
[hidra] HID socket connect failed (/run/user/1000/hidra.kbd). Waiting for QEMU to listen... (set HID_SOCK or run scripts/run_qemu.sh)
[msquic] stream: RECEIVE bytes=52 buffers=1 pending=0
[hidra] HID socket connect failed (/run/user/1000/hidra.kbd). Waiting for QEMU to listen... (set HID_SOCK or run scripts/run_qemu.sh)
[msquic] stream: RECEIVE bytes=52 buffers=1 pending=0
[lat] dt_ms=79.2667 cmd=down key=p
[hidra] HID socket connect failed (/run/user/1000/hidra.kbd). Waiting for QEMU to listen... (set HID_SOCK or run scripts/run_qemu.sh)
[lat] dt_ms=71.2452 cmd=up key=t
[hidra] HID socket connect failed (/run/user/1000/hidra.kbd). Waiting for QEMU to listen... (set HID_SOCK or run scripts/run_qemu.sh)
[heal] key=19 heal_ms=96.7493
[hidra] HID socket connect failed (/run/user/1000/hidra.kbd). Waiting for QEMU to listen... (set HID_SOCK or run scripts/run_qemu.sh)
[msquic] stream: RECEIVE bytes=52 buffers=1 pending=0
[hidra] HID socket connect failed (/run/user/1000/hidra.kbd). Waiting for QEMU to listen... (set HID_SOCK or run scripts/run_qemu.sh)
[msquic] stream: RECEIVE bytes=52 buffers=1 pending=0
[lat] dt_ms=74.3807 cmd=down key=ENTER
[hidra] HID socket connect failed (/run/user/1000/hidra.kbd). Waiting for QEMU to listen... (set HID_SOCK or run scripts/run_qemu.sh)
[lat] dt_ms=65.9232 cmd=up key=ENTER
[hidra] HID socket connect failed (/run/user/1000/hidra.kbd). Waiting for QEMU to listen... (set HID_SOCK or run scripts/run_qemu.sh)
[hidra] HID socket connect failed (/run/user/1000/hidra.kbd). Waiting for QEMU to listen... (set HID_SOCK or run scripts/run_qemu.sh)
[msquic] stream: RECEIVE bytes=52 buffers=1 pending=0
[hidra] HID socket connect failed (/run/user/1000/hidra.kbd). Waiting for QEMU to listen... (set HID_SOCK or run scripts/run_qemu.sh)
[msquic] stream: RECEIVE bytes=52 buffers=1 pending=0
[lat] dt_ms=72.1005 cmd=down key=a
[hidra] HID socket connect failed (/run/user/1000/hidra.kbd). Waiting for QEMU to listen... (set HID_SOCK or run scripts/run_qemu.sh)
[hidra] HID socket connect failed (/run/user/1000/hidra.kbd). Waiting for QEMU to listen... (set HID_SOCK or run scripts/run_qemu.sh)
[msquic] stream: RECEIVE bytes=52 buffers=1 pending=0
[heal] key=4 heal_ms=75.6096
[hidra] HID socket connect failed (/run/user/1000/hidra.kbd). Waiting for QEMU to listen... (set HID_SOCK or run scripts/run_qemu.sh)
[msquic] stream: RECEIVE bytes=52 buffers=1 pending=0
[lat] dt_ms=78.8865 cmd=up key=a
[hidra] HID socket connect failed (/run/user/1000/hidra.kbd). Waiting for QEMU to listen... (set HID_SOCK or run scripts/run_qemu.sh)
[lat] dt_ms=68.042 cmd=down key=p
[hidra] HID socket connect failed (/run/user/1000/hidra.kbd). Waiting for QEMU to listen... (set HID_SOCK or run scripts/run_qemu.sh)
[heal] key=19 heal_ms=57.9283
[hidra] HID socket connect failed (/run/user/1000/hidra.kbd). Waiting for QEMU to listen... (set HID_SOCK or run scripts/run_qemu.sh)
[msquic] stream: RECEIVE bytes=52 buffers=1 pending=0
[lat] dt_ms=49.6694 cmd=down key=t
[hidra] HID socket connect failed (/run/user/1000/hidra.kbd). Waiting for QEMU to listen... (set HID_SOCK or run scripts/run_qemu.sh)
[hidra] HID socket connect failed (/run/user/1000/hidra.kbd). Waiting for QEMU to listen... (set HID_SOCK or run scripts/run_qemu.sh)
[msquic] stream: RECEIVE bytes=52 buffers=1 pending=0
[lat] dt_ms=43.5459 cmd=up key=t
[hidra] HID socket connect failed (/run/user/1000/hidra.kbd). Waiting for QEMU to listen... (set HID_SOCK or run scripts/run_qemu.sh)
[hidra] HID socket connect failed (/run/user/1000/hidra.kbd). Waiting for QEMU to listen... (set HID_SOCK or run scripts/run_qemu.sh)
[hidra] HID socket connect failed (/run/user/1000/hidra.kbd). Waiting for QEMU to listen... (set HID_SOCK or run scripts/run_qemu.sh)
[msquic] stream: RECEIVE bytes=104 buffers=1 pending=0
[lat] dt_ms=70.7883 cmd=up key=p
[hidra] HID socket connect failed (/run/user/1000/hidra.kbd). Waiting for QEMU to listen... (set HID_SOCK or run scripts/run_qemu.sh)
[lat] dt_ms=44.2609 cmd=up key=ENTER
[hidra] HID socket connect failed (/run/user/1000/hidra.kbd). Waiting for QEMU to listen... (set HID_SOCK or run scripts/run_qemu.sh)
[hidra] HID socket connect failed (/run/user/1000/hidra.kbd). Waiting for QEMU to listen... (set HID_SOCK or run scripts/run_qemu.sh)
[msquic] stream: RECEIVE bytes=52 buffers=1 pending=0
[lat] dt_ms=74.0498 cmd=down key=ENTER
[hidra] HID socket connect failed (/run/user/1000/hidra.kbd). Waiting for QEMU to listen... (set HID_SOCK or run scripts/run_qemu.sh)
[hidra] HID socket connect failed (/run/user/1000/hidra.kbd). Waiting for QEMU to listen... (set HID_SOCK or run scripts/run_qemu.sh)
[msquic] stream: RECEIVE bytes=52 buffers=1 pending=0
[lat] dt_ms=70.8081 cmd=down key=a
[hidra] HID socket connect failed (/run/user/1000/hidra.kbd). Waiting for QEMU to listen... (set HID_SOCK or run scripts/run_qemu.sh)
[lat] dt_ms=50.3107 cmd=down key=p
[hidra] HID socket connect failed (/run/user/1000/hidra.kbd). Waiting for QEMU to listen... (set HID_SOCK or run scripts/run_qemu.sh)
[heal] key=4 heal_ms=69.0542
[heal] key=40 heal_ms=90.468
[hidra] HID socket connect failed (/run/user/1000/hidra.kbd). Waiting for QEMU to listen... (set HID_SOCK or run scripts/run_qemu.sh)
[msquic] stream: RECEIVE bytes=52 buffers=2 pending=0
[lat] dt_ms=49.3698 cmd=up key=p
[hidra] HID socket connect failed (/run/user/1000/hidra.kbd). Waiting for QEMU to listen... (set HID_SOCK or run scripts/run_qemu.sh)
[hidra] HID socket connect failed (/run/user/1000/hidra.kbd). Waiting for QEMU to listen... (set HID_SOCK or run scripts/run_qemu.sh)
[msquic] stream: RECEIVE bytes=52 buffers=1 pending=0
[hidra] HID socket connect failed (/run/user/1000/hidra.kbd). Waiting for QEMU to listen... (set HID_SOCK or run scripts/run_qemu.sh)
[msquic] stream: RECEIVE bytes=52 buffers=1 pending=0
[lat] dt_ms=80.9292 cmd=up key=a
[hidra] HID socket connect failed (/run/user/1000/hidra.kbd). Waiting for QEMU to listen... (set HID_SOCK or run scripts/run_qemu.sh)
[lat] dt_ms=50.3982 cmd=down key=t
[hidra] HID socket connect failed (/run/user/1000/hidra.kbd). Waiting for QEMU to listen... (set HID_SOCK or run scripts/run_qemu.sh)
[heal] key=23 heal_ms=127.734
[hidra] HID socket connect failed (/run/user/1000/hidra.kbd). Waiting for QEMU to listen... (set HID_SOCK or run scripts/run_qemu.sh)
[msquic] stream: RECEIVE bytes=52 buffers=1 pending=0
[lat] dt_ms=47.5845 cmd=up key=t
[hidra] HID socket connect failed (/run/user/1000/hidra.kbd). Waiting for QEMU to listen... (set HID_SOCK or run scripts/run_qemu.sh)
[hidra] HID socket connect failed (/run/user/1000/hidra.kbd). Waiting for QEMU to listen... (set HID_SOCK or run scripts/run_qemu.sh)
[msquic] stream: RECEIVE bytes=52 buffers=1 pending=0
[hidra] HID socket connect failed (/run/user/1000/hidra.kbd). Waiting for QEMU to listen... (set HID_SOCK or run scripts/run_qemu.sh)
[msquic] stream: RECEIVE bytes=52 buffers=1 pending=0
[lat] dt_ms=67.1434 cmd=down key=ENTER
[hidra] HID socket connect failed (/run/user/1000/hidra.kbd). Waiting for QEMU to listen... (set HID_SOCK or run scripts/run_qemu.sh)
[heal] key=23 heal_ms=77.8412
[hidra] HID socket connect failed (/run/user/1000/hidra.kbd). Waiting for QEMU to listen... (set HID_SOCK or run scripts/run_qemu.sh)
[msquic] stream: RECEIVE bytes=52 buffers=1 pending=0
[hidra] HID socket connect failed (/run/user/1000/hidra.kbd). Waiting for QEMU to listen... (set HID_SOCK or run scripts/run_qemu.sh)
[msquic] stream: RECEIVE bytes=52 buffers=1 pending=0
[lat] dt_ms=76.8156 cmd=up key=ENTER
[hidra] HID socket connect failed (/run/user/1000/hidra.kbd). Waiting for QEMU to listen... (set HID_SOCK or run scripts/run_qemu.sh)
[hidra] HID socket connect failed (/run/user/1000/hidra.kbd). Waiting for QEMU to listen... (set HID_SOCK or run scripts/run_qemu.sh)
[msquic] stream: RECEIVE bytes=52 buffers=1 pending=0
[heal] key=4 heal_ms=57.7855
[hidra] HID socket connect failed (/run/user/1000/hidra.kbd). Waiting for QEMU to listen... (set HID_SOCK or run scripts/run_qemu.sh)
[msquic] stream: RECEIVE bytes=52 buffers=1 pending=0
[hidra] HID socket connect failed (/run/user/1000/hidra.kbd). Waiting for QEMU to listen... (set HID_SOCK or run scripts/run_qemu.sh)
[msquic] stream: RECEIVE bytes=52 buffers=1 pending=0
[lat] dt_ms=64.2149 cmd=up key=a
[hidra] HID socket connect failed (/run/user/1000/hidra.kbd). Waiting for QEMU to listen... (set HID_SOCK or run scripts/run_qemu.sh)
[lat] dt_ms=78.261 cmd=down key=a
[hidra] HID socket connect failed (/run/user/1000/hidra.kbd). Waiting for QEMU to listen... (set HID_SOCK or run scripts/run_qemu.sh)
[lat] dt_ms=59.8069 cmd=down key=p
[hidra] HID socket connect failed (/run/user/1000/hidra.kbd). Waiting for QEMU to listen... (set HID_SOCK or run scripts/run_qemu.sh)
[lat] dt_ms=56.6839 cmd=up key=p
[hidra] HID socket connect failed (/run/user/1000/hidra.kbd). Waiting for QEMU to listen... (set HID_SOCK or run scripts/run_qemu.sh)
[lat] dt_ms=51.275 cmd=down key=t
[hidra] HID socket connect failed (/run/user/1000/hidra.kbd). Waiting for QEMU to listen... (set HID_SOCK or run scripts/run_qemu.sh)
[lat] dt_ms=45.1968 cmd=up key=t
[hidra] HID socket connect failed (/run/user/1000/hidra.kbd). Waiting for QEMU to listen... (set HID_SOCK or run scripts/run_qemu.sh)
[hidra] HID socket connect failed (/run/user/1000/hidra.kbd). Waiting for QEMU to listen... (set HID_SOCK or run scripts/run_qemu.sh)
[msquic] stream: RECEIVE bytes=52 buffers=1 pending=0
[lat] dt_ms=46.4115 cmd=down key=ENTER
[hidra] HID socket connect failed (/run/user/1000/hidra.kbd). Waiting for QEMU to listen... (set HID_SOCK or run scripts/run_qemu.sh)
[msquic] stream: RECEIVE bytes=52 buffers=1 pending=0
[hidra] HID socket connect failed (/run/user/1000/hidra.kbd). Waiting for QEMU to listen... (set HID_SOCK or run scripts/run_qemu.sh)
[hidra] HID socket connect failed (/run/user/1000/hidra.kbd). Waiting for QEMU to listen... (set HID_SOCK or run scripts/run_qemu.sh)
[msquic] stream: RECEIVE bytes=52 buffers=1 pending=0
[hidra] HID socket connect failed (/run/user/1000/hidra.kbd). Waiting for QEMU to listen... (set HID_SOCK or run scripts/run_qemu.sh)
[msquic] stream: RECEIVE bytes=52 buffers=1 pending=0
[heal] key=40 heal_ms=53.8372
[hidra] HID socket connect failed (/run/user/1000/hidra.kbd). Waiting for QEMU to listen... (set HID_SOCK or run scripts/run_qemu.sh)
[msquic] stream: RECEIVE bytes=52 buffers=1 pending=0
[heal] key=23 heal_ms=79.2078
[hidra] HID socket connect failed (/run/user/1000/hidra.kbd). Waiting for QEMU to listen... (set HID_SOCK or run scripts/run_qemu.sh)
[msquic] stream: RECEIVE bytes=52 buffers=1 pending=0
[hidra] HID socket connect failed (/run/user/1000/hidra.kbd). Waiting for QEMU to listen... (set HID_SOCK or run scripts/run_qemu.sh)
[msquic] stream: RECEIVE bytes=52 buffers=1 pending=0
[lat] dt_ms=69.6564 cmd=up key=ENTER
[hidra] HID socket connect failed (/run/user/1000/hidra.kbd). Waiting for QEMU to listen... (set HID_SOCK or run scripts/run_qemu.sh)
[lat] dt_ms=63.2956 cmd=down key=a
[hidra] HID socket connect failed (/run/user/1000/hidra.kbd). Waiting for QEMU to listen... (set HID_SOCK or run scripts/run_qemu.sh)
[lat] dt_ms=53.9847 cmd=up key=a
[hidra] HID socket connect failed (/run/user/1000/hidra.kbd). Waiting for QEMU to listen... (set HID_SOCK or run scripts/run_qemu.sh)
[lat] dt_ms=56.7568 cmd=up key=p
[hidra] HID socket connect failed (/run/user/1000/hidra.kbd). Waiting for QEMU to listen... (set HID_SOCK or run scripts/run_qemu.sh)
[hidra] HID socket connect failed (/run/user/1000/hidra.kbd). Waiting for QEMU to listen... (set HID_SOCK or run scripts/run_qemu.sh)
[msquic] stream: RECEIVE bytes=52 buffers=1 pending=0
[hidra] HID socket connect failed (/run/user/1000/hidra.kbd). Waiting for QEMU to listen... (set HID_SOCK or run scripts/run_qemu.sh)
[msquic] stream: RECEIVE bytes=52 buffers=1 pending=0
[lat] dt_ms=78.1911 cmd=down key=p
[hidra] HID socket connect failed (/run/user/1000/hidra.kbd). Waiting for QEMU to listen... (set HID_SOCK or run scripts/run_qemu.sh)
[hidra] HID socket connect failed (/run/user/1000/hidra.kbd). Waiting for QEMU to listen... (set HID_SOCK or run scripts/run_qemu.sh)
[hidra] HID socket connect failed (/run/user/1000/hidra.kbd). Waiting for QEMU to listen... (set HID_SOCK or run scripts/run_qemu.sh)
[msquic] stream: RECEIVE bytes=104 buffers=1 pending=0
[lat] dt_ms=71.5144 cmd=down key=t
[hidra] HID socket connect failed (/run/user/1000/hidra.kbd). Waiting for QEMU to listen... (set HID_SOCK or run scripts/run_qemu.sh)
[hidra] HID socket connect failed (/run/user/1000/hidra.kbd). Waiting for QEMU to listen... (set HID_SOCK or run scripts/run_qemu.sh)
[msquic] stream: RECEIVE bytes=52 buffers=1 pending=0
[lat] dt_ms=66.1136 cmd=up key=t
[hidra] HID socket connect failed (/run/user/1000/hidra.kbd). Waiting for QEMU to listen... (set HID_SOCK or run scripts/run_qemu.sh)
[hidra] HID socket connect failed (/run/user/1000/hidra.kbd). Waiting for QEMU to listen... (set HID_SOCK or run scripts/run_qemu.sh)
[msquic] stream: RECEIVE bytes=52 buffers=1 pending=0
[lat] dt_ms=49.9784 cmd=up key=ENTER
[hidra] HID socket connect failed (/run/user/1000/hidra.kbd). Waiting for QEMU to listen... (set HID_SOCK or run scripts/run_qemu.sh)
[lat] dt_ms=65.3252 cmd=down key=ENTER
[hidra] HID socket connect failed (/run/user/1000/hidra.kbd). Waiting for QEMU to listen... (set HID_SOCK or run scripts/run_qemu.sh)
[heal] key=23 heal_ms=81.7552
[hidra] HID socket connect failed (/run/user/1000/hidra.kbd). Waiting for QEMU to listen... (set HID_SOCK or run scripts/run_qemu.sh)
[msquic] stream: RECEIVE bytes=52 buffers=1 pending=0
[hidra] HID socket connect failed (/run/user/1000/hidra.kbd). Waiting for QEMU to listen... (set HID_SOCK or run scripts/run_qemu.sh)
[msquic] stream: RECEIVE bytes=52 buffers=1 pending=0
[hidra] HID socket connect failed (/run/user/1000/hidra.kbd). Waiting for QEMU to listen... (set HID_SOCK or run scripts/run_qemu.sh)
[msquic] stream: RECEIVE bytes=52 buffers=1 pending=0
[lat] dt_ms=67.7404 cmd=down key=a
[hidra] HID socket connect failed (/run/user/1000/hidra.kbd). Waiting for QEMU to listen... (set HID_SOCK or run scripts/run_qemu.sh)
[heal] key=4 heal_ms=57.0479
[hidra] HID socket connect failed (/run/user/1000/hidra.kbd). Waiting for QEMU to listen... (set HID_SOCK or run scripts/run_qemu.sh)
[msquic] stream: RECEIVE bytes=52 buffers=1 pending=0
[hidra] HID socket connect failed (/run/user/1000/hidra.kbd). Waiting for QEMU to listen... (set HID_SOCK or run scripts/run_qemu.sh)
[msquic] stream: RECEIVE bytes=52 buffers=1 pending=0
[lat] dt_ms=61.3004 cmd=down key=p
[hidra] HID socket connect failed (/run/user/1000/hidra.kbd). Waiting for QEMU to listen... (set HID_SOCK or run scripts/run_qemu.sh)
[hidra] HID socket connect failed (/run/user/1000/hidra.kbd). Waiting for QEMU to listen... (set HID_SOCK or run scripts/run_qemu.sh)
[msquic] stream: RECEIVE bytes=52 buffers=1 pending=0
[lat] dt_ms=78.0372 cmd=up key=a
[hidra] HID socket connect failed (/run/user/1000/hidra.kbd). Waiting for QEMU to listen... (set HID_SOCK or run scripts/run_qemu.sh)
[heal] key=19 heal_ms=147.572
[hidra] HID socket connect failed (/run/user/1000/hidra.kbd). Waiting for QEMU to listen... (set HID_SOCK or run scripts/run_qemu.sh)
[msquic] stream: RECEIVE bytes=52 buffers=1 pending=0
[hidra] HID socket connect failed (/run/user/1000/hidra.kbd). Waiting for QEMU to listen... (set HID_SOCK or run scripts/run_qemu.sh)
[msquic] stream: RECEIVE bytes=52 buffers=1 pending=0
[lat] dt_ms=61.3408 cmd=down key=t
[hidra] HID socket connect failed (/run/user/1000/hidra.kbd). Waiting for QEMU to listen... (set HID_SOCK or run scripts/run_qemu.sh)
[lat] dt_ms=73.1336 cmd=up key=p
[hidra] HID socket connect failed (/run/user/1000/hidra.kbd). Waiting for QEMU to listen... (set HID_SOCK or run scripts/run_qemu.sh)
[hidra] HID socket connect failed (/run/user/1000/hidra.kbd). Waiting for QEMU to listen... (set HID_SOCK or run scripts/run_qemu.sh)
[msquic] stream: RECEIVE bytes=52 buffers=1 pending=0
[lat] dt_ms=57.0171 cmd=down key=ENTER
[hidra] HID socket connect failed (/run/user/1000/hidra.kbd). Waiting for QEMU to listen... (set HID_SOCK or run scripts/run_qemu.sh)
[lat] dt_ms=47.373 cmd=up key=ENTER
[hidra] HID socket connect failed (/run/user/1000/hidra.kbd). Waiting for QEMU to listen... (set HID_SOCK or run scripts/run_qemu.sh)
[lat] dt_ms=69.7043 cmd=up key=t
[hidra] HID socket connect failed (/run/user/1000/hidra.kbd). Waiting for QEMU to listen... (set HID_SOCK or run scripts/run_qemu.sh)
[lat] dt_ms=43.3678 cmd=down key=a
[hidra] HID socket connect failed (/run/user/1000/hidra.kbd). Waiting for QEMU to listen... (set HID_SOCK or run scripts/run_qemu.sh)
[hidra] HID socket connect failed (/run/user/1000/hidra.kbd). Waiting for QEMU to listen... (set HID_SOCK or run scripts/run_qemu.sh)
[msquic] stream: RECEIVE bytes=52 buffers=1 pending=0
[hidra] HID socket connect failed (/run/user/1000/hidra.kbd). Waiting for QEMU to listen... (set HID_SOCK or run scripts/run_qemu.sh)
[msquic] stream: RECEIVE bytes=52 buffers=1 pending=0
[hidra] HID socket connect failed (/run/user/1000/hidra.kbd). Waiting for QEMU to listen... (set HID_SOCK or run scripts/run_qemu.sh)
[msquic] stream: RECEIVE bytes=52 buffers=1 pending=0
[hidra] HID socket connect failed (/run/user/1000/hidra.kbd). Waiting for QEMU to listen... (set HID_SOCK or run scripts/run_qemu.sh)
[msquic] stream: RECEIVE bytes=52 buffers=1 pending=0
[lat] dt_ms=45.0511 cmd=up key=p
[hidra] HID socket connect failed (/run/user/1000/hidra.kbd). Waiting for QEMU to listen... (set HID_SOCK or run scripts/run_qemu.sh)
[heal] key=4 heal_ms=68.3568
[hidra] HID socket connect failed (/run/user/1000/hidra.kbd). Waiting for QEMU to listen... (set HID_SOCK or run scripts/run_qemu.sh)
[msquic] stream: RECEIVE bytes=52 buffers=1 pending=0
[hidra] HID socket connect failed (/run/user/1000/hidra.kbd). Waiting for QEMU to listen... (set HID_SOCK or run scripts/run_qemu.sh)
[msquic] stream: RECEIVE bytes=52 buffers=1 pending=0
[lat] dt_ms=78.9495 cmd=up key=a
[hidra] HID socket connect failed (/run/user/1000/hidra.kbd). Waiting for QEMU to listen... (set HID_SOCK or run scripts/run_qemu.sh)
[hidra] HID socket connect failed (/run/user/1000/hidra.kbd). Waiting for QEMU to listen... (set HID_SOCK or run scripts/run_qemu.sh)
[msquic] stream: RECEIVE bytes=52 buffers=1 pending=0
[lat] dt_ms=41.8771 cmd=up key=t
[hidra] HID socket connect failed (/run/user/1000/hidra.kbd). Waiting for QEMU to listen... (set HID_SOCK or run scripts/run_qemu.sh)
[hidra] HID socket connect failed (/run/user/1000/hidra.kbd). Waiting for QEMU to listen... (set HID_SOCK or run scripts/run_qemu.sh)
[msquic] stream: RECEIVE bytes=52 buffers=1 pending=0
[lat] dt_ms=80.2574 cmd=down key=p
[hidra] HID socket connect failed (/run/user/1000/hidra.kbd). Waiting for QEMU to listen... (set HID_SOCK or run scripts/run_qemu.sh)
[heal] key=19 heal_ms=71.7308
[hidra] HID socket connect failed (/run/user/1000/hidra.kbd). Waiting for QEMU to listen... (set HID_SOCK or run scripts/run_qemu.sh)
[msquic] stream: RECEIVE bytes=52 buffers=1 pending=0
[hidra] HID socket connect failed (/run/user/1000/hidra.kbd). Waiting for QEMU to listen... (set HID_SOCK or run scripts/run_qemu.sh)
[msquic] stream: RECEIVE bytes=52 buffers=1 pending=0
[hidra] HID socket connect failed (/run/user/1000/hidra.kbd). Waiting for QEMU to listen... (set HID_SOCK or run scripts/run_qemu.sh)
[msquic] stream: RECEIVE bytes=52 buffers=1 pending=0
[hidra] HID socket connect failed (/run/user/1000/hidra.kbd). Waiting for QEMU to listen... (set HID_SOCK or run scripts/run_qemu.sh)
[msquic] stream: RECEIVE bytes=52 buffers=1 pending=0
[lat] dt_ms=58.5095 cmd=down key=ENTER
[hidra] HID socket connect failed (/run/user/1000/hidra.kbd). Waiting for QEMU to listen... (set HID_SOCK or run scripts/run_qemu.sh)
[lat] dt_ms=51.0517 cmd=up key=a
[hidra] HID socket connect failed (/run/user/1000/hidra.kbd). Waiting for QEMU to listen... (set HID_SOCK or run scripts/run_qemu.sh)
[heal] key=40 heal_ms=72.5607
[hidra] HID socket connect failed (/run/user/1000/hidra.kbd). Waiting for QEMU to listen... (set HID_SOCK or run scripts/run_qemu.sh)
[msquic] stream: RECEIVE bytes=52 buffers=1 pending=0
[lat] dt_ms=75.6799 cmd=up key=ENTER
[hidra] HID socket connect failed (/run/user/1000/hidra.kbd). Waiting for QEMU to listen... (set HID_SOCK or run scripts/run_qemu.sh)
[lat] dt_ms=73.1073 cmd=down key=a
[hidra] HID socket connect failed (/run/user/1000/hidra.kbd). Waiting for QEMU to listen... (set HID_SOCK or run scripts/run_qemu.sh)
[hidra] HID socket connect failed (/run/user/1000/hidra.kbd). Waiting for QEMU to listen... (set HID_SOCK or run scripts/run_qemu.sh)
[msquic] stream: RECEIVE bytes=52 buffers=1 pending=0
[lat] dt_ms=57.6102 cmd=down key=p
[hidra] HID socket connect failed (/run/user/1000/hidra.kbd). Waiting for QEMU to listen... (set HID_SOCK or run scripts/run_qemu.sh)
[heal] key=19 heal_ms=49.097
[hidra] HID socket connect failed (/run/user/1000/hidra.kbd). Waiting for QEMU to listen... (set HID_SOCK or run scripts/run_qemu.sh)
[msquic] stream: RECEIVE bytes=52 buffers=1 pending=0
[hidra] HID socket connect failed (/run/user/1000/hidra.kbd). Waiting for QEMU to listen... (set HID_SOCK or run scripts/run_qemu.sh)
[msquic] stream: RECEIVE bytes=52 buffers=1 pending=0
[hidra] snapshot v1 mods=0x0 pressed=1
[hidra] HID socket connect failed (/run/user/1000/hidra.kbd). Waiting for QEMU to listen... (set HID_SOCK or run scripts/run_qemu.sh)
[msquic] stream: RECEIVE bytes=52 buffers=1 pending=0
[lat] dt_ms=46.1363 cmd=down key=t
[hidra] HID socket connect failed (/run/user/1000/hidra.kbd). Waiting for QEMU to listen... (set HID_SOCK or run scripts/run_qemu.sh)
[heal] key=23 heal_ms=125.199
[heal] key=4 heal_ms=82.0292
[hidra] HID socket connect failed (/run/user/1000/hidra.kbd). Waiting for QEMU to listen... (set HID_SOCK or run scripts/run_qemu.sh)
[msquic] stream: RECEIVE bytes=52 buffers=1 pending=0
[lat] dt_ms=63.3642 cmd=up key=p
[hidra] HID socket connect failed (/run/user/1000/hidra.kbd). Waiting for QEMU to listen... (set HID_SOCK or run scripts/run_qemu.sh)
[hidra] HID socket connect failed (/run/user/1000/hidra.kbd). Waiting for QEMU to listen... (set HID_SOCK or run scripts/run_qemu.sh)
[msquic] stream: RECEIVE bytes=52 buffers=1 pending=0
[lat] dt_ms=74.4786 cmd=up key=t
[hidra] HID socket connect failed (/run/user/1000/hidra.kbd). Waiting for QEMU to listen... (set HID_SOCK or run scripts/run_qemu.sh)
[lat] dt_ms=53.9246 cmd=up key=ENTER
[hidra] HID socket connect failed (/run/user/1000/hidra.kbd). Waiting for QEMU to listen... (set HID_SOCK or run scripts/run_qemu.sh)
[lat] dt_ms=64.2264 cmd=down key=ENTER
[hidra] HID socket connect failed (/run/user/1000/hidra.kbd). Waiting for QEMU to listen... (set HID_SOCK or run scripts/run_qemu.sh)
[hidra] HID socket connect failed (/run/user/1000/hidra.kbd). Waiting for QEMU to listen... (set HID_SOCK or run scripts/run_qemu.sh)
[msquic] stream: RECEIVE bytes=52 buffers=1 pending=0
[hidra] HID socket connect failed (/run/user/1000/hidra.kbd). Waiting for QEMU to listen... (set HID_SOCK or run scripts/run_qemu.sh)
[msquic] stream: RECEIVE bytes=52 buffers=1 pending=0
[lat] dt_ms=61.8453 cmd=down key=a
[hidra] HID socket connect failed (/run/user/1000/hidra.kbd). Waiting for QEMU to listen... (set HID_SOCK or run scripts/run_qemu.sh)
[lat] dt_ms=52.0376 cmd=up key=a
[hidra] HID socket connect failed (/run/user/1000/hidra.kbd). Waiting for QEMU to listen... (set HID_SOCK or run scripts/run_qemu.sh)
[hidra] HID socket connect failed (/run/user/1000/hidra.kbd). Waiting for QEMU to listen... (set HID_SOCK or run scripts/run_qemu.sh)
[msquic] stream: RECEIVE bytes=52 buffers=1 pending=0
[hidra] HID socket connect failed (/run/user/1000/hidra.kbd). Waiting for QEMU to listen... (set HID_SOCK or run scripts/run_qemu.sh)
[msquic] stream: RECEIVE bytes=52 buffers=1 pending=0
[lat] dt_ms=52.4779 cmd=down key=p
[hidra] HID socket connect failed (/run/user/1000/hidra.kbd). Waiting for QEMU to listen... (set HID_SOCK or run scripts/run_qemu.sh)
[hidra] HID socket connect failed (/run/user/1000/hidra.kbd). Waiting for QEMU to listen... (set HID_SOCK or run scripts/run_qemu.sh)
[msquic] stream: RECEIVE bytes=52 buffers=1 pending=0
[lat] dt_ms=55.8292 cmd=up key=p
[hidra] HID socket connect failed (/run/user/1000/hidra.kbd). Waiting for QEMU to listen... (set HID_SOCK or run scripts/run_qemu.sh)
[hidra] HID socket connect failed (/run/user/1000/hidra.kbd). Waiting for QEMU to listen... (set HID_SOCK or run scripts/run_qemu.sh)
[msquic] stream: RECEIVE bytes=52 buffers=1 pending=0
[lat] dt_ms=41.8677 cmd=down key=ENTER
[hidra] HID socket connect failed (/run/user/1000/hidra.kbd). Waiting for QEMU to listen... (set HID_SOCK or run scripts/run_qemu.sh)
[hidra] HID socket connect failed (/run/user/1000/hidra.kbd). Waiting for QEMU to listen... (set HID_SOCK or run scripts/run_qemu.sh)
[msquic] stream: RECEIVE bytes=52 buffers=1 pending=0
[lat] dt_ms=53.915 cmd=up key=t
[hidra] HID socket connect failed (/run/user/1000/hidra.kbd). Waiting for QEMU to listen... (set HID_SOCK or run scripts/run_qemu.sh)
[lat] dt_ms=65.613 cmd=down key=t
[hidra] HID socket connect failed (/run/user/1000/hidra.kbd). Waiting for QEMU to listen... (set HID_SOCK or run scripts/run_qemu.sh)
[heal] key=19 heal_ms=76.0695
[hidra] HID socket connect failed (/run/user/1000/hidra.kbd). Waiting for QEMU to listen... (set HID_SOCK or run scripts/run_qemu.sh)
[msquic] stream: RECEIVE bytes=52 buffers=1 pending=0
[hidra] HID socket connect failed (/run/user/1000/hidra.kbd). Waiting for QEMU to listen... (set HID_SOCK or run scripts/run_qemu.sh)
[msquic] stream: RECEIVE bytes=52 buffers=1 pending=0
[hidra] HID socket connect failed (/run/user/1000/hidra.kbd). Waiting for QEMU to listen... (set HID_SOCK or run scripts/run_qemu.sh)
[msquic] stream: RECEIVE bytes=52 buffers=1 pending=0
[lat] dt_ms=52.9127 cmd=down key=a
[hidra] HID socket connect failed (/run/user/1000/hidra.kbd). Waiting for QEMU to listen... (set HID_SOCK or run scripts/run_qemu.sh)
[hidra] send() failed; will retry connect
[msquic] stream: RECEIVE bytes=52 buffers=1 pending=0
[lat] dt_ms=66.433 cmd=up key=ENTER
[hidra] HID socket connect failed (/run/user/1000/hidra.kbd). Waiting for QEMU to listen... (set HID_SOCK or run scripts/run_qemu.sh)
[hidra] HID socket connect failed (/run/user/1000/hidra.kbd). Waiting for QEMU to listen... (set HID_SOCK or run scripts/run_qemu.sh)
[msquic] stream: RECEIVE bytes=52 buffers=1 pending=0
[hidra] HID socket connect failed (/run/user/1000/hidra.kbd). Waiting for QEMU to listen... (set HID_SOCK or run scripts/run_qemu.sh)
[msquic] stream: RECEIVE bytes=52 buffers=1 pending=0
[lat] dt_ms=65.3286 cmd=up key=a
[hidra] HID socket connect failed (/run/user/1000/hidra.kbd). Waiting for QEMU to listen... (set HID_SOCK or run scripts/run_qemu.sh)
[heal] key=40 heal_ms=90.5624
[hidra] HID socket connect failed (/run/user/1000/hidra.kbd). Waiting for QEMU to listen... (set HID_SOCK or run scripts/run_qemu.sh)
[msquic] stream: RECEIVE bytes=52 buffers=1 pending=0
[hidra] HID socket connect failed (/run/user/1000/hidra.kbd). Waiting for QEMU to listen... (set HID_SOCK or run scripts/run_qemu.sh)
[msquic] stream: RECEIVE bytes=52 buffers=1 pending=0
[heal] key=4 heal_ms=78.2471
[hidra] HID socket connect failed (/run/user/1000/hidra.kbd). Waiting for QEMU to listen... (set HID_SOCK or run scripts/run_qemu.sh)
[msquic] stream: RECEIVE bytes=52 buffers=1 pending=0
[lat] dt_ms=48.4982 cmd=down key=t
[hidra] HID socket connect failed (/run/user/1000/hidra.kbd). Waiting for QEMU to listen... (set HID_SOCK or run scripts/run_qemu.sh)
[lat] dt_ms=66.8964 cmd=up key=p
[hidra] HID socket connect failed (/run/user/1000/hidra.kbd). Waiting for QEMU to listen... (set HID_SOCK or run scripts/run_qemu.sh)
[lat] dt_ms=48.5671 cmd=up key=t
[hidra] HID socket connect failed (/run/user/1000/hidra.kbd). Waiting for QEMU to listen... (set HID_SOCK or run scripts/run_qemu.sh)
[lat] dt_ms=79.2922 cmd=down key=p
[hidra] HID socket connect failed (/run/user/1000/hidra.kbd). Waiting for QEMU to listen... (set HID_SOCK or run scripts/run_qemu.sh)
[heal] key=19 heal_ms=75.2704
[hidra] HID socket connect failed (/run/user/1000/hidra.kbd). Waiting for QEMU to listen... (set HID_SOCK or run scripts/run_qemu.sh)
[msquic] stream: RECEIVE bytes=52 buffers=1 pending=0
[hidra] HID socket connect failed (/run/user/1000/hidra.kbd). Waiting for QEMU to listen... (set HID_SOCK or run scripts/run_qemu.sh)
[msquic] stream: RECEIVE bytes=52 buffers=1 pending=0
[lat] dt_ms=52.1192 cmd=up key=ENTER
[hidra] HID socket connect failed (/run/user/1000/hidra.kbd). Waiting for QEMU to listen... (set HID_SOCK or run scripts/run_qemu.sh)
[hidra] HID socket connect failed (/run/user/1000/hidra.kbd). Waiting for QEMU to listen... (set HID_SOCK or run scripts/run_qemu.sh)
[msquic] stream: RECEIVE bytes=52 buffers=1 pending=0
[lat] dt_ms=79.3173 cmd=down key=ENTER
[hidra] HID socket connect failed (/run/user/1000/hidra.kbd). Waiting for QEMU to listen... (set HID_SOCK or run scripts/run_qemu.sh)
[hidra] HID socket connect failed (/run/user/1000/hidra.kbd). Waiting for QEMU to listen... (set HID_SOCK or run scripts/run_qemu.sh)
[msquic] stream: RECEIVE bytes=52 buffers=1 pending=0
[hidra] HID socket connect failed (/run/user/1000/hidra.kbd). Waiting for QEMU to listen... (set HID_SOCK or run scripts/run_qemu.sh)
[msquic] stream: RECEIVE bytes=52 buffers=1 pending=0
[heal] key=40 heal_ms=85.4652
[hidra] HID socket connect failed (/run/user/1000/hidra.kbd). Waiting for QEMU to listen... (set HID_SOCK or run scripts/run_qemu.sh)
[hidra] HID socket connect failed (/run/user/1000/hidra.kbd). Waiting for QEMU to listen... (set HID_SOCK or run scripts/run_qemu.sh)
[msquic] stream: RECEIVE bytes=104 buffers=1 pending=0
[lat] dt_ms=78.8694 cmd=down key=a
[hidra] HID socket connect failed (/run/user/1000/hidra.kbd). Waiting for QEMU to listen... (set HID_SOCK or run scripts/run_qemu.sh)
[heal] key=4 heal_ms=73.6571
[hidra] HID socket connect failed (/run/user/1000/hidra.kbd). Waiting for QEMU to listen... (set HID_SOCK or run scripts/run_qemu.sh)
[msquic] stream: RECEIVE bytes=52 buffers=1 pending=0
[lat] dt_ms=80.0581 cmd=up key=a
[hidra] HID socket connect failed (/run/user/1000/hidra.kbd). Waiting for QEMU to listen... (set HID_SOCK or run scripts/run_qemu.sh)
[hidra] HID socket connect failed (/run/user/1000/hidra.kbd). Waiting for QEMU to listen... (set HID_SOCK or run scripts/run_qemu.sh)
[msquic] stream: RECEIVE bytes=52 buffers=1 pending=0
[lat] dt_ms=76.0985 cmd=down key=p
[hidra] HID socket connect failed (/run/user/1000/hidra.kbd). Waiting for QEMU to listen... (set HID_SOCK or run scripts/run_qemu.sh)
[lat] dt_ms=57.5054 cmd=down key=t
[hidra] HID socket connect failed (/run/user/1000/hidra.kbd). Waiting for QEMU to listen... (set HID_SOCK or run scripts/run_qemu.sh)
[heal] key=19 heal_ms=70.7611
[heal] key=23 heal_ms=50.2253
[hidra] HID socket connect failed (/run/user/1000/hidra.kbd). Waiting for QEMU to listen... (set HID_SOCK or run scripts/run_qemu.sh)
[msquic] stream: RECEIVE bytes=52 buffers=1 pending=0
[lat] dt_ms=52.5106 cmd=up key=t
[hidra] HID socket connect failed (/run/user/1000/hidra.kbd). Waiting for QEMU to listen... (set HID_SOCK or run scripts/run_qemu.sh)
[lat] dt_ms=76.1165 cmd=up key=p
[hidra] HID socket connect failed (/run/user/1000/hidra.kbd). Waiting for QEMU to listen... (set HID_SOCK or run scripts/run_qemu.sh)
[hidra] HID socket connect failed (/run/user/1000/hidra.kbd). Waiting for QEMU to listen... (set HID_SOCK or run scripts/run_qemu.sh)
[msquic] stream: RECEIVE bytes=52 buffers=1 pending=0
[hidra] HID socket connect failed (/run/user/1000/hidra.kbd). Waiting for QEMU to listen... (set HID_SOCK or run scripts/run_qemu.sh)
[msquic] stream: RECEIVE bytes=52 buffers=2 pending=0
[lat] dt_ms=51.474 cmd=up key=ENTER
[hidra] HID socket connect failed (/run/user/1000/hidra.kbd). Waiting for QEMU to listen... (set HID_SOCK or run scripts/run_qemu.sh)
[lat] dt_ms=78.2116 cmd=down key=ENTER
[hidra] HID socket connect failed (/run/user/1000/hidra.kbd). Waiting for QEMU to listen... (set HID_SOCK or run scripts/run_qemu.sh)
[hidra] HID socket connect failed (/run/user/1000/hidra.kbd). Waiting for QEMU to listen... (set HID_SOCK or run scripts/run_qemu.sh)
[msquic] stream: RECEIVE bytes=52 buffers=1 pending=0
[hidra] HID socket connect failed (/run/user/1000/hidra.kbd). Waiting for QEMU to listen... (set HID_SOCK or run scripts/run_qemu.sh)
[msquic] stream: RECEIVE bytes=52 buffers=1 pending=0
[lat] dt_ms=57.3702 cmd=up key=a
[hidra] HID socket connect failed (/run/user/1000/hidra.kbd). Waiting for QEMU to listen... (set HID_SOCK or run scripts/run_qemu.sh)
[lat] dt_ms=69.1721 cmd=down key=a
[hidra] HID socket connect failed (/run/user/1000/hidra.kbd). Waiting for QEMU to listen... (set HID_SOCK or run scripts/run_qemu.sh)
[hidra] HID socket connect failed (/run/user/1000/hidra.kbd). Waiting for QEMU to listen... (set HID_SOCK or run scripts/run_qemu.sh)
[msquic] stream: RECEIVE bytes=52 buffers=1 pending=0
[lat] dt_ms=64.405 cmd=down key=p
[hidra] HID socket connect failed (/run/user/1000/hidra.kbd). Waiting for QEMU to listen... (set HID_SOCK or run scripts/run_qemu.sh)
[lat] dt_ms=44.6893 cmd=down key=t
[hidra] HID socket connect failed (/run/user/1000/hidra.kbd). Waiting for QEMU to listen... (set HID_SOCK or run scripts/run_qemu.sh)
[lat] dt_ms=57.2874 cmd=up key=p
[hidra] HID socket connect failed (/run/user/1000/hidra.kbd). Waiting for QEMU to listen... (set HID_SOCK or run scripts/run_qemu.sh)
[hidra] HID socket connect failed (/run/user/1000/hidra.kbd). Waiting for QEMU to listen... (set HID_SOCK or run scripts/run_qemu.sh)
[hidra] HID socket connect failed (/run/user/1000/hidra.kbd). Waiting for QEMU to listen... (set HID_SOCK or run scripts/run_qemu.sh)
[msquic] stream: RECEIVE bytes=104 buffers=1 pending=0
[hidra] HID socket connect failed (/run/user/1000/hidra.kbd). Waiting for QEMU to listen... (set HID_SOCK or run scripts/run_qemu.sh)
[msquic] stream: RECEIVE bytes=52 buffers=1 pending=0
[lat] dt_ms=55.3364 cmd=up key=t
[hidra] HID socket connect failed (/run/user/1000/hidra.kbd). Waiting for QEMU to listen... (set HID_SOCK or run scripts/run_qemu.sh)
[hidra] HID socket connect failed (/run/user/1000/hidra.kbd). Waiting for QEMU to listen... (set HID_SOCK or run scripts/run_qemu.sh)
[msquic] stream: RECEIVE bytes=52 buffers=1 pending=0
[hidra] HID socket connect failed (/run/user/1000/hidra.kbd). Waiting for QEMU to listen... (set HID_SOCK or run scripts/run_qemu.sh)
[msquic] stream: RECEIVE bytes=52 buffers=1 pending=0
[lat] dt_ms=67.7045 cmd=down key=ENTER
[hidra] HID socket connect failed (/run/user/1000/hidra.kbd). Waiting for QEMU to listen... (set HID_SOCK or run scripts/run_qemu.sh)
[lat] dt_ms=48.959 cmd=down key=a
[hidra] HID socket connect failed (/run/user/1000/hidra.kbd). Waiting for QEMU to listen... (set HID_SOCK or run scripts/run_qemu.sh)
[hidra] HID socket connect failed (/run/user/1000/hidra.kbd). Waiting for QEMU to listen... (set HID_SOCK or run scripts/run_qemu.sh)
[msquic] stream: RECEIVE bytes=52 buffers=1 pending=0
[lat] dt_ms=61.3813 cmd=up key=ENTER
[hidra] HID socket connect failed (/run/user/1000/hidra.kbd). Waiting for QEMU to listen... (set HID_SOCK or run scripts/run_qemu.sh)
[hidra] HID socket connect failed (/run/user/1000/hidra.kbd). Waiting for QEMU to listen... (set HID_SOCK or run scripts/run_qemu.sh)
[msquic] stream: RECEIVE bytes=52 buffers=1 pending=0
[hidra] HID socket connect failed (/run/user/1000/hidra.kbd). Waiting for QEMU to listen... (set HID_SOCK or run scripts/run_qemu.sh)
[msquic] stream: RECEIVE bytes=52 buffers=1 pending=0
[hidra] HID socket connect failed (/run/user/1000/hidra.kbd). Waiting for QEMU to listen... (set HID_SOCK or run scripts/run_qemu.sh)
[msquic] stream: RECEIVE bytes=52 buffers=1 pending=0
[lat] dt_ms=57.2042 cmd=up key=a
[hidra] HID socket connect failed (/run/user/1000/hidra.kbd). Waiting for QEMU to listen... (set HID_SOCK or run scripts/run_qemu.sh)
[hidra] HID socket connect failed (/run/user/1000/hidra.kbd). Waiting for QEMU to listen... (set HID_SOCK or run scripts/run_qemu.sh)
[msquic] stream: RECEIVE bytes=52 buffers=1 pending=0
[lat] dt_ms=58.0703 cmd=down key=p
[hidra] HID socket connect failed (/run/user/1000/hidra.kbd). Waiting for QEMU to listen... (set HID_SOCK or run scripts/run_qemu.sh)
[hidra] HID socket connect failed (/run/user/1000/hidra.kbd). Waiting for QEMU to listen... (set HID_SOCK or run scripts/run_qemu.sh)
[msquic] stream: RECEIVE bytes=52 buffers=1 pending=0
[lat] dt_ms=63.4298 cmd=up key=p
[hidra] HID socket connect failed (/run/user/1000/hidra.kbd). Waiting for QEMU to listen... (set HID_SOCK or run scripts/run_qemu.sh)
[hidra] progress: rx=840 emits=1200 quic_snapshots=645 socket=[hidra] HID socket connect failed (/run/user/1000/hidra.kbd). Waiting for QEMU to listen... (set HID_SOCK or run scripts/run_qemu.sh)
waiting
[lat] dt_ms=55.8026 cmd=up key=t
[hidra] HID socket connect failed (/run/user/1000/hidra.kbd). Waiting for QEMU to listen... (set HID_SOCK or run scripts/run_qemu.sh)
[hidra] HID socket connect failed (/run/user/1000/hidra.kbd). Waiting for QEMU to listen... (set HID_SOCK or run scripts/run_qemu.sh)
[msquic] stream: RECEIVE bytes=52 buffers=1 pending=0
[lat] dt_ms=69.6328 cmd=down key=t
[hidra] HID socket connect failed (/run/user/1000/hidra.kbd). Waiting for QEMU to listen... (set HID_SOCK or run scripts/run_qemu.sh)
[lat] dt_ms=53.3236 cmd=down key=ENTER
[hidra] HID socket connect failed (/run/user/1000/hidra.kbd). Waiting for QEMU to listen... (set HID_SOCK or run scripts/run_qemu.sh)
[hidra] HID socket connect failed (/run/user/1000/hidra.kbd). Waiting for QEMU to listen... (set HID_SOCK or run scripts/run_qemu.sh)
[msquic] stream: RECEIVE bytes=52 buffers=1 pending=0
[hidra] HID socket connect failed (/run/user/1000/hidra.kbd). Waiting for QEMU to listen... (set HID_SOCK or run scripts/run_qemu.sh)
[msquic] stream: RECEIVE bytes=52 buffers=1 pending=0
[lat] dt_ms=52.3862 cmd=up key=ENTER
[hidra] HID socket connect failed (/run/user/1000/hidra.kbd). Waiting for QEMU to listen... (set HID_SOCK or run scripts/run_qemu.sh)
[hidra] HID socket connect failed (/run/user/1000/hidra.kbd). Waiting for QEMU to listen... (set HID_SOCK or run scripts/run_qemu.sh)
[msquic] stream: RECEIVE bytes=52 buffers=1 pending=0
[hidra] HID socket connect failed (/run/user/1000/hidra.kbd). Waiting for QEMU to listen... (set HID_SOCK or run scripts/run_qemu.sh)
[hidra] HID socket connect failed (/run/user/1000/hidra.kbd). Waiting for QEMU to listen... (set HID_SOCK or run scripts/run_qemu.sh)
[msquic] stream: RECEIVE bytes=104 buffers=1 pending=0
[heal] key=40 heal_ms=76.5993
[hidra] HID socket connect failed (/run/user/1000/hidra.kbd). Waiting for QEMU to listen... (set HID_SOCK or run scripts/run_qemu.sh)
[msquic] stream: RECEIVE bytes=52 buffers=1 pending=0
[lat] dt_ms=67.5081 cmd=down key=a
[hidra] HID socket connect failed (/run/user/1000/hidra.kbd). Waiting for QEMU to listen... (set HID_SOCK or run scripts/run_qemu.sh)
[hidra] HID socket connect failed (/run/user/1000/hidra.kbd). Waiting for QEMU to listen... (set HID_SOCK or run scripts/run_qemu.sh)
[msquic] stream: RECEIVE bytes=52 buffers=1 pending=0
[heal] key=19 heal_ms=126.629
[hidra] HID socket connect failed (/run/user/1000/hidra.kbd). Waiting for QEMU to listen... (set HID_SOCK or run scripts/run_qemu.sh)
[msquic] stream: RECEIVE bytes=52 buffers=1 pending=0
[lat] dt_ms=55.2727 cmd=down key=p
[hidra] HID socket connect failed (/run/user/1000/hidra.kbd). Waiting for QEMU to listen... (set HID_SOCK or run scripts/run_qemu.sh)
[hidra] HID socket connect failed (/run/user/1000/hidra.kbd). Waiting for QEMU to listen... (set HID_SOCK or run scripts/run_qemu.sh)
[msquic] stream: RECEIVE bytes=52 buffers=1 pending=0
[lat] dt_ms=73.7279 cmd=up key=a
[hidra] HID socket connect failed (/run/user/1000/hidra.kbd). Waiting for QEMU to listen... (set HID_SOCK or run scripts/run_qemu.sh)
[hidra] HID socket connect failed (/run/user/1000/hidra.kbd). Waiting for QEMU to listen... (set HID_SOCK or run scripts/run_qemu.sh)
[msquic] stream: RECEIVE bytes=52 buffers=1 pending=0
[lat] dt_ms=60.0455 cmd=down key=t
[hidra] HID socket connect failed (/run/user/1000/hidra.kbd). Waiting for QEMU to listen... (set HID_SOCK or run scripts/run_qemu.sh)
[heal] key=23 heal_ms=55.0728
[hidra] HID socket connect failed (/run/user/1000/hidra.kbd). Waiting for QEMU to listen... (set HID_SOCK or run scripts/run_qemu.sh)
[msquic] stream: RECEIVE bytes=52 buffers=1 pending=0
[lat] dt_ms=76.9937 cmd=up key=p
[hidra] HID socket connect failed (/run/user/1000/hidra.kbd). Waiting for QEMU to listen... (set HID_SOCK or run scripts/run_qemu.sh)
[lat] dt_ms=78.7365 cmd=up key=t
[hidra] HID socket connect failed (/run/user/1000/hidra.kbd). Waiting for QEMU to listen... (set HID_SOCK or run scripts/run_qemu.sh)
[lat] dt_ms=48.2313 cmd=down key=a
[hidra] HID socket connect failed (/run/user/1000/hidra.kbd). Waiting for QEMU to listen... (set HID_SOCK or run scripts/run_qemu.sh)
[heal] key=4 heal_ms=126.239
[hidra] HID socket connect failed (/run/user/1000/hidra.kbd). Waiting for QEMU to listen... (set HID_SOCK or run scripts/run_qemu.sh)
[msquic] stream: RECEIVE bytes=52 buffers=1 pending=0
[lat] dt_ms=77.9158 cmd=down key=ENTER
[hidra] HID socket connect failed (/run/user/1000/hidra.kbd). Waiting for QEMU to listen... (set HID_SOCK or run scripts/run_qemu.sh)
[lat] dt_ms=68.3653 cmd=up key=ENTER
[hidra] HID socket connect failed (/run/user/1000/hidra.kbd). Waiting for QEMU to listen... (set HID_SOCK or run scripts/run_qemu.sh)
[hidra] HID socket connect failed (/run/user/1000/hidra.kbd). Waiting for QEMU to listen... (set HID_SOCK or run scripts/run_qemu.sh)
[msquic] stream: RECEIVE bytes=52 buffers=1 pending=0
[hidra] HID socket connect failed (/run/user/1000/hidra.kbd). Waiting for QEMU to listen... (set HID_SOCK or run scripts/run_qemu.sh)
[msquic] stream: RECEIVE bytes=52 buffers=1 pending=0
[hidra] HID socket connect failed (/run/user/1000/hidra.kbd). Waiting for QEMU to listen... (set HID_SOCK or run scripts/run_qemu.sh)
[msquic] stream: RECEIVE bytes=52 buffers=1 pending=0
[hidra] HID socket connect failed (/run/user/1000/hidra.kbd). Waiting for QEMU to listen... (set HID_SOCK or run scripts/run_qemu.sh)
[msquic] stream: RECEIVE bytes=52 buffers=1 pending=0
[lat] dt_ms=67.5529 cmd=down key=p
[hidra] HID socket connect failed (/run/user/1000/hidra.kbd). Waiting for QEMU to listen... (set HID_SOCK or run scripts/run_qemu.sh)
[heal] key=19 heal_ms=141.428
[hidra] HID socket connect failed (/run/user/1000/hidra.kbd). Waiting for QEMU to listen... (set HID_SOCK or run scripts/run_qemu.sh)
[msquic] stream: RECEIVE bytes=52 buffers=1 pending=0
[lat] dt_ms=58.416 cmd=up key=p
[hidra] HID socket connect failed (/run/user/1000/hidra.kbd). Waiting for QEMU to listen... (set HID_SOCK or run scripts/run_qemu.sh)
[heal] key=4 heal_ms=81.2013
[hidra] HID socket connect failed (/run/user/1000/hidra.kbd). Waiting for QEMU to listen... (set HID_SOCK or run scripts/run_qemu.sh)
[msquic] stream: RECEIVE bytes=52 buffers=1 pending=0
[hidra] HID socket connect failed (/run/user/1000/hidra.kbd). Waiting for QEMU to listen... (set HID_SOCK or run scripts/run_qemu.sh)
[msquic] stream: RECEIVE bytes=52 buffers=1 pending=0
[lat] dt_ms=59.8837 cmd=down key=t
[hidra] HID socket connect failed (/run/user/1000/hidra.kbd). Waiting for QEMU to listen... (set HID_SOCK or run scripts/run_qemu.sh)
[hidra] HID socket connect failed (/run/user/1000/hidra.kbd). Waiting for QEMU to listen... (set HID_SOCK or run scripts/run_qemu.sh)
[msquic] stream: RECEIVE bytes=52 buffers=1 pending=0
[lat] dt_ms=62.3824 cmd=up key=t
[hidra] HID socket connect failed (/run/user/1000/hidra.kbd). Waiting for QEMU to listen... (set HID_SOCK or run scripts/run_qemu.sh)
[hidra] HID socket connect failed (/run/user/1000/hidra.kbd). Waiting for QEMU to listen... (set HID_SOCK or run scripts/run_qemu.sh)
[msquic] stream: RECEIVE bytes=52 buffers=1 pending=0
[hidra] HID socket connect failed (/run/user/1000/hidra.kbd). Waiting for QEMU to listen... (set HID_SOCK or run scripts/run_qemu.sh)
[msquic] stream: RECEIVE bytes=52 buffers=1 pending=0
[lat] dt_ms=56.0909 cmd=down key=ENTER
[hidra] HID socket connect failed (/run/user/1000/hidra.kbd). Waiting for QEMU to listen... (set HID_SOCK or run scripts/run_qemu.sh)
[hidra] HID socket connect failed (/run/user/1000/hidra.kbd). Waiting for QEMU to listen... (set HID_SOCK or run scripts/run_qemu.sh)
[msquic] stream: RECEIVE bytes=52 buffers=1 pending=0
[hidra] HID socket connect failed (/run/user/1000/hidra.kbd). Waiting for QEMU to listen... (set HID_SOCK or run scripts/run_qemu.sh)
[msquic] stream: RECEIVE bytes=52 buffers=1 pending=0
[lat] dt_ms=72.4201 cmd=up key=ENTER
[hidra] HID socket connect failed (/run/user/1000/hidra.kbd). Waiting for QEMU to listen... (set HID_SOCK or run scripts/run_qemu.sh)
[hidra] HID socket connect failed (/run/user/1000/hidra.kbd). Waiting for QEMU to listen... (set HID_SOCK or run scripts/run_qemu.sh)
[msquic] stream: RECEIVE bytes=52 buffers=1 pending=0
[heal] key=4 heal_ms=64.4624
[hidra] HID socket connect failed (/run/user/1000/hidra.kbd). Waiting for QEMU to listen... (set HID_SOCK or run scripts/run_qemu.sh)
[msquic] stream: RECEIVE bytes=52 buffers=1 pending=0
[lat] dt_ms=70.1806 cmd=down key=p
[hidra] HID socket connect failed (/run/user/1000/hidra.kbd). Waiting for QEMU to listen... (set HID_SOCK or run scripts/run_qemu.sh)
[lat] dt_ms=66.0706 cmd=up key=p
[hidra] HID socket connect failed (/run/user/1000/hidra.kbd). Waiting for QEMU to listen... (set HID_SOCK or run scripts/run_qemu.sh)
[lat] dt_ms=60.2925[hidra] HID socket connect failed (/run/user/1000/hidra.kbd). Waiting for QEMU to listen... (set HID_SOCK or run scripts/run_qemu.sh)
 cmd=down key=t
[msquic] stream: RECEIVE bytes=52 buffers=1 pending=0
[hidra] HID socket connect failed (/run/user/1000/hidra.kbd). Waiting for QEMU to listen... (set HID_SOCK or run scripts/run_qemu.sh)
[heal] key=23 heal_ms=66.2387
[hidra] HID socket connect failed (/run/user/1000/hidra.kbd). Waiting for QEMU to listen... (set HID_SOCK or run scripts/run_qemu.sh)
[msquic] stream: RECEIVE bytes=52 buffers=1 pending=0
[lat] dt_ms=70.5668 cmd=up key=t
[hidra] HID socket connect failed (/run/user/1000/hidra.kbd). Waiting for QEMU to listen... (set HID_SOCK or run scripts/run_qemu.sh)
[hidra] HID socket connect failed (/run/user/1000/hidra.kbd). Waiting for QEMU to listen... (set HID_SOCK or run scripts/run_qemu.sh)
[msquic] stream: RECEIVE bytes=52 buffers=1 pending=0
[hidra] HID socket connect failed (/run/user/1000/hidra.kbd). Waiting for QEMU to listen... (set HID_SOCK or run scripts/run_qemu.sh)
[msquic] stream: RECEIVE bytes=52 buffers=1 pending=0
[lat] dt_ms=69.9229 cmd=down key=ENTER
[hidra] HID socket connect failed (/run/user/1000/hidra.kbd). Waiting for QEMU to listen... (set HID_SOCK or run scripts/run_qemu.sh)
[hidra] HID socket connect failed (/run/user/1000/hidra.kbd). Waiting for QEMU to listen... (set HID_SOCK or run scripts/run_qemu.sh)
[msquic] stream: RECEIVE bytes=52 buffers=1 pending=0
[hidra] HID socket connect failed (/run/user/1000/hidra.kbd). Waiting for QEMU to listen... (set HID_SOCK or run scripts/run_qemu.sh)
[msquic] stream: RECEIVE bytes=52 buffers=1 pending=0
[hidra] HID socket connect failed (/run/user/1000/hidra.kbd). Waiting for QEMU to listen... (set HID_SOCK or run scripts/run_qemu.sh)
[msquic] stream: RECEIVE bytes=52 buffers=1 pending=0
[lat] dt_ms=46.4507 cmd=up key=a
[hidra] HID socket connect failed (/run/user/1000/hidra.kbd). Waiting for QEMU to listen... (set HID_SOCK or run scripts/run_qemu.sh)
[lat] dt_ms=60.793 cmd=down key=a
[hidra] HID socket connect failed (/run/user/1000/hidra.kbd). Waiting for QEMU to listen... (set HID_SOCK or run scripts/run_qemu.sh)
[hidra] HID socket connect failed (/run/user/1000/hidra.kbd). Waiting for QEMU to listen... (set HID_SOCK or run scripts/run_qemu.sh)
[msquic] stream: RECEIVE bytes=52 buffers=1 pending=0
[hidra] HID socket connect failed (/run/user/1000/hidra.kbd). Waiting for QEMU to listen... (set HID_SOCK or run scripts/run_qemu.sh)
[msquic] stream: RECEIVE bytes=52 buffers=1 pending=0
[hidra] HID socket connect failed (/run/user/1000/hidra.kbd). Waiting for QEMU to listen... (set HID_SOCK or run scripts/run_qemu.sh)
[msquic] stream: RECEIVE bytes=52 buffers=1 pending=0
[lat] dt_ms=69.8772 cmd=down key=p
[hidra] HID socket connect failed (/run/user/1000/hidra.kbd). Waiting for QEMU to listen... (set HID_SOCK or run scripts/run_qemu.sh)
[lat] dt_ms=60.7478 cmd=up key=p
[hidra] HID socket connect failed (/run/user/1000/hidra.kbd). Waiting for QEMU to listen... (set HID_SOCK or run scripts/run_qemu.sh)
[hidra] HID socket connect failed (/run/user/1000/hidra.kbd). Waiting for QEMU to listen... (set HID_SOCK or run scripts/run_qemu.sh)
[hidra] HID socket connect failed (/run/user/1000/hidra.kbd). Waiting for QEMU to listen... (set HID_SOCK or run scripts/run_qemu.sh)
[msquic] stream: RECEIVE bytes=104 buffers=1 pending=0
[lat] dt_ms=48.066 cmd=down key=ENTER
[hidra] HID socket connect failed (/run/user/1000/hidra.kbd). Waiting for QEMU to listen... (set HID_SOCK or run scripts/run_qemu.sh)
[heal] key=23 heal_ms=59.8306
[hidra] HID socket connect failed (/run/user/1000/hidra.kbd). Waiting for QEMU to listen... (set HID_SOCK or run scripts/run_qemu.sh)
[msquic] stream: RECEIVE bytes=52 buffers=1 pending=0
[lat] dt_ms=78.3613 cmd=down key=t
[hidra] HID socket connect failed (/run/user/1000/hidra.kbd). Waiting for QEMU to listen... (set HID_SOCK or run scripts/run_qemu.sh)
[lat] dt_ms=67.3148 cmd=up key=t
[hidra] HID socket connect failed (/run/user/1000/hidra.kbd). Waiting for QEMU to listen... (set HID_SOCK or run scripts/run_qemu.sh)
[lat] dt_ms=49.2652 cmd=up key=ENTER
[hidra] HID socket connect failed (/run/user/1000/hidra.kbd). Waiting for QEMU to listen... (set HID_SOCK or run scripts/run_qemu.sh)
[hidra] HID socket connect failed (/run/user/1000/hidra.kbd). Waiting for QEMU to listen... (set HID_SOCK or run scripts/run_qemu.sh)
[msquic] stream: RECEIVE bytes=52 buffers=1 pending=0
[hidra] HID socket connect failed (/run/user/1000/hidra.kbd). Waiting for QEMU to listen... (set HID_SOCK or run scripts/run_qemu.sh)
[msquic] stream: RECEIVE bytes=52 buffers=1 pending=0
[lat] dt_ms=64.8124 cmd=down key=a
[hidra] HID socket connect failed (/run/user/1000/hidra.kbd). Waiting for QEMU to listen... (set HID_SOCK or run scripts/run_qemu.sh)
[lat] dt_ms=59.5103 cmd=up key=a
[hidra] HID socket connect failed (/run/user/1000/hidra.kbd). Waiting for QEMU to listen... (set HID_SOCK or run scripts/run_qemu.sh)
[hidra] HID socket connect failed (/run/user/1000/hidra.kbd). Waiting for QEMU to listen... (set HID_SOCK or run scripts/run_qemu.sh)
[msquic] stream: RECEIVE bytes=52 buffers=1 pending=0
[hidra] HID socket connect failed (/run/user/1000/hidra.kbd). Waiting for QEMU to listen... (set HID_SOCK or run scripts/run_qemu.sh)
[msquic] stream: RECEIVE bytes=52 buffers=1 pending=0
[heal] key=19 heal_ms=50.3739
[hidra] HID socket connect failed (/run/user/1000/hidra.kbd). Waiting for QEMU to listen... (set HID_SOCK or run scripts/run_qemu.sh)
[msquic] stream: RECEIVE bytes=52 buffers=1 pending=0
[heal] key=4 heal_ms=84.8269
[hidra] HID socket connect failed (/run/user/1000/hidra.kbd). Waiting for QEMU to listen... (set HID_SOCK or run scripts/run_qemu.sh)
[msquic] stream: RECEIVE bytes=52 buffers=1 pending=0
[lat] dt_ms=75.6746 cmd=down key=p
[hidra] HID socket connect failed (/run/user/1000/hidra.kbd). Waiting for QEMU to listen... (set HID_SOCK or run scripts/run_qemu.sh)
[lat] dt_ms=71.0213 cmd=up key=p
[hidra] HID socket connect failed (/run/user/1000/hidra.kbd). Waiting for QEMU to listen... (set HID_SOCK or run scripts/run_qemu.sh)
[hidra] HID socket connect failed (/run/user/1000/hidra.kbd). Waiting for QEMU to listen... (set HID_SOCK or run scripts/run_qemu.sh)
[msquic] stream: RECEIVE bytes=52 buffers=1 pending=0
[hidra] HID socket connect failed (/run/user/1000/hidra.kbd). Waiting for QEMU to listen... (set HID_SOCK or run scripts/run_qemu.sh)
[msquic] stream: RECEIVE bytes=52 buffers=1 pending=0
[lat] dt_ms=75.4375 cmd=down key=t
[hidra] HID socket connect failed (/run/user/1000/hidra.kbd). Waiting for QEMU to listen... (set HID_SOCK or run scripts/run_qemu.sh)
[lat] dt_ms=69.1022 cmd=up key=t
[hidra] HID socket connect failed (/run/user/1000/hidra.kbd). Waiting for QEMU to listen... (set HID_SOCK or run scripts/run_qemu.sh)
[hidra] HID socket connect failed (/run/user/1000/hidra.kbd). Waiting for QEMU to listen... (set HID_SOCK or run scripts/run_qemu.sh)
[msquic] stream: RECEIVE bytes=52 buffers=1 pending=0
[lat] dt_ms=70.3728 cmd=down key=ENTER
[hidra] HID socket connect failed (/run/user/1000/hidra.kbd). Waiting for QEMU to listen... (set HID_SOCK or run scripts/run_qemu.sh)
[heal] key=40 heal_ms=60.0095
[hidra] HID socket connect failed (/run/user/1000/hidra.kbd). Waiting for QEMU to listen... (set HID_SOCK or run scripts/run_qemu.sh)
[msquic] stream: RECEIVE bytes=52 buffers=1 pending=0
[hidra] HID socket connect failed (/run/user/1000/hidra.kbd). Waiting for QEMU to listen... (set HID_SOCK or run scripts/run_qemu.sh)
[msquic] stream: RECEIVE bytes=52 buffers=1 pending=0
[lat] dt_ms=72.5815 cmd=up key=ENTER
[hidra] HID socket connect failed (/run/user/1000/hidra.kbd). Waiting for QEMU to listen... (set HID_SOCK or run scripts/run_qemu.sh)
[hidra] HID socket connect failed (/run/user/1000/hidra.kbd). Waiting for QEMU to listen... (set HID_SOCK or run scripts/run_qemu.sh)
[msquic] stream: RECEIVE bytes=52 buffers=1 pending=0
[hidra] HID socket connect failed (/run/user/1000/hidra.kbd). Waiting for QEMU to listen... (set HID_SOCK or run scripts/run_qemu.sh)
[msquic] stream: RECEIVE bytes=52 buffers=1 pending=0
[lat] dt_ms=51.7407 cmd=down key=p
[hidra] HID socket connect failed (/run/user/1000/hidra.kbd). Waiting for QEMU to listen... (set HID_SOCK or run scripts/run_qemu.sh)
[lat] dt_ms=75.6852 cmd=down key=a
[hidra] HID socket connect failed (/run/user/1000/hidra.kbd). Waiting for QEMU to listen... (set HID_SOCK or run scripts/run_qemu.sh)
[lat] dt_ms=64.5494 cmd=up key=a
[hidra] HID socket connect failed (/run/user/1000/hidra.kbd). Waiting for QEMU to listen... (set HID_SOCK or run scripts/run_qemu.sh)
[hidra] HID socket connect failed (/run/user/1000/hidra.kbd). Waiting for QEMU to listen... (set HID_SOCK or run scripts/run_qemu.sh)
[msquic] stream: RECEIVE bytes=52 buffers=1 pending=0
[lat] dt_ms=46.6468 cmd=up key=p
[hidra] HID socket connect failed (/run/user/1000/hidra.kbd). Waiting for QEMU to listen... (set HID_SOCK or run scripts/run_qemu.sh)
[lat] dt_ms=42.5041 cmd=down key=t
[hidra] HID socket connect failed (/run/user/1000/hidra.kbd). Waiting for QEMU to listen... (set HID_SOCK or run scripts/run_qemu.sh)
[hidra] HID socket connect failed (/run/user/1000/hidra.kbd). Waiting for QEMU to listen... (set HID_SOCK or run scripts/run_qemu.sh)
[heal] key=19 heal_ms=74.509
[hidra] HID socket connect failed (/run/user/1000/hidra.kbd). Waiting for QEMU to listen... (set HID_SOCK or run scripts/run_qemu.sh)
[msquic] stream: RECEIVE bytes=104 buffers=1 pending=0
[lat] dt_ms=54.3285 cmd=down key=ENTER
[hidra] HID socket connect failed (/run/user/1000/hidra.kbd). Waiting for QEMU to listen... (set HID_SOCK or run scripts/run_qemu.sh)
[hidra] HID socket connect failed (/run/user/1000/hidra.kbd). Waiting for QEMU to listen... (set HID_SOCK or run scripts/run_qemu.sh)
[msquic] stream: RECEIVE bytes=52 buffers=1 pending=0
[lat] dt_ms=45.9007 cmd=up key=ENTER
[hidra] HID socket connect failed (/run/user/1000/hidra.kbd). Waiting for QEMU to listen... (set HID_SOCK or run scripts/run_qemu.sh)
[hidra] HID socket connect failed (/run/user/1000/hidra.kbd). Waiting for QEMU to listen... (set HID_SOCK or run scripts/run_qemu.sh)
[msquic] stream: RECEIVE bytes=52 buffers=1 pending=0
[lat] dt_ms=80.3485 cmd=up key=t
[hidra] HID socket connect failed (/run/user/1000/hidra.kbd). Waiting for QEMU to listen... (set HID_SOCK or run scripts/run_qemu.sh)
[heal] key=4 heal_ms=131.059
[hidra] HID socket connect failed (/run/user/1000/hidra.kbd). Waiting for QEMU to listen... (set HID_SOCK or run scripts/run_qemu.sh)
[msquic] stream: RECEIVE bytes=52 buffers=1 pending=0
[hidra] HID socket connect failed (/run/user/1000/hidra.kbd). Waiting for QEMU to listen... (set HID_SOCK or run scripts/run_qemu.sh)
[msquic] stream: RECEIVE bytes=52 buffers=1 pending=0
[lat] dt_ms=62.47 cmd=down key=a
[hidra] HID socket connect failed (/run/user/1000/hidra.kbd). Waiting for QEMU to listen... (set HID_SOCK or run scripts/run_qemu.sh)
[lat] dt_ms=43.1145 cmd=down key=p
[hidra] HID socket connect failed (/run/user/1000/hidra.kbd). Waiting for QEMU to listen... (set HID_SOCK or run scripts/run_qemu.sh)
[hidra] HID socket connect failed (/run/user/1000/hidra.kbd). Waiting for QEMU to listen... (set HID_SOCK or run scripts/run_qemu.sh)
[msquic] stream: RECEIVE bytes=52 buffers=1 pending=0
[heal] key=40 heal_ms=88.939
[hidra] HID socket connect failed (/run/user/1000/hidra.kbd). Waiting for QEMU to listen... (set HID_SOCK or run scripts/run_qemu.sh)
[msquic] stream: RECEIVE bytes=52 buffers=1 pending=0
[lat] dt_ms=69.1202 cmd=up key=a
[hidra] HID socket connect failed (/run/user/1000/hidra.kbd). Waiting for QEMU to listen... (set HID_SOCK or run scripts/run_qemu.sh)
[lat] dt_ms=46.1771 cmd=down key=t
[hidra] HID socket connect failed (/run/user/1000/hidra.kbd). Waiting for QEMU to listen... (set HID_SOCK or run scripts/run_qemu.sh)
[hidra] HID socket connect failed (/run/user/1000/hidra.kbd). Waiting for QEMU to listen... (set HID_SOCK or run scripts/run_qemu.sh)
[msquic] stream: RECEIVE bytes=52 buffers=1 pending=0
[heal] key=19 heal_ms=69.4886
[hidra] HID socket connect failed (/run/user/1000/hidra.kbd). Waiting for QEMU to listen... (set HID_SOCK or run scripts/run_qemu.sh)
[hidra] HID socket connect failed (/run/user/1000/hidra.kbd). Waiting for QEMU to listen... (set HID_SOCK or run scripts/run_qemu.sh)
[msquic] stream: RECEIVE bytes=104 buffers=2 pending=0
[lat] dt_ms=74.6211 cmd=up key=p
[hidra] HID socket connect failed (/run/user/1000/hidra.kbd). Waiting for QEMU to listen... (set HID_SOCK or run scripts/run_qemu.sh)
[lat] dt_ms=48.0822 cmd=down key=ENTER
[hidra] HID socket connect failed (/run/user/1000/hidra.kbd). Waiting for QEMU to listen... (set HID_SOCK or run scripts/run_qemu.sh)
[hidra] HID socket connect failed (/run/user/1000/hidra.kbd). Waiting for QEMU to listen... (set HID_SOCK or run scripts/run_qemu.sh)
[msquic] stream: RECEIVE bytes=52 buffers=1 pending=0
[lat] dt_ms=42.9105 cmd=down key=a
[hidra] HID socket connect failed (/run/user/1000/hidra.kbd). Waiting for QEMU to listen... (set HID_SOCK or run scripts/run_qemu.sh)
[heal] key=23 heal_ms=74.6844
[hidra] HID socket connect failed (/run/user/1000/hidra.kbd). Waiting for QEMU to listen... (set HID_SOCK or run scripts/run_qemu.sh)
[msquic] stream: RECEIVE bytes=52 buffers=1 pending=0
[lat] dt_ms=77.7295 cmd=up key=t
[hidra] HID socket connect failed (/run/user/1000/hidra.kbd). Waiting for QEMU to listen... (set HID_SOCK or run scripts/run_qemu.sh)
[lat] dt_ms=58.4651 cmd=up key=ENTER
[hidra] HID socket connect failed (/run/user/1000/hidra.kbd). Waiting for QEMU to listen... (set HID_SOCK or run scripts/run_qemu.sh)
[hidra] HID socket connect failed (/run/user/1000/hidra.kbd). Waiting for QEMU to listen... (set HID_SOCK or run scripts/run_qemu.sh)
[msquic] stream: RECEIVE bytes=52 buffers=1 pending=0
[hidra] HID socket connect failed (/run/user/1000/hidra.kbd). Waiting for QEMU to listen... (set HID_SOCK or run scripts/run_qemu.sh)
[msquic] stream: RECEIVE bytes=52 buffers=1 pending=0
[hidra] HID socket connect failed (/run/user/1000/hidra.kbd). Waiting for QEMU to listen... (set HID_SOCK or run scripts/run_qemu.sh)
[msquic] stream: RECEIVE bytes=52 buffers=1 pending=0
[lat] dt_ms=41.3209 cmd=up key=p[hidra] HID socket connect failed (/run/user/1000/hidra.kbd). Waiting for QEMU to listen... (set HID_SOCK or run scripts/run_qemu.sh)
[msquic] stream: RECEIVE bytes=52
 buffers=1 pending=0
[hidra] HID socket connect failed (/run/user/1000/hidra.kbd). Waiting for QEMU to listen... (set HID_SOCK or run scripts/run_qemu.sh)
[hidra] HID socket connect failed (/run/user/1000/hidra.kbd). Waiting for QEMU to listen... (set HID_SOCK or run scripts/run_qemu.sh)
[msquic] stream: RECEIVE bytes=52 buffers=1 pending=0
[lat] dt_ms=74.8829 cmd=up key=a
[hidra] HID socket connect failed (/run/user/1000/hidra.kbd). Waiting for QEMU to listen... (set HID_SOCK or run scripts/run_qemu.sh)
[lat] dt_ms=65.2294 cmd=down key=p
[hidra] HID socket connect failed (/run/user/1000/hidra.kbd). Waiting for QEMU to listen... (set HID_SOCK or run scripts/run_qemu.sh)
[lat] dt_ms=47.4337 cmd=down key=t
[hidra] HID socket connect failed (/run/user/1000/hidra.kbd). Waiting for QEMU to listen... (set HID_SOCK or run scripts/run_qemu.sh)
[hidra] HID socket connect failed (/run/user/1000/hidra.kbd). Waiting for QEMU to listen... (set HID_SOCK or run scripts/run_qemu.sh)
[msquic] stream: RECEIVE bytes=52 buffers=1 pending=0
[lat] dt_ms=50.1558 cmd=up key=t
[hidra] HID socket connect failed (/run/user/1000/hidra.kbd). Waiting for QEMU to listen... (set HID_SOCK or run scripts/run_qemu.sh)
[hidra] HID socket connect failed (/run/user/1000/hidra.kbd). Waiting for QEMU to listen... (set HID_SOCK or run scripts/run_qemu.sh)
[msquic] stream: RECEIVE bytes=52 buffers=1 pending=0
[heal] key=19 heal_ms=85.3415
[hidra] HID socket connect failed (/run/user/1000/hidra.kbd). Waiting for QEMU to listen... (set HID_SOCK or run scripts/run_qemu.sh)
[msquic] stream: RECEIVE bytes=52 buffers=1 pending=0
[lat] dt_ms=53.1298 cmd=up key=ENTER
[hidra] HID socket connect failed (/run/user/1000/hidra.kbd). Waiting for QEMU to listen... (set HID_SOCK or run scripts/run_qemu.sh)
[lat] dt_ms=70.1012 cmd=down key=ENTER
[hidra] HID socket connect failed (/run/user/1000/hidra.kbd). Waiting for QEMU to listen... (set HID_SOCK or run scripts/run_qemu.sh)
[heal] key=23 heal_ms=80.578
[hidra] snapshot v1 mods=0x0 pressed=1
[hidra] HID socket connect failed (/run/user/1000/hidra.kbd). Waiting for QEMU to listen... (set HID_SOCK or run scripts/run_qemu.sh)
[msquic] stream: RECEIVE bytes=52 buffers=1 pending=0
[heal] key=40 heal_ms=61.891
[hidra] HID socket connect failed (/run/user/1000/hidra.kbd). Waiting for QEMU to listen... (set HID_SOCK or run scripts/run_qemu.sh)
[msquic] stream: RECEIVE bytes=52 buffers=1 pending=0
[lat] dt_ms=42.2029 cmd=up key=a
[hidra] HID socket connect failed (/run/user/1000/hidra.kbd). Waiting for QEMU to listen... (set HID_SOCK or run scripts/run_qemu.sh)
[lat] dt_ms=57.001 cmd=down key=a
[hidra] HID socket connect failed (/run/user/1000/hidra.kbd). Waiting for QEMU to listen... (set HID_SOCK or run scripts/run_qemu.sh)
[hidra] HID socket connect failed (/run/user/1000/hidra.kbd). Waiting for QEMU to listen... (set HID_SOCK or run scripts/run_qemu.sh)
[msquic] stream: RECEIVE bytes=52 buffers=1 pending=0
[hidra] HID socket connect failed (/run/user/1000/hidra.kbd). Waiting for QEMU to listen... (set HID_SOCK or run scripts/run_qemu.sh)
[msquic] stream: RECEIVE bytes=52 buffers=1 pending=0
[hidra] HID socket connect failed (/run/user/1000/hidra.kbd). Waiting for QEMU to listen... (set HID_SOCK or run scripts/run_qemu.sh)
[msquic] stream: RECEIVE bytes=52 buffers=1 pending=0
[hidra] HID socket connect failed (/run/user/1000/hidra.kbd). Waiting for QEMU to listen... (set HID_SOCK or run scripts/run_qemu.sh)
[msquic] stream: RECEIVE bytes=52 buffers=1 pending=0
[hidra] HID socket connect failed (/run/user/1000/hidra.kbd). Waiting for QEMU to listen... (set HID_SOCK or run scripts/run_qemu.sh)
[msquic] stream: RECEIVE bytes=52 buffers=1 pending=0
[lat] dt_ms=59.6741 cmd=down key=p
[hidra] HID socket connect failed (/run/user/1000/hidra.kbd). Waiting for QEMU to listen... (set HID_SOCK or run scripts/run_qemu.sh)
[heal] key=19 heal_ms=55.3275
[heal] key=4 heal_ms=76.3578
[hidra] HID socket connect failed (/run/user/1000/hidra.kbd). Waiting for QEMU to listen... (set HID_SOCK or run scripts/run_qemu.sh)
[msquic] stream: RECEIVE bytes=52 buffers=1 pending=0
[heal] key=23 heal_ms=43.5057
[hidra] HID socket connect failed (/run/user/1000/hidra.kbd). Waiting for QEMU to listen... (set HID_SOCK or run scripts/run_qemu.sh)
[hidra] HID socket connect failed (/run/user/1000/hidra.kbd). Waiting for QEMU to listen... (set HID_SOCK or run scripts/run_qemu.sh)
[msquic] stream: RECEIVE bytes=104 buffers=1 pending=0
[lat] dt_ms=69.0418 cmd=up key=p
[hidra] HID socket connect failed (/run/user/1000/hidra.kbd). Waiting for QEMU to listen... (set HID_SOCK or run scripts/run_qemu.sh)
[lat] dt_ms=61.8367 cmd=down key=t
[hidra] HID socket connect failed (/run/user/1000/hidra.kbd). Waiting for QEMU to listen... (set HID_SOCK or run scripts/run_qemu.sh)
[hidra] HID socket connect failed (/run/user/1000/hidra.kbd). Waiting for QEMU to listen... (set HID_SOCK or run scripts/run_qemu.sh)
[msquic] stream: RECEIVE bytes=52 buffers=1 pending=0
[lat] dt_ms=71.5604 cmd=up key=t
[hidra] HID socket connect failed (/run/user/1000/hidra.kbd). Waiting for QEMU to listen... (set HID_SOCK or run scripts/run_qemu.sh)
[lat] dt_ms=64.472 cmd=down key=ENTER
[hidra] HID socket connect failed (/run/user/1000/hidra.kbd). Waiting for QEMU to listen... (set HID_SOCK or run scripts/run_qemu.sh)
[hidra] HID socket connect failed (/run/user/1000/hidra.kbd). Waiting for QEMU to listen... (set HID_SOCK or run scripts/run_qemu.sh)
[msquic] stream: RECEIVE bytes=52 buffers=1 pending=0
[lat] dt_ms=55.99 cmd=up key=ENTER
[hidra] HID socket connect failed (/run/user/1000/hidra.kbd). Waiting for QEMU to listen... (set HID_SOCK or run scripts/run_qemu.sh)
[hidra] HID socket connect failed (/run/user/1000/hidra.kbd). Waiting for QEMU to listen... (set HID_SOCK or run scripts/run_qemu.sh)
[msquic] stream: RECEIVE bytes=52 buffers=1 pending=0
[hidra] HID socket connect failed (/run/user/1000/hidra.kbd). Waiting for QEMU to listen... (set HID_SOCK or run scripts/run_qemu.sh)
[msquic] stream: RECEIVE bytes=52 buffers=1 pending=0
[hidra] HID socket connect failed (/run/user/1000/hidra.kbd). Waiting for QEMU to listen... (set HID_SOCK or run scripts/run_qemu.sh)
[msquic] stream: RECEIVE bytes=52 buffers=1 pending=0
[lat] dt_ms=60.8904 cmd=up key=a
[hidra] HID socket connect failed (/run/user/1000/hidra.kbd). Waiting for QEMU to listen... (set HID_SOCK or run scripts/run_qemu.sh)
[hidra] HID socket connect failed (/run/user/1000/hidra.kbd). Waiting for QEMU to listen... (set HID_SOCK or run scripts/run_qemu.sh)
[msquic] stream: RECEIVE bytes=52 buffers=1 pending=0
[hidra] HID socket connect failed (/run/user/1000/hidra.kbd). Waiting for QEMU to listen... (set HID_SOCK or run scripts/run_qemu.sh)
[msquic] stream: RECEIVE bytes=52 buffers=1 pending=0
[hidra] HID socket connect failed (/run/user/1000/hidra.kbd). Waiting for QEMU to listen... (set HID_SOCK or run scripts/run_qemu.sh)
[msquic] stream: RECEIVE bytes=52 buffers=1 pending=0
[lat] dt_ms=70.1871 cmd=down key=p
[hidra] HID socket connect failed (/run/user/1000/hidra.kbd). Waiting for QEMU to listen... (set HID_SOCK or run scripts/run_qemu.sh)
[lat] dt_ms=54.769 cmd=down key=t
[hidra] HID socket connect failed (/run/user/1000/hidra.kbd). Waiting for QEMU to listen... (set HID_SOCK or run scripts/run_qemu.sh)
[lat] dt_ms=53.3236 cmd=up key=t
[hidra] HID socket connect failed (/run/user/1000/hidra.kbd). Waiting for QEMU to listen... (set HID_SOCK or run scripts/run_qemu.sh)
[heal] key=19 heal_ms=76.5168
[hidra] HID socket connect failed (/run/user/1000/hidra.kbd). Waiting for QEMU to listen... (set HID_SOCK or run scripts/run_qemu.sh)
[msquic] stream: RECEIVE bytes=52 buffers=1 pending=0
[lat] dt_ms=42.6291 cmd=up key=ENTER
[hidra] HID socket connect failed (/run/user/1000/hidra.kbd). Waiting for QEMU to listen... (set HID_SOCK or run scripts/run_qemu.sh)
[hidra] HID socket connect failed (/run/user/1000/hidra.kbd). Waiting for QEMU to listen... (set HID_SOCK or run scripts/run_qemu.sh)
[msquic] stream: RECEIVE bytes=52 buffers=1 pending=0
[lat] dt_ms=61.4657 cmd=down key=ENTER
[hidra] HID socket connect failed (/run/user/1000/hidra.kbd). Waiting for QEMU to listen... (set HID_SOCK or run scripts/run_qemu.sh)
[lat] dt_ms=45.0942 cmd=down key=a
[hidra] HID socket connect failed (/run/user/1000/hidra.kbd). Waiting for QEMU to listen... (set HID_SOCK or run scripts/run_qemu.sh)
[heal] key=40 heal_ms=61.5154
[hidra] HID socket connect failed (/run/user/1000/hidra.kbd). Waiting for QEMU to listen... (set HID_SOCK or run scripts/run_qemu.sh)
[msquic] stream: RECEIVE bytes=52 buffers=1 pending=0
[hidra] HID socket connect failed (/run/user/1000/hidra.kbd). Waiting for QEMU to listen... (set HID_SOCK or run scripts/run_qemu.sh)
[msquic] stream: RECEIVE bytes=52 buffers=1 pending=0
[lat] dt_ms=45.961 cmd=down key=p
[hidra] HID socket connect failed (/run/user/1000/hidra.kbd). Waiting for QEMU to listen... (set HID_SOCK or run scripts/run_qemu.sh)
[hidra] HID socket connect failed (/run/user/1000/hidra.kbd). Waiting for QEMU to listen... (set HID_SOCK or run scripts/run_qemu.sh)
[msquic] stream: RECEIVE bytes=52 buffers=1 pending=0
[hidra] HID socket connect failed (/run/user/1000/hidra.kbd). Waiting for QEMU to listen... (set HID_SOCK or run scripts/run_qemu.sh)
[msquic] stream: RECEIVE bytes=52 buffers=1 pending=0
[lat] dt_ms=75.9129 cmd=up key=a
[hidra] HID socket connect failed (/run/user/1000/hidra.kbd). Waiting for QEMU to listen... (set HID_SOCK or run scripts/run_qemu.sh)
[lat] dt_ms=61.4464 cmd=up key=p
[hidra] HID socket connect failed (/run/user/1000/hidra.kbd). Waiting for QEMU to listen... (set HID_SOCK or run scripts/run_qemu.sh)
[lat] dt_ms=51.9102 cmd=down key=t
[hidra] HID socket connect failed (/run/user/1000/hidra.kbd). Waiting for QEMU to listen... (set HID_SOCK or run scripts/run_qemu.sh)
[heal] key=23 heal_ms=127.269
[hidra] HID socket connect failed (/run/user/1000/hidra.kbd). Waiting for QEMU to listen... (set HID_SOCK or run scripts/run_qemu.sh)
[msquic] stream: RECEIVE bytes=52 buffers=1 pending=0
[lat] dt_ms=48.7363 cmd=up key=t
[hidra] HID socket connect failed (/run/user/1000/hidra.kbd). Waiting for QEMU to listen... (set HID_SOCK or run scripts/run_qemu.sh)
[lat] dt_ms=48.5484 cmd=down key=ENTER
[hidra] HID socket connect failed (/run/user/1000/hidra.kbd). Waiting for QEMU to listen... (set HID_SOCK or run scripts/run_qemu.sh)
[hidra] HID socket connect failed (/run/user/1000/hidra.kbd). Waiting for QEMU to listen... (set HID_SOCK or run scripts/run_qemu.sh)
[msquic] stream: RECEIVE bytes=52 buffers=1 pending=0
[lat] dt_ms=50.8178 cmd=up key=ENTER
[hidra] HID socket connect failed (/run/user/1000/hidra.kbd). Waiting for QEMU to listen... (set HID_SOCK or run scripts/run_qemu.sh)
[hidra] HID socket connect failed (/run/user/1000/hidra.kbd). Waiting for QEMU to listen... (set HID_SOCK or run scripts/run_qemu.sh)
[msquic] stream: RECEIVE bytes=52 buffers=1 pending=0
[heal] key=23 heal_ms=79.8647
[hidra] HID socket connect failed (/run/user/1000/hidra.kbd). Waiting for QEMU to listen... (set HID_SOCK or run scripts/run_qemu.sh)
[msquic] stream: RECEIVE bytes=52 buffers=1 pending=0
[hidra] HID socket connect failed (/run/user/1000/hidra.kbd). Waiting for QEMU to listen... (set HID_SOCK or run scripts/run_qemu.sh)
[msquic] stream: RECEIVE bytes=52 buffers=1 pending=0
[lat] dt_ms=58.1349 cmd=down key=a
[hidra] HID socket connect failed (/run/user/1000/hidra.kbd). Waiting for QEMU to listen... (set HID_SOCK or run scripts/run_qemu.sh)
[hidra] HID socket connect failed (/run/user/1000/hidra.kbd). Waiting for QEMU to listen... (set HID_SOCK or run scripts/run_qemu.sh)
[msquic] stream: RECEIVE bytes=52 buffers=1 pending=0
[hidra] HID socket connect failed (/run/user/1000/hidra.kbd). Waiting for QEMU to listen... (set HID_SOCK or run scripts/run_qemu.sh)
[msquic] stream: RECEIVE bytes=52 buffers=1 pending=0
[hidra] HID socket connect failed (/run/user/1000/hidra.kbd). Waiting for QEMU to listen... (set HID_SOCK or run scripts/run_qemu.sh)
[msquic] stream: RECEIVE bytes=52 buffers=1 pending=0
[heal] key=4 heal_ms=70.2676
[hidra] HID socket connect failed (/run/user/1000/hidra.kbd). Waiting for QEMU to listen... (set HID_SOCK or run scripts/run_qemu.sh)
[msquic] stream: RECEIVE bytes=52 buffers=1 pending=0
[lat] dt_ms=67.0571 cmd=down key=p
[hidra] HID socket connect failed (/run/user/1000/hidra.kbd). Waiting for QEMU to listen... (set HID_SOCK or run scripts/run_qemu.sh)
[hidra] HID socket connect failed (/run/user/1000/hidra.kbd). Waiting for QEMU to listen... (set HID_SOCK or run scripts/run_qemu.sh)
[msquic] stream: RECEIVE bytes=52 buffers=1 pending=0
[lat] dt_ms=49.7531 cmd=down key=t
[hidra] HID socket connect failed (/run/user/1000/hidra.kbd). Waiting for QEMU to listen... (set HID_SOCK or run scripts/run_qemu.sh)
[heal] key=19 heal_ms=70.3352
[hidra] HID socket connect failed (/run/user/1000/hidra.kbd). Waiting for QEMU to listen... (set HID_SOCK or run scripts/run_qemu.sh)
[msquic] stream: RECEIVE bytes=52 buffers=1 pending=0
[lat] dt_ms=71.383 cmd=up key=p
[hidra] HID socket connect failed (/run/user/1000/hidra.kbd). Waiting for QEMU to listen... (set HID_SOCK or run scripts/run_qemu.sh)
[hidra] HID socket connect failed (/run/user/1000/hidra.kbd). Waiting for QEMU to listen... (set HID_SOCK or run scripts/run_qemu.sh)
[msquic] stream: RECEIVE bytes=52 buffers=1 pending=0
[hidra] HID socket connect failed (/run/user/1000/hidra.kbd). Waiting for QEMU to listen... (set HID_SOCK or run scripts/run_qemu.sh)
[msquic] stream: RECEIVE bytes=52 buffers=1 pending=0
[lat] dt_ms=45.3508 cmd=up key=ENTER
[hidra] HID socket connect failed (/run/user/1000/hidra.kbd). Waiting for QEMU to listen... (set HID_SOCK or run scripts/run_qemu.sh)
[hidra] HID socket connect failed (/run/user/1000/hidra.kbd). Waiting for QEMU to listen... (set HID_SOCK or run scripts/run_qemu.sh)
[msquic] stream: RECEIVE bytes=52 buffers=1 pending=0
[lat] dt_ms=72.9784 cmd=up key=t
[hidra] HID socket connect failed (/run/user/1000/hidra.kbd). Waiting for QEMU to listen... (set HID_SOCK or run scripts/run_qemu.sh)
[heal] key=40 heal_ms=59.3715
[hidra] HID socket connect failed (/run/user/1000/hidra.kbd). Waiting for QEMU to listen... (set HID_SOCK or run scripts/run_qemu.sh)
[msquic] stream: RECEIVE bytes=52 buffers=1 pending=0
[hidra] HID socket connect failed (/run/user/1000/hidra.kbd). Waiting for QEMU to listen... (set HID_SOCK or run scripts/run_qemu.sh)
[msquic] stream: RECEIVE bytes=52 buffers=1 pending=0
[lat] dt_ms=76.2641 cmd=down key=ENTER
[hidra] HID socket connect failed (/run/user/1000/hidra.kbd). Waiting for QEMU to listen... (set HID_SOCK or run scripts/run_qemu.sh)
[lat] dt_ms=68.6523 cmd=down key=a
[hidra] HID socket connect failed (/run/user/1000/hidra.kbd). Waiting for QEMU to listen... (set HID_SOCK or run scripts/run_qemu.sh)
[lat] dt_ms=58.0795 cmd=up key=a
[hidra] HID socket connect failed (/run/user/1000/hidra.kbd). Waiting for QEMU to listen... (set HID_SOCK or run scripts/run_qemu.sh)
[hidra] HID socket connect failed (/run/user/1000/hidra.kbd). Waiting for QEMU to listen... (set HID_SOCK or run scripts/run_qemu.sh)
[msquic] stream: RECEIVE bytes=52 buffers=1 pending=0
[hidra] HID socket connect failed (/run/user/1000/hidra.kbd). Waiting for QEMU to listen... (set HID_SOCK or run scripts/run_qemu.sh)
[msquic] stream: RECEIVE bytes=52 buffers=1 pending=0
[lat] dt_ms=53.9831 cmd=down key=p
[hidra] HID socket connect failed (/run/user/1000/hidra.kbd). Waiting for QEMU to listen... (set HID_SOCK or run scripts/run_qemu.sh)
[lat] dt_ms=48.8393 cmd=up key=p
[hidra] HID socket connect failed (/run/user/1000/hidra.kbd). Waiting for QEMU to listen... (set HID_SOCK or run scripts/run_qemu.sh)
[hidra] HID socket connect failed (/run/user/1000/hidra.kbd). Waiting for QEMU to listen... (set HID_SOCK or run scripts/run_qemu.sh)
[msquic] stream: RECEIVE bytes=52 buffers=1 pending=0
[lat] dt_ms=48.3732 cmd=down key=t
[hidra] HID socket connect failed (/run/user/1000/hidra.kbd). Waiting for QEMU to listen... (set HID_SOCK or run scripts/run_qemu.sh)
[lat] dt_ms=47.2467 cmd=up key=t
[hidra] HID socket connect failed (/run/user/1000/hidra.kbd). Waiting for QEMU to listen... (set HID_SOCK or run scripts/run_qemu.sh)
[hidra] HID socket connect failed (/run/user/1000/hidra.kbd). Waiting for QEMU to listen... (set HID_SOCK or run scripts/run_qemu.sh)
[msquic] stream: RECEIVE bytes=52 buffers=1 pending=0
[hidra] HID socket connect failed (/run/user/1000/hidra.kbd). Waiting for QEMU to listen... (set HID_SOCK or run scripts/run_qemu.sh)
[msquic] stream: RECEIVE bytes=52 buffers=1 pending=0
[hidra] HID socket connect failed (/run/user/1000/hidra.kbd). Waiting for QEMU to listen... (set HID_SOCK or run scripts/run_qemu.sh)
[msquic] stream: RECEIVE bytes=52 buffers=1 pending=0
[hidra] HID socket connect failed (/run/user/1000/hidra.kbd). Waiting for QEMU to listen... (set HID_SOCK or run scripts/run_qemu.sh)
[msquic] stream: RECEIVE bytes=52 buffers=1 pending=0
[hidra] HID socket connect failed (/run/user/1000/hidra.kbd). Waiting for QEMU to listen... (set HID_SOCK or run scripts/run_qemu.sh)
[msquic] stream: RECEIVE bytes=52 buffers=1 pending=0
[hidra] HID socket connect failed (/run/user/1000/hidra.kbd). Waiting for QEMU to listen... (set HID_SOCK or run scripts/run_qemu.sh)
[msquic] stream: RECEIVE bytes=52 buffers=1 pending=0
[lat] dt_ms=74.6618 cmd=down key=ENTER
[hidra] HID socket connect failed (/run/user/1000/hidra.kbd). Waiting for QEMU to listen... (set HID_SOCK or run scripts/run_qemu.sh)
[lat] dt_ms=55.6052 cmd=down key=a
[hidra] HID socket connect failed (/run/user/1000/hidra.kbd). Waiting for QEMU to listen... (set HID_SOCK or run scripts/run_qemu.sh)
[heal] key=40 heal_ms=66.1785
[hidra] HID socket connect failed (/run/user/1000/hidra.kbd). Waiting for QEMU to listen... (set HID_SOCK or run scripts/run_qemu.sh)
[msquic] stream: RECEIVE bytes=52 buffers=1 pending=0
[lat] dt_ms=70.4752 cmd=up key=ENTER
[hidra] HID socket connect failed (/run/user/1000/hidra.kbd). Waiting for QEMU to listen... (set HID_SOCK or run scripts/run_qemu.sh)
[hidra] HID socket connect failed (/run/user/1000/hidra.kbd). Waiting for QEMU to listen... (set HID_SOCK or run scripts/run_qemu.sh)
[msquic] stream: RECEIVE bytes=52 buffers=1 pending=0
[lat] dt_ms=50.4843 cmd=down key=p
[hidra] HID socket connect failed (/run/user/1000/hidra.kbd). Waiting for QEMU to listen... (set HID_SOCK or run scripts/run_qemu.sh)
[heal] key=19 heal_ms=129.739
[hidra] HID socket connect failed (/run/user/1000/hidra.kbd). Waiting for QEMU to listen... (set HID_SOCK or run scripts/run_qemu.sh)
[msquic] stream: RECEIVE bytes=52 buffers=1 pending=0
[hidra] HID socket connect failed (/run/user/1000/hidra.kbd). Waiting for QEMU to listen... (set HID_SOCK or run scripts/run_qemu.sh)
[msquic] stream: RECEIVE bytes=52 buffers=1 pending=0
[heal] key=19 heal_ms=54.0813
[hidra] HID socket connect failed (/run/user/1000/hidra.kbd). Waiting for QEMU to listen... (set HID_SOCK or run scripts/run_qemu.sh)
[msquic] stream: RECEIVE bytes=52 buffers=1 pending=0
[lat] dt_ms=44.4635 cmd=down key=t
[hidra] HID socket connect failed (/run/user/1000/hidra.kbd). Waiting for QEMU to listen... (set HID_SOCK or run scripts/run_qemu.sh)
[lat] dt_ms=63.4708 cmd=up key=p
[hidra] HID socket connect failed (/run/user/1000/hidra.kbd). Waiting for QEMU to listen... (set HID_SOCK or run scripts/run_qemu.sh)
[hidra] HID socket connect failed (/run/user/1000/hidra.kbd). Waiting for QEMU to listen... (set HID_SOCK or run scripts/run_qemu.sh)
[msquic] stream: RECEIVE bytes=52 buffers=1 pending=0
[lat] dt_ms=56.7141 cmd=up key=t
[hidra] HID socket connect failed (/run/user/1000/hidra.kbd). Waiting for QEMU to listen... (set HID_SOCK or run scripts/run_qemu.sh)
[hidra] HID socket connect failed (/run/user/1000/hidra.kbd). Waiting for QEMU to listen... (set HID_SOCK or run scripts/run_qemu.sh)
[msquic] stream: RECEIVE bytes=52 buffers=1 pending=0
[lat] dt_ms=58.3725 cmd=down key=ENTER
[hidra] HID socket connect failed (/run/user/1000/hidra.kbd). Waiting for QEMU to listen... (set HID_SOCK or run scripts/run_qemu.sh)
[hidra] HID socket connect failed (/run/user/1000/hidra.kbd). Waiting for QEMU to listen... (set HID_SOCK or run scripts/run_qemu.sh)
[msquic] stream: RECEIVE bytes=52 buffers=1 pending=0
[lat] dt_ms=56.5937 cmd=up key=ENTER
[hidra] HID socket connect failed (/run/user/1000/hidra.kbd). Waiting for QEMU to listen... (set HID_SOCK or run scripts/run_qemu.sh)
[hidra] HID socket connect failed (/run/user/1000/hidra.kbd). Waiting for QEMU to listen... (set HID_SOCK or run scripts/run_qemu.sh)
[msquic] stream: RECEIVE bytes=52 buffers=1 pending=0
[lat] dt_ms=43.823 cmd=up key=a
[hidra] HID socket connect failed (/run/user/1000/hidra.kbd). Waiting for QEMU to listen... (set HID_SOCK or run scripts/run_qemu.sh)
[lat] dt_ms=60.5862 cmd=down key=a
[hidra] HID socket connect failed (/run/user/1000/hidra.kbd). Waiting for QEMU to listen... (set HID_SOCK or run scripts/run_qemu.sh)
[heal] key=40 heal_ms=79.5217
[hidra] HID socket connect failed (/run/user/1000/hidra.kbd). Waiting for QEMU to listen... (set HID_SOCK or run scripts/run_qemu.sh)
[msquic] stream: RECEIVE bytes=52 buffers=1 pending=0
[lat] dt_ms=41.8574 cmd=up key=p
[hidra] HID socket connect failed (/run/user/1000/hidra.kbd). Waiting for QEMU to listen... (set HID_SOCK or run scripts/run_qemu.sh)
[heal] key=4 heal_ms=71.6293
[hidra] HID socket connect failed (/run/user/1000/hidra.kbd). Waiting for QEMU to listen... (set HID_SOCK or run scripts/run_qemu.sh)
[msquic] stream: RECEIVE bytes=52 buffers=1 pending=0
[hidra] HID socket connect failed (/run/user/1000/hidra.kbd). Waiting for QEMU to listen... (set HID_SOCK or run scripts/run_qemu.sh)
[msquic] stream: RECEIVE bytes=52 buffers=1 pending=0
[lat] dt_ms=41.3456 cmd=up key=t
[hidra] HID socket connect failed (/run/user/1000/hidra.kbd). Waiting for QEMU to listen... (set HID_SOCK or run scripts/run_qemu.sh)
[hidra] HID socket connect failed (/run/user/1000/hidra.kbd). Waiting for QEMU to listen... (set HID_SOCK or run scripts/run_qemu.sh)
[hidra] HID socket connect failed (/run/user/1000/hidra.kbd). Waiting for QEMU to listen... (set HID_SOCK or run scripts/run_qemu.sh)
[msquic] stream: RECEIVE bytes=104 buffers=1 pending=0
[hidra] HID socket connect failed (/run/user/1000/hidra.kbd). Waiting for QEMU to listen... (set HID_SOCK or run scripts/run_qemu.sh)
[msquic] stream: RECEIVE bytes=52 buffers=1 pending=0
[hidra] HID socket connect failed (/run/user/1000/hidra.kbd). Waiting for QEMU to listen... (set HID_SOCK or run scripts/run_qemu.sh)
[msquic] stream: RECEIVE bytes=52 buffers=1 pending=0
[lat] dt_ms=76.1151 cmd=down key=t
[hidra] HID socket connect failed (/run/user/1000/hidra.kbd). Waiting for QEMU to listen... (set HID_SOCK or run scripts/run_qemu.sh)
[lat] dt_ms=50.0658 cmd=up key=ENTER
[hidra] HID socket connect failed (/run/user/1000/hidra.kbd). Waiting for QEMU to listen... (set HID_SOCK or run scripts/run_qemu.sh)
[hidra] HID socket connect failed (/run/user/1000/hidra.kbd). Waiting for QEMU to listen... (set HID_SOCK or run scripts/run_qemu.sh)
[msquic] stream: RECEIVE bytes=52 buffers=1 pending=0
[lat] dt_ms=49.9198 cmd=down key=a
[hidra] HID socket connect failed (/run/user/1000/hidra.kbd). Waiting for QEMU to listen... (set HID_SOCK or run scripts/run_qemu.sh)
[lat] dt_ms=73.8104 cmd=down key=ENTER
[hidra] HID socket connect failed (/run/user/1000/hidra.kbd). Waiting for QEMU to listen... (set HID_SOCK or run scripts/run_qemu.sh)
[heal] key=23 heal_ms=84.2228
[hidra] HID socket connect failed (/run/user/1000/hidra.kbd). Waiting for QEMU to listen... (set HID_SOCK or run scripts/run_qemu.sh)
[msquic] stream: RECEIVE bytes=52 buffers=1 pending=0
[hidra] HID socket connect failed (/run/user/1000/hidra.kbd). Waiting for QEMU to listen... (set HID_SOCK or run scripts/run_qemu.sh)
[msquic] stream: RECEIVE bytes=52 buffers=2 pending=0
[hidra] HID socket connect failed (/run/user/1000/hidra.kbd). Waiting for QEMU to listen... (set HID_SOCK or run scripts/run_qemu.sh)
[msquic] stream: RECEIVE bytes=52 buffers=1 pending=0
[lat] dt_ms=57.773 cmd=up key=a
[hidra] HID socket connect failed (/run/user/1000/hidra.kbd). Waiting for QEMU to listen... (set HID_SOCK or run scripts/run_qemu.sh)
[hidra] send() failed; will retry connect
[msquic] stream: RECEIVE bytes=52 buffers=1 pending=0
[lat] dt_ms=62.414 cmd=down key=p
[hidra] HID socket connect failed (/run/user/1000/hidra.kbd). Waiting for QEMU to listen... (set HID_SOCK or run scripts/run_qemu.sh)
[lat] dt_ms=41.6233 cmd=down key=t
[hidra] HID socket connect failed (/run/user/1000/hidra.kbd). Waiting for QEMU to listen... (set HID_SOCK or run scripts/run_qemu.sh)
[heal] key=19 heal_ms=137.738
[hidra] HID socket connect failed (/run/user/1000/hidra.kbd). Waiting for QEMU to listen... (set HID_SOCK or run scripts/run_qemu.sh)
[msquic] stream: RECEIVE bytes=52 buffers=1 pending=0
[hidra] HID socket connect failed (/run/user/1000/hidra.kbd). Waiting for QEMU to listen... (set HID_SOCK or run scripts/run_qemu.sh)
[msquic] stream: RECEIVE bytes=52 buffers=1 pending=0
[hidra] HID socket connect failed (/run/user/1000/hidra.kbd). Waiting for QEMU to listen... (set HID_SOCK or run scripts/run_qemu.sh)
[msquic] stream: RECEIVE bytes=52 buffers=1 pending=0
[lat] dt_ms=63.0071 cmd=up key=p
[hidra] HID socket connect failed (/run/user/1000/hidra.kbd). Waiting for QEMU to listen... (set HID_SOCK or run scripts/run_qemu.sh)
[lat] dt_ms=40.7568 cmd=down key=ENTER
[hidra] HID socket connect failed (/run/user/1000/hidra.kbd). Waiting for QEMU to listen... (set HID_SOCK or run scripts/run_qemu.sh)
[hidra] HID socket connect failed (/run/user/1000/hidra.kbd). Waiting for QEMU to listen... (set HID_SOCK or run scripts/run_qemu.sh)
[msquic] stream: RECEIVE bytes=52 buffers=1 pending=0
[lat] dt_ms=42.6116 cmd=up key=ENTER
[hidra] HID socket connect failed (/run/user/1000/hidra.kbd). Waiting for QEMU to listen... (set HID_SOCK or run scripts/run_qemu.sh)
[lat] dt_ms=75.9903 cmd=up key=t
[hidra] HID socket connect failed (/run/user/1000/hidra.kbd). Waiting for QEMU to listen... (set HID_SOCK or run scripts/run_qemu.sh)
[hidra] HID socket connect failed (/run/user/1000/hidra.kbd). Waiting for QEMU to listen... (set HID_SOCK or run scripts/run_qemu.sh)
[msquic] stream: RECEIVE bytes=52 buffers=1 pending=0
[hidra] HID socket connect failed (/run/user/1000/hidra.kbd). Waiting for QEMU to listen... (set HID_SOCK or run scripts/run_qemu.sh)
[msquic] stream: RECEIVE bytes=52 buffers=1 pending=0
[lat] dt_ms=63.3715 cmd=down key=a
[hidra] HID socket connect failed (/run/user/1000/hidra.kbd). Waiting for QEMU to listen... (set HID_SOCK or run scripts/run_qemu.sh)
[heal] key=4 heal_ms=52.5944
[heal] key=40 heal_ms=73.5429
[hidra] HID socket connect failed (/run/user/1000/hidra.kbd). Waiting for QEMU to listen... (set HID_SOCK or run scripts/run_qemu.sh)
[msquic] stream: RECEIVE bytes=52 buffers=1 pending=0
[hidra] HID socket connect failed (/run/user/1000/hidra.kbd). Waiting for QEMU to listen... (set HID_SOCK or run scripts/run_qemu.sh)
[msquic] stream: RECEIVE bytes=52 buffers=1 pending=0
[lat] dt_ms=48.5967 cmd=down key=p
[hidra] HID socket connect failed (/run/user/1000/hidra.kbd). Waiting for QEMU to listen... (set HID_SOCK or run scripts/run_qemu.sh)
[lat] dt_ms=63.0471 cmd=up key=a
[hidra] HID socket connect failed (/run/user/1000/hidra.kbd). Waiting for QEMU to listen... (set HID_SOCK or run scripts/run_qemu.sh)
[heal] key=19 heal_ms=129.202
[hidra] HID socket connect failed (/run/user/1000/hidra.kbd). Waiting for QEMU to listen... (set HID_SOCK or run scripts/run_qemu.sh)
[msquic] stream: RECEIVE bytes=52 buffers=1 pending=0
[lat] dt_ms=47.865 cmd=up key=p
[hidra] HID socket connect failed (/run/user/1000/hidra.kbd). Waiting for QEMU to listen... (set HID_SOCK or run scripts/run_qemu.sh)
[hidra] HID socket connect failed (/run/user/1000/hidra.kbd). Waiting for QEMU to listen... (set HID_SOCK or run scripts/run_qemu.sh)
[msquic] stream: RECEIVE bytes=52 buffers=1 pending=0
[lat] dt_ms=43.9638 cmd=down key=t
[hidra] HID socket connect failed (/run/user/1000/hidra.kbd). Waiting for QEMU to listen... (set HID_SOCK or run scripts/run_qemu.sh)
[heal] key=19 heal_ms=67.5395
[hidra] HID socket connect failed (/run/user/1000/hidra.kbd). Waiting for QEMU to listen... (set HID_SOCK or run scripts/run_qemu.sh)
[msquic] stream: RECEIVE bytes=52 buffers=1 pending=0
[lat] dt_ms=57.21 cmd=up key=t
[hidra] HID socket connect failed (/run/user/1000/hidra.kbd). Waiting for QEMU to listen... (set HID_SOCK or run scripts/run_qemu.sh)
[hidra] HID socket connect failed (/run/user/1000/hidra.kbd). Waiting for QEMU to listen... (set HID_SOCK or run scripts/run_qemu.sh)
[msquic] stream: RECEIVE bytes=52 buffers=1 pending=0
[hidra] HID socket connect failed (/run/user/1000/hidra.kbd). Waiting for QEMU to listen... (set HID_SOCK or run scripts/run_qemu.sh)
[msquic] stream: RECEIVE bytes=52 buffers=1 pending=0
[heal] key=23 heal_ms=76.1774
[hidra] HID socket connect failed (/run/user/1000/hidra.kbd). Waiting for QEMU to listen... (set HID_SOCK or run scripts/run_qemu.sh)
[msquic] stream: RECEIVE bytes=52 buffers=1 pending=0
[hidra] HID socket connect failed (/run/user/1000/hidra.kbd). Waiting for QEMU to listen... (set HID_SOCK or run scripts/run_qemu.sh)
[msquic] stream: RECEIVE bytes=52 buffers=1 pending=0
[lat] dt_ms=45.1518 cmd=up key=a
[hidra] HID socket connect failed (/run/user/1000/hidra.kbd). Waiting for QEMU to listen... (set HID_SOCK or run scripts/run_qemu.sh)
[lat] dt_ms=77.616 cmd=down key=ENTER
[hidra] HID socket connect failed (/run/user/1000/hidra.kbd). Waiting for QEMU to listen... (set HID_SOCK or run scripts/run_qemu.sh)
[lat] dt_ms=56.4981 cmd=down key=a
[hidra] HID socket connect failed (/run/user/1000/hidra.kbd). Waiting for QEMU to listen... (set HID_SOCK or run scripts/run_qemu.sh)
[lat] dt_ms=70.1881 cmd=up key=ENTER
[hidra] HID socket connect failed (/run/user/1000/hidra.kbd). Waiting for QEMU to listen... (set HID_SOCK or run scripts/run_qemu.sh)
[hidra] HID socket connect failed (/run/user/1000/hidra.kbd). Waiting for QEMU to listen... (set HID_SOCK or run scripts/run_qemu.sh)
[msquic] stream: RECEIVE bytes=52 buffers=1 pending=0
[lat] dt_ms=47.1495 cmd=down key=p
[hidra] HID socket connect failed (/run/user/1000/hidra.kbd). Waiting for QEMU to listen... (set HID_SOCK or run scripts/run_qemu.sh)
[hidra] HID socket connect failed (/run/user/1000/hidra.kbd). Waiting for QEMU to listen... (set HID_SOCK or run scripts/run_qemu.sh)
[msquic] stream: RECEIVE bytes=52 buffers=1 pending=0
[hidra] HID socket connect failed (/run/user/1000/hidra.kbd). Waiting for QEMU to listen... (set HID_SOCK or run scripts/run_qemu.sh)
[msquic] stream: RECEIVE bytes=52 buffers=1 pending=0
[hidra] HID socket connect failed (/run/user/1000/hidra.kbd). Waiting for QEMU to listen... (set HID_SOCK or run scripts/run_qemu.sh)
[msquic] stream: RECEIVE bytes=52 buffers=1 pending=0
[lat] dt_ms=73.2207 cmd=up key=p
[hidra] HID socket connect failed (/run/user/1000/hidra.kbd). Waiting for QEMU to listen... (set HID_SOCK or run scripts/run_qemu.sh)
[lat] dt_ms=65.6085 cmd=down key=t
[hidra] HID socket connect failed (/run/user/1000/hidra.kbd). Waiting for QEMU to listen... (set HID_SOCK or run scripts/run_qemu.sh)
[hidra] HID socket connect failed (/run/user/1000/hidra.kbd). Waiting for QEMU to listen... (set HID_SOCK or run scripts/run_qemu.sh)
[msquic] stream: RECEIVE bytes=52 buffers=1 pending=0
[lat] dt_ms=47.7205 cmd=down key=a
[hidra] HID socket connect failed (/run/user/1000/hidra.kbd). Waiting for QEMU to listen... (set HID_SOCK or run scripts/run_qemu.sh)
[lat] dt_ms=68.1533 cmd=down key=ENTER
[hidra] HID socket connect failed (/run/user/1000/hidra.kbd). Waiting for QEMU to listen... (set HID_SOCK or run scripts/run_qemu.sh)
[lat] dt_ms=78.6467 cmd=up key=t
[hidra] HID socket connect failed (/run/user/1000/hidra.kbd). Waiting for QEMU to listen... (set HID_SOCK or run scripts/run_qemu.sh)
[hidra] HID socket connect failed (/run/user/1000/hidra.kbd). Waiting for QEMU to listen... (set HID_SOCK or run scripts/run_qemu.sh)
[msquic] stream: RECEIVE bytes=52 buffers=1 pending=0
[hidra] HID socket connect failed (/run/user/1000/hidra.kbd). Waiting for QEMU to listen... (set HID_SOCK or run scripts/run_qemu.sh)
[msquic] stream: RECEIVE bytes=52 buffers=1 pending=0
[lat] dt_ms=66.4699 cmd=up key=ENTER
[hidra] HID socket connect failed (/run/user/1000/hidra.kbd). Waiting for QEMU to listen... (set HID_SOCK or run scripts/run_qemu.sh)
[hidra] HID socket connect failed (/run/user/1000/hidra.kbd). Waiting for QEMU to listen... (set HID_SOCK or run scripts/run_qemu.sh)
[msquic] stream: RECEIVE bytes=52 buffers=1 pending=0
[hidra] HID socket connect failed (/run/user/1000/hidra.kbd). Waiting for QEMU to listen... (set HID_SOCK or run scripts/run_qemu.sh)
[msquic] stream: RECEIVE bytes=52 buffers=1 pending=0
[hidra] HID socket connect failed (/run/user/1000/hidra.kbd). Waiting for QEMU to listen... (set HID_SOCK or run scripts/run_qemu.sh)
[msquic] stream: RECEIVE bytes=52 buffers=1 pending=0
[lat] dt_ms=75.0645 cmd=up key=a
[hidra] HID socket connect failed (/run/user/1000/hidra.kbd). Waiting for QEMU to listen... (set HID_SOCK or run scripts/run_qemu.sh)
[lat] dt_ms=58.3295 cmd=up key=p
[hidra] HID socket connect failed (/run/user/1000/hidra.kbd). Waiting for QEMU to listen... (set HID_SOCK or run scripts/run_qemu.sh)
[lat] dt_ms=43.6489 cmd=up key=t
[hidra] HID socket connect failed (/run/user/1000/hidra.kbd). Waiting for QEMU to listen... (set HID_SOCK or run scripts/run_qemu.sh)
[lat] dt_ms=77.9188 cmd=down key=p
[hidra] HID socket connect failed (/run/user/1000/hidra.kbd). Waiting for QEMU to listen... (set HID_SOCK or run scripts/run_qemu.sh)
[heal] key=19 heal_ms=67.789
[hidra] HID socket connect failed (/run/user/1000/hidra.kbd). Waiting for QEMU to listen... (set HID_SOCK or run scripts/run_qemu.sh)
[msquic] stream: RECEIVE bytes=52 buffers=1 pending=0
[lat] dt_ms=62.6961 cmd=down key=t
[hidra] HID socket connect failed (/run/user/1000/hidra.kbd). Waiting for QEMU to listen... (set HID_SOCK or run scripts/run_qemu.sh)
[hidra] HID socket connect failed (/run/user/1000/hidra.kbd). Waiting for QEMU to listen... (set HID_SOCK or run scripts/run_qemu.sh)
[hidra] HID socket connect failed (/run/user/1000/hidra.kbd). Waiting for QEMU to listen... (set HID_SOCK or run scripts/run_qemu.sh)
[msquic] stream: RECEIVE bytes=104 buffers=1 pending=0
[hidra] HID socket connect failed (/run/user/1000/hidra.kbd). Waiting for QEMU to listen... (set HID_SOCK or run scripts/run_qemu.sh)
[msquic] stream: RECEIVE bytes=52 buffers=1 pending=0
[lat] dt_ms=53.2363 cmd=down key=ENTER
[hidra] HID socket connect failed (/run/user/1000/hidra.kbd). Waiting for QEMU to listen... (set HID_SOCK or run scripts/run_qemu.sh)
[hidra] HID socket connect failed (/run/user/1000/hidra.kbd). Waiting for QEMU to listen... (set HID_SOCK or run scripts/run_qemu.sh)
[hidra] HID socket connect failed (/run/user/1000/hidra.kbd). Waiting for QEMU to listen... (set HID_SOCK or run scripts/run_qemu.sh)
[msquic] stream: RECEIVE bytes=104 buffers=1 pending=0
[hidra] HID socket connect failed (/run/user/1000/hidra.kbd). Waiting for QEMU to listen... (set HID_SOCK or run scripts/run_qemu.sh)
[msquic] stream: RECEIVE bytes=52 buffers=1 pending=0
[heal] key=40 heal_ms=63.9215
[hidra] HID socket connect failed (/run/user/1000/hidra.kbd). Waiting for QEMU to listen... (set HID_SOCK or run scripts/run_qemu.sh)
[msquic] stream: RECEIVE bytes=52 buffers=1 pending=0
[lat] dt_ms=65.1386 cmd=up key=ENTER
[hidra] HID socket connect failed (/run/user/1000/hidra.kbd). Waiting for QEMU to listen... (set HID_SOCK or run scripts/run_qemu.sh)
[lat] dt_ms=49.3459 cmd=up key=a
[hidra] HID socket connect failed (/run/user/1000/hidra.kbd). Waiting for QEMU to listen... (set HID_SOCK or run scripts/run_qemu.sh)
[hidra] HID socket connect failed (/run/user/1000/hidra.kbd). Waiting for QEMU to listen... (set HID_SOCK or run scripts/run_qemu.sh)
[msquic] stream: RECEIVE bytes=52 buffers=1 pending=0
[hidra] HID socket connect failed (/run/user/1000/hidra.kbd). Waiting for QEMU to listen... (set HID_SOCK or run scripts/run_qemu.sh)
[msquic] stream: RECEIVE bytes=52 buffers=1 pending=0
[hidra] HID socket connect failed (/run/user/1000/hidra.kbd). Waiting for QEMU to listen... (set HID_SOCK or run scripts/run_qemu.sh)
[msquic] stream: RECEIVE bytes=52 buffers=1 pending=0
[hidra] HID socket connect failed (/run/user/1000/hidra.kbd). Waiting for QEMU to listen... (set HID_SOCK or run scripts/run_qemu.sh)
[msquic] stream: RECEIVE bytes=52 buffers=1 pending=0
[lat] dt_ms=75.6157 cmd=down key=p
[hidra] HID socket connect failed (/run/user/1000/hidra.kbd). Waiting for QEMU to listen... (set HID_SOCK or run scripts/run_qemu.sh)
[lat] dt_ms=68.1364 cmd=up key=p
[hidra] HID socket connect failed (/run/user/1000/hidra.kbd). Waiting for QEMU to listen... (set HID_SOCK or run scripts/run_qemu.sh)
[lat] dt_ms=43.9687 cmd=down key=ENTER
[hidra] HID socket connect failed ([heal] key=4 heal_ms=96.4721
[hidra] send() failed; will retry connect
/run/user/1000/hidra.kbd). Waiting for QEMU to listen... (set HID_SOCK or run scripts/run_qemu.sh)
[msquic] stream: RECEIVE bytes=52 buffers=1 pending=0
[lat] dt_ms=74.0224 cmd=down key=t
[hidra] HID socket connect failed (/run/user/1000/hidra.kbd). Waiting for QEMU to listen... (set HID_SOCK or run scripts/run_qemu.sh)
[hidra] HID socket connect failed (/run/user/1000/hidra.kbd). Waiting for QEMU to listen... (set HID_SOCK or run scripts/run_qemu.sh)
[msquic] stream: RECEIVE bytes=52 buffers=1 pending=0
[lat] dt_ms=48.3384 cmd=up key=ENTER
[hidra] HID socket connect failed (/run/user/1000/hidra.kbd). Waiting for QEMU to listen... (set HID_SOCK or run scripts/run_qemu.sh)
[hidra] HID socket connect failed (/run/user/1000/hidra.kbd). Waiting for QEMU to listen... (set HID_SOCK or run scripts/run_qemu.sh)
[msquic] stream: RECEIVE bytes=52 buffers=1 pending=0
[hidra] HID socket connect failed (/run/user/1000/hidra.kbd). Waiting for QEMU to listen... (set HID_SOCK or run scripts/run_qemu.sh)
[msquic] stream: RECEIVE bytes=52 buffers=1 pending=0
[lat] dt_ms=77.9068 cmd=up key=t
[hidra] HID socket connect failed (/run/user/1000/hidra.kbd). Waiting for QEMU to listen... (set HID_SOCK or run scripts/run_qemu.sh)
[hidra] HID socket connect failed (/run/user/1000/hidra.kbd). Waiting for QEMU to listen... (set HID_SOCK or run scripts/run_qemu.sh)
[msquic] stream: RECEIVE bytes=52 buffers=1 pending=0
[lat] dt_ms=53.8098 cmd=down key=a
[hidra] HID socket connect failed (/run/user/1000/hidra.kbd). Waiting for QEMU to listen... (set HID_SOCK or run scripts/run_qemu.sh)
[hidra] HID socket connect failed (/run/user/1000/hidra.kbd). Waiting for QEMU to listen... (set HID_SOCK or run scripts/run_qemu.sh)
[msquic] stream: RECEIVE bytes=52 buffers=1 pending=0
[lat] dt_ms=53.6713 cmd=down key=p
[hidra] HID socket connect failed (/run/user/1000/hidra.kbd). Waiting for QEMU to listen... (set HID_SOCK or run scripts/run_qemu.sh)
[lat] dt_ms=70.2488 cmd=up key=a
[hidra] HID socket connect failed (/run/user/1000/hidra.kbd). Waiting for QEMU to listen... (set HID_SOCK or run scripts/run_qemu.sh)
[heal] key=19 heal_ms=56.9407
[hidra] HID socket connect failed (/run/user/1000/hidra.kbd). Waiting for QEMU to listen... (set HID_SOCK or run scripts/run_qemu.sh)
[msquic] stream: RECEIVE bytes=52 buffers=1 pending=0
[hidra] HID socket connect failed (/run/user/1000/hidra.kbd). Waiting for QEMU to listen... (set HID_SOCK or run scripts/run_qemu.sh)
[msquic] stream: RECEIVE bytes=52 buffers=1 pending=0
[hidra] HID socket connect failed (/run/user/1000/hidra.kbd). Waiting for QEMU to listen... (set HID_SOCK or run scripts/run_qemu.sh)
[msquic] stream: RECEIVE bytes=52 buffers=1 pending=0
[hidra] HID socket connect failed (/run/user/1000/hidra.kbd). Waiting for QEMU to listen... (set HID_SOCK or run scripts/run_qemu.sh)
[msquic] stream: RECEIVE bytes=52 buffers=1 pending=0
[lat] dt_ms=79.9014 cmd=up key=p
[hidra] HID socket connect failed (/run/user/1000/hidra.kbd). Waiting for QEMU to listen... (set HID_SOCK or run scripts/run_qemu.sh)
[lat] dt_ms=69.149 cmd=down key=t
[hidra] HID socket connect failed (/run/user/1000/hidra.kbd). Waiting for QEMU to listen... (set HID_SOCK or run scripts/run_qemu.sh)
[heal] key=23 heal_ms=60.6503
[hidra] HID socket connect failed (/run/user/1000/hidra.kbd). Waiting for QEMU to listen... (set HID_SOCK or run scripts/run_qemu.sh)
[msquic] stream: RECEIVE bytes=52 buffers=1 pending=0
[heal] key=40 heal_ms=133.217
[hidra] HID socket connect failed (/run/user/1000/hidra.kbd). Waiting for QEMU to listen... (set HID_SOCK or run scripts/run_qemu.sh)
[msquic] stream: RECEIVE bytes=52 buffers=1 pending=0
[lat] dt_ms=78.3505 cmd=up key=t
[hidra] HID socket connect failed (/run/user/1000/hidra.kbd). Waiting for QEMU to listen... (set HID_SOCK or run scripts/run_qemu.sh)
[lat] dt_ms=69.8497 cmd=down key=ENTER
[hidra] HID socket connect failed (/run/user/1000/hidra.kbd). Waiting for QEMU to listen... (set HID_SOCK or run scripts/run_qemu.sh)
[lat] dt_ms=62.6571 cmd=up key=ENTER
[hidra] HID socket connect failed (/run/user/1000/hidra.kbd). Waiting for QEMU to listen... (set HID_SOCK or run scripts/run_qemu.sh)
[lat] dt_ms=53.4196 cmd=down key=a
[hidra] HID socket connect failed (/run/user/1000/hidra.kbd). Waiting for QEMU to listen... (set HID_SOCK or run scripts/run_qemu.sh)
[hidra] HID socket connect failed (/run/user/1000/hidra.kbd). Waiting for QEMU to listen... (set HID_SOCK or run scripts/run_qemu.sh)
[msquic] stream: RECEIVE bytes=52 buffers=1 pending=0
[lat] dt_ms=52.0812 cmd=up key=a
[hidra] HID socket connect failed (/run/user/1000/hidra.kbd). Waiting for QEMU to listen... (set HID_SOCK or run scripts/run_qemu.sh)
[lat] dt_ms=51.8292 cmd=down key=p
[hidra] HID socket connect failed (/run/user/1000/hidra.kbd). Waiting for QEMU to listen... (set HID_SOCK or run scripts/run_qemu.sh)
[hidra] snapshot v1 mods=0x0 pressed=1
[hidra] HID socket connect failed (/run/user/1000/hidra.kbd). Waiting for QEMU to listen... (set HID_SOCK or run scripts/run_qemu.sh)
[msquic] stream: RECEIVE bytes=52 buffers=1 pending=0
[heal] key=4 heal_ms=70.7716
[hidra] HID socket connect failed (/run/user/1000/hidra.kbd). Waiting for QEMU to listen... (set HID_SOCK or run scripts/run_qemu.sh)
[msquic] stream: RECEIVE bytes=52 buffers=1 pending=0
[heal] key=19 heal_ms=65.3689
[hidra] HID socket connect failed (/run/user/1000/hidra.kbd). Waiting for QEMU to listen... (set HID_SOCK or run scripts/run_qemu.sh)
[msquic] stream: RECEIVE bytes=52 buffers=1 pending=0
[hidra] HID socket connect failed (/run/user/1000/hidra.kbd). Waiting for QEMU to listen... (set HID_SOCK or run scripts/run_qemu.sh)
[msquic] stream: RECEIVE bytes=52 buffers=1 pending=0
[lat] dt_ms=73.9063 cmd=up key=p
[hidra] HID socket connect failed (/run/user/1000/hidra.kbd). Waiting for QEMU to listen... (set HID_SOCK or run scripts/run_qemu.sh)
[lat] dt_ms=64.426 cmd=down key=t
[hidra] HID socket connect failed (/run/user/1000/hidra.kbd). Waiting for QEMU to listen... (set HID_SOCK or run scripts/run_qemu.sh)
[lat] dt_ms=61.2891 cmd=up key=t
[hidra] HID socket connect failed (/run/user/1000/hidra.kbd). Waiting for QEMU to listen... (set HID_SOCK or run scripts/run_qemu.sh)
[hidra] HID socket connect failed (/run/user/1000/hidra.kbd). Waiting for QEMU to listen... (set HID_SOCK or run scripts/run_qemu.sh)
[msquic] stream: RECEIVE bytes=52 buffers=1 pending=0
[heal] key=40 heal_ms=128.377
[hidra] HID socket connect failed (/run/user/1000/hidra.kbd). Waiting for QEMU to listen... (set HID_SOCK or run scripts/run_qemu.sh)
[msquic] stream: RECEIVE bytes=52 buffers=1 pending=0
[hidra] HID socket connect failed (/run/user/1000/hidra.kbd). Waiting for QEMU to listen... (set HID_SOCK or run scripts/run_qemu.sh)
[msquic] stream: RECEIVE bytes=52 buffers=1 pending=0
[lat] dt_ms=55.5171 cmd=up key=ENTER
[hidra] HID socket connect failed (/run/user/1000/hidra.kbd). Waiting for QEMU to listen... (set HID_SOCK or run scripts/run_qemu.sh)
[lat] dt_ms=53.1411 cmd=down key=a
[hidra] HID socket connect failed (/run/user/1000/hidra.kbd). Waiting for QEMU to listen... (set HID_SOCK or run scripts/run_qemu.sh)
[heal] key=4 heal_ms=44.1753
[hidra] HID socket connect failed (/run/user/1000/hidra.kbd). Waiting for QEMU to listen... (set HID_SOCK or run scripts/run_qemu.sh)
[msquic] stream: RECEIVE bytes=52 buffers=1 pending=0
[lat] dt_ms=77.0784 cmd=down key=ENTER
[hidra] HID socket connect failed (/run/user/1000/hidra.kbd). Waiting for QEMU to listen... (set HID_SOCK or run scripts/run_qemu.sh)
[heal] key=40 heal_ms=68.0163
[hidra] HID socket connect failed (/run/user/1000/hidra.kbd). Waiting for QEMU to listen... (set HID_SOCK or run scripts/run_qemu.sh)
[msquic] stream: RECEIVE bytes=52 buffers=1 pending=0
[lat] dt_ms=55.7008 cmd=up key=a
[hidra] HID socket connect failed (/run/user/1000/hidra.kbd). Waiting for QEMU to listen... (set HID_SOCK or run scripts/run_qemu.sh)
[hidra] HID socket connect failed (/run/user/1000/hidra.kbd). Waiting for QEMU to listen... (set HID_SOCK or run scripts/run_qemu.sh)
[msquic] stream: RECEIVE bytes=52 buffers=1 pending=0
[hidra] HID socket connect failed (/run/user/1000/hidra.kbd). Waiting for QEMU to listen... (set HID_SOCK or run scripts/run_qemu.sh)
[msquic] stream: RECEIVE bytes=52 buffers=1 pending=0
[lat] dt_ms=55.5546 cmd=down key=p
[hidra] HID socket connect failed (/run/user/1000/hidra.kbd). Waiting for QEMU to listen... (set HID_SOCK or run scripts/run_qemu.sh)
[heal] key=19 heal_ms=48.1382
[hidra] HID socket connect failed (/run/user/1000/hidra.kbd). Waiting for QEMU to listen... (set HID_SOCK or run scripts/run_qemu.sh)
[msquic] stream: RECEIVE bytes=52 buffers=1 pending=0
[hidra] HID socket connect failed (/run/user/1000/hidra.kbd). Waiting for QEMU to listen... (set HID_SOCK or run scripts/run_qemu.sh)
[msquic] stream: RECEIVE bytes=52 buffers=1 pending=0
[hidra] HID socket connect failed (/run/user/1000/hidra.kbd). Waiting for QEMU to listen... (set HID_SOCK or run scripts/run_qemu.sh)
[msquic] stream: RECEIVE bytes=52 buffers=1 pending=0
[lat] dt_ms=71.9302 cmd=up key=p
[hidra] HID socket connect failed (/run/user/1000/hidra.kbd). Waiting for QEMU to listen... (set HID_SOCK or run scripts/run_qemu.sh)
[heal] key=23 heal_ms=54.4246
[hidra] HID socket connect failed (/run/user/1000/hidra.kbd). Waiting for QEMU to listen... (set HID_SOCK or run scripts/run_qemu.sh)
[msquic] stream: RECEIVE bytes=52 buffers=1 pending=0
[hidra] HID socket connect failed (/run/user/1000/hidra.kbd). Waiting for QEMU to listen... (set HID_SOCK or run scripts/run_qemu.sh)
[msquic] stream: RECEIVE bytes=52 buffers=1 pending=0
[hidra] HID socket connect failed (/run/user/1000/hidra.kbd). Waiting for QEMU to listen... (set HID_SOCK or run scripts/run_qemu.sh)
[msquic] stream: RECEIVE bytes=52 buffers=1 pending=0
[lat] dt_ms=67.3178 cmd=up key=t
[hidra] HID socket connect failed (/run/user/1000/hidra.kbd). Waiting for QEMU to listen... (set HID_SOCK or run scripts/run_qemu.sh)
[lat] dt_ms=79.6637 cmd=down key=t
[hidra] HID socket connect failed (/run/user/1000/hidra.kbd). Waiting for QEMU to listen... (set HID_SOCK or run scripts/run_qemu.sh)
[lat] dt_ms=48.2903 cmd=up key=ENTER
[hidra] HID socket connect failed (/run/user/1000/hidra.kbd). Waiting for QEMU to listen... (set HID_SOCK or run scripts/run_qemu.sh)
[lat] dt_ms=64.056 cmd=down key=ENTER
[hidra] HID socket connect failed (/run/user/1000/hidra.kbd). Waiting for QEMU to listen... (set HID_SOCK or run scripts/run_qemu.sh)
[lat] dt_ms=40.8186 cmd=down key=p
[hidra] HID socket connect failed (/run/user/1000/hidra.kbd). Waiting for QEMU to listen... (set HID_SOCK or run scripts/run_qemu.sh)
[heal] key=40 heal_ms=74.1182
[hidra] HID socket connect failed (/run/user/1000/hidra.kbd). Waiting for QEMU to listen... (set HID_SOCK or run scripts/run_qemu.sh)
[msquic] stream: RECEIVE bytes=52 buffers=1 pending=0
[hidra] HID socket connect failed (/run/user/1000/hidra.kbd). Waiting for QEMU to listen... (set HID_SOCK or run scripts/run_qemu.sh)
[msquic] stream: RECEIVE bytes=52 buffers=1 pending=0
[hidra] HID socket connect failed (/run/user/1000/hidra.kbd). Waiting for QEMU to listen... (set HID_SOCK or run scripts/run_qemu.sh)
[msquic] stream: RECEIVE bytes=52 buffers=1 pending=0
[lat] dt_ms=72.5237 cmd=down key=a
[hidra] HID socket connect failed (/run/user/1000/hidra.kbd). Waiting for QEMU to listen... (set HID_SOCK or run scripts/run_qemu.sh)
[lat] dt_ms=63.1992 cmd=up key=a
[hidra] HID socket connect failed (/run/user/1000/hidra.kbd). Waiting for QEMU to listen... (set HID_SOCK or run scripts/run_qemu.sh)
[hidra] HID socket connect failed (/run/user/1000/hidra.kbd). Waiting for QEMU to listen... (set HID_SOCK or run scripts/run_qemu.sh)
[hidra] HID socket connect failed (/run/user/1000/hidra.kbd). Waiting for QEMU to listen... (set HID_SOCK or run scripts/run_qemu.sh)
[msquic] stream: RECEIVE bytes=104 buffers=1 pending=0
[lat] dt_ms=67.9884 cmd=up key=p
[hidra] HID socket connect failed (/run/user/1000/hidra.kbd). Waiting for QEMU to listen... (set HID_SOCK or run scripts/run_qemu.sh)
[hidra] progress: rx=1119 emits=1599 quic_snapshots=862 socket=[hidra] HID socket connect failed (/run/user/1000/hidra.kbd). Waiting for QEMU to listen... (set HID_SOCK or run scripts/run_qemu.sh)
waiting
[hidra] HID socket connect failed (/run/user/1000/hidra.kbd). Waiting for QEMU to listen... (set HID_SOCK or run scripts/run_qemu.sh)
[msquic] stream: RECEIVE bytes=52 buffers=1 pending=0
[hidra] HID socket connect failed (/run/user/1000/hidra.kbd). Waiting for QEMU to listen... (set HID_SOCK or run scripts/run_qemu.sh)
[msquic] stream: RECEIVE bytes=52 buffers=1 pending=0
[lat] dt_ms=76.2302 cmd=down key=t
[hidra] HID socket connect failed (/run/user/1000/hidra.kbd). Waiting for QEMU to listen... (set HID_SOCK or run scripts/run_qemu.sh)
[heal] key=23 heal_ms=77.3759
[hidra] HID socket connect failed (/run/user/1000/hidra.kbd). Waiting for QEMU to listen... (set HID_SOCK or run scripts/run_qemu.sh)
[msquic] stream: RECEIVE bytes=52 buffers=1 pending=0
[lat] dt_ms=72.1976 cmd=down key=ENTER
[hidra] HID socket connect failed (/run/user/1000/hidra.kbd). Waiting for QEMU to listen... (set HID_SOCK or run scripts/run_qemu.sh)
[hidra] HID socket connect failed (/run/user/1000/hidra.kbd). Waiting for QEMU to listen... (set HID_SOCK or run scripts/run_qemu.sh)
[msquic] stream: RECEIVE bytes=52 buffers=1 pending=0
[heal] key=4 heal_ms=132.042
[hidra] HID socket connect failed (/run/user/1000/hidra.kbd). Waiting for QEMU to listen... (set HID_SOCK or run scripts/run_qemu.sh)
[msquic] stream: RECEIVE bytes=52 buffers=2 pending=0
[lat] dt_ms=72.9297 cmd=up key=ENTER
[hidra] HID socket connect failed (/run/user/1000/hidra.kbd). Waiting for QEMU to listen... (set HID_SOCK or run scripts/run_qemu.sh)
[hidra] HID socket connect failed (/run/user/1000/hidra.kbd). Waiting for QEMU to listen... (set HID_SOCK or run scripts/run_qemu.sh)
[msquic] stream: RECEIVE bytes=52 buffers=1 pending=0
[lat] dt_ms=54.7961 cmd=up key=a
[hidra] HID socket connect failed (/run/user/1000/hidra.kbd). Waiting for QEMU to listen... (set HID_SOCK or run scripts/run_qemu.sh)
[lat] dt_ms=47.3272 cmd=down key=p
[hidra] HID socket connect failed (/run/user/1000/hidra.kbd). Waiting for QEMU to listen... (set HID_SOCK or run scripts/run_qemu.sh)
[hidra] HID socket connect failed (/run/user/1000/hidra.kbd). Waiting for QEMU to listen... (set HID_SOCK or run scripts/run_qemu.sh)
[msquic] stream: RECEIVE bytes=52 buffers=1 pending=0
[hidra] HID socket connect failed (/run/user/1000/hidra.kbd). Waiting for QEMU to listen... (set HID_SOCK or run scripts/run_qemu.sh)
[msquic] stream: RECEIVE bytes=52 buffers=1 pending=0
[lat] dt_ms=79.9165 cmd=down key=a
[hidra] HID socket connect failed (/run/user/1000/hidra.kbd). Waiting for QEMU to listen... (set HID_SOCK or run scripts/run_qemu.sh)
[lat] dt_ms=52.7195 cmd=up key=p
[hidra] HID socket connect failed (/run/user/1000/hidra.kbd). Waiting for QEMU to listen... (set HID_SOCK or run scripts/run_qemu.sh)
[lat] dt_ms=48.2085 cmd=up key=t
[hidra] HID socket connect failed (/run/user/1000/hidra.kbd). Waiting for QEMU to listen... (set HID_SOCK or run scripts/run_qemu.sh)
[heal] key=4 heal_ms=90.3788
[hidra] HID socket connect failed (/run/user/1000/hidra.kbd). Waiting for QEMU to listen... (set HID_SOCK or run scripts/run_qemu.sh)
[msquic] stream: RECEIVE bytes=52 buffers=1 pending=0
[hidra] HID socket connect failed (/run/user/1000/hidra.kbd). Waiting for QEMU to listen... (set HID_SOCK or run scripts/run_qemu.sh)
[msquic] stream: RECEIVE bytes=52 buffers=1 pending=0
[hidra] HID socket connect failed (/run/user/1000/hidra.kbd). Waiting for QEMU to listen... (set HID_SOCK or run scripts/run_qemu.sh)
[msquic] stream: RECEIVE bytes=52 buffers=1 pending=0
[lat] dt_ms=69.7173 cmd=down key=t
[hidra] HID socket connect failed (/run/user/1000/hidra.kbd). Waiting for QEMU to listen... (set HID_SOCK or run scripts/run_qemu.sh)
[lat] dt_ms=60.8919 cmd=down key=ENTER
[hidra] HID socket connect failed (/run/user/1000/hidra.kbd). Waiting for QEMU to listen... (set HID_SOCK or run scripts/run_qemu.sh)
[hidra] HID socket connect failed (/run/user/1000/hidra.kbd). Waiting for QEMU to listen... (set HID_SOCK or run scripts/run_qemu.sh)
[msquic] stream: RECEIVE bytes=52 buffers=1 pending=0
[heal] key=40 heal_ms=149.61
[hidra] HID socket connect failed (/run/user/1000/hidra.kbd). Waiting for QEMU to listen... (set HID_SOCK or run scripts/run_qemu.sh)
[msquic] stream: RECEIVE bytes=52 buffers=1 pending=0
[lat] dt_ms=56.2715 cmd=down key=a
[hidra] HID socket connect failed (/run/user/1000/hidra.kbd). Waiting for QEMU to listen... (set HID_SOCK or run scripts/run_qemu.sh)
[hidra] send() failed; will retry connect
[msquic] stream: RECEIVE bytes=52 buffers=1 pending=0
[lat] dt_ms=56.6901 cmd=up key=a
[hidra] HID socket connect failed (/run/user/1000/hidra.kbd). Waiting for QEMU to listen... (set HID_SOCK or run scripts/run_qemu.sh)
[lat] dt_ms=77.4682 cmd=up key=ENTER
[hidra] HID socket connect failed (/run/user/1000/hidra.kbd). Waiting for QEMU to listen... (set HID_SOCK or run scripts/run_qemu.sh)
[hidra] HID socket connect failed (/run/user/1000/hidra.kbd). Waiting for QEMU to listen... (set HID_SOCK or run scripts/run_qemu.sh)
[msquic] stream: RECEIVE bytes=52 buffers=1 pending=0
[hidra] HID socket connect failed (/run/user/1000/hidra.kbd). Waiting for QEMU to listen... (set HID_SOCK or run scripts/run_qemu.sh)
[msquic] stream: RECEIVE bytes=52 buffers=1 pending=0
[hidra] HID socket connect failed (/run/user/1000/hidra.kbd). Waiting for QEMU to listen... (set HID_SOCK or run scripts/run_qemu.sh)
[msquic] stream: RECEIVE bytes=52 buffers=1 pending=0
[lat] dt_ms=43.219 cmd=up key=p
[hidra] HID socket connect failed (/run/user/1000/hidra.kbd). Waiting for QEMU to listen... (set HID_SOCK or run scripts/run_qemu.sh)
[lat] dt_ms=79.8219 cmd=down key=p
[hidra] HID socket connect failed (/run/user/1000/hidra.kbd). Waiting for QEMU to listen... (set HID_SOCK or run scripts/run_qemu.sh)
[heal] key=19 heal_ms=75.7675
[hidra] HID socket connect failed (/run/user/1000/hidra.kbd). Waiting for QEMU to listen... (set HID_SOCK or run scripts/run_qemu.sh)
[msquic] stream: RECEIVE bytes=52 buffers=1 pending=0
[lat] dt_ms=71.6599 cmd=down key=t
[hidra] HID socket connect failed (/run/user/1000/hidra.kbd). Waiting for QEMU to listen... (set HID_SOCK or run scripts/run_qemu.sh)
[hidra] HID socket connect failed (/run/user/1000/hidra.kbd). Waiting for QEMU to listen... (set HID_SOCK or run scripts/run_qemu.sh)
[msquic] stream: RECEIVE bytes=52 buffers=1 pending=0
[hidra] HID socket connect failed (/run/user/1000/hidra.kbd). Waiting for QEMU to listen... (set HID_SOCK or run scripts/run_qemu.sh)
[msquic] stream: RECEIVE bytes=52 buffers=1 pending=0
[heal] key=23 heal_ms=72.9574
[hidra] HID socket connect failed (/run/user/1000/hidra.kbd). Waiting for QEMU to listen... (set HID_SOCK or run scripts/run_qemu.sh)
[msquic] stream: RECEIVE bytes=52 buffers=1 pending=0
[lat] dt_ms=75.256 cmd=up key=t
[hidra] HID socket connect failed (/run/user/1000/hidra.kbd). Waiting for QEMU to listen... (set HID_SOCK or run scripts/run_qemu.sh)
[lat] dt_ms=55.9327 cmd=up key=ENTER
[hidra] HID socket connect failed (/run/user/1000/hidra.kbd). Waiting for QEMU to listen... (set HID_SOCK or run scripts/run_qemu.sh)
[lat] dt_ms=66.6837 cmd=down key=ENTER
[hidra] HID socket connect failed (/run/user/1000/hidra.kbd). Waiting for QEMU to listen... (set HID_SOCK or run scripts/run_qemu.sh)
[hidra] HID socket connect failed (/run/user/1000/hidra.kbd). Waiting for QEMU to listen... (set HID_SOCK or run scripts/run_qemu.sh)
[msquic] stream: RECEIVE bytes=52 buffers=1 pending=0
[lat] dt_ms=42.6685 cmd=up key=a
[hidra] HID socket connect failed (/run/user/1000/hidra.kbd). Waiting for QEMU to listen... (set HID_SOCK or run scripts/run_qemu.sh)
[hidra] HID socket connect failed (/run/user/1000/hidra.kbd). Waiting for QEMU to listen... (set HID_SOCK or run scripts/run_qemu.sh)
[msquic] stream: RECEIVE bytes=52 buffers=1 pending=0
[hidra] HID socket connect failed (/run/user/1000/hidra.kbd). Waiting for QEMU to listen... (set HID_SOCK or run scripts/run_qemu.sh)
[msquic] stream: RECEIVE bytes=52 buffers=1 pending=0
[lat] dt_ms=44.4398 cmd=down key=p
[hidra] HID socket connect failed (/run/user/1000/hidra.kbd). Waiting for QEMU to listen... (set HID_SOCK or run scripts/run_qemu.sh)
[lat] dt_ms=70.7339 cmd=down key=a
[hidra] HID socket connect failed (/run/user/1000/hidra.kbd). Waiting for QEMU to listen... (set HID_SOCK or run scripts/run_qemu.sh)
[heal] key=4 heal_ms=64.7361
[hidra] HID socket connect failed (/run/user/1000/hidra.kbd). Waiting for QEMU to listen... (set HID_SOCK or run scripts/run_qemu.sh)
[msquic] stream: RECEIVE bytes=52 buffers=1 pending=0
[hidra] HID socket connect failed (/run/user/1000/hidra.kbd). Waiting for QEMU to listen... (set HID_SOCK or run scripts/run_qemu.sh)
[msquic] stream: RECEIVE bytes=52 buffers=1 pending=0
[lat] dt_ms=48.0027 cmd=down key=t
[hidra] HID socket connect failed (/run/user/1000/hidra.kbd). Waiting for QEMU to listen... (set HID_SOCK or run scripts/run_qemu.sh)
[heal] key=23 heal_ms=45.9693
[hidra] HID socket connect failed (/run/user/1000/hidra.kbd). Waiting for QEMU to listen... (set HID_SOCK or run scripts/run_qemu.sh)
[msquic] stream: RECEIVE bytes=52 buffers=1 pending=0
[lat] dt_ms=74.4848 cmd=up key=p
[hidra] HID socket connect failed (/run/user/1000/hidra.kbd). Waiting for QEMU to listen... (set HID_SOCK or run scripts/run_qemu.sh)
[hidra] HID socket connect failed (/run/user/1000/hidra.kbd). Waiting for QEMU to listen... (set HID_SOCK or run scripts/run_qemu.sh)
[msquic] stream: RECEIVE bytes=52 buffers=1 pending=0
[hidra] HID socket connect failed (/run/user/1000/hidra.kbd). Waiting for QEMU to listen... (set HID_SOCK or run scripts/run_qemu.sh)
[msquic] stream: RECEIVE bytes=52 buffers=1 pending=0
[hidra] HID socket connect failed (/run/user/1000/hidra.kbd). Waiting for QEMU to listen... (set HID_SOCK or run scripts/run_qemu.sh)
[msquic] stream: RECEIVE bytes=52 buffers=1 pending=0
[lat] dt_ms=46.2919 cmd=up key=ENTER
[hidra] HID socket connect failed (/run/user/1000/hidra.kbd). Waiting for QEMU to listen... (set HID_SOCK or run scripts/run_qemu.sh)
[lat] dt_ms=71.2329 cmd=up key=t
[hidra] HID socket connect failed (/run/user/1000/hidra.kbd). Waiting for QEMU to listen... (set HID_SOCK or run scripts/run_qemu.sh)
[hidra] HID socket connect failed (/run/user/1000/hidra.kbd). Waiting for QEMU to listen... (set HID_SOCK or run scripts/run_qemu.sh)
[msquic] stream: RECEIVE bytes=52 buffers=1 pending=0
[heal] key=40 heal_ms=60.9379
[hidra] HID socket connect failed (/run/user/1000/hidra.kbd). Waiting for QEMU to listen... (set HID_SOCK or run scripts/run_qemu.sh)
[msquic] stream: RECEIVE bytes=52 buffers=1 pending=0
[hidra] HID socket connect failed (/run/user/1000/hidra.kbd). Waiting for QEMU to listen... (set HID_SOCK or run scripts/run_qemu.sh)
[msquic] stream: RECEIVE bytes=52 buffers=1 pending=0
[lat] dt_ms=78.7409 cmd=down key=ENTER
[hidra] HID socket connect failed (/run/user/1000/hidra.kbd). Waiting for QEMU to listen... (set HID_SOCK or run scripts/run_qemu.sh)
[hidra] HID socket connect failed (/run/user/1000/hidra.kbd). Waiting for QEMU to listen... (set HID_SOCK or run scripts/run_qemu.sh)
[msquic] stream: RECEIVE bytes=52 buffers=1 pending=0
[lat] dt_ms=62.0478 cmd=down key=a
[hidra] HID socket connect failed (/run/user/1000/hidra.kbd). Waiting for QEMU to listen... (set HID_SOCK or run scripts/run_qemu.sh)
[lat] dt_ms=66.1519 cmd=up key=a
[hidra] HID socket connect failed (/run/user/1000/hidra.kbd). Waiting for QEMU to listen... (set HID_SOCK or run scripts/run_qemu.sh)
[lat] dt_ms=47.3204 cmd=up key=p
[hidra] HID socket connect failed (/run/user/1000/hidra.kbd). Waiting for QEMU to listen... (set HID_SOCK or run scripts/run_qemu.sh)
[lat] dt_ms=65.3708 cmd=down key=p
[hidra] HID socket connect failed (/run/user/1000/hidra.kbd). Waiting for QEMU to listen... (set HID_SOCK or run scripts/run_qemu.sh)
[hidra] HID socket connect failed (/run/user/1000/hidra.kbd). Waiting for QEMU to listen... (set HID_SOCK or run scripts/run_qemu.sh)
[msquic] stream: RECEIVE bytes=52 buffers=1 pending=0
[hidra] HID socket connect failed (/run/user/1000/hidra.kbd). Waiting for QEMU to listen... (set HID_SOCK or run scripts/run_qemu.sh)
[msquic] stream: RECEIVE bytes=52 buffers=1 pending=0
[hidra] HID socket connect failed (/run/user/1000/hidra.kbd). Waiting for QEMU to listen... (set HID_SOCK or run scripts/run_qemu.sh)
[msquic] stream: RECEIVE bytes=52 buffers=1 pending=0
[hidra] HID socket connect failed (/run/user/1000/hidra.kbd). Waiting for QEMU to listen... (set HID_SOCK or run scripts/run_qemu.sh)
[msquic] stream: RECEIVE bytes=52 buffers=1 pending=0
[lat] dt_ms=50.6912 cmd=up key=t
[hidra] HID socket connect failed (/run/user/1000/hidra.kbd). Waiting for QEMU to listen... (set HID_SOCK or run scripts/run_qemu.sh)
[hidra] HID socket connect failed (/run/user/1000/hidra.kbd). Waiting for QEMU to listen... (set HID_SOCK or run scripts/run_qemu.sh)
[msquic] stream: RECEIVE bytes=52 buffers=1 pending=0
[lat] dt_ms=77.5105 cmd=down key=t
[hidra] HID socket connect failed (/run/user/1000/hidra.kbd). Waiting for QEMU to listen... (set HID_SOCK or run scripts/run_qemu.sh)
[hidra] HID socket connect failed (/run/user/1000/hidra.kbd). Waiting for QEMU to listen... (set HID_SOCK or run scripts/run_qemu.sh)
[msquic] stream: RECEIVE bytes=52 buffers=1 pending=0
[lat] dt_ms=47.5755 cmd=up key=ENTER
[hidra] HID socket connect failed (/run/user/1000/hidra.kbd). Waiting for QEMU to listen... (set HID_SOCK or run scripts/run_qemu.sh)
[hidra] HID socket connect failed (/run/user/1000/hidra.kbd). Waiting for QEMU to listen... (set HID_SOCK or run scripts/run_qemu.sh)
[msquic] stream: RECEIVE bytes=52 buffers=1 pending=0
[lat] dt_ms=75.1543 cmd=down key=ENTER
[hidra] HID socket connect failed (/run/user/1000/hidra.kbd). Waiting for QEMU to listen... (set HID_SOCK or run scripts/run_qemu.sh)
[hidra] HID socket connect failed (/run/user/1000/hidra.kbd). Waiting for QEMU to listen... (set HID_SOCK or run scripts/run_qemu.sh)
[msquic] stream: RECEIVE bytes=52 buffers=1 pending=0
[hidra] HID socket connect failed (/run/user/1000/hidra.kbd). Waiting for QEMU to listen... (set HID_SOCK or run scripts/run_qemu.sh)
[msquic] stream: RECEIVE bytes=52 buffers=1 pending=0
[hidra] HID socket connect failed (/run/user/1000/hidra.kbd). Waiting for QEMU to listen... (set HID_SOCK or run scripts/run_qemu.sh)
[msquic] stream: RECEIVE bytes=52 buffers=1 pending=0
[hidra] HID socket connect failed (/run/user/1000/hidra.kbd). Waiting for QEMU to listen... (set HID_SOCK or run scripts/run_qemu.sh)
[msquic] stream: RECEIVE bytes=52 buffers=1 pending=0
[hidra] HID socket connect failed (/run/user/1000/hidra.kbd). Waiting for QEMU to listen... (set HID_SOCK or run scripts/run_qemu.sh)
[msquic] stream: RECEIVE bytes=52 buffers=1 pending=0
[hidra] HID socket connect failed (/run/user/1000/hidra.kbd). Waiting for QEMU to listen... (set HID_SOCK or run scripts/run_qemu.sh)
[msquic] stream: RECEIVE bytes=52 buffers=1 pending=0
[hidra] HID socket connect failed (/run/user/1000/hidra.kbd). Waiting for QEMU to listen... (set HID_SOCK or run scripts/run_qemu.sh)
[msquic] stream: RECEIVE bytes=52 buffers=1 pending=0
[hidra] HID socket connect failed (/run/user/1000/hidra.kbd). Waiting for QEMU to listen... (set HID_SOCK or run scripts/run_qemu.sh)
[msquic] stream: RECEIVE bytes=52 buffers=1 pending=0
[hidra] HID socket connect failed (/run/user/1000/hidra.kbd). Waiting for QEMU to listen... (set HID_SOCK or run scripts/run_qemu.sh)
[msquic] stream: RECEIVE bytes=52 buffers=1 pending=0
[hidra] HID socket connect failed (/run/user/1000/hidra.kbd). Waiting for QEMU to listen... (set HID_SOCK or run scripts/run_qemu.sh)
[msquic] stream: RECEIVE bytes=52 buffers=1 pending=0
[hidra] HID socket connect failed (/run/user/1000/hidra.kbd). Waiting for QEMU to listen... (set HID_SOCK or run scripts/run_qemu.sh)
[msquic] stream: RECEIVE bytes=52 buffers=1 pending=0
[hidra] HID socket connect failed (/run/user/1000/hidra.kbd). Waiting for QEMU to listen... (set HID_SOCK or run scripts/run_qemu.sh)
[msquic] stream: RECEIVE bytes=52 buffers=1 pending=0
[hidra] HID socket connect failed (/run/user/1000/hidra.kbd). Waiting for QEMU to listen... (set HID_SOCK or run scripts/run_qemu.sh)
[msquic] stream: RECEIVE bytes=52 buffers=1 pending=0
[hidra] HID socket connect failed (/run/user/1000/hidra.kbd). Waiting for QEMU to listen... (set HID_SOCK or run scripts/run_qemu.sh)
[msquic] stream: RECEIVE bytes=52 buffers=1 pending=0
[hidra] HID socket connect failed (/run/user/1000/hidra.kbd). Waiting for QEMU to listen... (set HID_SOCK or run scripts/run_qemu.sh)
[msquic] stream: RECEIVE bytes=52 buffers=1 pending=0
[hidra] HID socket connect failed (/run/user/1000/hidra.kbd). Waiting for QEMU to listen... (set HID_SOCK or run scripts/run_qemu.sh)
[hidra] HID socket connect failed (/run/user/1000/hidra.kbd). Waiting for QEMU to listen... (set HID_SOCK or run scripts/run_qemu.sh)
[msquic] stream: RECEIVE bytes=104 buffers=1 pending=0
[hidra] HID socket connect failed (/run/user/1000/hidra.kbd). Waiting for QEMU to listen... (set HID_SOCK or run scripts/run_qemu.sh)
[msquic] stream: RECEIVE bytes=52 buffers=1 pending=0
[hidra] HID socket connect failed (/run/user/1000/hidra.kbd). Waiting for QEMU to listen... (set HID_SOCK or run scripts/run_qemu.sh)
[msquic] stream: RECEIVE bytes=52 buffers=1 pending=0
[hidra] HID socket connect failed (/run/user/1000/hidra.kbd). Waiting for QEMU to listen... (set HID_SOCK or run scripts/run_qemu.sh)
[msquic] stream: RECEIVE bytes=52 buffers=1 pending=0
[hidra] HID socket connect failed (/run/user/1000/hidra.kbd). Waiting for QEMU to listen... (set HID_SOCK or run scripts/run_qemu.sh)
[msquic] stream: RECEIVE bytes=52 buffers=1 pending=0
[hidra] HID socket connect failed (/run/user/1000/hidra.kbd). Waiting for QEMU to listen... (set HID_SOCK or run scripts/run_qemu.sh)
[msquic] stream: RECEIVE bytes=52 buffers=1 pending=0
[hidra] HID socket connect failed (/run/user/1000/hidra.kbd). Waiting for QEMU to listen... (set HID_SOCK or run scripts/run_qemu.sh)
[msquic] stream: RECEIVE bytes=52 buffers=1 pending=0
[hidra] HID socket connect failed (/run/user/1000/hidra.kbd). Waiting for QEMU to listen... (set HID_SOCK or run scripts/run_qemu.sh)
[msquic] stream: RECEIVE bytes=52 buffers=1 pending=0
[hidra] HID socket connect failed (/run/user/1000/hidra.kbd). Waiting for QEMU to listen... (set HID_SOCK or run scripts/run_qemu.sh)
[msquic] stream: RECEIVE bytes=52 buffers=1 pending=0
[hidra] HID socket connect failed (/run/user/1000/hidra.kbd). Waiting for QEMU to listen... (set HID_SOCK or run scripts/run_qemu.sh)
[msquic] stream: RECEIVE bytes=52 buffers=1 pending=0
[hidra] HID socket connect failed (/run/user/1000/hidra.kbd). Waiting for QEMU to listen... (set HID_SOCK or run scripts/run_qemu.sh)
[msquic] stream: RECEIVE bytes=52 buffers=1 pending=0
[hidra] HID socket connect failed (/run/user/1000/hidra.kbd). Waiting for QEMU to listen... (set HID_SOCK or run scripts/run_qemu.sh)
[msquic] stream: RECEIVE bytes=52 buffers=1 pending=0
[hidra] HID socket connect failed (/run/user/1000/hidra.kbd). Waiting for QEMU to listen... (set HID_SOCK or run scripts/run_qemu.sh)
[msquic] stream: RECEIVE bytes=52 buffers=1 pending=0
[hidra] HID socket connect failed (/run/user/1000/hidra.kbd). Waiting for QEMU to listen... (set HID_SOCK or run scripts/run_qemu.sh)
[msquic] stream: RECEIVE bytes=52 buffers=1 pending=0
[hidra] HID socket connect failed (/run/user/1000/hidra.kbd). Waiting for QEMU to listen... (set HID_SOCK or run scripts/run_qemu.sh)
[msquic] stream: RECEIVE bytes=52 buffers=1 pending=0
[hidra] HID socket connect failed (/run/user/1000/hidra.kbd). Waiting for QEMU to listen... (set HID_SOCK or run scripts/run_qemu.sh)
[msquic] stream: RECEIVE bytes=52 buffers=1 pending=0
[hidra] HID socket connect failed (/run/user/1000/hidra.kbd). Waiting for QEMU to listen... (set HID_SOCK or run scripts/run_qemu.sh)
[msquic] stream: RECEIVE bytes=52 buffers=1 pending=0
[hidra] HID socket connect failed (/run/user/1000/hidra.kbd). Waiting for QEMU to listen... (set HID_SOCK or run scripts/run_qemu.sh)
[msquic] stream: RECEIVE bytes=52 buffers=1 pending=0
[hidra] HID socket connect failed (/run/user/1000/hidra.kbd). Waiting for QEMU to listen... (set HID_SOCK or run scripts/run_qemu.sh)
[msquic] stream: RECEIVE bytes=52 buffers=1 pending=0
[hidra] HID socket connect failed (/run/user/1000/hidra.kbd). Waiting for QEMU to listen... (set HID_SOCK or run scripts/run_qemu.sh)
[msquic] stream: RECEIVE bytes=52 buffers=1 pending=0
[hidra] HID socket connect failed (/run/user/1000/hidra.kbd). Waiting for QEMU to listen... (set HID_SOCK or run scripts/run_qemu.sh)
[msquic] stream: RECEIVE bytes=52 buffers=1 pending=0
[hidra] HID socket connect failed (/run/user/1000/hidra.kbd). Waiting for QEMU to listen... (set HID_SOCK or run scripts/run_qemu.sh)
[msquic] stream: RECEIVE bytes=52 buffers=1 pending=0
[hidra] HID socket connect failed (/run/user/1000/hidra.kbd). Waiting for QEMU to listen... (set HID_SOCK or run scripts/run_qemu.sh)
[msquic] stream: RECEIVE bytes=52 buffers=1 pending=0
[hidra] HID socket connect failed (/run/user/1000/hidra.kbd). Waiting for QEMU to listen... (set HID_SOCK or run scripts/run_qemu.sh)
[msquic] stream: RECEIVE bytes=52 buffers=1 pending=0
[hidra] HID socket connect failed (/run/user/1000/hidra.kbd). Waiting for QEMU to listen... (set HID_SOCK or run scripts/run_qemu.sh)
[msquic] stream: RECEIVE bytes=52 buffers=1 pending=0
[hidra] HID socket connect failed (/run/user/1000/hidra.kbd). Waiting for QEMU to listen... (set HID_SOCK or run scripts/run_qemu.sh)
[msquic] stream: RECEIVE bytes=52 buffers=1 pending=0
[hidra] HID socket connect failed (/run/user/1000/hidra.kbd). Waiting for QEMU to listen... (set HID_SOCK or run scripts/run_qemu.sh)
[hidra] HID socket connect failed (/run/user/1000/hidra.kbd). Waiting for QEMU to listen... (set HID_SOCK or run scripts/run_qemu.sh)
[msquic] stream: RECEIVE bytes=104 buffers=2 pending=0
[hidra] HID socket connect failed (/run/user/1000/hidra.kbd). Waiting for QEMU to listen... (set HID_SOCK or run scripts/run_qemu.sh)
[msquic] stream: RECEIVE bytes=52 buffers=1 pending=0
[hidra] HID socket connect failed (/run/user/1000/hidra.kbd). Waiting for QEMU to listen... (set HID_SOCK or run scripts/run_qemu.sh)
[msquic] stream: RECEIVE bytes=52 buffers=1 pending=0
[hidra] HID socket connect failed (/run/user/1000/hidra.kbd). Waiting for QEMU to listen... (set HID_SOCK or run scripts/run_qemu.sh)
[msquic] stream: RECEIVE bytes=52 buffers=1 pending=0
[hidra] HID socket connect failed (/run/user/1000/hidra.kbd). Waiting for QEMU to listen... (set HID_SOCK or run scripts/run_qemu.sh)
[msquic] stream: RECEIVE bytes=52 buffers=1 pending=0
[hidra] HID socket connect failed (/run/user/1000/hidra.kbd). Waiting for QEMU to listen... (set HID_SOCK or run scripts/run_qemu.sh)
[msquic] stream: RECEIVE bytes=52 buffers=1 pending=0
[hidra] HID socket connect failed (/run/user/1000/hidra.kbd). Waiting for QEMU to listen... (set HID_SOCK or run scripts/run_qemu.sh)
[msquic] stream: RECEIVE bytes=52 buffers=1 pending=0
[hidra] HID socket connect failed (/run/user/1000/hidra.kbd). Waiting for QEMU to listen... (set HID_SOCK or run scripts/run_qemu.sh)
[msquic] stream: RECEIVE bytes=52 buffers=1 pending=0
[hidra] HID socket connect failed (/run/user/1000/hidra.kbd). Waiting for QEMU to listen... (set HID_SOCK or run scripts/run_qemu.sh)
[msquic] stream: RECEIVE bytes=52 buffers=1 pending=0
[hidra] HID socket connect failed (/run/user/1000/hidra.kbd). Waiting for QEMU to listen... (set HID_SOCK or run scripts/run_qemu.sh)
[msquic] stream: RECEIVE bytes=52 buffers=1 pending=0
[hidra] HID socket connect failed (/run/user/1000/hidra.kbd). Waiting for QEMU to listen... (set HID_SOCK or run scripts/run_qemu.sh)
[msquic] stream: RECEIVE bytes=52 buffers=1 pending=0
[hidra] HID socket connect failed (/run/user/1000/hidra.kbd). Waiting for QEMU to listen... (set HID_SOCK or run scripts/run_qemu.sh)
[msquic] stream: RECEIVE bytes=52 buffers=1 pending=0
[hidra] HID socket connect failed (/run/user/1000/hidra.kbd). Waiting for QEMU to listen... (set HID_SOCK or run scripts/run_qemu.sh)
[msquic] stream: RECEIVE bytes=52 buffers=1 pending=0
[hidra] HID socket connect failed (/run/user/1000/hidra.kbd). Waiting for QEMU to listen... (set HID_SOCK or run scripts/run_qemu.sh)
[msquic] stream: RECEIVE bytes=52 buffers=1 pending=0
[hidra] snapshot v1 mods=0x0 pressed=0
[hidra] HID socket connect failed (/run/user/1000/hidra.kbd). Waiting for QEMU to listen... (set HID_SOCK or run scripts/run_qemu.sh)
[msquic] stream: RECEIVE bytes=52 buffers=1 pending=0
[hidra] HID socket connect failed (/run/user/1000/hidra.kbd). Waiting for QEMU to listen... (set HID_SOCK or run scripts/run_qemu.sh)
[msquic] stream: RECEIVE bytes=52 buffers=1 pending=0
[hidra] HID socket connect failed (/run/user/1000/hidra.kbd). Waiting for QEMU to listen... (set HID_SOCK or run scripts/run_qemu.sh)
[msquic] stream: RECEIVE bytes=52 buffers=1 pending=0
[hidra] HID socket connect failed (/run/user/1000/hidra.kbd). Waiting for QEMU to listen... (set HID_SOCK or run scripts/run_qemu.sh)
[msquic] stream: RECEIVE bytes=52 buffers=1 pending=0
[hidra] HID socket connect failed (/run/user/1000/hidra.kbd). Waiting for QEMU to listen... (set HID_SOCK or run scripts/run_qemu.sh)
[msquic] stream: RECEIVE bytes=52 buffers=1 pending=0
[hidra] HID socket connect failed (/run/user/1000/hidra.kbd). Waiting for QEMU to listen... (set HID_SOCK or run scripts/run_qemu.sh)
[msquic] stream: RECEIVE bytes=52 buffers=1 pending=0
[hidra] HID socket connect failed (/run/user/1000/hidra.kbd). Waiting for QEMU to listen... (set HID_SOCK or run scripts/run_qemu.sh)
[msquic] stream: RECEIVE bytes=52 buffers=1 pending=0
[hidra] HID socket connect failed (/run/user/1000/hidra.kbd). Waiting for QEMU to listen... (set HID_SOCK or run scripts/run_qemu.sh)
[msquic] stream: RECEIVE bytes=52 buffers=1 pending=0
[hidra] HID socket connect failed (/run/user/1000/hidra.kbd). Waiting for QEMU to listen... (set HID_SOCK or run scripts/run_qemu.sh)
[msquic] stream: RECEIVE bytes=52 buffers=1 pending=0
[hidra] HID socket connect failed (/run/user/1000/hidra.kbd). Waiting for QEMU to listen... (set HID_SOCK or run scripts/run_qemu.sh)
[msquic] stream: RECEIVE bytes=52 buffers=1 pending=0
[hidra] HID socket connect failed (/run/user/1000/hidra.kbd). Waiting for QEMU to listen... (set HID_SOCK or run scripts/run_qemu.sh)
[msquic] stream: RECEIVE bytes=52 buffers=1 pending=0
[hidra] HID socket connect failed (/run/user/1000/hidra.kbd). Waiting for QEMU to listen... (set HID_SOCK or run scripts/run_qemu.sh)
[msquic] stream: RECEIVE bytes=52 buffers=1 pending=0
[hidra] HID socket connect failed (/run/user/1000/hidra.kbd). Waiting for QEMU to listen... (set HID_SOCK or run scripts/run_qemu.sh)
[msquic] stream: RECEIVE bytes=52 buffers=1 pending=0
[hidra] HID socket connect failed (/run/user/1000/hidra.kbd). Waiting for QEMU to listen... (set HID_SOCK or run scripts/run_qemu.sh)
[msquic] stream: RECEIVE bytes=52 buffers=1 pending=0
[hidra] HID socket connect failed (/run/user/1000/hidra.kbd). Waiting for QEMU to listen... (set HID_SOCK or run scripts/run_qemu.sh)
[msquic] stream: RECEIVE bytes=52 buffers=1 pending=0
[hidra] HID socket connect failed (/run/user/1000/hidra.kbd). Waiting for QEMU to listen... (set HID_SOCK or run scripts/run_qemu.sh)
[msquic] stream: RECEIVE bytes=52 buffers=1 pending=0
[hidra] HID socket connect failed (/run/user/1000/hidra.kbd). Waiting for QEMU to listen... (set HID_SOCK or run scripts/run_qemu.sh)
[msquic] stream: RECEIVE bytes=52 buffers=1 pending=0
[hidra] HID socket connect failed (/run/user/1000/hidra.kbd). Waiting for QEMU to listen... (set HID_SOCK or run scripts/run_qemu.sh)
[hidra] HID socket connect failed (/run/user/1000/hidra.kbd). Waiting for QEMU to listen... (set HID_SOCK or run scripts/run_qemu.sh)
[msquic] stream: RECEIVE bytes=104 buffers=1 pending=0
[hidra] HID socket connect failed (/run/user/1000/hidra.kbd). Waiting for QEMU to listen... (set HID_SOCK or run scripts/run_qemu.sh)
[msquic] stream: RECEIVE bytes=52 buffers=1 pending=0
[hidra] HID socket connect failed (/run/user/1000/hidra.kbd). Waiting for QEMU to listen... (set HID_SOCK or run scripts/run_qemu.sh)
[msquic] stream: RECEIVE bytes=52 buffers=1 pending=0
[hidra] HID socket connect failed (/run/user/1000/hidra.kbd). Waiting for QEMU to listen... (set HID_SOCK or run scripts/run_qemu.sh)
[hidra] HID socket connect failed (/run/user/1000/hidra.kbd). Waiting for QEMU to listen... (set HID_SOCK or run scripts/run_qemu.sh)
[msquic] stream: RECEIVE bytes=104 buffers=1 pending=0
[hidra] HID socket connect failed (/run/user/1000/hidra.kbd). Waiting for QEMU to listen... (set HID_SOCK or run scripts/run_qemu.sh)
[msquic] stream: RECEIVE bytes=52 buffers=1 pending=0
[hidra] HID socket connect failed (/run/user/1000/hidra.kbd). Waiting for QEMU to listen... (set HID_SOCK or run scripts/run_qemu.sh)
[hidra] HID socket connect failed (/run/user/1000/hidra.kbd). Waiting for QEMU to listen... (set HID_SOCK or run scripts/run_qemu.sh)
[msquic] stream: RECEIVE bytes=104 buffers=1 pending=0
[hidra] HID socket connect failed (/run/user/1000/hidra.kbd). Waiting for QEMU to listen... (set HID_SOCK or run scripts/run_qemu.sh)
[msquic] stream: RECEIVE bytes=52 buffers=1 pending=0
[hidra] HID socket connect failed (/run/user/1000/hidra.kbd). Waiting for QEMU to listen... (set HID_SOCK or run scripts/run_qemu.sh)
[msquic] stream: RECEIVE bytes=52 buffers=1 pending=0
[hidra] HID socket connect failed (/run/user/1000/hidra.kbd). Waiting for QEMU to listen... (set HID_SOCK or run scripts/run_qemu.sh)
[msquic] stream: RECEIVE bytes=52 buffers=1 pending=0
[hidra] HID socket connect failed (/run/user/1000/hidra.kbd). Waiting for QEMU to listen... (set HID_SOCK or run scripts/run_qemu.sh)
[msquic] stream: RECEIVE bytes=52 buffers=1 pending=0
[hidra] HID socket connect failed (/run/user/1000/hidra.kbd). Waiting for QEMU to listen... (set HID_SOCK or run scripts/run_qemu.sh)
[msquic] stream: RECEIVE bytes=52 buffers=1 pending=0
[hidra] HID socket connect failed (/run/user/1000/hidra.kbd). Waiting for QEMU to listen... (set HID_SOCK or run scripts/run_qemu.sh)
[msquic] stream: RECEIVE bytes=52 buffers=1 pending=0
[hidra] HID socket connect failed (/run/user/1000/hidra.kbd). Waiting for QEMU to listen... (set HID_SOCK or run scripts/run_qemu.sh)
[msquic] stream: RECEIVE bytes=52 buffers=1 pending=0
[hidra] HID socket connect failed (/run/user/1000/hidra.kbd). Waiting for QEMU to listen... (set HID_SOCK or run scripts/run_qemu.sh)
[msquic] stream: RECEIVE bytes=52 buffers=1 pending=0
[hidra] HID socket connect failed (/run/user/1000/hidra.kbd). Waiting for QEMU to listen... (set HID_SOCK or run scripts/run_qemu.sh)
[msquic] stream: RECEIVE bytes=52 buffers=1 pending=0
[hidra] HID socket connect failed (/run/user/1000/hidra.kbd). Waiting for QEMU to listen... (set HID_SOCK or run scripts/run_qemu.sh)
[msquic] stream: RECEIVE bytes=52 buffers=1 pending=0
[hidra] HID socket connect failed (/run/user/1000/hidra.kbd). Waiting for QEMU to listen... (set HID_SOCK or run scripts/run_qemu.sh)
[msquic] stream: RECEIVE bytes=52 buffers=1 pending=0
[hidra] HID socket connect failed (/run/user/1000/hidra.kbd). Waiting for QEMU to listen... (set HID_SOCK or run scripts/run_qemu.sh)
[msquic] stream: RECEIVE bytes=52 buffers=1 pending=0
[hidra] HID socket connect failed (/run/user/1000/hidra.kbd). Waiting for QEMU to listen... (set HID_SOCK or run scripts/run_qemu.sh)
[msquic] stream: RECEIVE bytes=52 buffers=1 pending=0
[hidra] HID socket connect failed (/run/user/1000/hidra.kbd). Waiting for QEMU to listen... (set HID_SOCK or run scripts/run_qemu.sh)
[msquic] stream: RECEIVE bytes=52 buffers=1 pending=0
[hidra] HID socket connect failed (/run/user/1000/hidra.kbd). Waiting for QEMU to listen... (set HID_SOCK or run scripts/run_qemu.sh)
[msquic] stream: RECEIVE bytes=52 buffers=1 pending=0
[hidra] HID socket connect failed (/run/user/1000/hidra.kbd). Waiting for QEMU to listen... (set HID_SOCK or run scripts/run_qemu.sh)
[msquic] stream: RECEIVE bytes=52 buffers=1 pending=0
[hidra] HID socket connect failed (/run/user/1000/hidra.kbd). Waiting for QEMU to listen... (set HID_SOCK or run scripts/run_qemu.sh)
[msquic] stream: RECEIVE bytes=52 buffers=1 pending=0
[hidra] HID socket connect failed (/run/user/1000/hidra.kbd). Waiting for QEMU to listen... (set HID_SOCK or run scripts/run_qemu.sh)
[msquic] stream: RECEIVE bytes=52 buffers=1 pending=0
[hidra] HID socket connect failed (/run/user/1000/hidra.kbd). Waiting for QEMU to listen... (set HID_SOCK or run scripts/run_qemu.sh)
[msquic] stream: RECEIVE bytes=52 buffers=1 pending=0
[hidra] HID socket connect failed (/run/user/1000/hidra.kbd). Waiting for QEMU to listen... (set HID_SOCK or run scripts/run_qemu.sh)
[msquic] stream: RECEIVE bytes=52 buffers=1 pending=0
[hidra] HID socket connect failed (/run/user/1000/hidra.kbd). Waiting for QEMU to listen... (set HID_SOCK or run scripts/run_qemu.sh)
[msquic] stream: RECEIVE bytes=52 buffers=1 pending=0
[hidra] HID socket connect failed (/run/user/1000/hidra.kbd). Waiting for QEMU to listen... (set HID_SOCK or run scripts/run_qemu.sh)
[msquic] stream: RECEIVE bytes=52 buffers=1 pending=0
[hidra] HID socket connect failed (/run/user/1000/hidra.kbd). Waiting for QEMU to listen... (set HID_SOCK or run scripts/run_qemu.sh)
[msquic] stream: RECEIVE bytes=52 buffers=1 pending=0
[hidra] HID socket connect failed (/run/user/1000/hidra.kbd). Waiting for QEMU to listen... (set HID_SOCK or run scripts/run_qemu.sh)
[msquic] stream: RECEIVE bytes=52 buffers=1 pending=0
[hidra] HID socket connect failed (/run/user/1000/hidra.kbd). Waiting for QEMU to listen... (set HID_SOCK or run scripts/run_qemu.sh)
[msquic] stream: RECEIVE bytes=52 buffers=1 pending=0
[hidra] HID socket connect failed (/run/user/1000/hidra.kbd). Waiting for QEMU to listen... (set HID_SOCK or run scripts/run_qemu.sh)
[msquic] stream: RECEIVE bytes=52 buffers=1 pending=0
[hidra] HID socket connect failed (/run/user/1000/hidra.kbd). Waiting for QEMU to listen... (set HID_SOCK or run scripts/run_qemu.sh)
[msquic] stream: RECEIVE bytes=52 buffers=1 pending=0
[hidra] HID socket connect failed (/run/user/1000/hidra.kbd). Waiting for QEMU to listen... (set HID_SOCK or run scripts/run_qemu.sh)
[msquic] stream: RECEIVE bytes=52 buffers=1 pending=0
[hidra] HID socket connect failed (/run/user/1000/hidra.kbd). Waiting for QEMU to listen... (set HID_SOCK or run scripts/run_qemu.sh)
[msquic] stream: RECEIVE bytes=52 buffers=1 pending=0
[hidra] HID socket connect failed (/run/user/1000/hidra.kbd). Waiting for QEMU to listen... (set HID_SOCK or run scripts/run_qemu.sh)
[msquic] stream: RECEIVE bytes=52 buffers=1 pending=0
[hidra] HID socket connect failed (/run/user/1000/hidra.kbd). Waiting for QEMU to listen... (set HID_SOCK or run scripts/run_qemu.sh)
[msquic] stream: RECEIVE bytes=52 buffers=1 pending=0
[hidra] HID socket connect failed (/run/user/1000/hidra.kbd). Waiting for QEMU to listen... (set HID_SOCK or run scripts/run_qemu.sh)
[msquic] stream: RECEIVE bytes=52 buffers=1 pending=0
[hidra] HID socket connect failed (/run/user/1000/hidra.kbd). Waiting for QEMU to listen... (set HID_SOCK or run scripts/run_qemu.sh)
[msquic] stream: RECEIVE bytes=52 buffers=1 pending=0
[hidra] HID socket connect failed (/run/user/1000/hidra.kbd). Waiting for QEMU to listen... (set HID_SOCK or run scripts/run_qemu.sh)
[msquic] stream: RECEIVE bytes=52 buffers=1 pending=0
[hidra] HID socket connect failed (/run/user/1000/hidra.kbd). Waiting for QEMU to listen... (set HID_SOCK or run scripts/run_qemu.sh)
[msquic] stream: RECEIVE bytes=52 buffers=1 pending=0
[hidra] HID socket connect failed (/run/user/1000/hidra.kbd). Waiting for QEMU to listen... (set HID_SOCK or run scripts/run_qemu.sh)
[msquic] stream: RECEIVE bytes=52 buffers=1 pending=0
[hidra] HID socket connect failed (/run/user/1000/hidra.kbd). Waiting for QEMU to listen... (set HID_SOCK or run scripts/run_qemu.sh)
[msquic] stream: RECEIVE bytes=52 buffers=1 pending=0
[hidra] HID socket connect failed (/run/user/1000/hidra.kbd). Waiting for QEMU to listen... (set HID_SOCK or run scripts/run_qemu.sh)
[msquic] stream: RECEIVE bytes=52 buffers=1 pending=0
[hidra] HID socket connect failed (/run/user/1000/hidra.kbd). Waiting for QEMU to listen... (set HID_SOCK or run scripts/run_qemu.sh)
[msquic] stream: RECEIVE bytes=52 buffers=1 pending=0
[hidra] HID socket connect failed (/run/user/1000/hidra.kbd). Waiting for QEMU to listen... (set HID_SOCK or run scripts/run_qemu.sh)
[msquic] stream: RECEIVE bytes=52 buffers=1 pending=0
[hidra] HID socket connect failed (/run/user/1000/hidra.kbd). Waiting for QEMU to listen... (set HID_SOCK or run scripts/run_qemu.sh)
[hidra] HID socket connect failed (/run/user/1000/hidra.kbd). Waiting for QEMU to listen... (set HID_SOCK or run scripts/run_qemu.sh)
[msquic] stream: RECEIVE bytes=104 buffers=1 pending=0
[hidra] HID socket connect failed (/run/user/1000/hidra.kbd). Waiting for QEMU to listen... (set HID_SOCK or run scripts/run_qemu.sh)
[msquic] stream: RECEIVE bytes=52 buffers=1 pending=0
[hidra] HID socket connect failed (/run/user/1000/hidra.kbd). Waiting for QEMU to listen... (set HID_SOCK or run scripts/run_qemu.sh)
[msquic] stream: RECEIVE bytes=52 buffers=1 pending=0
[hidra] HID socket connect failed (/run/user/1000/hidra.kbd). Waiting for QEMU to listen... (set HID_SOCK or run scripts/run_qemu.sh)
[msquic] stream: RECEIVE bytes=52 buffers=1 pending=0
[hidra] HID socket connect failed (/run/user/1000/hidra.kbd). Waiting for QEMU to listen... (set HID_SOCK or run scripts/run_qemu.sh)
[msquic] stream: RECEIVE bytes=52 buffers=1 pending=0
[hidra] HID socket connect failed (/run/user/1000/hidra.kbd). Waiting for QEMU to listen... (set HID_SOCK or run scripts/run_qemu.sh)
[msquic] stream: RECEIVE bytes=52 buffers=1 pending=0
[hidra] HID socket connect failed (/run/user/1000/hidra.kbd). Waiting for QEMU to listen... (set HID_SOCK or run scripts/run_qemu.sh)
[msquic] stream: RECEIVE bytes=52 buffers=1 pending=0
[hidra] HID socket connect failed (/run/user/1000/hidra.kbd). Waiting for QEMU to listen... (set HID_SOCK or run scripts/run_qemu.sh)
[msquic] stream: RECEIVE bytes=52 buffers=1 pending=0
[hidra] HID socket connect failed (/run/user/1000/hidra.kbd). Waiting for QEMU to listen... (set HID_SOCK or run scripts/run_qemu.sh)
[msquic] stream: RECEIVE bytes=52 buffers=1 pending=0
[hidra] HID socket connect failed (/run/user/1000/hidra.kbd). Waiting for QEMU to listen... (set HID_SOCK or run scripts/run_qemu.sh)
[msquic] stream: RECEIVE bytes=52 buffers=1 pending=0
[hidra] HID socket connect failed (/run/user/1000/hidra.kbd). Waiting for QEMU to listen... (set HID_SOCK or run scripts/run_qemu.sh)
[msquic] stream: RECEIVE bytes=52 buffers=1 pending=0
[hidra] HID socket connect failed (/run/user/1000/hidra.kbd). Waiting for QEMU to listen... (set HID_SOCK or run scripts/run_qemu.sh)
[msquic] stream: RECEIVE bytes=52 buffers=1 pending=0
[hidra] HID socket connect failed (/run/user/1000/hidra.kbd). Waiting for QEMU to listen... (set HID_SOCK or run scripts/run_qemu.sh)
[msquic] stream: RECEIVE bytes=52 buffers=1 pending=0
[hidra] HID socket connect failed (/run/user/1000/hidra.kbd). Waiting for QEMU to listen... (set HID_SOCK or run scripts/run_qemu.sh)
[msquic] stream: RECEIVE bytes=52 buffers=1 pending=0
[hidra] HID socket connect failed (/run/user/1000/hidra.kbd). Waiting for QEMU to listen... (set HID_SOCK or run scripts/run_qemu.sh)
[msquic] stream: RECEIVE bytes=52 buffers=1 pending=0
[hidra] HID socket connect failed (/run/user/1000/hidra.kbd). Waiting for QEMU to listen... (set HID_SOCK or run scripts/run_qemu.sh)
[msquic] stream: RECEIVE bytes=52 buffers=1 pending=0
[hidra] HID socket connect failed (/run/user/1000/hidra.kbd). Waiting for QEMU to listen... (set HID_SOCK or run scripts/run_qemu.sh)
[msquic] stream: RECEIVE bytes=52 buffers=1 pending=0
[hidra] HID socket connect failed (/run/user/1000/hidra.kbd). Waiting for QEMU to listen... (set HID_SOCK or run scripts/run_qemu.sh)
[msquic] stream: RECEIVE bytes=52 buffers=1 pending=0
[hidra] HID socket connect failed (/run/user/1000/hidra.kbd). Waiting for QEMU to listen... (set HID_SOCK or run scripts/run_qemu.sh)
[msquic] stream: RECEIVE bytes=52 buffers=1 pending=0
[hidra] HID socket connect failed (/run/user/1000/hidra.kbd). Waiting for QEMU to listen... (set HID_SOCK or run scripts/run_qemu.sh)
[msquic] stream: RECEIVE bytes=52 buffers=1 pending=0
[hidra] HID socket connect failed (/run/user/1000/hidra.kbd). Waiting for QEMU to listen... (set HID_SOCK or run scripts/run_qemu.sh)
[msquic] stream: RECEIVE bytes=52 buffers=1 pending=0
[hidra] HID socket connect failed (/run/user/1000/hidra.kbd). Waiting for QEMU to listen... (set HID_SOCK or run scripts/run_qemu.sh)
[msquic] stream: RECEIVE bytes=52 buffers=1 pending=0
[hidra] HID socket connect failed (/run/user/1000/hidra.kbd). Waiting for QEMU to listen... (set HID_SOCK or run scripts/run_qemu.sh)
[msquic] stream: RECEIVE bytes=52 buffers=1 pending=0
[hidra] HID socket connect failed (/run/user/1000/hidra.kbd). Waiting for QEMU to listen... (set HID_SOCK or run scripts/run_qemu.sh)
[msquic] stream: RECEIVE bytes=52 buffers=1 pending=0
[hidra] HID socket connect failed (/run/user/1000/hidra.kbd). Waiting for QEMU to listen... (set HID_SOCK or run scripts/run_qemu.sh)
[msquic] stream: RECEIVE bytes=52 buffers=1 pending=0
[hidra] HID socket connect failed (/run/user/1000/hidra.kbd). Waiting for QEMU to listen... (set HID_SOCK or run scripts/run_qemu.sh)
[msquic] stream: RECEIVE bytes=52 buffers=1 pending=0
[hidra] HID socket connect failed (/run/user/1000/hidra.kbd). Waiting for QEMU to listen... (set HID_SOCK or run scripts/run_qemu.sh)
[msquic] stream: RECEIVE bytes=52 buffers=1 pending=0
[hidra] HID socket connect failed (/run/user/1000/hidra.kbd). Waiting for QEMU to listen... (set HID_SOCK or run scripts/run_qemu.sh)
[msquic] stream: RECEIVE bytes=52 buffers=1 pending=0
[hidra] HID socket connect failed (/run/user/1000/hidra.kbd). Waiting for QEMU to listen... (set HID_SOCK or run scripts/run_qemu.sh)
[msquic] stream: RECEIVE bytes=52 buffers=1 pending=0
[hidra] HID socket connect failed (/run/user/1000/hidra.kbd). Waiting for QEMU to listen... (set HID_SOCK or run scripts/run_qemu.sh)
[msquic] stream: RECEIVE bytes=52 buffers=1 pending=0
[hidra] HID socket connect failed (/run/user/1000/hidra.kbd). Waiting for QEMU to listen... (set HID_SOCK or run scripts/run_qemu.sh)
[msquic] stream: RECEIVE bytes=52 buffers=1 pending=0
[hidra] HID socket connect failed (/run/user/1000/hidra.kbd). Waiting for QEMU to listen... (set HID_SOCK or run scripts/run_qemu.sh)
[msquic] stream: RECEIVE bytes=52 buffers=1 pending=0
[msquic] connection: SHUTDOWN_BY_PEER error_code=0
[msquic] connection: SHUTDOWN_COMPLETE handshake_completed=0 peer_ack=0 app_close_in_progress=0
[msquic] connection: SHUTDOWN_COMPLETE handshake_completed=1 peer_ack=1 app_close_in_progress=1
[msquic] connection: CONNECTED
[msquic] connection: PEER_STREAM_STARTED
[hidra] HID socket connect failed (/run/user/1000/hidra.kbd). Waiting for QEMU to listen... (set HID_SOCK or run scripts/run_qemu.sh)
[msquic] stream: RECEIVE bytes=52 buffers=1 pending=0
[hidra] HID socket connect failed (/run/user/1000/hidra.kbd). Waiting for QEMU to listen... (set HID_SOCK or run scripts/run_qemu.sh)
[msquic] stream: RECEIVE bytes=52 buffers=1 pending=0
[hidra] HID socket connect failed (/run/user/1000/hidra.kbd). Waiting for QEMU to listen... (set HID_SOCK or run scripts/run_qemu.sh)
[msquic] stream: RECEIVE bytes=52 buffers=1 pending=0
[hidra] HID socket connect failed (/run/user/1000/hidra.kbd). Waiting for QEMU to listen... (set HID_SOCK or run scripts/run_qemu.sh)
[msquic] stream: RECEIVE bytes=52 buffers=1 pending=0
[hidra] HID socket connect failed (/run/user/1000/hidra.kbd). Waiting for QEMU to listen... (set HID_SOCK or run scripts/run_qemu.sh)
[msquic] stream: RECEIVE bytes=52 buffers=1 pending=0
[hidra] HID socket connect failed (/run/user/1000/hidra.kbd). Waiting for QEMU to listen... (set HID_SOCK or run scripts/run_qemu.sh)
[msquic] stream: RECEIVE bytes=52 buffers=1 pending=0
[hidra] HID socket connect failed (/run/user/1000/hidra.kbd). Waiting for QEMU to listen... (set HID_SOCK or run scripts/run_qemu.sh)
[msquic] stream: RECEIVE bytes=52 buffers=1 pending=0
[hidra] HID socket connect failed (/run/user/1000/hidra.kbd). Waiting for QEMU to listen... (set HID_SOCK or run scripts/run_qemu.sh)
[hidra] HID socket connect failed (/run/user/1000/hidra.kbd). Waiting for QEMU to listen... (set HID_SOCK or run scripts/run_qemu.sh)
[msquic] stream: RECEIVE bytes=104 buffers=1 pending=0
[hidra] HID socket connect failed (/run/user/1000/hidra.kbd). Waiting for QEMU to listen... (set HID_SOCK or run scripts/run_qemu.sh)
[msquic] stream: RECEIVE bytes=52 buffers=1 pending=0
[hidra] HID socket connect failed (/run/user/1000/hidra.kbd). Waiting for QEMU to listen... (set HID_SOCK or run scripts/run_qemu.sh)
[msquic] stream: RECEIVE bytes=52 buffers=1 pending=0
[hidra] HID socket connect failed (/run/user/1000/hidra.kbd). Waiting for QEMU to listen... (set HID_SOCK or run scripts/run_qemu.sh)
[msquic] stream: RECEIVE bytes=52 buffers=1 pending=0
[hidra] HID socket connect failed (/run/user/1000/hidra.kbd). Waiting for QEMU to listen... (set HID_SOCK or run scripts/run_qemu.sh)
[msquic] stream: RECEIVE bytes=52 buffers=1 pending=0
[hidra] HID socket connect failed (/run/user/1000/hidra.kbd). Waiting for QEMU to listen... (set HID_SOCK or run scripts/run_qemu.sh)
[msquic] stream: RECEIVE bytes=52 buffers=1 pending=0
[hidra] HID socket connect failed (/run/user/1000/hidra.kbd). Waiting for QEMU to listen... (set HID_SOCK or run scripts/run_qemu.sh)
[msquic] stream: RECEIVE bytes=52 buffers=1 pending=0
[hidra] HID socket connect failed (/run/user/1000/hidra.kbd). Waiting for QEMU to listen... (set HID_SOCK or run scripts/run_qemu.sh)
[msquic] stream: RECEIVE bytes=52 buffers=1 pending=0
[hidra] HID socket connect failed (/run/user/1000/hidra.kbd). Waiting for QEMU to listen... (set HID_SOCK or run scripts/run_qemu.sh)
[msquic] stream: RECEIVE bytes=52 buffers=1 pending=0
[hidra] HID socket connect failed (/run/user/1000/hidra.kbd). Waiting for QEMU to listen... (set HID_SOCK or run scripts/run_qemu.sh)
[msquic] stream: RECEIVE bytes=52 buffers=1 pending=0
[hidra] HID socket connect failed (/run/user/1000/hidra.kbd). Waiting for QEMU to listen... (set HID_SOCK or run scripts/run_qemu.sh)
[msquic] stream: RECEIVE bytes=52 buffers=1 pending=0
[hidra] HID socket connect failed (/run/user/1000/hidra.kbd). Waiting for QEMU to listen... (set HID_SOCK or run scripts/run_qemu.sh)
[msquic] stream: RECEIVE bytes=52 buffers=1 pending=0
[hidra] HID socket connect failed (/run/user/1000/hidra.kbd). Waiting for QEMU to listen... (set HID_SOCK or run scripts/run_qemu.sh)
[msquic] stream: RECEIVE bytes=52 buffers=1 pending=0
[hidra] snapshot v1 mods=0x0 pressed=0
[hidra] HID socket connect failed (/run/user/1000/hidra.kbd). Waiting for QEMU to listen... (set HID_SOCK or run scripts/run_qemu.sh)
[msquic] stream: RECEIVE bytes=52 buffers=1 pending=0
[hidra] HID socket connect failed (/run/user/1000/hidra.kbd). Waiting for QEMU to listen... (set HID_SOCK or run scripts/run_qemu.sh)
[msquic] stream: RECEIVE bytes=52 buffers=1 pending=0
[hidra] HID socket connect failed (/run/user/1000/hidra.kbd). Waiting for QEMU to listen... (set HID_SOCK or run scripts/run_qemu.sh)
[msquic] stream: RECEIVE bytes=52 buffers=1 pending=0
[hidra] HID socket connect failed (/run/user/1000/hidra.kbd). Waiting for QEMU to listen... (set HID_SOCK or run scripts/run_qemu.sh)
[msquic] stream: RECEIVE bytes=52 buffers=1 pending=0
[hidra] HID socket connect failed (/run/user/1000/hidra.kbd). Waiting for QEMU to listen... (set HID_SOCK or run scripts/run_qemu.sh)
[msquic] stream: RECEIVE bytes=52 buffers=1 pending=0
[hidra] HID socket connect failed (/run/user/1000/hidra.kbd). Waiting for QEMU to listen... (set HID_SOCK or run scripts/run_qemu.sh)
[msquic] stream: RECEIVE bytes=52 buffers=1 pending=0
[hidra] HID socket connect failed (/run/user/1000/hidra.kbd). Waiting for QEMU to listen... (set HID_SOCK or run scripts/run_qemu.sh)
[msquic] stream: RECEIVE bytes=52 buffers=1 pending=0
[hidra] HID socket connect failed (/run/user/1000/hidra.kbd). Waiting for QEMU to listen... (set HID_SOCK or run scripts/run_qemu.sh)
[msquic] stream: RECEIVE bytes=52 buffers=1 pending=0
[hidra] HID socket connect failed (/run/user/1000/hidra.kbd). Waiting for QEMU to listen... (set HID_SOCK or run scripts/run_qemu.sh)
[msquic] stream: RECEIVE bytes=52 buffers=1 pending=0
[hidra] HID socket connect failed (/run/user/1000/hidra.kbd). Waiting for QEMU to listen... (set HID_SOCK or run scripts/run_qemu.sh)
[msquic] stream: RECEIVE bytes=52 buffers=1 pending=0
[hidra] HID socket connect failed (/run/user/1000/hidra.kbd). Waiting for QEMU to listen... (set HID_SOCK or run scripts/run_qemu.sh)
[msquic] stream: RECEIVE bytes=52 buffers=1 pending=0
[hidra] HID socket connect failed (/run/user/1000/hidra.kbd). Waiting for QEMU to listen... (set HID_SOCK or run scripts/run_qemu.sh)
[msquic] stream: RECEIVE bytes=52 buffers=1 pending=0
[hidra] HID socket connect failed (/run/user/1000/hidra.kbd). Waiting for QEMU to listen... (set HID_SOCK or run scripts/run_qemu.sh)
[msquic] stream: RECEIVE bytes=52 buffers=1 pending=0
[hidra] HID socket connect failed (/run/user/1000/hidra.kbd). Waiting for QEMU to listen... (set HID_SOCK or run scripts/run_qemu.sh)
[msquic] stream: RECEIVE bytes=52 buffers=1 pending=0
[hidra] HID socket connect failed (/run/user/1000/hidra.kbd). Waiting for QEMU to listen... (set HID_SOCK or run scripts/run_qemu.sh)
[msquic] stream: RECEIVE bytes=52 buffers=1 pending=0
[hidra] HID socket connect failed (/run/user/1000/hidra.kbd). Waiting for QEMU to listen... (set HID_SOCK or run scripts/run_qemu.sh)
[msquic] stream: RECEIVE bytes=52 buffers=1 pending=0
[msquic] connection: SHUTDOWN_BY_PEER error_code=0
[msquic] connection: SHUTDOWN_COMPLETE handshake_completed=0 peer_ack=0 app_close_in_progress=0
[msquic] connection: SHUTDOWN_COMPLETE handshake_completed=1 peer_ack=1 app_close_in_progress=1
