[hidra] daemon starting
  udp edges : 0.0.0.0:4444
  hid socket: /run/user/1000/hidra.kbd (QEMU should be server=on)
  watchdog  : 200 ms
  deadline  : 100 ms
  stuck(ms) : 300 ms
[hidra] msquic snapshot listener on :4445 (ALPN hidra-snp)
[hidra] msquic edge listener on :4446 (ALPN hidra-edg)
[msquic] connection: CONNECTED
[lat] dt_ms=46.3946 cmd=down key=a
[hidra] Connected to HID socket: /run/user/1000/hidra.kbd
[hidra] progress: rx=1 emits=1 quic_snapshots=0 socket=connected
[lat] dt_ms=36.0377 cmd=up key=a
[lat] dt_ms=27.5141 cmd=down key=c
[lat] dt_ms=27.5812 cmd=down key=d
[lat] dt_ms=69.4388 cmd=down key=b
[msquic] connection: PEER_STREAM_STARTED
[heal] key=5 heal_ms=67.7551
[heal] key=6 heal_ms=47.2608
[hidra] snapshot v1 mods=0x0 pressed=1
[heal] key=4 heal_ms=88.3622
[msquic] stream: RECEIVE bytes=208 buffers=1 pending=0
[lat] dt_ms=74.4161 cmd=up key=b
[msquic] stream: RECEIVE bytes=52 buffers=1 pending=0
[msquic] stream: RECEIVE bytes=52 buffers=1 pending=0
[msquic] stream: RECEIVE bytes=52 buffers=1 pending=0
[msquic] stream: RECEIVE bytes=52 buffers=1 pending=0
[msquic] stream: RECEIVE bytes=52 buffers=1 pending=0
[lat] dt_ms=83.8711 cmd=up key=c
[lat] dt_ms=21.3481 cmd=up key=f
[lat] dt_ms=65.6037 cmd=up key=d
[msquic] stream: RECEIVE bytes=52 buffers=1 pending=0
[msquic] stream: RECEIVE bytes=104 buffers=1 pending=0
[lat] dt_ms=49.9459 cmd=down key=f
[lat] dt_ms=73.3874 cmd=down key=e
[heal] key=8 heal_ms=69.4538
[msquic] stream: RECEIVE bytes=52 buffers=1 pending=0
[msquic] stream: RECEIVE bytes=52 buffers=1 pending=0
[lat] dt_ms=45.0454 cmd=up key=g
[msquic] stream: RECEIVE bytes=52 buffers=1 pending=0
[lat] dt_ms=15.4818 cmd=up key=i
[lat] dt_ms=36.3202 cmd=up key=h
[msquic] stream: RECEIVE bytes=52 buffers=1 pending=0
[drop] kind=deadline dt_ms=109.081 cmd=up key=e
[lat] dt_ms=77.8433 cmd=down key=g
[msquic] stream: RECEIVE bytes=52 buffers=1 pending=0
[msquic] stream: RECEIVE bytes=52 buffers=1 pending=0
[msquic] stream: RECEIVE bytes=52 buffers=1 pending=0
[msquic] stream: RECEIVE bytes=52 buffers=1 pending=0
[drop] kind=deadline dt_ms=109.299 cmd=down key=h
[lat] dt_ms=88.3001 cmd=down key=i
[lat] dt_ms=18.3451 cmd=up key=l
[heal] key=12 heal_ms=83.023
[msquic] stream: RECEIVE bytes=52 buffers=1 pending=0
[msquic] stream: RECEIVE bytes=52 buffers=1 pending=0
[msquic] stream: RECEIVE bytes=52 buffers=1 pending=0
[msquic] stream: RECEIVE bytes=52 buffers=1 pending=0
[heal] key=13 heal_ms=77.1409
[msquic] stream: RECEIVE bytes=52 buffers=1 pending=0
[lat] dt_ms=72.1924 cmd=down key=k
[msquic] stream: RECEIVE bytes=52 buffers=1 pending=0
[lat] dt_ms=26.8954 cmd=up key=m
[drop] kind=deadline dt_ms=106.763 cmd=down key=j
[drop] kind=deadline dt_ms=102.223 cmd=up key=j
[lat] dt_ms=84.3714 cmd=up key=k
[lat] dt_ms=80.0468 cmd=down key=l
[msquic] stream: RECEIVE bytes=52 buffers=1 pending=0
[lat] dt_ms=34.8043 cmd=up key=n
[msquic] stream: RECEIVE bytes=52 buffers=1 pending=0
[msquic] stream: RECEIVE bytes=52 buffers=1 pending=0
[drop] kind=deadline dt_ms=101.033 cmd=mup key=k
[msquic] stream: RECEIVE bytes=52 buffers=1 pending=0
[msquic] stream: RECEIVE bytes=52 buffers=1 pending=0
[lat] dt_ms=74.9337 cmd=down key=m
[lat] dt_ms=66.1703 cmd=down key=n
[lat] dt_ms=14.5111 cmd=up key=p
[heal] key=18 heal_ms=41.0758
[msquic] stream: RECEIVE bytes=52 buffers=1 pending=0
[msquic] stream: RECEIVE bytes=52 buffers=1 pending=0
[lat] dt_ms=45.5946 cmd=up key=o
[msquic] stream: RECEIVE bytes=52 buffers=1 pending=0
[lat] dt_ms=64.4601 cmd=down key=o
[lat] dt_ms=25.2395 cmd=up key=q
[heal] key=17 heal_ms=93.4924
[msquic] stream: RECEIVE bytes=52 buffers=1 pending=0
[lat] dt_ms=53.4282 cmd=down key=q
[lat] dt_ms=75.2276 cmd=down key=p
[heal] key=19 heal_ms=79.9778
[heal] key=20 heal_ms=58.9227
[msquic] stream: RECEIVE bytes=52 buffers=1 pending=0
[msquic] stream: RECEIVE bytes=52 buffers=1 pending=0
[msquic] stream: RECEIVE bytes=52 buffers=1 pending=0
[heal] key=21 heal_ms=45.6842
[msquic] stream: RECEIVE bytes=104 buffers=1 pending=0
[lat] dt_ms=62.365 cmd=down key=r
[lat] dt_ms=77.5612 cmd=up key=r
[msquic] stream: RECEIVE bytes=156 buffers=1 pending=0
[lat] dt_ms=50.8503 cmd=down key=t
[msquic] stream: RECEIVE bytes=52 buffers=1 pending=0
[msquic] stream: RECEIVE bytes=52 buffers=1 pending=0
[heal] key=22 heal_ms=68.8874
[msquic] stream: RECEIVE bytes=52 buffers=1 pending=0
[lat] dt_ms=71.1444 cmd=up key=s
[msquic] stream: RECEIVE bytes=52 buffers=1 pending=0
[lat] dt_ms=94.7749 cmd=down key=s
[msquic] stream: RECEIVE bytes=52 buffers=1 pending=0
[lat] dt_ms=31.5771 cmd=up key=v
[msquic] stream: RECEIVE bytes=52 buffers=1 pending=0
[lat] dt_ms=61.7712 cmd=up key=u
[lat] dt_ms=11.4686 cmd=down key=x
[lat] dt_ms=53.7966 cmd=down key=v
[msquic] stream: RECEIVE bytes=52 buffers=1 pending=0
[lat] dt_ms=32.5636 cmd=up key=w
[drop] kind=deadline dt_ms=101.498 cmd=up key=t
[lat] dt_ms=58.3605 cmd=down key=w
[drop] kind=deadline dt_ms=101.2 cmd=down key=u
[lat] dt_ms=23.7856 cmd=down key=y
[heal] key=28 heal_ms=14.6866
[heal] key=23 heal_ms=119.273
[msquic] stream: RECEIVE bytes=52 buffers=1 pending=0
[heal] key=27 heal_ms=42.8617
[msquic] stream: RECEIVE bytes=104 buffers=1 pending=0
[msquic] stream: RECEIVE bytes=52 buffers=1 pending=0
[lat] dt_ms=52.4269 cmd=up key=x
[heal] key=25 heal_ms=102.631
[msquic] stream: RECEIVE bytes=52 buffers=1 pending=0
[lat] dt_ms=17.8353 cmd=down key=ENTER
[heal] key=26 heal_ms=91.2124
[msquic] stream: RECEIVE bytes=52 buffers=1 pending=0
[msquic] stream: RECEIVE bytes=52 buffers=1 pending=0
[msquic] stream: RECEIVE bytes=52 buffers=1 pending=0
[lat] dt_ms=44.3914 cmd=up key=z
[lat] dt_ms=59.9148 cmd=down key=z
[msquic] stream: RECEIVE bytes=52 buffers=1 pending=0
[lat] dt_ms=80.8467 cmd=up key=y
[lat] dt_ms=46.9201 cmd=up key=ENTER
[msquic] stream: RECEIVE bytes=104 buffers=1 pending=0
[msquic] stream: RECEIVE bytes=52 buffers=1 pending=0
[lat] dt_ms=31.5848 cmd=down key=b
[lat] dt_ms=23.0817 cmd=up key=b
[msquic] stream: RECEIVE bytes=52 buffers=1 pending=0
[lat] dt_ms=21.8154 cmd=up key=c
[lat] dt_ms=72.5094 cmd=up key=a
[heal] key=40 heal_ms=96.5998
[msquic] stream: RECEIVE bytes=52 buffers=1 pending=0
[msquic] stream: RECEIVE bytes=52 buffers=1 pending=0
[lat] dt_ms=16.4622 cmd=up key=d
[lat] dt_ms=47.8489 cmd=down key=c
[watchdog] key=6 age_ms=512.685
[lat] dt_ms=10.7072 cmd=down key=e
[msquic] stream: RECEIVE bytes=52 buffers=1 pending=0
[msquic] stream: RECEIVE bytes=52 buffers=1 pending=0
[drop] kind=deadline dt_ms=103.371 cmd=down key=a
[msquic] stream: RECEIVE bytes=52 buffers=1 pending=0
[msquic] stream: RECEIVE bytes=52 buffers=1 pending=0
[lat] dt_ms=55.1776 cmd=down key=d
[watchdog] key=7 age_ms=550.167
[lat] dt_ms=24.8838 cmd=down key=f
[watchdog] key=9 age_ms=537.139
[msquic] stream: RECEIVE bytes=52 buffers=1 pending=0
[msquic] stream: RECEIVE bytes=52 buffers=1 pending=0
[msquic] stream: RECEIVE bytes=52 buffers=1 pending=0
[lat] dt_ms=58.6386 cmd=up key=e
[lat] dt_ms=33.5821 cmd=down key=g
[heal] key=10 heal_ms=26.469
[msquic] stream: RECEIVE bytes=52 buffers=1 pending=0
[heal] key=7 heal_ms=97.1431
[msquic] stream: RECEIVE bytes=52 buffers=1 pending=0
[lat] dt_ms=30.6917 cmd=down key=h
[heal] key=11 heal_ms=589.584
[msquic] stream: RECEIVE bytes=52 buffers=1 pending=0
[lat] dt_ms=70.404 cmd=up key=f
[msquic] stream: RECEIVE bytes=52 buffers=1 pending=0
[lat] dt_ms=62.0398 cmd=up key=g
[msquic] stream: RECEIVE bytes=104 buffers=1 pending=0
[msquic] stream: RECEIVE bytes=52 buffers=2 pending=0
[stuck] key=12 age_ms=514.18
[msquic] stream: RECEIVE bytes=52 buffers=1 pending=0
[msquic] stream: RECEIVE bytes=52 buffers=1 pending=0
[lat] dt_ms=63.1062 cmd=up key=h
[msquic] stream: RECEIVE bytes=52 buffers=1 pending=0
[msquic] stream: RECEIVE bytes=52 buffers=1 pending=0
[lat] dt_ms=49.1857 cmd=down key=k
[lat] dt_ms=92.6226 cmd=down key=i
[heal] key=12 heal_ms=82.3392
[msquic] stream: RECEIVE bytes=52 buffers=1 pending=0
[lat] dt_ms=25.4423 cmd=up key=l
[lat] dt_ms=80.0172 cmd=down key=j
[msquic] stream: RECEIVE bytes=52 buffers=1 pending=0
[drop] kind=deadline dt_ms=101.163 cmd=up key=i
[lat] dt_ms=87.4273 cmd=up key=j
[lat] dt_ms=59.6907 cmd=down key=l
[watchdog] key=15 age_ms=541.898
[msquic] stream: RECEIVE bytes=52 buffers=1 pending=0
[lat] dt_ms=51.7908 cmd=down key=m
[watchdog] key=16 age_ms=550.582
[msquic] stream: RECEIVE bytes=52 buffers=1 pending=0
[msquic] stream: RECEIVE bytes=52 buffers=1 pending=0
[msquic] stream: RECEIVE bytes=52 buffers=1 pending=0
[lat] dt_ms=95.776 cmd=up key=k
[lat] dt_ms=16.0151 cmd=up key=o
[msquic] stream: RECEIVE bytes=52 buffers=1 pending=0
[lat] dt_ms=39.851 cmd=up key=n
[msquic] stream: RECEIVE bytes=52 buffers=1 pending=0
[msquic] stream: RECEIVE bytes=52 buffers=1 pending=0
[lat] dt_ms=28.5933 cmd=down key=p
[watchdog] key=19 age_ms=505.129
[drop] kind=deadline dt_ms=105.292 cmd=mup key=l
[msquic] stream: RECEIVE bytes=104 buffers=1 pending=0
[lat] dt_ms=28.6015 cmd=up key=p
[lat] dt_ms=95.6202 cmd=up key=m
[msquic] stream: RECEIVE bytes=52 buffers=1 pending=0
[stuck] key=20 age_ms=542.622
[msquic] stream: RECEIVE bytes=52 buffers=1 pending=0
[msquic] stream: RECEIVE bytes=52 buffers=1 pending=0
[lat] dt_ms=24.4526 cmd=up key=q
[drop] kind=deadline dt_ms=106.226 cmd=down key=n
[lat] dt_ms=86.3692 cmd=down key=o
[heal] key=18 heal_ms=87.3677
[msquic] stream: RECEIVE bytes=52 buffers=1 pending=0
[msquic] stream: RECEIVE bytes=52 buffers=1 pending=0
[lat] dt_ms=36.6884 cmd=up key=r
[lat] dt_ms=18.9259 cmd=up key=s
[lat] dt_ms=51.444 cmd=down key=s
[lat] dt_ms=12.1368 cmd=down key=u
[lat] dt_ms=22.3253 cmd=up key=t
[lat] dt_ms=99.6042 cmd=down key=q
[watchdog] key=24 age_ms=555.069
[watchdog] key=22 age_ms=548.387
[heal] key=20 heal_ms=104.658
[msquic] stream: RECEIVE bytes=156 buffers=1 pending=0
[msquic] stream: RECEIVE bytes=52 buffers=1 pending=0
[lat] dt_ms=24.9828 cmd=down key=v
[drop] kind=deadline dt_ms=109.771 cmd=down key=r
[watchdog] key=25 age_ms=492.696
[msquic] stream: RECEIVE bytes=52 buffers=1 pending=0
[heal] key=22 heal_ms=80.8155
[msquic] stream: RECEIVE bytes=52 buffers=1 pending=0
[msquic] stream: RECEIVE bytes=52 buffers=1 pending=0
[lat] dt_ms=75.6902 cmd=down key=t
[msquic] stream: RECEIVE bytes=52 buffers=1 pending=0
[lat] dt_ms=64.8604 cmd=up key=u
[msquic] stream: RECEIVE bytes=52 buffers=1 pending=0
[msquic] stream: RECEIVE bytes=52 buffers=1 pending=0
[msquic] stream: RECEIVE bytes=52 buffers=1 pending=0
[msquic] stream: RECEIVE bytes=52 buffers=1 pending=0
[stuck] key=26 age_ms=553.103
[drop] kind=deadline dt_ms=102.098 cmd=mup key=t
[lat] dt_ms=63.4147 cmd=up key=v
[lat] dt_ms=42.0052 cmd=up key=w
[lat] dt_ms=14.4487 cmd=down key=y
[lat] dt_ms=60.1454 cmd=down key=w
[watchdog] key=28 age_ms=479.857
[heal] key=26 heal_ms=72.7406
[msquic] stream: RECEIVE bytes=104 buffers=1 pending=0
[lat] dt_ms=65.5712 cmd=down key=x
[lat] dt_ms=23.4407 cmd=down key=z
[watchdog] key=29 age_ms=548.996
[watchdog] key=27 age_ms=595.043
[lat] dt_ms=73.584 cmd=up key=x
[heal] key=28 heal_ms=61.2493
[msquic] stream: RECEIVE bytes=52 buffers=1 pending=0
[lat] dt_ms=12.1258 cmd=down key=a
[watchdog] key=4 age_ms=488.972
[msquic] stream: RECEIVE bytes=52 buffers=1 pending=0
[lat] dt_ms=13.7257 cmd=up key=a
[lat] dt_ms=77.1295 cmd=up key=y
[lat] dt_ms=12.4046 cmd=down key=b
[heal] key=5 heal_ms=574.827
[msquic] stream: RECEIVE bytes=52 buffers=1 pending=0
[lat] dt_ms=53.532 cmd=up key=ENTER
[lat] dt_ms=66.0587 cmd=down key=ENTER
[msquic] stream: RECEIVE bytes=52 buffers=1 pending=0
[msquic] stream: RECEIVE bytes=52 buffers=1 pending=0
[lat] dt_ms=80.6175 cmd=up key=z
[msquic] stream: RECEIVE bytes=52 buffers=1 pending=0
[msquic] stream: RECEIVE bytes=52 buffers=1 pending=0
[hidra] snapshot v1 mods=0x0 pressed=1
[msquic] stream: RECEIVE bytes=52 buffers=1 pending=0
[msquic] stream: RECEIVE bytes=52 buffers=1 pending=0
[msquic] stream: RECEIVE bytes=52 buffers=1 pending=0
[msquic] stream: RECEIVE bytes=52 buffers=1 pending=0
[stuck] key=7 age_ms=539.835
[drop] kind=deadline dt_ms=108.261 cmd=mup key=ENTER
[lat] dt_ms=45.1013 cmd=up key=c
[msquic] stream: RECEIVE bytes=52 buffers=1 pending=0
[lat] dt_ms=70.5005 cmd=up key=b
[msquic] stream: RECEIVE bytes=52 buffers=1 pending=0
[msquic] stream: RECEIVE bytes=52 buffers=1 pending=0
[msquic] stream: RECEIVE bytes=52 buffers=1 pending=0
[lat] dt_ms=43.9182 cmd=down key=e
[heal] key=8 heal_ms=603.01
[heal] key=6 heal_ms=79.7031
[msquic] stream: RECEIVE bytes=52 buffers=1 pending=0
[stuck] key=9 age_ms=512.061
[lat] dt_ms=18.8033 cmd=up key=f
[lat] dt_ms=96.9333 cmd=down key=c
[msquic] stream: RECEIVE bytes=52 buffers=1 pending=0
[lat] dt_ms=80.9176 cmd=down key=d
[heal] key=7 heal_ms=82.6773
[msquic] stream: RECEIVE bytes=52 buffers=1 pending=0
[stuck] key=10 age_ms=529.861
[heal] key=10 heal_ms=30.2679
[msquic] stream: RECEIVE bytes=52 buffers=1 pending=0
[lat] dt_ms=31.333 cmd=up key=g
[heal] key=11 heal_ms=578.044
[msquic] stream: RECEIVE bytes=52 buffers=1 pending=0
[msquic] stream: RECEIVE bytes=52 buffers=1 pending=0
[lat] dt_ms=28.4653 cmd=down key=h
[lat] dt_ms=83.2053 cmd=up key=e
[lat] dt_ms=51.7464 cmd=down key=g
[msquic] stream: RECEIVE bytes=52 buffers=1 pending=0
[lat] dt_ms=34.63 cmd=up key=h
[msquic] stream: RECEIVE bytes=52 buffers=1 pending=0
[msquic] stream: RECEIVE bytes=52 buffers=1 pending=0
[msquic] stream: RECEIVE bytes=52 buffers=1 pending=0
[lat] dt_ms=44.3822 cmd=down key=i
[watchdog] key=12 age_ms=574.573
[stuck] key=13 age_ms=491.623
[lat] dt_ms=35.8786 cmd=down key=j
[heal] key=13 heal_ms=27.0437
[msquic] stream: RECEIVE bytes=52 buffers=1 pending=0
[heal] key=12 heal_ms=54.8353
[msquic] stream: RECEIVE bytes=52 buffers=1 pending=0
[msquic] stream: RECEIVE bytes=52 buffers=1 pending=0
[msquic] stream: RECEIVE bytes=52 buffers=1 pending=0
[msquic] stream: RECEIVE bytes=52 buffers=1 pending=0
[msquic] stream: RECEIVE bytes=52 buffers=1 pending=0
[lat] dt_ms=44.8908 cmd=down key=l
[msquic] stream: RECEIVE bytes=52 buffers=1 pending=0
[msquic] stream: RECEIVE bytes=52 buffers=1 pending=0
[drop] kind=deadline dt_ms=105.113 cmd=up key=i
[lat] dt_ms=89.0075 cmd=up key=j
[lat] dt_ms=70.4448 cmd=up key=k
[lat] dt_ms=94.2028 cmd=down key=k
[msquic] stream: RECEIVE bytes=52 buffers=1 pending=0
[msquic] stream: RECEIVE bytes=52 buffers=1 pending=0
[stuck] key=17 age_ms=556.459
[lat] dt_ms=72.0858 cmd=up key=l
[heal] key=17 heal_ms=38.7159
[msquic] stream: RECEIVE bytes=52 buffers=1 pending=0
[lat] dt_ms=31.6458 cmd=down key=o
[msquic] stream: RECEIVE bytes=52 buffers=1 pending=0
[drop] kind=deadline dt_ms=108.458 cmd=mup key=k
[lat] dt_ms=76.7689 cmd=down key=m
[watchdog] key=16 age_ms=1144.38
[lat] dt_ms=61.0206 cmd=down key=n
[msquic] stream: RECEIVE bytes=52 buffers=1 pending=0
[lat] dt_ms=88.9178 cmd=up key=m
[msquic] stream: RECEIVE bytes=52 buffers=1 pending=0
[lat] dt_ms=16.9302 cmd=up key=q
[msquic] stream: RECEIVE bytes=52 buffers=1 pending=0
[msquic] stream: RECEIVE bytes=52 buffers=1 pending=0
[lat] dt_ms=46.0228 cmd=up key=p
[lat] dt_ms=96.2027 cmd=up key=n
[msquic] stream: RECEIVE bytes=52 buffers=1 pending=0
[lat] dt_ms=82.1049 cmd=up key=o
[lat] dt_ms=21.9076 cmd=up key=r
[msquic] stream: RECEIVE bytes=52 buffers=1 pending=0
[msquic] stream: RECEIVE bytes=52 buffers=1 pending=0
[lat] dt_ms=74.3066 cmd=down key=q
[heal] key=20 heal_ms=68.2813
[msquic] stream: RECEIVE bytes=52 buffers=2 pending=0
[lat] dt_ms=29.1611 cmd=up key=s
[msquic] stream: RECEIVE bytes=52 buffers=1 pending=0
[drop] kind=deadline dt_ms=108.915 cmd=down key=p
[lat] dt_ms=75.2656 cmd=down key=r
[msquic] stream: RECEIVE bytes=52 buffers=1 pending=0
[lat] dt_ms=34.2969 cmd=up key=t
[msquic] stream: RECEIVE bytes=52 buffers=1 pending=0
[msquic] stream: RECEIVE bytes=52 buffers=1 pending=0
[lat] dt_ms=51.5412 cmd=down key=t
[lat] dt_ms=31.6792 cmd=down key=u
[watchdog] key=24 age_ms=569.49
[lat] dt_ms=34.506 cmd=up key=u
[heal] key=22 heal_ms=78.4608
[msquic] stream: RECEIVE bytes=156 buffers=1 pending=0
[stuck] key=25 age_ms=526.282
[msquic] stream: RECEIVE bytes=52 buffers=1 pending=0
[drop] kind=deadline dt_ms=109.917 cmd=down key=s
[msquic] stream: RECEIVE bytes=52 buffers=1 pending=0
[msquic] stream: RECEIVE bytes=52 buffers=1 pending=0
[lat] dt_ms=32.9064 cmd=down key=w
[lat] dt_ms=53.8778 cmd=down key=v
[lat] dt_ms=48.2245 cmd=up key=v
[msquic] stream: RECEIVE bytes=52 buffers=1 pending=0
[msquic] stream: RECEIVE bytes=52 buffers=1 pending=0
[msquic] stream: RECEIVE bytes=52 buffers=1 pending=0
[heal] key=26 heal_ms=43.5651
[msquic] stream: RECEIVE bytes=52 buffers=1 pending=0
[heal] key=23 heal_ms=114.715
[msquic] stream: RECEIVE bytes=52 buffers=1 pending=0
[msquic] stream: RECEIVE bytes=52 buffers=1 pending=0
[msquic] stream: RECEIVE bytes=52 buffers=1 pending=0
[msquic] stream: RECEIVE bytes=52 buffers=1 pending=0
[msquic] stream: RECEIVE bytes=52 buffers=1 pending=0
[stuck] key=28 age_ms=529.605
[heal] key=28 heal_ms=40.1872
[msquic] stream: RECEIVE bytes=52 buffers=1 pending=0
[lat] dt_ms=75.3925 cmd=down key=x
[lat] dt_ms=18.8235 cmd=down key=ENTER
[heal] key=27 heal_ms=72.065
[msquic] stream: RECEIVE bytes=52 buffers=1 pending=0
[stuck] key=29 age_ms=525.743
[drop] kind=deadline dt_ms=106.538 cmd=up key=w
[msquic] stream: RECEIVE bytes=52 buffers=1 pending=0
[lat] dt_ms=23.988 cmd=up key=ENTER
[lat] dt_ms=67.3039 cmd=up key=y
[lat] dt_ms=49.3787 cmd=up key=z
[lat] dt_ms=18.6488 cmd=up key=a
[drop] kind=deadline dt_ms=104.133 cmd=up key=x
[msquic] stream: RECEIVE bytes=52 buffers=1 pending=0
[lat] dt_ms=81.941 cmd=down key=z
[heal] key=29 heal_ms=76.8004
[msquic] stream: RECEIVE bytes=52 buffers=1 pending=0
[stuck] key=5 age_ms=513.41
[lat] dt_ms=20.2358 cmd=up key=b
[msquic] stream: RECEIVE bytes=52 buffers=1 pending=0
[lat] dt_ms=48.031 cmd=down key=b
[lat] dt_ms=28.462 cmd=up key=c
[heal] key=5 heal_ms=52.0595
[heal] key=4 heal_ms=72.8641
[msquic] stream: RECEIVE bytes=104 buffers=1 pending=0
[lat] dt_ms=42.3212 cmd=down key=c
[watchdog] key=6 age_ms=543.033
[msquic] stream: RECEIVE bytes=52 buffers=1 pending=0
[msquic] stream: RECEIVE bytes=52 buffers=1 pending=0
[drop] kind=deadline dt_ms=107.049 cmd=down key=a
[lat] dt_ms=38.2958 cmd=up key=d
[lat] dt_ms=13.5475 cmd=down key=f
[watchdog] key=9 age_ms=523.438
[msquic] stream: RECEIVE bytes=52 buffers=1 pending=0
[msquic] stream: RECEIVE bytes=52 buffers=1 pending=0
[lat] dt_ms=42.5185 cmd=up key=e
[msquic] stream: RECEIVE bytes=52 buffers=1 pending=0
[lat] dt_ms=32.3197 cmd=up key=f
[msquic] stream: RECEIVE bytes=52 buffers=1 pending=0
[lat] dt_ms=74.9903 cmd=down key=e
[msquic] stream: RECEIVE bytes=52 buffers=1 pending=0
[drop] kind=deadline dt_ms=104.117 cmd=down key=d
[msquic] stream: RECEIVE bytes=52 buffers=1 pending=0
[heal] key=10 heal_ms=38.9419
[msquic] stream: RECEIVE bytes=104 buffers=1 pending=0
[heal] key=11 heal_ms=587.351
[msquic] stream: RECEIVE bytes=104 buffers=1 pending=0
[lat] dt_ms=65.4461 cmd=up key=g
[lat] dt_ms=33.9281 cmd=down key=i
[watchdog] key=12 age_ms=549.406
[lat] dt_ms=70.2134 cmd=down key=h
[lat] dt_ms=93.4305 cmd=down key=g
[msquic] stream: RECEIVE bytes=52 buffers=1 pending=0
[msquic] stream: RECEIVE bytes=104 buffers=1 pending=0
[msquic] stream: RECEIVE bytes=52 buffers=1 pending=0
[msquic] stream: RECEIVE bytes=52 buffers=1 pending=0
[heal] key=14 heal_ms=31.6493
[msquic] stream: RECEIVE bytes=52 buffers=1 pending=0
[lat] dt_ms=75.3274 cmd=up key=i
[msquic] stream: RECEIVE bytes=52 buffers=1 pending=0
[lat] dt_ms=99.1095 cmd=up key=h
[msquic] stream: RECEIVE bytes=52 buffers=1 pending=0
[msquic] stream: RECEIVE bytes=52 buffers=1 pending=0
[lat] dt_ms=76.2159 cmd=down key=j
[stuck] key=15 age_ms=522.564
[lat] dt_ms=64.2839 cmd=down key=k
[lat] dt_ms=55.0404 cmd=up key=k
[heal] key=15 heal_ms=38.431
[msquic] stream: RECEIVE bytes=52 buffers=1 pending=0
[lat] dt_ms=82.6677 cmd=up key=j
[stuck] key=16 age_ms=505
[msquic] stream: RECEIVE bytes=52 buffers=1 pending=0
[msquic] stream: RECEIVE bytes=52 buffers=1 pending=0
[msquic] stream: RECEIVE bytes=52 buffers=1 pending=0
[msquic] stream: RECEIVE bytes=52 buffers=1 pending=0
[lat] dt_ms=46.8961 cmd=down key=n
[lat] dt_ms=70.276 cmd=down key=m
[lat] dt_ms=82.0959 cmd=up key=l
[lat] dt_ms=64.8331 cmd=up key=m
[watchdog] key=17 age_ms=531.65
[drop] kind=deadline dt_ms=106.672 cmd=down key=l
[msquic] stream: RECEIVE bytes=156 buffers=1 pending=0
[msquic] stream: RECEIVE bytes=52 buffers=1 pending=0
[lat] dt_ms=59.2309 cmd=down key=o
[hidra] progress: rx=280 emits=384 quic_snapshots=215 socket=connected
[watchdog] key=18 age_ms=599.301
[msquic] stream: RECEIVE bytes=52 buffers=1 pending=0
[msquic] stream: RECEIVE bytes=52 buffers=1 pending=0
[lat] dt_ms=90.2649 cmd=up key=n
[msquic] stream: RECEIVE bytes=52 buffers=1 pending=0
[lat] dt_ms=13.6937 cmd=up key=r
[lat] dt_ms=48.1229 cmd=down key=q
[watchdog] key=20 age_ms=524.01
[lat] dt_ms=73.5344 cmd=down key=p
[msquic] stream: RECEIVE bytes=52 buffers=1 pending=0
[drop] kind=deadline dt_ms=110.292 cmd=mup key=n
[msquic] stream: RECEIVE bytes=52 buffers=1 pending=0
[heal] key=21 heal_ms=39.1001
[msquic] stream: RECEIVE bytes=52 buffers=1 pending=0
[drop] kind=deadline dt_ms=105.214 cmd=up key=o
[drop] kind=deadline dt_ms=108.337 cmd=mup key=o
[lat] dt_ms=57.9393 cmd=down key=r
[lat] dt_ms=91.8181 cmd=up key=p
[lat] dt_ms=35.9338 cmd=up key=s
[lat] dt_ms=18.5797 cmd=up key=t
[lat] dt_ms=98.3388 cmd=up key=q
[lat] dt_ms=68.8766 cmd=down key=s
[drop] kind=deadline dt_ms=100.452 cmd=mup key=q
[watchdog] key=22 age_ms=567.522
[msquic] stream: RECEIVE bytes=156 buffers=1 pending=0
[msquic] stream: RECEIVE bytes=52 buffers=1 pending=0
[msquic] stream: RECEIVE bytes=52 buffers=1 pending=0
[lat] dt_ms=52.667 cmd=up key=u
[lat] dt_ms=31.2181 cmd=down key=w
[watchdog] key=26 age_ms=512.138
[msquic] stream: RECEIVE bytes=52 buffers=1 pending=0
[stuck] key=25 age_ms=577.54
[heal] key=25 heal_ms=628.811
[msquic] stream: RECEIVE bytes=52 buffers=1 pending=0
[msquic] stream: RECEIVE bytes=52 buffers=1 pending=0
[lat] dt_ms=66.4276 cmd=up key=v
[drop] kind=deadline dt_ms=107.686 cmd=down key=u
[lat] dt_ms=89.2976 cmd=down key=v
[heal] key=25 heal_ms=79.143
[msquic] stream: RECEIVE bytes=52 buffers=1 pending=0
[lat] dt_ms=39.0783 cmd=up key=x
[lat] dt_ms=29.107 cmd=down key=y
[watchdog] key=28 age_ms=560.817
[msquic] stream: RECEIVE bytes=52 buffers=1 pending=0
[lat] dt_ms=76.5057 cmd=up key=w
[msquic] stream: RECEIVE bytes=52 buffers=1 pending=0
[lat] dt_ms=74.3805 cmd=down key=x
[watchdog] key=27 age_ms=603.394
[msquic] stream: RECEIVE bytes=52 buffers=1 pending=0
[msquic] stream: RECEIVE bytes=52 buffers=1 pending=0
[lat] dt_ms=38.4878 cmd=down key=z
[drop] kind=deadline dt_ms=101.849 cmd=mup key=w
[msquic] stream: RECEIVE bytes=52 buffers=1 pending=0
[lat] dt_ms=35.8116 cmd=down key=ENTER
[heal] key=40 heal_ms=594.177
[heal] key=28 heal_ms=67.6098
[msquic] stream: RECEIVE bytes=52 buffers=1 pending=0
[msquic] stream: RECEIVE bytes=52 buffers=2 pending=0
[msquic] stream: RECEIVE bytes=52 buffers=1 pending=0
[heal] key=27 heal_ms=112.773
[msquic] stream: RECEIVE bytes=52 buffers=1 pending=0
[msquic] stream: RECEIVE bytes=52 buffers=1 pending=0
[drop] kind=deadline dt_ms=106.697 cmd=up key=y
[lat] dt_ms=93.4442 cmd=up key=z
[hidra] snapshot v1 mods=0x0 pressed=0
[msquic] stream: RECEIVE bytes=104 buffers=1 pending=0
[lat] dt_ms=83.849 cmd=up key=ENTER
[msquic] stream: RECEIVE bytes=52 buffers=1 pending=0
[lat] dt_ms=73.3177 cmd=up key=a
[lat] dt_ms=66.8364 cmd=down key=b
[watchdog] key=5 age_ms=615.514
[lat] dt_ms=29.0378 cmd=down key=d
[lat] dt_ms=96.132 cmd=down key=a
[heal] key=7 heal_ms=25.1308
[msquic] stream: RECEIVE bytes=52 buffers=1 pending=0
[lat] dt_ms=58.3986 cmd=down key=c
[watchdog] key=6 age_ms=1126.6
[msquic] stream: RECEIVE bytes=52 buffers=1 pending=0
[lat] dt_ms=35.7095 cmd=up key=d
[msquic] stream: RECEIVE bytes=52 buffers=1 pending=0
[msquic] stream: RECEIVE bytes=52 buffers=1 pending=0
[msquic] stream: RECEIVE bytes=52 buffers=1 pending=0
[drop] kind=deadline dt_ms=102.1 cmd=up key=b
[heal] key=5 heal_ms=102.213
[msquic] stream: RECEIVE bytes=52 buffers=1 pending=0
[msquic] stream: RECEIVE bytes=52 buffers=1 pending=0
[lat] dt_ms=56.7061 cmd=down key=e
[watchdog] key=8 age_ms=535.772
[drop] kind=deadline dt_ms=105.308 cmd=up key=c
[lat] dt_ms=43.9766 cmd=up key=f
[lat] dt_ms=57.6696 cmd=down key=f
[watchdog] key=9 age_ms=1137.22
[lat] dt_ms=42.8083 cmd=up key=g
[heal] key=6 heal_ms=126.455
[msquic] stream: RECEIVE bytes=52 buffers=1 pending=0
[lat] dt_ms=33.5333 cmd=down key=h
[msquic] stream: RECEIVE bytes=52 buffers=1 pending=0
[heal] key=8 heal_ms=88.4722
[msquic] stream: RECEIVE bytes=52 buffers=1 pending=0
[msquic] stream: RECEIVE bytes=52 buffers=1 pending=0
[msquic] stream: RECEIVE bytes=52 buffers=1 pending=0
[lat] dt_ms=90.8508 cmd=up key=e
[msquic] stream: RECEIVE bytes=52 buffers=1 pending=0
[heal] key=9 heal_ms=77.3607
[msquic] stream: RECEIVE bytes=52 buffers=1 pending=0
[lat] dt_ms=45.852 cmd=up key=h
[lat] dt_ms=46.2935 cmd=down key=i
[lat] dt_ms=16.5151 cmd=up key=j
[heal] key=12 heal_ms=38.454
[msquic] stream: RECEIVE bytes=52 buffers=1 pending=0
[lat] dt_ms=25.1315 cmd=down key=k
[drop] kind=deadline dt_ms=108.729 cmd=down key=g
[watchdog] key=14 age_ms=560.079
[drop] kind=deadline dt_ms=107.093 cmd=mup key=g
[msquic] stream: RECEIVE bytes=52 buffers=1 pending=0
[lat] dt_ms=18.4995 cmd=up key=l
[msquic] stream: RECEIVE bytes=104 buffers=1 pending=0
[lat] dt_ms=83.0987 cmd=up key=i
[msquic] stream: RECEIVE bytes=52 buffers=1 pending=0
[lat] dt_ms=14.8873 cmd=down key=m
[heal] key=16 heal_ms=570.999
[msquic] stream: RECEIVE bytes=52 buffers=1 pending=0
[msquic] stream: RECEIVE bytes=52 buffers=1 pending=0
[lat] dt_ms=54.2133 cmd=up key=k
[msquic] stream: RECEIVE bytes=52 buffers=1 pending=0
[heal] key=13 heal_ms=84.9452
[msquic] stream: RECEIVE bytes=52 buffers=1 pending=0
[msquic] stream: RECEIVE bytes=52 buffers=1 pending=0
[msquic] stream: RECEIVE bytes=52 buffers=1 pending=0
[lat] dt_ms=48.6986 cmd=up key=m
[heal] key=14 heal_ms=97.2248
[msquic] stream: RECEIVE bytes=52 buffers=1 pending=0
[stuck] key=17 age_ms=517.257
[lat] dt_ms=96.6253 cmd=down key=l
[heal] key=15 heal_ms=86.455
[heal] key=17 heal_ms=45.2295
[msquic] stream: RECEIVE bytes=52 buffers=1 pending=0
[lat] dt_ms=59.9163 cmd=down key=n
[heal] key=16 heal_ms=75.3482
[msquic] stream: RECEIVE bytes=52 buffers=1 pending=0
[stuck] key=18 age_ms=558.279
[heal] key=18 heal_ms=43.3327
[msquic] stream: RECEIVE bytes=52 buffers=1 pending=0
[msquic] stream: RECEIVE bytes=52 buffers=1 pending=0
[lat] dt_ms=55.8142 cmd=up key=o
[lat] dt_ms=11.261 cmd=down key=r
[watchdog] key=21 age_ms=538.18
[msquic] stream: RECEIVE bytes=52 buffers=1 pending=0
[drop] kind=deadline dt_ms=102.322 cmd=up key=n
[msquic] stream: RECEIVE bytes=52 buffers=1 pending=0
[lat] dt_ms=65.8238 cmd=up key=p
[lat] dt_ms=28.1261 cmd=up key=r
[stuck] key=20 age_ms=516.77
[heal] key=20 heal_ms=52.0318
[msquic] stream: RECEIVE bytes=52 buffers=1 pending=0
[drop] kind=deadline dt_ms=106.806 cmd=down key=o
[msquic] stream: RECEIVE bytes=52 buffers=1 pending=0
[lat] dt_ms=96.4897 cmd=down key=p
[lat] dt_ms=77.2617 cmd=down key=q
[heal] key=19 heal_ms=90.0229
[msquic] stream: RECEIVE bytes=52 buffers=1 pending=0
[msquic] stream: RECEIVE bytes=52 buffers=1 pending=0
[msquic] stream: RECEIVE bytes=52 buffers=1 pending=0
[heal] key=21 heal_ms=68.0701
[msquic] stream: RECEIVE bytes=52 buffers=1 pending=0
[lat] dt_ms=42.2428 cmd=down key=t
[lat] dt_ms=20.9293 cmd=down key=u
[msquic] stream: RECEIVE bytes=52 buffers=1 pending=0
[msquic] stream: RECEIVE bytes=52 buffers=1 pending=0
[drop] kind=deadline dt_ms=105.828 cmd=up key=q
[lat] dt_ms=28.4464 cmd=up key=u
[msquic] stream: RECEIVE bytes=52 buffers=1 pending=0
[lat] dt_ms=56.6681 cmd=up key=t
[lat] dt_ms=84.7543 cmd=up key=s
[lat] dt_ms=95.5831 cmd=down key=s
[msquic] stream: RECEIVE bytes=104 buffers=1 pending=0
[msquic] stream: RECEIVE bytes=52 buffers=1 pending=0
[msquic] stream: RECEIVE bytes=104 buffers=1 pending=0
[msquic] stream: RECEIVE bytes=52 buffers=1 pending=0
[stuck] key=26 age_ms=513.091
[heal] key=26 heal_ms=35.6093
[msquic] stream: RECEIVE bytes=52 buffers=1 pending=0
[heal] key=24 heal_ms=78.6999
[msquic] stream: RECEIVE bytes=52 buffers=1 pending=0
[lat] dt_ms=49.1877 cmd=down key=w
[msquic] stream: RECEIVE bytes=52 buffers=1 pending=0
[msquic] stream: RECEIVE bytes=52 buffers=1 pending=0
[stuck] key=27 age_ms=534.742
[lat] dt_ms=81.3214 cmd=up key=v
[drop] kind=deadline dt_ms=108.113 cmd=down key=v
[msquic] stream: RECEIVE bytes=156 buffers=1 pending=0
[lat] dt_ms=49.5805 cmd=down key=y
[lat] dt_ms=83.1087 cmd=up key=w
[watchdog] key=28 age_ms=516.321
[stuck] key=29 age_ms=492.411
[lat] dt_ms=67.1439 cmd=up key=x
[lat] dt_ms=54.2952 cmd=up key=y
[lat] dt_ms=88.1867 cmd=down key=x
[lat] dt_ms=66.1031 cmd=down key=z
[heal] key=27 heal_ms=97.6315
[heal] key=29 heal_ms=55.9915
[msquic] stream: RECEIVE bytes=52 buffers=1 pending=0
[msquic] stream: RECEIVE bytes=52 buffers=1 pending=0
[msquic] stream: RECEIVE bytes=52 buffers=1 pending=0
[msquic] stream: RECEIVE bytes=52 buffers=1 pending=0
[msquic] stream: RECEIVE bytes=52 buffers=1 pending=0
[lat] dt_ms=74.1326 cmd=up key=z
[lat] dt_ms=80.3699 cmd=down key=ENTER
[watchdog] key=40 age_ms=557.559
[msquic] stream: RECEIVE bytes=52 buffers=1 pending=0
[lat] dt_ms=32.3181 cmd=up key=b
[lat] dt_ms=25.8666 cmd=down key=c
[watchdog] key=6 age_ms=495.371
[lat] dt_ms=82.6837 cmd=up key=ENTER
[msquic] stream: RECEIVE bytes=52 buffers=1 pending=0
[msquic] stream: RECEIVE bytes=52 buffers=1 pending=0
[msquic] stream: RECEIVE bytes=104 buffers=1 pending=0
[lat] dt_ms=16.797 cmd=down key=e
[watchdog] key=8 age_ms=483.709
[msquic] stream: RECEIVE bytes=52 buffers=1 pending=0
[lat] dt_ms=89.0591 cmd=down key=b
[watchdog] key=5 age_ms=543.281
[msquic] stream: RECEIVE bytes=52 buffers=1 pending=0
[lat] dt_ms=63.9441 cmd=up key=c
[msquic] stream: RECEIVE bytes=52 buffers=1 pending=0
[drop] kind=deadline dt_ms=108.903 cmd=up key=a
[stuck] key=4 age_ms=588.934
[heal] key=4 heal_ms=110.064
[msquic] stream: RECEIVE bytes=52 buffers=1 pending=0
[stuck] key=9 age_ms=533.035
[msquic] stream: RECEIVE bytes=52 buffers=1 pending=0
[msquic] stream: RECEIVE bytes=52 buffers=1 pending=0
[drop] kind=deadline dt_ms=102.858 cmd=mup key=b
[lat] dt_ms=45.5358 cmd=up key=e
[lat] dt_ms=82.9142 cmd=down key=d
[heal] key=7 heal_ms=73.5907
[msquic] stream: RECEIVE bytes=52 buffers=1 pending=0
[stuck] key=10 age_ms=536.236
[lat] dt_ms=82.9343 cmd=up key=d
[msquic] stream: RECEIVE bytes=104 buffers=2 pending=0
[stuck] key=11 age_ms=532.72
[heal] key=11 heal_ms=23.9398
[msquic] stream: RECEIVE bytes=52 buffers=1 pending=0
[lat] dt_ms=77.366 cmd=up key=f
[msquic] stream: RECEIVE bytes=52 buffers=1 pending=0
[lat] dt_ms=80.4079 cmd=down key=g
[drop] kind=deadline dt_ms=103.925 cmd=down key=f
[lat] dt_ms=59.324 cmd=up key=h
[heal] key=10 heal_ms=81.2793
[msquic] stream: RECEIVE bytes=104 buffers=1 pending=0
[drop] kind=deadline dt_ms=105.763 cmd=mup key=f
[msquic] stream: RECEIVE bytes=52 buffers=1 pending=0
[lat] dt_ms=85.6517 cmd=up key=g
[msquic] stream: RECEIVE bytes=52 buffers=1 pending=0
[stuck] key=14 age_ms=521.855
[lat] dt_ms=87.9952 cmd=down key=h
[heal] key=14 heal_ms=28.2941
[msquic] stream: RECEIVE bytes=52 buffers=1 pending=0
[lat] dt_ms=54.382 cmd=up key=j
[lat] dt_ms=11.3845 cmd=down key=m
[lat] dt_ms=34.273 cmd=down key=l
[lat] dt_ms=25.0787 cmd=up key=l
[lat] dt_ms=79.6424 cmd=down key=j
[msquic] stream: RECEIVE bytes=52 buffers=1 pending=0
[msquic] stream: RECEIVE bytes=104 buffers=1 pending=0
[msquic] stream: RECEIVE bytes=52 buffers=1 pending=0
[drop] kind=deadline dt_ms=106.208 cmd=down key=i
[lat] dt_ms=96.7056 cmd=up key=i
[msquic] stream: RECEIVE bytes=52 buffers=1 pending=0
[lat] dt_ms=86.0581 cmd=down key=k
[msquic] stream: RECEIVE bytes=52 buffers=1 pending=0
[heal] key=15 heal_ms=55.8512
[msquic] stream: RECEIVE bytes=52 buffers=1 pending=0
[lat] dt_ms=10.8041 cmd=down key=o
[watchdog] key=18 age_ms=540.151
[lat] dt_ms=49.6926 cmd=up key=m
[msquic] stream: RECEIVE bytes=52 buffers=1 pending=0
[lat] dt_ms=44.1606 cmd=down key=n
[lat] dt_ms=97.9406 cmd=up key=k
[msquic] stream: RECEIVE bytes=52 buffers=1 pending=0
[msquic] stream: RECEIVE bytes=52 buffers=1 pending=0
[msquic] stream: RECEIVE bytes=52 buffers=1 pending=0
[msquic] stream: RECEIVE bytes=52 buffers=1 pending=0
[lat] dt_ms=40.4814 cmd=down key=p
[msquic] stream: RECEIVE bytes=52 buffers=1 pending=0
[stuck] key=20 age_ms=515.452
[lat] dt_ms=81.6198 cmd=up key=n
[lat] dt_ms=29.418 cmd=down key=q
[msquic] stream: RECEIVE bytes=52 buffers=1 pending=0
[drop] kind=deadline dt_ms=106.14 cmd=mup key=m
[lat] dt_ms=26.407 cmd=up key=q
[msquic] stream: RECEIVE bytes=52 buffers=1 pending=0
[lat] dt_ms=72.6647 cmd=up key=p
[lat] dt_ms=45.5842 cmd=down key=r
[watchdog] key=21 age_ms=557.033
[msquic] stream: RECEIVE bytes=104 buffers=1 pending=0
[msquic] stream: RECEIVE bytes=52 buffers=1 pending=0
[msquic] stream: RECEIVE bytes=52 buffers=1 pending=0
[lat] dt_ms=65.0329 cmd=up key=r
[lat] dt_ms=23.0217 cmd=up key=t
[lat] dt_ms=47.2832 cmd=up key=s
[drop] kind=deadline dt_ms=110.893 cmd=mup key=p
[msquic] stream: RECEIVE bytes=104 buffers=1 pending=0
[lat] dt_ms=66.2779 cmd=down key=s
[lat] dt_ms=52.9259 cmd=down key=t
[watchdog] key=22 age_ms=528.522
[msquic] stream: RECEIVE bytes=52 buffers=1 pending=0
[lat] dt_ms=15.6048 cmd=up key=v
[msquic] stream: RECEIVE bytes=52 buffers=1 pending=0
[msquic] stream: RECEIVE bytes=52 buffers=1 pending=0
[heal] key=22 heal_ms=100.461
[msquic] stream: RECEIVE bytes=104 buffers=1 pending=0
[lat] dt_ms=22.8361 cmd=up key=w
[lat] dt_ms=77.2784 cmd=up key=u
[heal] key=23 heal_ms=98.2583
[msquic] stream: RECEIVE bytes=52 buffers=1 pending=0
[msquic] stream: RECEIVE bytes=52 buffers=1 pending=0
[lat] dt_ms=81.8629 cmd=down key=v
[heal] key=25 heal_ms=79.5822
[msquic] stream: RECEIVE bytes=52 buffers=1 pending=0
[msquic] stream: RECEIVE bytes=52 buffers=1 pending=0
[msquic] stream: RECEIVE bytes=52 buffers=1 pending=0
[msquic] stream: RECEIVE bytes=52 buffers=1 pending=0
[lat] dt_ms=19.2532 cmd=down key=z
[watchdog] key=29 age_ms=571.028
[lat] dt_ms=73.79 cmd=down key=x
[lat] dt_ms=97.5647 cmd=down key=w
[watchdog] key=27 age_ms=612.686
[heal] key=26 heal_ms=91.2744
[msquic] stream: RECEIVE bytes=52 buffers=1 pending=0
[lat] dt_ms=72.5642 cmd=up key=x
[msquic] stream: RECEIVE bytes=52 buffers=1 pending=0
[msquic] stream: RECEIVE bytes=52 buffers=1 pending=0
[lat] dt_ms=38.0021 cmd=up key=z
[lat] dt_ms=69.7259 cmd=up key=y
[msquic] stream: RECEIVE bytes=52 buffers=1 pending=0
[lat] dt_ms=52.1836 cmd=down key=ENTER
[watchdog] key=40 age_ms=505.352
[drop] kind=deadline dt_ms=104.878 cmd=down key=y
[lat] dt_ms=20.6701 cmd=down key=b
[msquic] stream: RECEIVE bytes=52 buffers=1 pending=0
[hidra] snapshot v1 mods=0x0 pressed=0
[msquic] stream: RECEIVE bytes=104 buffers=1 pending=0
[heal] key=29 heal_ms=83.7625
[msquic] stream: RECEIVE bytes=52 buffers=1 pending=0
[lat] dt_ms=22.9771 cmd=up key=b
[msquic] stream: RECEIVE bytes=52 buffers=1 pending=0
[lat] dt_ms=78.5263 cmd=up key=ENTER
[msquic] stream: RECEIVE bytes=52 buffers=1 pending=0
[msquic] stream: RECEIVE bytes=52 buffers=1 pending=0
[stuck] key=6 age_ms=527.615
[lat] dt_ms=14.3539 cmd=up key=d
[heal] key=6 heal_ms=47.9717
[msquic] stream: RECEIVE bytes=104 buffers=1 pending=0
[lat] dt_ms=61.7103 cmd=down key=c
[lat] dt_ms=62.3536 cmd=up key=c
[msquic] stream: RECEIVE bytes=52 buffers=1 pending=0
[heal] key=8 heal_ms=21.9755
[msquic] stream: RECEIVE bytes=52 buffers=1 pending=0
[msquic] stream: RECEIVE bytes=52 buffers=1 pending=0
[drop] kind=deadline dt_ms=109.716 cmd=up key=a
[lat] dt_ms=66.0895 cmd=down key=d
[heal] key=7 heal_ms=57.2985
[msquic] stream: RECEIVE bytes=52 buffers=1 pending=0
[lat] dt_ms=49.1531 cmd=down key=e
[msquic] stream: RECEIVE bytes=52 buffers=1 pending=0
[lat] dt_ms=55.612 cmd=up key=e
[msquic] stream: RECEIVE bytes=52 buffers=1 pending=0
[msquic] stream: RECEIVE bytes=52 buffers=1 pending=0
[heal] key=9 heal_ms=41.5349
[msquic] stream: RECEIVE bytes=52 buffers=1 pending=0
[stuck] key=10 age_ms=502.207
[msquic] stream: RECEIVE bytes=52 buffers=1 pending=0
[lat] dt_ms=50.2486 cmd=down key=g
[lat] dt_ms=32.4687 cmd=down key=h
[msquic] stream: RECEIVE bytes=52 buffers=1 pending=0
[msquic] stream: RECEIVE bytes=52 buffers=1 pending=0
[drop] kind=deadline dt_ms=100.394 cmd=down key=f
[msquic] stream: RECEIVE bytes=52 buffers=1 pending=0
[stuck] key=12 age_ms=498.916
[msquic] stream: RECEIVE bytes=52 buffers=1 pending=0
[drop] kind=deadline dt_ms=103.826 cmd=up key=f
[msquic] stream: RECEIVE bytes=52 buffers=1 pending=0
[msquic] stream: RECEIVE bytes=52 buffers=1 pending=0
[drop] kind=deadline dt_ms=100.411 cmd=up key=g
[lat] dt_ms=37.7248 cmd=down key=k
[watchdog] key=14 age_ms=587.461
[msquic] stream: RECEIVE bytes=52 buffers=1 pending=0
[lat] dt_ms=93.6319 cmd=up key=h
[lat] dt_ms=81.1977 cmd=up key=i
[msquic] stream: RECEIVE bytes=52 buffers=1 pending=0
[lat] dt_ms=29.0279 cmd=up key=l
[heal] key=13 heal_ms=75.5243
[msquic] stream: RECEIVE bytes=104 buffers=1 pending=0
[drop] kind=deadline dt_ms=107.201 cmd=down key=i
[lat] dt_ms=46.9948 cmd=down key=l
[watchdog] key=15 age_ms=548.475
[lat] dt_ms=72.6411 cmd=up key=k
[drop] kind=deadline dt_ms=100.751 cmd=up key=j
[msquic] stream: RECEIVE bytes=52 buffers=1 pending=0
[lat] dt_ms=53.5748 cmd=down key=m
[watchdog] key=16 age_ms=531.177
[lat] dt_ms=36.9005 cmd=down key=n
[msquic] stream: RECEIVE bytes=52 buffers=1 pending=0
[msquic] stream: RECEIVE bytes=52 buffers=1 pending=0
[lat] dt_ms=59.0107 cmd=up key=m
[msquic] stream: RECEIVE bytes=52 buffers=1 pending=0
[msquic] stream: RECEIVE bytes=52 buffers=1 pending=0
[msquic] stream: RECEIVE bytes=52 buffers=1 pending=0
[stuck] key=19 age_ms=506.955
[lat] dt_ms=38.075 cmd=up key=o
[msquic] stream: RECEIVE bytes=52 buffers=2 pending=0
[heal] key=15 heal_ms=116.559
[msquic] stream: RECEIVE bytes=52 buffers=1 pending=0
[msquic] stream: RECEIVE bytes=52 buffers=1 pending=0
[heal] key=17 heal_ms=82.5656
[msquic] stream: RECEIVE bytes=52 buffers=1 pending=0
[msquic] stream: RECEIVE bytes=52 buffers=1 pending=0
[lat] dt_ms=91.3835 cmd=down key=o
[heal] key=18 heal_ms=81.3344
[msquic] stream: RECEIVE bytes=52 buffers=1 pending=0
[drop] kind=deadline dt_ms=110.999 cmd=up key=n
[lat] dt_ms=17.9091 cmd=down key=s
[msquic] stream: RECEIVE bytes=52 buffers=1 pending=0
[lat] dt_ms=90.556 cmd=down key=p
[lat] dt_ms=70.7219 cmd=down key=q
[msquic] stream: RECEIVE bytes=52 buffers=1 pending=0
[lat] dt_ms=61.217 cmd=up key=q
[lat] dt_ms=83.6784 cmd=up key=p
[msquic] stream: RECEIVE bytes=52 buffers=1 pending=0
[msquic] stream: RECEIVE bytes=52 buffers=1 pending=0
[stuck] key=21 age_ms=543.352
[lat] dt_ms=19.1269 cmd=down key=t
[watchdog] key=23 age_ms=497.171
[msquic] stream: RECEIVE bytes=52 buffers=1 pending=0
[lat] dt_ms=35.9497 cmd=up key=s
[drop] kind=deadline dt_ms=102.686 cmd=mup key=p
[lat] dt_ms=20.8926 cmd=up key=t
[msquic] stream: RECEIVE bytes=52 buffers=1 pending=0
[lat] dt_ms=78.6164 cmd=down key=r
[msquic] stream: RECEIVE bytes=52 buffers=1 pending=0
[msquic] stream: RECEIVE bytes=52 buffers=1 pending=0
[lat] dt_ms=85.293 cmd=up key=r
[lat] dt_ms=21.782 cmd=down key=v
[watchdog] key=25 age_ms=569.172
[lat] dt_ms=55.9605 cmd=down key=u
[watchdog] key=24 age_ms=527.143
[heal] key=22 heal_ms=98.0698
[msquic] stream: RECEIVE bytes=104 buffers=1 pending=0
[msquic] stream: RECEIVE bytes=52 buffers=1 pending=0
[msquic] stream: RECEIVE bytes=104 buffers=1 pending=0
[heal] key=24 heal_ms=71.7145
[msquic] stream: RECEIVE bytes=52 buffers=1 pending=0
[lat] dt_ms=31.6753 cmd=up key=w
[stuck] key=27 age_ms=510.88
[lat] dt_ms=58.1605 cmd=down key=w
[watchdog] key=26 age_ms=549.005
[lat] dt_ms=99.5486 cmd=up key=u
[lat] dt_ms=80.6822 cmd=up key=v
[msquic] stream: RECEIVE bytes=52 buffers=1 pending=0
[lat] dt_ms=41.8966 cmd=up key=x
[msquic] stream: RECEIVE bytes=52 buffers=1 pending=0
[msquic] stream: RECEIVE bytes=52 buffers=1 pending=0
[lat] dt_ms=56.7657 cmd=down key=x
[lat] dt_ms=42.6531 cmd=down key=y
[msquic] stream: RECEIVE bytes=52 buffers=1 pending=0
[drop] kind=deadline dt_ms=106.34 cmd=mup key=v
[msquic] stream: RECEIVE bytes=52 buffers=1 pending=0
[msquic] stream: RECEIVE bytes=52 buffers=1 pending=0
[msquic] stream: RECEIVE bytes=52 buffers=1 pending=0
[lat] dt_ms=65.164 cmd=up key=y
[lat] dt_ms=37.9376 cmd=down key=ENTER
[msquic] stream: RECEIVE bytes=52 buffers=1 pending=0
[msquic] stream: RECEIVE bytes=52 buffers=1 pending=0
[stuck] key=29 age_ms=583.688
[lat] dt_ms=29.414 cmd=down key=a
[msquic] stream: RECEIVE bytes=52 buffers=1 pending=0
[lat] dt_ms=67.6767 cmd=up key=z
[lat] dt_ms=46.4004 cmd=up key=ENTER
[heal] key=4 heal_ms=598.464
[msquic] stream: RECEIVE bytes=52 buffers=1 pending=0
[msquic] stream: RECEIVE bytes=52 buffers=1 pending=0
[lat] dt_ms=90.8858 cmd=down key=z
[lat] dt_ms=27.7871 cmd=down key=b
[msquic] stream: RECEIVE bytes=52 buffers=1 pending=0
[msquic] stream: RECEIVE bytes=52 buffers=1 pending=0
[hidra] progress: rx=561 emits=758 quic_snapshots=427 socket=connected
[heal] key=29 heal_ms=143.243
[msquic] stream: RECEIVE bytes=52 buffers=1 pending=0
[msquic] stream: RECEIVE bytes=52 buffers=1 pending=0
[stuck] key=6 age_ms=566.179
[msquic] stream: RECEIVE bytes=52 buffers=1 pending=0
[msquic] stream: RECEIVE bytes=52 buffers=1 pending=0
[lat] dt_ms=57.3092 cmd=down key=d
[heal] key=7 heal_ms=49.9048
[heal] key=5 heal_ms=92.0214
[msquic] stream: RECEIVE bytes=52 buffers=1 pending=0
[lat] dt_ms=50.9481 cmd=up key=d
[lat] dt_ms=95.172 cmd=up key=b
[lat] dt_ms=33.7461 cmd=up key=e
[lat] dt_ms=84.2017 cmd=up key=c
[lat] dt_ms=33.8806 cmd=down key=f
[watchdog] key=9 age_ms=555.018
[msquic] stream: RECEIVE bytes=52 buffers=1 pending=0
[lat] dt_ms=22.9577 cmd=down key=g
[heal] key=10 heal_ms=580.648
[msquic] stream: RECEIVE bytes=52 buffers=1 pending=0
[msquic] stream: RECEIVE bytes=52 buffers=1 pending=0
[msquic] stream: RECEIVE bytes=52 buffers=1 pending=0
[lat] dt_ms=26.116 cmd=down key=h
[msquic] stream: RECEIVE bytes=104 buffers=1 pending=0
[lat] dt_ms=98.4445 cmd=down key=e
[watchdog] key=8 age_ms=592.813
[msquic] stream: RECEIVE bytes=52 buffers=1 pending=0
[lat] dt_ms=28.7181 cmd=up key=h
[msquic] stream: RECEIVE bytes=52 buffers=1 pending=0
[lat] dt_ms=30.8199 cmd=down key=i
[lat] dt_ms=66.4558 cmd=up key=g
[watchdog] key=12 age_ms=566.522
[msquic] stream: RECEIVE bytes=52 buffers=1 pending=0
[lat] dt_ms=91.7328 cmd=up key=f
[msquic] stream: RECEIVE bytes=52 buffers=1 pending=0
[msquic] stream: RECEIVE bytes=52 buffers=1 pending=0
[stuck] key=13 age_ms=1089.24
[lat] dt_ms=50.2911 cmd=up key=i
[msquic] stream: RECEIVE bytes=52 buffers=1 pending=0
[msquic] stream: RECEIVE bytes=52 buffers=1 pending=0
[msquic] stream: RECEIVE bytes=52 buffers=1 pending=0
[stuck] key=14 age_ms=519.363
[msquic] stream: RECEIVE bytes=52 buffers=1 pending=0
[msquic] stream: RECEIVE bytes=52 buffers=1 pending=0
[msquic] stream: RECEIVE bytes=52 buffers=1 pending=0
[lat] dt_ms=56.9921 cmd=down key=k
[lat] dt_ms=25.556 cmd=up key=l
[msquic] stream: RECEIVE bytes=52 buffers=1 pending=0
[lat] dt_ms=70.842 cmd=up key=j
[lat] dt_ms=58.1655 cmd=up key=k
[lat] dt_ms=51.9742 cmd=down key=l
[drop] kind=deadline dt_ms=107.609 cmd=mup key=i
[msquic] stream: RECEIVE bytes=52 buffers=1 pending=0
[lat] dt_ms=23.8511 cmd=down key=n
[watchdog] key=17 age_ms=511.513
[lat] dt_ms=24.7734 cmd=up key=n
[msquic] stream: RECEIVE bytes=52 buffers=1 pending=0
[msquic] stream: RECEIVE bytes=52 buffers=1 pending=0
[msquic] stream: RECEIVE bytes=52 buffers=1 pending=0
[stuck] key=19 age_ms=495.201
[drop] kind=deadline dt_ms=107.696 cmd=mup key=l
[msquic] stream: RECEIVE bytes=52 buffers=1 pending=0
[stuck] key=16 age_ms=602.184
[heal] key=16 heal_ms=94.7926
[msquic] stream: RECEIVE bytes=52 buffers=1 pending=0
[lat] dt_ms=13.8949 cmd=up key=q
[drop] kind=deadline dt_ms=108.824 cmd=down key=m
[drop] kind=deadline dt_ms=100.223 cmd=up key=m
[heal] key=18 heal_ms=59.6609
[msquic] stream: RECEIVE bytes=52 buffers=1 pending=0
[msquic] stream: RECEIVE bytes=52 buffers=1 pending=0
[msquic] stream: RECEIVE bytes=52 buffers=1 pending=0
[lat] dt_ms=72.4725 cmd=up key=o
[lat] dt_ms=55.8224 cmd=up key=p
[lat] dt_ms=66.1172 cmd=down key=p
[msquic] stream: RECEIVE bytes=52 buffers=1 pending=0
[lat] dt_ms=98.5421 cmd=down key=o
[msquic] stream: RECEIVE bytes=52 buffers=1 pending=0
[msquic] stream: RECEIVE bytes=52 buffers=1 pending=0
[lat] dt_ms=64.4215 cmd=down key=r
[lat] dt_ms=34.3061 cmd=up key=s
[msquic] stream: RECEIVE bytes=52 buffers=1 pending=0
[lat] dt_ms=61.4504 cmd=down key=s
[drop] kind=deadline dt_ms=106.848 cmd=down key=q
[heal] key=22 heal_ms=56.2812
[msquic] stream: RECEIVE bytes=52 buffers=1 pending=0
[msquic] stream: RECEIVE bytes=52 buffers=1 pending=0
[lat] dt_ms=23.2012 cmd=up key=u
[lat] dt_ms=87.2907 cmd=up key=r
[msquic] stream: RECEIVE bytes=52 buffers=1 pending=0
[msquic] stream: RECEIVE bytes=52 buffers=1 pending=0
[lat] dt_ms=54.915 cmd=up key=t
[msquic] stream: RECEIVE bytes=52 buffers=1 pending=0
[msquic] stream: RECEIVE bytes=52 buffers=1 pending=0
[lat] dt_ms=24.6626 cmd=up key=v
[msquic] stream: RECEIVE bytes=52 buffers=1 pending=0
[msquic] stream: RECEIVE bytes=52 buffers=1 pending=0
[lat] dt_ms=81.3742 cmd=down key=t
[lat] dt_ms=47.0018 cmd=down key=v
[lat] dt_ms=16.9816 cmd=up key=w
[msquic] stream: RECEIVE bytes=52 buffers=1 pending=0
[msquic] stream: RECEIVE bytes=52 buffers=2 pending=0
[drop] kind=deadline dt_ms=100.053 cmd=down key=u
[lat] dt_ms=57.4726 cmd=down key=w
[watchdog] key=26 age_ms=545.344
[msquic] stream: RECEIVE bytes=52 buffers=1 pending=0
[lat] dt_ms=62.865 cmd=down key=x
[watchdog] key=27 age_ms=612.588
[lat] dt_ms=29.9088 cmd=down key=z
[msquic] stream: RECEIVE bytes=52 buffers=1 pending=0
[heal] key=27 heal_ms=64.8934
[msquic] stream: RECEIVE bytes=52 buffers=1 pending=0
[msquic] stream: RECEIVE bytes=52 buffers=1 pending=0
[lat] dt_ms=70.258 cmd=down key=y
[watchdog] key=28 age_ms=568.313
[heal] key=26 heal_ms=107.26
[msquic] stream: RECEIVE bytes=52 buffers=1 pending=0
[msquic] stream: RECEIVE bytes=52 buffers=1 pending=0
[msquic] stream: RECEIVE bytes=52 buffers=1 pending=0
[lat] dt_ms=99.5957 cmd=up key=x
[lat] dt_ms=48.5665 cmd=down key=ENTER
[lat] dt_ms=19.2623 cmd=up key=a
[watchdog] key=40 age_ms=589.721
[hidra] snapshot v1 mods=0x0 pressed=1
[msquic] stream: RECEIVE bytes=52 buffers=1 pending=0
[msquic] stream: RECEIVE bytes=52 buffers=1 pending=0
[msquic] stream: RECEIVE bytes=52 buffers=1 pending=0
[lat] dt_ms=56.4008 cmd=up key=ENTER
[msquic] stream: RECEIVE bytes=52 buffers=1 pending=0
[msquic] stream: RECEIVE bytes=52 buffers=1 pending=0
[lat] dt_ms=39.6023 cmd=down key=b
[heal] key=29 heal_ms=94.4176
[msquic] stream: RECEIVE bytes=52 buffers=1 pending=0
[drop] kind=deadline dt_ms=107.706 cmd=up key=z
[msquic] stream: RECEIVE bytes=52 buffers=1 pending=0
[msquic] stream: RECEIVE bytes=52 buffers=1 pending=0
[msquic] stream: RECEIVE bytes=52 buffers=1 pending=0
[msquic] stream: RECEIVE bytes=52 buffers=1 pending=0
[stuck] key=7 age_ms=543.769
[drop] kind=deadline dt_ms=106.621 cmd=down key=a
[drop] kind=deadline dt_ms=101.7 cmd=mup key=a
[msquic] stream: RECEIVE bytes=52 buffers=1 pending=0
[msquic] stream: RECEIVE bytes=52 buffers=1 pending=0
[lat] dt_ms=49.136 cmd=down key=e
[heal] key=8 heal_ms=38.6346
[msquic] stream: RECEIVE bytes=52 buffers=1 pending=0
[lat] dt_ms=74.4377 cmd=down key=d
[drop] kind=deadline dt_ms=106.423 cmd=up key=b
[drop] kind=deadline dt_ms=104.829 cmd=down key=c
[lat] dt_ms=94.606 cmd=up key=c
[lat] dt_ms=15.3747 cmd=up key=g
[lat] dt_ms=51.3197 cmd=down key=f
[msquic] stream: RECEIVE bytes=52 buffers=1 pending=0
[msquic] stream: RECEIVE bytes=52 buffers=1 pending=0
[lat] dt_ms=95.4627 cmd=up key=d
[msquic] stream: RECEIVE bytes=52 buffers=1 pending=0
[lat] dt_ms=17.9523 cmd=up key=h
[lat] dt_ms=72.1159 cmd=up key=f
[msquic] stream: RECEIVE bytes=52 buffers=1 pending=0
[lat] dt_ms=97.3195 cmd=up key=e
[msquic] stream: RECEIVE bytes=52 buffers=1 pending=0
[msquic] stream: RECEIVE bytes=52 buffers=1 pending=0
[msquic] stream: RECEIVE bytes=52 buffers=1 pending=0
[lat] dt_ms=29.4049 cmd=up key=j
[lat] dt_ms=15.482 cmd=up key=k
[lat] dt_ms=58.7095 cmd=up key=i
[lat] dt_ms=27.291 cmd=down key=k
[msquic] stream: RECEIVE bytes=52 buffers=1 pending=0
[msquic] stream: RECEIVE bytes=52 buffers=1 pending=0
[drop] kind=deadline dt_ms=103.751 cmd=down key=h
[msquic] stream: RECEIVE bytes=52 buffers=1 pending=0
[msquic] stream: RECEIVE bytes=52 buffers=1 pending=0
[lat] dt_ms=94.546 cmd=down key=i
[msquic] stream: RECEIVE bytes=52 buffers=1 pending=0
[heal] key=11 heal_ms=112.509
[msquic] stream: RECEIVE bytes=52 buffers=1 pending=0
[lat] dt_ms=30.5349 cmd=up key=l
[lat] dt_ms=23.2928 cmd=down key=m
[watchdog] key=16 age_ms=494.435
[lat] dt_ms=95.4632 cmd=down key=j
[msquic] stream: RECEIVE bytes=52 buffers=1 pending=0
[lat] dt_ms=33.4515 cmd=up key=m
[lat] dt_ms=65.0898 cmd=down key=l
[watchdog] key=15 age_ms=600.725
[msquic] stream: RECEIVE bytes=52 buffers=1 pending=0
[heal] key=14 heal_ms=85.9486
[msquic] stream: RECEIVE bytes=52 buffers=1 pending=0
[lat] dt_ms=36.6964 cmd=up key=n
[msquic] stream: RECEIVE bytes=52 buffers=1 pending=0
[msquic] stream: RECEIVE bytes=52 buffers=1 pending=0
[heal] key=16 heal_ms=70.2909
[msquic] stream: RECEIVE bytes=52 buffers=1 pending=0
[stuck] key=18 age_ms=516.323
[msquic] stream: RECEIVE bytes=52 buffers=1 pending=0
[lat] dt_ms=77.3711 cmd=down key=n
[lat] dt_ms=25.258 cmd=up key=p
[watchdog] key=17 age_ms=545.293
[msquic] stream: RECEIVE bytes=52 buffers=1 pending=0
[lat] dt_ms=56.4152 cmd=up key=o
[stuck] key=20 age_ms=569.374
[heal] key=20 heal_ms=590.905
[msquic] stream: RECEIVE bytes=52 buffers=1 pending=0
[lat] dt_ms=17.7144 cmd=down key=r
[lat] dt_ms=82.744 cmd=down key=o
[lat] dt_ms=32.12 cmd=up key=q
[watchdog] key=21 age_ms=1107.7
[msquic] stream: RECEIVE bytes=52 buffers=1 pending=0
[drop] kind=deadline dt_ms=102.442 cmd=mup key=n
[lat] dt_ms=78.0757 cmd=down key=p
[heal] key=19 heal_ms=79.0236
[msquic] stream: RECEIVE bytes=52 buffers=1 pending=0
[msquic] stream: RECEIVE bytes=52 buffers=1 pending=0
[lat] dt_ms=36.0931 cmd=down key=t
[drop] kind=deadline dt_ms=105.599 cmd=down key=q
[watchdog] key=23 age_ms=530.545
[msquic] stream: RECEIVE bytes=52 buffers=1 pending=0
[lat] dt_ms=28.4487 cmd=up key=u
[msquic] stream: RECEIVE bytes=52 buffers=1 pending=0
[msquic] stream: RECEIVE bytes=52 buffers=1 pending=0
[msquic] stream: RECEIVE bytes=52 buffers=1 pending=0
[stuck] key=22 age_ms=590.432
[msquic] stream: RECEIVE bytes=52 buffers=1 pending=0
[lat] dt_ms=76.6239 cmd=up key=s
[lat] dt_ms=46.8346 cmd=down key=u
[drop] kind=deadline dt_ms=100.825 cmd=mup key=r
[stuck] key=25 age_ms=552.442
[lat] dt_ms=97.4404 cmd=down key=s
[heal] key=24 heal_ms=55.1578
[heal] key=25 heal_ms=34.7011
[msquic] stream: RECEIVE bytes=52 buffers=1 pending=0
[msquic] stream: RECEIVE bytes=52 buffers=1 pending=0
[msquic] stream: RECEIVE bytes=52 buffers=1 pending=0[lat] dt_ms=41.2248 cmd=up key=v

[lat] dt_ms=31.038 cmd=down key=w
[watchdog] key=26 age_ms=499.002
[msquic] stream: RECEIVE bytes=52 buffers=1 pending=0
[msquic] stream: RECEIVE bytes=52 buffers=1 pending=0
[msquic] stream: RECEIVE bytes=52 buffers=1 pending=0
[lat] dt_ms=99.3904 cmd=up key=t
[lat] dt_ms=41.3138 cmd=up key=w
[stuck] key=27 age_ms=486.555
[lat] dt_ms=87.1441 cmd=down key=v
[lat] dt_ms=28.2151 cmd=down key=y
[watchdog] key=28 age_ms=502.313
[msquic] stream: RECEIVE bytes=52 buffers=1 pending=0
[msquic] stream: RECEIVE bytes=52 buffers=1 pending=0
[msquic] stream: RECEIVE bytes=52 buffers=1 pending=0
[lat] dt_ms=12.5199 cmd=down key=ENTER
[msquic] stream: RECEIVE bytes=52 buffers=1 pending=0
[msquic] stream: RECEIVE bytes=52 buffers=1 pending=0
[stuck] key=29 age_ms=585.138
[msquic] stream: RECEIVE bytes=52 buffers=1 pending=0
[lat] dt_ms=64.5741 cmd=up key=y
[heal] key=26 heal_ms=113.157
[msquic] stream: RECEIVE bytes=52 buffers=1 pending=0
[msquic] stream: RECEIVE bytes=52 buffers=1 pending=0
[drop] kind=deadline dt_ms=100.33 cmd=up key=x
[lat] dt_ms=26.3765 cmd=down key=a
[watchdog] key=4 age_ms=503.469
[msquic] stream: RECEIVE bytes=52 buffers=1 pending=0
[msquic] stream: RECEIVE bytes=52 buffers=1 pending=0
[msquic] stream: RECEIVE bytes=52 buffers=1 pending=0
[lat] dt_ms=83.1834 cmd=up key=z
[drop] kind=deadline dt_ms=106.359 cmd=mup key=y
[lat] dt_ms=99.2741 cmd=down key=z
[stuck] key=5 age_ms=562.985
[heal] key=5 heal_ms=597.379
[msquic] stream: RECEIVE bytes=52 buffers=1 pending=0
[heal] key=40 heal_ms=76.9579
[msquic] stream: RECEIVE bytes=52 buffers=1 pending=0
[drop] kind=deadline dt_ms=107.324 cmd=mup key=z
[msquic] stream: RECEIVE bytes=104 buffers=1 pending=0
[stuck] key=6 age_ms=506.212
[lat] dt_ms=15.7511 cmd=up key=d
[msquic] stream: RECEIVE bytes=52 buffers=1 pending=0
[drop] kind=deadline dt_ms=105.075 cmd=up key=ENTER
[lat] dt_ms=74.0763 cmd=up key=b
[drop] kind=deadline dt_ms=103.152 cmd=up key=a
[heal] key=7 heal_ms=50.3022
[msquic] stream: RECEIVE bytes=52 buffers=1 pending=0
[stuck] key=8 age_ms=501.365
[msquic] stream: RECEIVE bytes=52 buffers=1 pending=0
[drop] kind=deadline dt_ms=108.84 cmd=down key=b
[lat] dt_ms=15.2412 cmd=up key=f
[lat] dt_ms=89.4472 cmd=down key=c
[msquic] stream: RECEIVE bytes=52 buffers=1 pending=0
[drop] kind=deadline dt_ms=101.844 cmd=mup key=b
[lat] dt_ms=85.1403 cmd=up key=c
[msquic] stream: RECEIVE bytes=52 buffers=1 pending=0
[msquic] stream: RECEIVE bytes=52 buffers=1 pending=0
[msquic] stream: RECEIVE bytes=52 buffers=1 pending=0
[lat] dt_ms=60.3691 cmd=up key=e
[drop] kind=deadline dt_ms=103.228 cmd=down key=d
[lat] dt_ms=44.4195 cmd=down key=g
[heal] key=10 heal_ms=599.556
[msquic] stream: RECEIVE bytes=52 buffers=2 pending=0
[lat] dt_ms=95.8741 cmd=down key=e
[msquic] stream: RECEIVE bytes=52 buffers=1 pending=0
[msquic] stream: RECEIVE bytes=52 buffers=1 pending=0
[lat] dt_ms=82.5567 cmd=down key=f
[watchdog] key=9 age_ms=1158.41
[lat] dt_ms=56.7901 cmd=up key=g
[msquic] stream: RECEIVE bytes=52 buffers=1 pending=0
[heal] key=9 heal_ms=87.0713
[msquic] stream: RECEIVE bytes=52 buffers=1 pending=0
[msquic] stream: RECEIVE bytes=52 buffers=1 pending=0
[lat] dt_ms=30.9754 cmd=up key=i
[lat] dt_ms=70.4093 cmd=down key=h
[heal] key=11 heal_ms=59.9464
[msquic] stream: RECEIVE bytes=52 buffers=1 pending=0
[msquic] stream: RECEIVE bytes=52 buffers=1 pending=0
[msquic] stream: RECEIVE bytes=52 buffers=1 pending=0
[drop] kind=deadline dt_ms=100.027 cmd=mup key=g
[msquic] stream: RECEIVE bytes=52 buffers=1 pending=0
[msquic] stream: RECEIVE bytes=52 buffers=1 pending=0
[lat] dt_ms=59.0079 cmd=down key=j
[watchdog] key=13 age_ms=560.959
[msquic] stream: RECEIVE bytes=52 buffers=1 pending=0
[stuck] key=14 age_ms=587.136
[lat] dt_ms=37.6466 cmd=up key=k
[msquic] stream: RECEIVE bytes=52 buffers=1 pending=0
[drop] kind=deadline dt_ms=107.229 cmd=up key=h
[drop] kind=deadline dt_ms=101.129 cmd=down key=i
[lat] dt_ms=63.9719 cmd=down key=k
[lat] dt_ms=79.8123 cmd=up key=j
[lat] dt_ms=52.3072 cmd=down key=l
[watchdog] key=15 age_ms=547.95
[heal] key=14 heal_ms=73.2666
[msquic] stream: RECEIVE bytes=52 buffers=1 pending=0
[msquic] stream: RECEIVE bytes=52 buffers=1 pending=0
[msquic] stream: RECEIVE bytes=52 buffers=1 pending=0
[lat] dt_ms=44.0798 cmd=up key=m
[stuck] key=17 age_ms=524.143
[msquic] stream: RECEIVE bytes=52 buffers=1 pending=0
[heal] key=16 heal_ms=67.9851
[msquic] stream: RECEIVE bytes=52 buffers=1 pending=0
[lat] dt_ms=82.6653 cmd=down key=m
[lat] dt_ms=66.9442 cmd=down key=n
[heal] key=17 heal_ms=57.7596
[msquic] stream: RECEIVE bytes=52 buffers=1 pending=0
[msquic] stream: RECEIVE bytes=52 buffers=1 pending=0
[lat] dt_ms=19.9772 cmd=down key=q
[watchdog] key=20 age_ms=568.29
[lat] dt_ms=35.5984 cmd=up key=p
[msquic] stream: RECEIVE bytes=52 buffers=1 pending=0
[lat] dt_ms=77.5996 cmd=down key=o
[lat] dt_ms=26.0656 cmd=up key=q
[heal] key=18 heal_ms=70.0901
[msquic] stream: RECEIVE bytes=52 buffers=1 pending=0
[msquic] stream: RECEIVE bytes=52 buffers=1 pending=0
[lat] dt_ms=78.5203 cmd=up key=o
[drop] kind=deadline dt_ms=101.84 cmd=up key=n
[lat] dt_ms=36.6643 cmd=down key=r
[msquic] stream: RECEIVE bytes=52 buffers=1 pending=0
[msquic] stream: RECEIVE bytes=52 buffers=1 pending=0
[msquic] stream: RECEIVE bytes=52 buffers=1 pending=0
[msquic] stream: RECEIVE bytes=52 buffers=1 pending=0
[msquic] stream: RECEIVE bytes=52 buffers=1 pending=0
[msquic] stream: RECEIVE bytes=52 buffers=1 pending=0
[msquic] stream: RECEIVE bytes=52 buffers=1 pending=0
[drop] kind=deadline dt_ms=109.105 cmd=down key=p
[msquic] stream: RECEIVE bytes=52 buffers=1 pending=0
[msquic] stream: RECEIVE bytes=52 buffers=1 pending=0
[msquic] stream: RECEIVE bytes=52 buffers=1 pending=0
[lat] dt_ms=34.05 cmd=down key=u
[lat] dt_ms=88.9337 cmd=up key=r
[lat] dt_ms=70.8076 cmd=up key=s
[watchdog] key=24 age_ms=573.072
[msquic] stream: RECEIVE bytes=52 buffers=1 pending=0
[lat] dt_ms=32.3496 cmd=down key=v
[lat] dt_ms=98.9569 cmd=down key=s
[watchdog] key=22 age_ms=559.037
[watchdog] key=25 age_ms=554.896
[msquic] stream: RECEIVE bytes=52 buffers=1 pending=0
[lat] dt_ms=26.3712 cmd=down key=w
[watchdog] key=26 age_ms=480.305
[msquic] stream: RECEIVE bytes=52 buffers=1 pending=0
[lat] dt_ms=86.8072 cmd=up key=t
[msquic] stream: RECEIVE bytes=52 buffers=1 pending=0
[msquic] stream: RECEIVE bytes=52 buffers=1 pending=0
[msquic] stream: RECEIVE bytes=52 buffers=1 pending=0
[drop] kind=deadline dt_ms=109.486 cmd=down key=t
[msquic] stream: RECEIVE bytes=52 buffers=1 pending=0
[lat] dt_ms=88.1806 cmd=up key=u
[lat] dt_ms=69.3074 cmd=up key=v
[msquic] stream: RECEIVE bytes=52 buffers=1 pending=0
[msquic] stream: RECEIVE bytes=52 buffers=1 pending=0
[lat] dt_ms=74.6076 cmd=down key=x
[lat] dt_ms=21.8269 cmd=up key=z
[lat] dt_ms=32.2622 cmd=down key=z
[lat] dt_ms=65.616 cmd=up key=x
[watchdog] key=29 age_ms=553.864
[msquic] stream: RECEIVE bytes=52 buffers=1 pending=0
[msquic] stream: RECEIVE bytes=52 buffers=1 pending=0
[drop] kind=deadline dt_ms=100.581 cmd=up key=w
[lat] dt_ms=77.4912 cmd=down key=y
[heal] key=29 heal_ms=52.0563
[msquic] stream: RECEIVE bytes=52 buffers=1 pending=0
[lat] dt_ms=81.2075 cmd=up key=y
[drop] kind=deadline dt_ms=104.066 cmd=mup key=x
[heal] key=28 heal_ms=95.7641
[msquic] stream: RECEIVE bytes=104 buffers=1 pending=0
[lat] dt_ms=35.4802 cmd=up key=a
[msquic] stream: RECEIVE bytes=52 buffers=1 pending=0
[msquic] stream: RECEIVE bytes=52 buffers=1 pending=0
[lat] dt_ms=10.6546 cmd=down key=d
[hidra] snapshot v1 mods=0x0 pressed=0
[msquic] stream: RECEIVE bytes=52 buffers=1 pending=0
[msquic] stream: RECEIVE bytes=52 buffers=1 pending=0
[msquic] stream: RECEIVE bytes=52 buffers=1 pending=0
[stuck] key=6 age_ms=513.072
[heal] key=6 heal_ms=602.674
[msquic] stream: RECEIVE bytes=52 buffers=1 pending=0
[msquic] stream: RECEIVE bytes=52 buffers=1 pending=0
[heal] key=40 heal_ms=107.009
[msquic] stream: RECEIVE bytes=52 buffers=1 pending=0
[drop] kind=deadline dt_ms=108.227 cmd=up key=ENTER
[lat] dt_ms=98.6933 cmd=down key=a
[lat] dt_ms=60.5738 cmd=down key=c
[lat] dt_ms=30.0053 cmd=up key=d
[lat] dt_ms=50.8885 cmd=up key=c
[lat] dt_ms=77.0219 cmd=up key=b
[lat] dt_ms=98.6383 cmd=down key=b
[heal] key=4 heal_ms=121.677
[msquic] stream: RECEIVE bytes=52 buffers=1 pending=0
[msquic] stream: RECEIVE bytes=52 buffers=1 pending=0
[msquic] stream: RECEIVE bytes=52 buffers=1 pending=0
[msquic] stream: RECEIVE bytes=104 buffers=1 pending=0
[msquic] stream: RECEIVE bytes=52 buffers=1 pending=0
[lat] dt_ms=78.5047 cmd=up key=e
[msquic] stream: RECEIVE bytes=52 buffers=1 pending=0
[lat] dt_ms=73.4316 cmd=up key=f
[msquic] stream: RECEIVE bytes=52 buffers=1 pending=0
[drop] kind=deadline dt_ms=107.321 cmd=down key=e
[lat] dt_ms=86.9705 cmd=down key=f
[watchdog] key=9 age_ms=563.78
[msquic] stream: RECEIVE bytes=52 buffers=1 pending=0
[msquic] stream: RECEIVE bytes=52 buffers=1 pending=0
[msquic] stream: RECEIVE bytes=52 buffers=1 pending=0
[lat] dt_ms=76.2134 cmd=down key=g
[watchdog] key=10 age_ms=541.08
[msquic] stream: RECEIVE bytes=52 buffers=1 pending=0
[lat] dt_ms=29.0902 cmd=up key=i
[lat] dt_ms=72.1777 cmd=up key=g
[msquic] stream: RECEIVE bytes=52 buffers=1 pending=0
[lat] dt_ms=19.1926 cmd=up key=j
[msquic] stream: RECEIVE bytes=52 buffers=1 pending=0
[msquic] stream: RECEIVE bytes=52 buffers=1 pending=0
[lat] dt_ms=77.4538 cmd=down key=h
[lat] dt_ms=21.3007 cmd=down key=k
[heal] key=11 heal_ms=74.7576
[heal] key=12 heal_ms=53.6379
[msquic] stream: RECEIVE bytes=52 buffers=1 pending=0
[msquic] stream: RECEIVE bytes=52 buffers=1 pending=0
[msquic] stream: RECEIVE bytes=52 buffers=1 pending=0
[drop] kind=deadline dt_ms=102.741 cmd=up key=h
[drop] kind=deadline dt_ms=102.864 cmd=down key=i
[msquic] stream: RECEIVE bytes=52 buffers=1 pending=0
[lat] dt_ms=30.2769 cmd=up key=l
[msquic] stream: RECEIVE bytes=52 buffers=1 pending=0
[heal] key=13 heal_ms=93.6421
[msquic] stream: RECEIVE bytes=52 buffers=1 pending=0
[drop] kind=deadline dt_ms=109.796 cmd=down key=j
[lat] dt_ms=46.1202 cmd=down key=m
[msquic] stream: RECEIVE bytes=52 buffers=1 pending=0
[msquic] stream: RECEIVE bytes=52 buffers=1 pending=0
[lat] dt_ms=79.8803 cmd=down key=l
[lat] dt_ms=27.5763 cmd=up key=n
[watchdog] key=15 age_ms=551.105
[msquic] stream: RECEIVE bytes=52 buffers=1 pending=0
[lat] dt_ms=97.8948 cmd=up key=k
[msquic] stream: RECEIVE bytes=52 buffers=2 pending=0
[msquic] stream: RECEIVE bytes=52 buffers=1 pending=0
[msquic] stream: RECEIVE bytes=52 buffers=1 pending=0
[msquic] stream: RECEIVE bytes=52 buffers=1 pending=0
[lat] dt_ms=73.8438 cmd=down key=n
[heal] key=17 heal_ms=66.6904
[msquic] stream: RECEIVE bytes=52 buffers=1 pending=0
[heal] key=19 heal_ms=595.323
[msquic] stream: RECEIVE bytes=52 buffers=1 pending=0
[drop] kind=deadline dt_ms=109.647 cmd=up key=m
[msquic] stream: RECEIVE bytes=52 buffers=1 pending=0
[stuck] key=20 age_ms=579.569
[lat] dt_ms=44.9006 cmd=up key=q
[lat] dt_ms=86.0124 cmd=up key=o
[drop] kind=deadline dt_ms=101.829 cmd=down key=o
[lat] dt_ms=81.826 cmd=down key=p
[lat] dt_ms=13.5459 cmd=up key=s
[hidra] progress: rx=839 emits=1124 quic_snapshots=637 socket=connected
[msquic] stream: RECEIVE bytes=52 buffers=1 pending=0
[msquic] stream: RECEIVE bytes=52 buffers=1 pending=0
[lat] dt_ms=94.717 cmd=up key=p
[msquic] stream: RECEIVE bytes=52 buffers=1 pending=0
[lat] dt_ms=88.9515 cmd=down key=q
[msquic] stream: RECEIVE bytes=52 buffers=1 pending=0
[lat] dt_ms=17.9104 cmd=up key=t
[msquic] stream: RECEIVE bytes=52 buffers=1 pending=0
[msquic] stream: RECEIVE bytes=52 buffers=1 pending=0
[lat] dt_ms=64.4055 cmd=up key=r
[msquic] stream: RECEIVE bytes=52 buffers=1 pending=0
[lat] dt_ms=90.3652 cmd=down key=r
[msquic] stream: RECEIVE bytes=52 buffers=1 pending=0
[drop] kind=deadline dt_ms=103.389 cmd=mup key=q
[lat] dt_ms=17.6614 cmd=down key=v
[lat] dt_ms=64.7671 cmd=down key=t
[lat] dt_ms=43.7065 cmd=down key=u
[watchdog] key=24 age_ms=571.229
[watchdog] key=25 age_ms=524.303
[heal] key=23 heal_ms=59.2845
[heal] key=21 heal_ms=101.283
[msquic] stream: RECEIVE bytes=52 buffers=1 pending=0
[msquic] stream: RECEIVE bytes=52 buffers=1 pending=0
[msquic] stream: RECEIVE bytes=52 buffers=1 pending=0
[msquic] stream: RECEIVE bytes=52 buffers=1 pending=0
[msquic] stream: RECEIVE bytes=52 buffers=1 pending=0
[msquic] stream: RECEIVE bytes=52 buffers=1 pending=0
[msquic] stream: RECEIVE bytes=104 buffers=1 pending=0
[stuck] key=26 age_ms=584.058
[lat] dt_ms=44.9775 cmd=down key=w
[lat] dt_ms=87.8105 cmd=up key=u
[heal] key=26 heal_ms=46.6473
[msquic] stream: RECEIVE bytes=52 buffers=1 pending=0
[lat] dt_ms=10.4865 cmd=up key=y
[lat] dt_ms=76.1354 cmd=up key=v
[lat] dt_ms=32.4435 cmd=down key=y
[msquic] stream: RECEIVE bytes=52 buffers=1 pending=0
[msquic] stream: RECEIVE bytes=52 buffers=1 pending=0
[msquic] stream: RECEIVE bytes=52 buffers=1 pending=0
[msquic] stream: RECEIVE bytes=52 buffers=1 pending=0
[lat] dt_ms=54.7023 cmd=up key=x
[msquic] stream: RECEIVE bytes=52 buffers=1 pending=0
[lat] dt_ms=77.9731 cmd=down key=x
[msquic] stream: RECEIVE bytes=52 buffers=1 pending=0
[stuck] key=40 age_ms=1142.1
[lat] dt_ms=43.1802 cmd=down key=z
[lat] dt_ms=41.0496 cmd=up key=z
[msquic] stream: RECEIVE bytes=104 buffers=1 pending=0
[drop] kind=deadline dt_ms=107.549 cmd=up key=w
[lat] dt_ms=27.8947 cmd=down key=a
[lat] dt_ms=57.3835 cmd=down key=ENTER
[watchdog] key=4 age_ms=507.969
[lat] dt_ms=41.1189 cmd=up key=a
[msquic] stream: RECEIVE bytes=52 buffers=1 pending=0
[lat] dt_ms=46.2409 cmd=down key=b
[watchdog] key=5 age_ms=592.173
[lat] dt_ms=81.7878 cmd=up key=ENTER
[msquic] stream: RECEIVE bytes=52 buffers=1 pending=0
[msquic] stream: RECEIVE bytes=52 buffers=1 pending=0
[stuck] key=7 age_ms=561.9
[lat] dt_ms=46.562 cmd=up key=c
[lat] dt_ms=15.4237 cmd=down key=e
[msquic] stream: RECEIVE bytes=52 buffers=1 pending=0
[msquic] stream: RECEIVE bytes=52 buffers=1 pending=0
[msquic] stream: RECEIVE bytes=52 buffers=1 pending=0
[msquic] stream: RECEIVE bytes=52 buffers=1 pending=0
[msquic] stream: RECEIVE bytes=52 buffers=1 pending=0
[lat] dt_ms=73.4372 cmd=down key=c
[lat] dt_ms=13.8641 cmd=down key=f
[watchdog] key=9 age_ms=479.951
[watchdog] key=6 age_ms=553.019
[msquic] stream: RECEIVE bytes=52 buffers=1 pending=0
[lat] dt_ms=48.8374 cmd=up key=d
[lat] dt_ms=63.3879 cmd=down key=d
[lat] dt_ms=40.3094 cmd=up key=e
[msquic] stream: RECEIVE bytes=104 buffers=1 pending=0
[drop] kind=deadline dt_ms=108.842 cmd=up key=b
[msquic] stream: RECEIVE bytes=52 buffers=1 pending=0
[lat] dt_ms=48.7986 cmd=up key=f
[msquic] stream: RECEIVE bytes=52 buffers=1 pending=0
[msquic] stream: RECEIVE bytes=52 buffers=1 pending=0
[lat] dt_ms=22.0686 cmd=up key=h
[msquic] stream: RECEIVE bytes=52 buffers=1 pending=0
[msquic] stream: RECEIVE bytes=52 buffers=1 pending=0
[msquic] stream: RECEIVE bytes=104 buffers=1 pending=0
[msquic] stream: RECEIVE bytes=52 buffers=1 pending=0
[stuck] key=10 age_ms=577.448
[lat] dt_ms=92.2632 cmd=up key=g
[lat] dt_ms=83.8979 cmd=down key=h
[drop] kind=deadline dt_ms=105.806 cmd=down key=g
[msquic] stream: RECEIVE bytes=52 buffers=1 pending=0
[stuck] key=13 age_ms=597.103
[heal] key=13 heal_ms=56.5219
[msquic] stream: RECEIVE bytes=52 buffers=1 pending=0
[lat] dt_ms=22.281 cmd=up key=l
[lat] dt_ms=99.7044 cmd=down key=i
[lat] dt_ms=89.4406 cmd=up key=i
[lat] dt_ms=49.0755 cmd=down key=l
[watchdog] key=15 age_ms=520.106
[drop] kind=deadline dt_ms=100.914 cmd=down key=j
[msquic] stream: RECEIVE bytes=52 buffers=1 pending=0
[stuck] key=16 age_ms=557.489
[drop] kind=deadline dt_ms=101.245 cmd=up key=j
[lat] dt_ms=19.6738 cmd=up key=n
[lat] dt_ms=30.0424 cmd=down key=n
[msquic] stream: RECEIVE bytes=52 buffers=1 pending=0
[lat] dt_ms=83.4438 cmd=up key=k
[drop] kind=deadline dt_ms=100.206 cmd=down key=k
[heal] key=16 heal_ms=49.0904
[msquic] stream: RECEIVE bytes=52 buffers=1 pending=0
[msquic] stream: RECEIVE bytes=52 buffers=1 pending=0
[lat] dt_ms=55.5466 cmd=up key=m
[lat] dt_ms=70.3777 cmd=down key=m
[msquic] stream: RECEIVE bytes=52 buffers=1 pending=0
[lat] dt_ms=30.667 cmd=down key=o
[msquic] stream: RECEIVE bytes=52 buffers=1 pending=0
[heal] key=15 heal_ms=91.5766
[msquic] stream: RECEIVE bytes=52 buffers=1 pending=0
[msquic] stream: RECEIVE bytes=52 buffers=1 pending=0
[lat] dt_ms=33.5926 cmd=down key=p
[msquic] stream: RECEIVE bytes=52 buffers=1 pending=0
[heal] key=17 heal_ms=69.4107
[msquic] stream: RECEIVE bytes=52 buffers=1 pending=0
[msquic] stream: RECEIVE bytes=52 buffers=1 pending=0
[msquic] stream: RECEIVE bytes=52 buffers=1 pending=0
[msquic] stream: RECEIVE bytes=52 buffers=1 pending=0
[lat] dt_ms=93.8899 cmd=up key=o
[msquic] stream: RECEIVE bytes=52 buffers=1 pending=0
[heal] key=19 heal_ms=80.2807
[msquic] stream: RECEIVE bytes=52 buffers=1 pending=0
[drop] kind=deadline dt_ms=106.574 cmd=mup key=o
[stuck] key=20 age_ms=551.807
[heal] key=20 heal_ms=68.7176
[msquic] stream: RECEIVE bytes=52 buffers=1 pending=0
[msquic] stream: RECEIVE bytes=52 buffers=1 pending=0
[lat] dt_ms=57.5628 cmd=up key=r
[lat] dt_ms=91.7951 cmd=down key=q
[drop] kind=deadline dt_ms=108.603 cmd=up key=p
[lat] dt_ms=98.8845 cmd=up key=q
[lat] dt_ms=48.1766 cmd=down key=t
[lat] dt_ms=89.4482 cmd=down key=r
[watchdog] key=21 age_ms=568.467
[watchdog] key=23 age_ms=537.751
[lat] dt_ms=81.6607 cmd=down key=s
[watchdog] key=22 age_ms=622.373
[lat] dt_ms=43.8777 cmd=down key=u
[msquic] stream: RECEIVE bytes=104 buffers=1 pending=0
[msquic] stream: RECEIVE bytes=52 buffers=1 pending=0
[lat] dt_ms=29.0958 cmd=up key=v
[lat] dt_ms=97.5984 cmd=up key=s
[lat] dt_ms=15.8006 cmd=up key=w
[lat] dt_ms=59.5964 cmd=up key=u
[msquic] stream: RECEIVE bytes=52 buffers=1 pending=0
[msquic] stream: RECEIVE bytes=52 buffers=1 pending=0
[lat] dt_ms=41.9309 cmd=down key=w
[msquic] stream: RECEIVE bytes=52 buffers=1 pending=0
[msquic] stream: RECEIVE bytes=52 buffers=1 pending=0
[drop] kind=deadline dt_ms=100.823 cmd=up key=t
[msquic] stream: RECEIVE bytes=52 buffers=1 pending=0
[heal] key=23 heal_ms=109.362
[msquic] stream: RECEIVE bytes=52 buffers=2 pending=0
[msquic] stream: RECEIVE bytes=52 buffers=1 pending=0
[stuck] key=28 age_ms=551.391
[heal] key=28 heal_ms=575.942
[msquic] stream: RECEIVE bytes=52 buffers=1 pending=0
[lat] dt_ms=85.7664 cmd=down key=v
[msquic] stream: RECEIVE bytes=52 buffers=1 pending=0
[lat] dt_ms=44.3689 cmd=down key=y
[msquic] stream: RECEIVE bytes=52 buffers=1 pending=0
[heal] key=25 heal_ms=108.64
[msquic] stream: RECEIVE bytes=52 buffers=1 pending=0
[msquic] stream: RECEIVE bytes=52 buffers=1 pending=0
[msquic] stream: RECEIVE bytes=52 buffers=1 pending=0
[heal] key=29 heal_ms=602.263
[msquic] stream: RECEIVE bytes=52 buffers=1 pending=0
[stuck] key=40 age_ms=499.844
[heal] key=40 heal_ms=584.363
[msquic] stream: RECEIVE bytes=52 buffers=1 pending=0
[stuck] key=27 age_ms=587.293
[msquic] stream: RECEIVE bytes=52 buffers=1 pending=0
[lat] dt_ms=98.0762 cmd=up key=x
[drop] kind=deadline dt_ms=109.539 cmd=down key=x
[msquic] stream: RECEIVE bytes=52 buffers=1 pending=0
[hidra] snapshot v1 mods=0x0 pressed=1
[msquic] stream: RECEIVE bytes=52 buffers=1 pending=0
[lat] dt_ms=63.1375 cmd=up key=z
[heal] key=28 heal_ms=85.6885
[msquic] stream: RECEIVE bytes=52 buffers=1 pending=0
[lat] dt_ms=88.2986 cmd=down key=z
[lat] dt_ms=77.7553 cmd=down key=ENTER
[lat] dt_ms=77.0135 cmd=up key=ENTER
[msquic] stream: RECEIVE bytes=156 buffers=1 pending=0
[lat] dt_ms=70.6962 cmd=up key=a
[msquic] stream: RECEIVE bytes=52 buffers=1 pending=0
[lat] dt_ms=63.8019 cmd=down key=b
[heal] key=5 heal_ms=53.0147
[msquic] stream: RECEIVE bytes=52 buffers=1 pending=0
[stuck] key=7 age_ms=526.254
[lat] dt_ms=95.3518 cmd=down key=a
[lat] dt_ms=35.4499 cmd=down key=d
[lat] dt_ms=73.4516 cmd=up key=b
[heal] key=7 heal_ms=33.3599
[msquic] stream: RECEIVE bytes=52 buffers=1 pending=0
[lat] dt_ms=34.5636 cmd=up key=d
[lat] dt_ms=69.6078 cmd=down key=c
[heal] key=6 heal_ms=61.5159
[msquic] stream: RECEIVE bytes=52 buffers=1 pending=0
[msquic] stream: RECEIVE bytes=52 buffers=1 pending=0
[lat] dt_ms=69.9326 cmd=up key=c
[msquic] stream: RECEIVE bytes=52 buffers=1 pending=0
[msquic] stream: RECEIVE bytes=52 buffers=1 pending=0
[msquic] stream: RECEIVE bytes=52 buffers=1 pending=0
[stuck] key=9 age_ms=548.335
[heal] key=9 heal_ms=52.8428
[msquic] stream: RECEIVE bytes=52 buffers=1 pending=0
[lat] dt_ms=93.1861 cmd=up key=e
[lat] dt_ms=30.4357 cmd=up key=h
[drop] kind=deadline dt_ms=103.476 cmd=down key=e
[msquic] stream: RECEIVE bytes=104 buffers=1 pending=0
[stuck] key=12 age_ms=495.532
[msquic] stream: RECEIVE bytes=52 buffers=1 pending=0
[lat] dt_ms=98.8607 cmd=down key=f
[lat] dt_ms=19.9501 cmd=down key=j
[lat] dt_ms=77.5367 cmd=up key=g
[lat] dt_ms=88.8611 cmd=down key=g
[watchdog] key=10 age_ms=563.838
[watchdog] key=13 age_ms=534.828
[drop] kind=deadline dt_ms=107.8 cmd=up key=f
[msquic] stream: RECEIVE bytes=52 buffers=1 pending=0
[msquic] stream: RECEIVE bytes=52 buffers=1 pending=0
[heal] key=10 heal_ms=88.3739
[msquic] stream: RECEIVE bytes=52 buffers=1 pending=0
[msquic] stream: RECEIVE bytes=52 buffers=1 pending=0
[msquic] stream: RECEIVE bytes=52 buffers=1 pending=0
[msquic] stream: RECEIVE bytes=52 buffers=1 pending=0
[msquic] stream: RECEIVE bytes=52 buffers=1 pending=0
[lat] dt_ms=60.3742 cmd=up key=i
[lat] dt_ms=71.6885 cmd=down key=i
[lat] dt_ms=98.0613 cmd=down key=h
[msquic] stream: RECEIVE bytes=52 buffers=1 pending=0
[lat] dt_ms=51.845 cmd=down key=k
[watchdog] key=14 age_ms=522.166
[lat] dt_ms=21.4427 cmd=down key=m
[msquic] stream: RECEIVE bytes=104 buffers=1 pending=0
[lat] dt_ms=53.2688 cmd=down key=l
[watchdog] key=15 age_ms=525.356
[lat] dt_ms=86.2241 cmd=up key=j
[lat] dt_ms=66.17 cmd=up key=l
[lat] dt_ms=24.6815 cmd=up key=n
[msquic] stream: RECEIVE bytes=104 buffers=1 pending=0
[msquic] stream: RECEIVE bytes=52 buffers=1 pending=0
[msquic] stream: RECEIVE bytes=52 buffers=1 pending=0
[msquic] stream: RECEIVE bytes=52 buffers=1 pending=0
[drop] kind=deadline dt_ms=109.378 cmd=up key=k
[msquic] stream: RECEIVE bytes=52 buffers=1 pending=0
[msquic] stream: RECEIVE bytes=52 buffers=1 pending=0
[heal] key=15 heal_ms=113.643
[msquic] stream: RECEIVE bytes=52 buffers=1 pending=0
[heal] key=17 heal_ms=74.2688
[msquic] stream: RECEIVE bytes=52 buffers=1 pending=0
[heal] key=16 heal_ms=102.578
[msquic] stream: RECEIVE bytes=52 buffers=1 pending=0
[lat] dt_ms=94.4928 cmd=down key=n
[lat] dt_ms=63.3564 cmd=up key=o
[msquic] stream: RECEIVE bytes=52 buffers=1 pending=0
[drop] kind=deadline dt_ms=110.103 cmd=up key=m
[lat] dt_ms=60.5725 cmd=down key=p
[lat] dt_ms=30.6153 cmd=down key=r
[lat] dt_ms=95.6749 cmd=down key=o
[watchdog] key=21 age_ms=500.16
[heal] key=18 heal_ms=93.8162
[msquic] stream: RECEIVE bytes=52 buffers=1 pending=0
[msquic] stream: RECEIVE bytes=52 buffers=1 pending=0
[lat] dt_ms=65.0914 cmd=up key=q
[msquic] stream: RECEIVE bytes=52 buffers=1 pending=0
[lat] dt_ms=82.0432 cmd=down key=q
[lat] dt_ms=20.0616 cmd=down key=t
[lat] dt_ms=93.7709 cmd=up key=p
[lat] dt_ms=44.0188 cmd=down key=s
[msquic] stream: RECEIVE bytes=104 buffers=1 pending=0
[lat] dt_ms=58.261 cmd=up key=r
[msquic] stream: RECEIVE bytes=52 buffers=1 pending=0
[lat] dt_ms=20.0646 cmd=down key=u
[lat] dt_ms=36.7888 cmd=up key=t
[watchdog] key=24 age_ms=550.479
[heal] key=20 heal_ms=100.948
[msquic] stream: RECEIVE bytes=104 buffers=1 pending=0
[lat] dt_ms=21.8125 cmd=down key=v
[watchdog] key=25 age_ms=478.629
[msquic] stream: RECEIVE bytes=52 buffers=1 pending=0
[msquic] stream: RECEIVE bytes=52 buffers=1 pending=0
[msquic] stream: RECEIVE bytes=52 buffers=1 pending=0
[msquic] stream: RECEIVE bytes=52 buffers=1 pending=0
[lat] dt_ms=97.8061 cmd=up key=s
[msquic] stream: RECEIVE bytes=52 buffers=1 pending=0
[lat] dt_ms=50.0858 cmd=down key=w
[heal] key=26 heal_ms=613.658
[heal] key=25 heal_ms=65.5129
[msquic] stream: RECEIVE bytes=52 buffers=1 pending=0
[msquic] stream: RECEIVE bytes=52 buffers=1 pending=0
[msquic] stream: RECEIVE bytes=52 buffers=1 pending=0
[lat] dt_ms=73.1695 cmd=up key=v
[msquic] stream: RECEIVE bytes=52 buffers=1 pending=0
[drop] kind=deadline dt_ms=100.275 cmd=up key=u
[msquic] stream: RECEIVE bytes=52 buffers=1 pending=0
[heal] key=28 heal_ms=20.5643
[msquic] stream: RECEIVE bytes=52 buffers=1 pending=0
[stuck] key=27 age_ms=514.926
[heal] key=27 heal_ms=62.5768
[msquic] stream: RECEIVE bytes=52 buffers=1 pending=0
[lat] dt_ms=20.519 cmd=up key=z
[lat] dt_ms=98.2544 cmd=up key=w
[lat] dt_ms=25.8331 cmd=down key=ENTER
[msquic] stream: RECEIVE bytes=52 buffers=1 pending=0
[lat] dt_ms=95.0232 cmd=down key=x
[lat] dt_ms=84.4032 cmd=down key=y
[lat] dt_ms=23.8652 cmd=down key=a
[lat] dt_ms=19.6822 cmd=up key=a
[drop] kind=deadline dt_ms=105.196 cmd=up key=x
[lat] dt_ms=95.2329 cmd=up key=y
[msquic] stream: RECEIVE bytes=104 buffers=1 pending=0
[msquic] stream: RECEIVE bytes=52 buffers=1 pending=0
[msquic] stream: RECEIVE bytes=52 buffers=1 pending=0
[drop] kind=deadline dt_ms=100.191 cmd=down key=z
[msquic] stream: RECEIVE bytes=52 buffers=1 pending=0
[lat] dt_ms=33.9734 cmd=up key=b
[heal] key=29 heal_ms=95.9697
[msquic] stream: RECEIVE bytes=52 buffers=1 pending=0
[lat] dt_ms=15.7888 cmd=up key=c
[lat] dt_ms=48.6581 cmd=down key=b
[heal] key=5 heal_ms=45.6157
[msquic] stream: RECEIVE bytes=52 buffers=1 pending=0
[heal] key=6 heal_ms=25.6305
[msquic] stream: RECEIVE bytes=52 buffers=1 pending=0
[lat] dt_ms=89.5696 cmd=up key=ENTER
[msquic] stream: RECEIVE bytes=52 buffers=2 pending=0
[lat] dt_ms=25.3515 cmd=up key=d
[msquic] stream: RECEIVE bytes=52 buffers=1 pending=0
[msquic] stream: RECEIVE bytes=104 buffers=1 pending=0
[msquic] stream: RECEIVE bytes=52 buffers=1 pending=0
[lat] dt_ms=55.0086 cmd=down key=d
[lat] dt_ms=15.709 cmd=down key=f
[watchdog] key=9 age_ms=546.269
[lat] dt_ms=33.328 cmd=up key=e
[msquic] stream: RECEIVE bytes=104 buffers=1 pending=0
[lat] dt_ms=93.7051 cmd=down key=c
[lat] dt_ms=28.0873 cmd=up key=f
[lat] dt_ms=64.7919 cmd=down key=e
[msquic] stream: RECEIVE bytes=104 buffers=1 pending=0
[lat] dt_ms=21.4865 cmd=down key=h
[lat] dt_ms=45.4982 cmd=down key=g
[watchdog] key=10 age_ms=514.942
[watchdog] key=11 age_ms=515.125
[msquic] stream: RECEIVE bytes=52 buffers=1 pending=0
[lat] dt_ms=49.7677 cmd=up key=g
[lat] dt_ms=32.2756 cmd=down key=i
[msquic] stream: RECEIVE bytes=52 buffers=1 pending=0
[heal] key=9 heal_ms=88.3611
[msquic] stream: RECEIVE bytes=52 buffers=1 pending=0
[msquic] stream: RECEIVE bytes=52 buffers=1 pending=0
[lat] dt_ms=20.942 cmd=up key=j
[lat] dt_ms=25.3275 cmd=down key=k
[msquic] stream: RECEIVE bytes=52 buffers=1 pending=0
[msquic] stream: RECEIVE bytes=52 buffers=1 pending=0
[heal] key=12 heal_ms=62.1793
[msquic] stream: RECEIVE bytes=52 buffers=1 pending=0
[msquic] stream: RECEIVE bytes=52 buffers=1 pending=0
[drop] kind=deadline dt_ms=101.773 cmd=up key=h
[heal] key=11 heal_ms=104.021
[msquic] stream: RECEIVE bytes=52 buffers=1 pending=0
[msquic] stream: RECEIVE bytes=104 buffers=1 pending=0
[lat] dt_ms=37.58 cmd=up key=l
[msquic] stream: RECEIVE bytes=52 buffers=1 pending=0
[msquic] stream: RECEIVE bytes=52 buffers=1 pending=0
[lat] dt_ms=51.6367 cmd=down key=l
[lat] dt_ms=92.8748 cmd=down key=j
[watchdog] key=15 age_ms=507.108
[msquic] stream: RECEIVE bytes=52 buffers=1 pending=0
[drop] kind=deadline dt_ms=106.442 cmd=up key=i
[msquic] stream: RECEIVE bytes=52 buffers=1 pending=0
[lat] dt_ms=40.5163 cmd=down key=m
[msquic] stream: RECEIVE bytes=52 buffers=1 pending=0
[lat] dt_ms=36.11 cmd=up key=m
[msquic] stream: RECEIVE bytes=52 buffers=1 pending=0
[heal] key=14 heal_ms=79.0943
[msquic] stream: RECEIVE bytes=52 buffers=1 pending=0
[lat] dt_ms=81.2577 cmd=up key=k
[stuck] key=17 age_ms=502.026
[lat] dt_ms=24.6524 cmd=up key=n
[drop] kind=deadline dt_ms=108.431 cmd=mup key=j
[msquic] stream: RECEIVE bytes=104 buffers=1 pending=0
[stuck] key=18 age_ms=510.077
[lat] dt_ms=39.1496 cmd=down key=o
[lat] dt_ms=18.1909 cmd=down key=p
[watchdog] key=19 age_ms=568.701
[lat] dt_ms=10.3782 cmd=down key=q
[watchdog] key=20 age_ms=480.801
[lat] dt_ms=50.7277 cmd=up key=o
[msquic] stream: RECEIVE bytes=52 buffers=1 pending=0
[lat] dt_ms=85.1163 cmd=down key=n
[msquic] stream: RECEIVE bytes=52 buffers=1 pending=0
[lat] dt_ms=45.3938 cmd=up key=p
[lat] dt_ms=25.7068 cmd=up key=q
[msquic] stream: RECEIVE bytes=52 buffers=1 pending=0
[msquic] stream: RECEIVE bytes=52 buffers=1 pending=0
[heal] key=19 heal_ms=60.3039
[msquic] stream: RECEIVE bytes=52 buffers=1 pending=0
[msquic] stream: RECEIVE bytes=52 buffers=1 pending=0
[msquic] stream: RECEIVE bytes=52 buffers=1 pending=0
[heal] key=20 heal_ms=85.7289
[msquic] stream: RECEIVE bytes=104 buffers=1 pending=0
[lat] dt_ms=75.4237 cmd=up key=r
[lat] dt_ms=64.6545 cmd=down key=s
[lat] dt_ms=33.5208 cmd=up key=t
[msquic] stream: RECEIVE bytes=52 buffers=1 pending=0
[msquic] stream: RECEIVE bytes=52 buffers=1 pending=0
[msquic] stream: RECEIVE bytes=52 buffers=1 pending=0
[msquic] stream: RECEIVE bytes=52 buffers=1 pending=0
[drop] kind=deadline dt_ms=105.192 cmd=down key=r
[msquic] stream: RECEIVE bytes=52 buffers=1 pending=0
[stuck] key=24 age_ms=600.487
[heal] key=24 heal_ms=49.4692
[msquic] stream: RECEIVE bytes=52 buffers=1 pending=0
[heal] key=22 heal_ms=95.6555
[msquic] stream: RECEIVE bytes=52 buffers=1 pending=0
[lat] dt_ms=97.9626 cmd=up key=s
[msquic] stream: RECEIVE bytes=52 buffers=1 pending=0
[lat] dt_ms=93.5631 cmd=down key=t
[watchdog] key=23 age_ms=591.547
[stuck] key=25 age_ms=535.875
[lat] dt_ms=75.3344 cmd=down key=u
[msquic] stream: RECEIVE bytes=52 buffers=1 pending=0
[msquic] stream: RECEIVE bytes=52 buffers=1 pending=0
[msquic] stream: RECEIVE bytes=52 buffers=1 pending=0
[stuck] key=27 age_ms=492.935
[lat] dt_ms=13.0691 cmd=up key=x
[msquic] stream: RECEIVE bytes=52 buffers=1 pending=0
[drop] kind=deadline dt_ms=101.09 cmd=up key=u
[lat] dt_ms=29.9161 cmd=down key=y
[lat] dt_ms=79.4361 cmd=down key=w
[watchdog] key=26 age_ms=555.085
[watchdog] key=28 age_ms=577.794
[msquic] stream: RECEIVE bytes=52 buffers=1 pending=0
[lat] dt_ms=77.2356 cmd=up key=w
[msquic] stream: RECEIVE bytes=52 buffers=1 pending=0
[msquic] stream: RECEIVE bytes=52 buffers=1 pending=0
[hidra] snapshot v1 mods=0x0 pressed=1
[msquic] stream: RECEIVE bytes=104 buffers=1 pending=0
[msquic] stream: RECEIVE bytes=52 buffers=1 pending=0
[lat] dt_ms=99.2724 cmd=down key=x
[msquic] stream: RECEIVE bytes=52 buffers=1 pending=0
[msquic] stream: RECEIVE bytes=52 buffers=1 pending=0
[drop] kind=deadline dt_ms=105.114 cmd=mup key=x
[lat] dt_ms=43.1336 cmd=up key=ENTER
[msquic] stream: RECEIVE bytes=52 buffers=1 pending=0
[lat] dt_ms=87.1705 cmd=up key=y
[stuck] key=29 age_ms=615.331
[drop] kind=deadline dt_ms=105.565 cmd=mup key=y
[lat] dt_ms=55.6918 cmd=down key=a
[watchdog] key=4 age_ms=511.607
[heal] key=29 heal_ms=88.6341
[msquic] stream: RECEIVE bytes=52 buffers=1 pending=0
[msquic] stream: RECEIVE bytes=52 buffers=1 pending=0
[lat] dt_ms=96.1983 cmd=up key=z
[msquic] stream: RECEIVE bytes=52 buffers=1 pending=0
[heal] key=4 heal_ms=54.5587
[msquic] stream: RECEIVE bytes=52 buffers=1 pending=0
[stuck] key=5 age_ms=565.972
[lat] dt_ms=57.8562 cmd=up key=a
[lat] dt_ms=91.3685 cmd=down key=ENTER
[lat] dt_ms=43.3613 cmd=up key=b
[lat] dt_ms=75.1146 cmd=down key=b
[lat] dt_ms=38.5149 cmd=down key=d
[heal] key=7 heal_ms=32.1139
[heal] key=40 heal_ms=116.396
[msquic] stream: RECEIVE bytes=104 buffers=1 pending=0
[stuck] key=6 age_ms=540.098
[heal] key=6 heal_ms=61.8881
[msquic] stream: RECEIVE bytes=52 buffers=1 pending=0
[msquic] stream: RECEIVE bytes=52 buffers=1 pending=0
[msquic] stream: RECEIVE bytes=52 buffers=1 pending=0
[drop] kind=deadline dt_ms=105.527 cmd=down key=c
[lat] dt_ms=42.9342 cmd=down key=f
[hidra] progress: rx=1121 emits=1506 quic_snapshots=855 socket=connected
[lat] dt_ms=58.3329 cmd=up key=e
[msquic] stream: RECEIVE bytes=52 buffers=1 pending=0
[lat] dt_ms=81.0487 cmd=down key=e
[lat] dt_ms=10.3148 cmd=up key=h
[msquic] stream: RECEIVE bytes=52 buffers=1 pending=0
[msquic] stream: RECEIVE bytes=52 buffers=1 pending=0
[msquic] stream: RECEIVE bytes=52 buffers=1 pending=0
[msquic] stream: RECEIVE bytes=52 buffers=1 pending=0
[msquic] stream: RECEIVE bytes=52 buffers=1 pending=0
[drop] kind=deadline dt_ms=106.624 cmd=up key=d
[lat] dt_ms=73.1956 cmd=up key=f
[msquic] stream: RECEIVE bytes=52 buffers=1 pending=0
[lat] dt_ms=54.5244 cmd=up key=g
[msquic] stream: RECEIVE bytes=52 buffers=1 pending=0
[msquic] stream: RECEIVE bytes=104 buffers=1 pending=0
[lat] dt_ms=35.3898 cmd=down key=i
[lat] dt_ms=59.1776 cmd=down key=h
[watchdog] key=11 age_ms=524.513
[watchdog] key=12 age_ms=537.147
[msquic] stream: RECEIVE bytes=52 buffers=1 pending=0
[lat] dt_ms=88.7917 cmd=down key=g
[lat] dt_ms=21.5409 cmd=up key=k
[heal] key=10 heal_ms=118.107
[heal] key=12 heal_ms=76.3466
[msquic] stream: RECEIVE bytes=52 buffers=2 pending=0
[heal] key=11 heal_ms=100.784
[msquic] stream: RECEIVE bytes=52 buffers=1 pending=0
[msquic] stream: RECEIVE bytes=52 buffers=1 pending=0
[lat] dt_ms=37.6221 cmd=down key=l
[heal] key=15 heal_ms=598.467
[msquic] stream: RECEIVE bytes=52 buffers=1 pending=0
[msquic] stream: RECEIVE bytes=52 buffers=1 pending=0
[msquic] stream: RECEIVE bytes=52 buffers=1 pending=0
[lat] dt_ms=44.3815 cmd=up key=l
[drop] kind=deadline dt_ms=108.312 cmd=up key=i
[msquic] stream: RECEIVE bytes=52 buffers=1 pending=0
[drop] kind=deadline dt_ms=100.006 cmd=down key=j
[lat] dt_ms=89.1511 cmd=up key=j
[msquic] stream: RECEIVE bytes=52 buffers=1 pending=0
[lat] dt_ms=86.4205 cmd=down key=k
[stuck] key=17 age_ms=508.868
[msquic] stream: RECEIVE bytes=52 buffers=1 pending=0
[lat] dt_ms=43.4963 cmd=up key=m
[lat] dt_ms=33.6607 cmd=down key=o
[watchdog] key=18 age_ms=567.588
[msquic] stream: RECEIVE bytes=52 buffers=1 pending=0
[heal] key=15 heal_ms=110.548
[msquic] stream: RECEIVE bytes=52 buffers=1 pending=0
[msquic] stream: RECEIVE bytes=52 buffers=1 pending=0
[lat] dt_ms=19.9741 cmd=down key=q
[drop] kind=deadline dt_ms=105.708 cmd=down key=m
[watchdog] key=20 age_ms=483.195
[msquic] stream: RECEIVE bytes=156 buffers=1 pending=0
[msquic] stream: RECEIVE bytes=52 buffers=1 pending=0
[lat] dt_ms=57.107 cmd=down key=p
[drop] kind=deadline dt_ms=102.232 cmd=down key=n
[heal] key=19 heal_ms=50.3955
[heal] key=16 heal_ms=114
[msquic] stream: RECEIVE bytes=52 buffers=1 pending=0
[msquic] stream: RECEIVE bytes=52 buffers=1 pending=0
[lat] dt_ms=22.4955 cmd=down key=r
[heal] key=21 heal_ms=580.497
[msquic] stream: RECEIVE bytes=52 buffers=1 pending=0
[lat] dt_ms=57.1725 cmd=up key=p
[msquic] stream: RECEIVE bytes=52 buffers=1 pending=0
[lat] dt_ms=35.9378 cmd=down key=s
[watchdog] key=22 age_ms=506.604
[lat] dt_ms=21.0454 cmd=down key=t
[watchdog] key=23 age_ms=500.546
[heal] key=20 heal_ms=83.4264
[msquic] stream: RECEIVE bytes=52 buffers=1 pending=0
[msquic] stream: RECEIVE bytes=52 buffers=1 pending=0
[lat] dt_ms=88.8127 cmd=up key=q
[msquic] stream: RECEIVE bytes=52 buffers=1 pending=0
[lat] dt_ms=70.6906 cmd=up key=r
[lat] dt_ms=50.3501 cmd=up key=s
[msquic] stream: RECEIVE bytes=104 buffers=1 pending=0
[msquic] stream: RECEIVE bytes=52 buffers=1 pending=0
[lat] dt_ms=27.01 cmd=up key=v
[lat] dt_ms=53.1377 cmd=up key=u
[lat] dt_ms=75.0706 cmd=up key=t
[msquic] stream: RECEIVE bytes=52 buffers=1 pending=0
[heal] key=22 heal_ms=111.22
[msquic] stream: RECEIVE bytes=52 buffers=1 pending=0
[msquic] stream: RECEIVE bytes=52 buffers=1 pending=0
[heal] key=24 heal_ms=75.0882
[msquic] stream: RECEIVE bytes=52 buffers=1 pending=0
[lat] dt_ms=81.8568 cmd=down key=v
[lat] dt_ms=18.7538 cmd=down key=y
[msquic] stream: RECEIVE bytes=52 buffers=1 pending=0
[lat] dt_ms=55.1233 cmd=up key=w
[lat] dt_ms=12.4741 cmd=up key=y
[drop] kind=deadline dt_ms=108.414 cmd=down key=u
[msquic] stream: RECEIVE bytes=52 buffers=1 pending=0
[heal] key=25 heal_ms=82.5831
[msquic] stream: RECEIVE bytes=52 buffers=1 pending=0
[heal] key=28 heal_ms=24.457
[msquic] stream: RECEIVE bytes=52 buffers=1 pending=0
[lat] dt_ms=49.083 cmd=up key=x
[msquic] stream: RECEIVE bytes=104 buffers=1 pending=0
[lat] dt_ms=85.8941 cmd=down key=w
[lat] dt_ms=67.5262 cmd=down key=x
[heal] key=26 heal_ms=79.9628
[msquic] stream: RECEIVE bytes=52 buffers=1 pending=0
[msquic] stream: RECEIVE bytes=52 buffers=1 pending=0
[msquic] stream: RECEIVE bytes=52 buffers=1 pending=0
[stuck] key=29 age_ms=504.828
[msquic] stream: RECEIVE bytes=52 buffers=1 pending=0
[msquic] stream: RECEIVE bytes=52 buffers=1 pending=0
[heal] key=27 heal_ms=100.85
[msquic] stream: RECEIVE bytes=52 buffers=1 pending=0
[msquic] stream: RECEIVE bytes=52 buffers=1 pending=0
[msquic] stream: RECEIVE bytes=52 buffers=1 pending=0
[lat] dt_ms=60.2048 cmd=down key=ENTER
[lat] dt_ms=85.0749 cmd=down key=z
[lat] dt_ms=16.2741 cmd=down key=c
[watchdog] key=6 age_ms=524.428
[heal] key=29 heal_ms=103.482
[heal] key=40 heal_ms=81.9333
[msquic] stream: RECEIVE bytes=104 buffers=1 pending=0
[msquic] stream: RECEIVE bytes=52 buffers=1 pending=0
[lat] dt_ms=45.0626 cmd=up key=b
[lat] dt_ms=57.047 cmd=down key=b
[drop] kind=deadline dt_ms=110.05 cmd=up key=z
[lat] dt_ms=90.5578 cmd=up key=ENTER
[heal] key=5 heal_ms=53.7556
[msquic] stream: RECEIVE bytes=52 buffers=1 pending=0
[msquic] stream: RECEIVE bytes=52 buffers=1 pending=0
[lat] dt_ms=44.7471 cmd=up key=c
[msquic] stream: RECEIVE bytes=52 buffers=1 pending=0
[lat] dt_ms=34.9503 cmd=down key=d
[watchdog] key=7 age_ms=513.702
[msquic] stream: RECEIVE bytes=52 buffers=1 pending=0
[heal] key=4 heal_ms=99.4565
[msquic] stream: RECEIVE bytes=52 buffers=1 pending=0
[stuck] key=8 age_ms=515.609
[drop] kind=deadline dt_ms=107.716 cmd=up key=a
[lat] dt_ms=23.7181 cmd=down key=f
[watchdog] key=9 age_ms=521.614
[heal] key=8 heal_ms=614.405
[msquic] stream: RECEIVE bytes=52 buffers=1 pending=0
[msquic] stream: RECEIVE bytes=52 buffers=1 pending=0
[drop] kind=deadline dt_ms=100.714 cmd=mup key=c
[lat] dt_ms=14.9404 cmd=up key=g
[msquic] stream: RECEIVE bytes=52 buffers=1 pending=0
[lat] dt_ms=29.9739 cmd=down key=g
[lat] dt_ms=66.7748 cmd=up key=e
[msquic] stream: RECEIVE bytes=104 buffers=1 pending=0
[lat] dt_ms=20.0218 cmd=down key=h
[lat] dt_ms=98.4489 cmd=up key=d
[watchdog] key=11 age_ms=486.67
[heal] key=8 heal_ms=78.5726
[msquic] stream: RECEIVE bytes=104 buffers=1 pending=0
[msquic] stream: RECEIVE bytes=52 buffers=1 pending=0
[msquic] stream: RECEIVE bytes=52 buffers=1 pending=0
[drop] kind=deadline dt_ms=103.907 cmd=down key=e
[lat] dt_ms=21.2702 cmd=down key=i
[msquic] stream: RECEIVE bytes=52 buffers=1 pending=0
[msquic] stream: RECEIVE bytes=52 buffers=1 pending=0
[lat] dt_ms=81.9944 cmd=up key=f
[lat] dt_ms=48.847 cmd=up key=h
[lat] dt_ms=40.2919 cmd=up key=i
[msquic] stream: RECEIVE bytes=52 buffers=1 pending=0
[lat] dt_ms=10.9911 cmd=down key=k
[heal] key=14 heal_ms=571.357
[heal] key=11 heal_ms=64.087
[msquic] stream: RECEIVE bytes=52 buffers=1 pending=0
[msquic] stream: RECEIVE bytes=52 buffers=1 pending=0
[lat] dt_ms=26.8433 cmd=up key=j
[lat] dt_ms=34.9777 cmd=up key=k
[lat] dt_ms=77.2828 cmd=down key=j
[msquic] stream: RECEIVE bytes=104 buffers=1 pending=0
[stuck] key=15 age_ms=556.344
[msquic] stream: RECEIVE bytes=52 buffers=1 pending=0
[lat] dt_ms=26.0869 cmd=down key=m
[lat] dt_ms=48.2848 cmd=down key=l
[watchdog] key=16 age_ms=485.148
[msquic] stream: RECEIVE bytes=52 buffers=1 pending=0
[msquic] stream: RECEIVE bytes=52 buffers=1 pending=0
[heal] key=17 heal_ms=592.5
[msquic] stream: RECEIVE bytes=104 buffers=1 pending=0
[msquic] stream: RECEIVE bytes=52 buffers=1 pending=0
[msquic] stream: RECEIVE bytes=52 buffers=1 pending=0
[drop] kind=deadline dt_ms=109.735 cmd=mup key=j
[lat] dt_ms=17.8917 cmd=down key=o
[heal] key=18 heal_ms=581.063
[msquic] stream: RECEIVE bytes=52 buffers=1 pending=0
[lat] dt_ms=53.9664 cmd=up key=m
[lat] dt_ms=78.264 cmd=up key=l
[lat] dt_ms=16.2459 cmd=up key=o
[lat] dt_ms=42.3283 cmd=up key=n
[msquic] stream: RECEIVE bytes=52 buffers=1 pending=0
[msquic] stream: RECEIVE bytes=52 buffers=1 pending=0
[msquic] stream: RECEIVE bytes=52 buffers=1 pending=0
[lat] dt_ms=68.7713 cmd=down key=n
[msquic] stream: RECEIVE bytes=52 buffers=2 pending=0
[lat] dt_ms=21.7529 cmd=up key=q
[lat] dt_ms=59.3541 cmd=down key=p
[watchdog] key=19 age_ms=522.598
[lat] dt_ms=54.6549 cmd=down key=q
[watchdog] key=20 age_ms=576.447
[msquic] stream: RECEIVE bytes=104 buffers=1 pending=0
[stuck] key=22 age_ms=533.106
[msquic] stream: RECEIVE bytes=52 buffers=1 pending=0
[lat] dt_ms=14.7119 cmd=up key=s
[msquic] stream: RECEIVE bytes=52 buffers=1 pending=0
[msquic] stream: RECEIVE bytes=52 buffers=1 pending=0
[lat] dt_ms=32.4902 cmd=down key=s
[lat] dt_ms=12.9019 cmd=down key=t
[msquic] stream: RECEIVE bytes=52 buffers=1 pending=0
[stuck] key=21 age_ms=554.329
[heal] key=21 heal_ms=54.5125
[msquic] stream: RECEIVE bytes=52 buffers=1 pending=0
[lat] dt_ms=97.1758 cmd=up key=p
[msquic] stream: RECEIVE bytes=52 buffers=1 pending=0
[msquic] stream: RECEIVE bytes=52 buffers=1 pending=0
[msquic] stream: RECEIVE bytes=52 buffers=1 pending=0
[lat] dt_ms=31.9836 cmd=down key=u
[watchdog] key=24 age_ms=528.135
[drop] kind=deadline dt_ms=104.703 cmd=down key=r
[msquic] stream: RECEIVE bytes=52 buffers=1 pending=0
[msquic] stream: RECEIVE bytes=52 buffers=1 pending=0
[drop] kind=deadline dt_ms=107.027 cmd=up key=r
[msquic] stream: RECEIVE bytes=52 buffers=1 pending=0
[lat] dt_ms=29.2976 cmd=down key=w
[heal] key=23 heal_ms=82.9043
[msquic] stream: RECEIVE bytes=52 buffers=1 pending=0
[lat] dt_ms=52.4886 cmd=down key=v
[lat] dt_ms=84.1333 cmd=up key=t
[lat] dt_ms=12.8581 cmd=down key=x
[watchdog] key=27 age_ms=488.026
[watchdog] key=25 age_ms=540.077
[hidra] snapshot v1 mods=0x0 pressed=0
[msquic] stream: RECEIVE bytes=52 buffers=1 pending=0
[msquic] stream: RECEIVE bytes=104 buffers=1 pending=0
[lat] dt_ms=57.7758 cmd=up key=v
[msquic] stream: RECEIVE bytes=52 buffers=1 pending=0
[drop] kind=deadline dt_ms=110.817 cmd=up key=u
[msquic] stream: RECEIVE bytes=52 buffers=1 pending=0
[msquic] stream: RECEIVE bytes=52 buffers=1 pending=0
[lat] dt_ms=55.7576 cmd=up key=x
[lat] dt_ms=77.8537 cmd=up key=w
[msquic] stream: RECEIVE bytes=104 buffers=1 pending=0
[heal] key=28 heal_ms=43.3177
[msquic] stream: RECEIVE bytes=52 buffers=1 pending=0
[msquic] stream: RECEIVE bytes=52 buffers=1 pending=0
[lat] dt_ms=49.3539 cmd=up key=z
[msquic] stream: RECEIVE bytes=52 buffers=1 pending=0
[msquic] stream: RECEIVE bytes=52 buffers=1 pending=0
[lat] dt_ms=74.6324 cmd=up key=y
[lat] dt_ms=49.3856 cmd=down key=ENTER
[lat] dt_ms=41.7531 cmd=up key=ENTER
[lat] dt_ms=21.0958 cmd=up key=a
[lat] dt_ms=96.8591 cmd=down key=y
[msquic] stream: RECEIVE bytes=52 buffers=1 pending=0
[lat] dt_ms=91.1488 cmd=down key=z
[msquic] stream: RECEIVE bytes=52 buffers=1 pending=0
[msquic] stream: RECEIVE bytes=52 buffers=1 pending=0
[lat] dt_ms=26.8073 cmd=up key=c
[msquic] stream: RECEIVE bytes=52 buffers=1 pending=0
[lat] dt_ms=43.5133 cmd=down key=c
[lat] dt_ms=13.0249 cmd=up key=d
[msquic] stream: RECEIVE bytes=52 buffers=1 pending=0
[lat] dt_ms=93.0826 cmd=down key=a
[stuck] key=5 age_ms=587.506
[drop] kind=deadline dt_ms=105.438 cmd=mup key=ENTER
[heal] key=5 heal_ms=64.8022
[msquic] stream: RECEIVE bytes=52 buffers=1 pending=0
[msquic] stream: RECEIVE bytes=104 buffers=1 pending=0
[msquic] stream: RECEIVE bytes=52 buffers=1 pending=0
[lat] dt_ms=79.6393 cmd=down key=b
[lat] dt_ms=75.4991 cmd=up key=b
[drop] kind=deadline dt_ms=105.859 cmd=mup key=a
[lat] dt_ms=24.2008 cmd=up key=e
[lat] dt_ms=68.0144 cmd=down key=d
[watchdog] key=7 age_ms=528.356
[msquic] stream: RECEIVE bytes=52 buffers=1 pending=0
[msquic] stream: RECEIVE bytes=52 buffers=1 pending=0
[stuck] key=10 age_ms=568.777
[heal] key=10 heal_ms=593.131
[msquic] stream: RECEIVE bytes=52 buffers=1 pending=0
[lat] dt_ms=57.5042 cmd=down key=f
[watchdog] key=9 age_ms=541.297
[msquic] stream: RECEIVE bytes=52 buffers=1 pending=0
[msquic] stream: RECEIVE bytes=52 buffers=1 pending=0
[msquic] stream: RECEIVE bytes=104 buffers=1 pending=0
[msquic] stream: RECEIVE bytes=104 buffers=1 pending=0
[drop] kind=deadline dt_ms=108.823 cmd=down key=e
[msquic] stream: RECEIVE bytes=52 buffers=1 pending=0
[stuck] key=11 age_ms=558.047
[lat] dt_ms=81.2769 cmd=up key=f
[lat] dt_ms=61.2217 cmd=up key=g
[msquic] stream: RECEIVE bytes=52 buffers=1 pending=0
[lat] dt_ms=65.2308 cmd=down key=h
[lat] dt_ms=37.0526 cmd=up key=i
[heal] key=11 heal_ms=62.412
[msquic] stream: RECEIVE bytes=52 buffers=1 pending=0
[lat] dt_ms=69.767 cmd=up key=h
[msquic] stream: RECEIVE bytes=52 buffers=1 pending=0
[lat] dt_ms=63.7029 cmd=down key=i
[heal] key=14[drop] kind=deadline dt_ms=106.299 cmd=down key=g
 heal_ms=581.967
[msquic] stream: RECEIVE bytes=52 buffers=1 pending=0
[msquic] stream: RECEIVE bytes=52 buffers=1 pending=0
[msquic] stream: RECEIVE bytes=52 buffers=1 pending=0
[lat] dt_ms=43.5864 cmd=down key=k
[stuck] key=13 age_ms=558.065
[heal] key=13 heal_ms=54.988
[msquic] stream: RECEIVE bytes=52 buffers=1 pending=0
[heal] key=14 heal_ms=40.2107
[msquic] stream: RECEIVE bytes=52 buffers=1 pending=0
[msquic] stream: RECEIVE bytes=52 buffers=1 pending=0
[msquic] stream: RECEIVE bytes=52 buffers=1 pending=0
[stuck] key=15 age_ms=524.262
[lat] dt_ms=80.3913 cmd=up key=j
[heal] key=15 heal_ms=39.5352
[msquic] stream: RECEIVE bytes=52 buffers=1 pending=0
[stuck] key=16 age_ms=537.41
[lat] dt_ms=12.465 cmd=down key=n
[lat] dt_ms=58.4232 cmd=down key=l
[lat] dt_ms=50.9424 cmd=up key=l
[heal] key=17 heal_ms=579.308
[heal] key=16 heal_ms=600.347
[msquic] stream: RECEIVE bytes=52 buffers=1 pending=0
[drop] kind=deadline dt_ms=106.322 cmd=down key=j
[lat] dt_ms=76.4854 cmd=up key=k
[lat] dt_ms=41.1396 cmd=up key=m
[msquic] stream: RECEIVE bytes=104 buffers=1 pending=0
[msquic] stream: RECEIVE bytes=52 buffers=1 pending=0
[lat] dt_ms=93.148 cmd=down key=m
[lat] dt_ms=19.85 cmd=up key=p
[lat] dt_ms=51.653 cmd=down key=o
[heal] key=18 heal_ms=613.622
[heal] key=16 heal_ms=84.6371
[heal] key=17 heal_ms=63.4778
[msquic] stream: RECEIVE bytes=52 buffers=1 pending=0
[msquic] stream: RECEIVE bytes=52 buffers=1 pending=0
[msquic] stream: RECEIVE bytes=52 buffers=1 pending=0
[msquic] stream: RECEIVE bytes=52 buffers=1 pending=0
[msquic] stream: RECEIVE bytes=52 buffers=1 pending=0
[lat] dt_ms=67.5987 cmd=up key=o
[lat] dt_ms=89.7486 cmd=up key=n
[lat] dt_ms=59.5962 cmd=down key=p
[heal] key=19 heal_ms=49.5683
[msquic] stream: RECEIVE bytes=52 buffers=1 pending=0
[msquic] stream: RECEIVE bytes=52 buffers=1 pending=0
[lat] dt_ms=59.434 cmd=down key=r
[lat] dt_ms=72.1635 cmd=up key=q
[lat] dt_ms=20.6289 cmd=down key=t
[lat] dt_ms=86.0118 cmd=down key=q
[lat] dt_ms=34.0702 cmd=up key=s
[watchdog] key=23 age_ms=507.758
[watchdog] key=21 age_ms=574.027
[lat] dt_ms=48.6661 cmd=down key=s
[heal] key=20 heal_ms=87.0817
[msquic] stream: RECEIVE bytes=52 buffers=1 pending=0
[msquic] stream: RECEIVE bytes=52 buffers=1 pending=0
[msquic] stream: RECEIVE bytes=52 buffers=1 pending=0
[heal] key=21 heal_ms=76.7186
[msquic] stream: RECEIVE bytes=52 buffers=1 pending=0
[msquic] stream: RECEIVE bytes=52 buffers=1 pending=0
[msquic] stream: RECEIVE bytes=52 buffers=1 pending=0
[msquic] stream: RECEIVE bytes=52 buffers=1 pending=0
[lat] dt_ms=35.3954 cmd=down key=u
[lat] dt_ms=90.6043 cmd=up key=r
[watchdog] key=24 age_ms=541.757
[msquic] stream: RECEIVE bytes=52 buffers=1 pending=0
[lat] dt_ms=72.8575 cmd=up key=t
[msquic] stream: RECEIVE bytes=52 buffers=1 pending=0
[lat] dt_ms=27.112 cmd=down key=w
[lat] dt_ms=17.5958 cmd=up key=w
[lat] dt_ms=55.7217 cmd=down key=v
[msquic] stream: RECEIVE bytes=52 buffers=1 pending=0
[msquic] stream: RECEIVE bytes=52 buffers=1 pending=0
[lat] dt_ms=11.7797 cmd=up key=x
[msquic] stream: RECEIVE bytes=52 buffers=1 pending=0
[heal] key=24 heal_ms=83.7889
[msquic] stream: RECEIVE bytes=52 buffers=1 pending=0
[lat] dt_ms=13.9513 cmd=down key=y
[watchdog] key=28 age_ms=540.844
[msquic] stream: RECEIVE bytes=52 buffers=1 pending=0
[drop] kind=deadline dt_ms=103.608 cmd=up key=u
[lat] dt_ms=36.2419 cmd=up key=y
[drop] kind=deadline dt_ms=105.509 cmd=up key=v
[msquic] stream: RECEIVE bytes=52 buffers=1 pending=0
[msquic] stream: RECEIVE bytes=104 buffers=1 pending=0
[heal] key=28 heal_ms=52.3015
[msquic] stream: RECEIVE bytes=52 buffers=1 pending=0
[lat] dt_ms=97.4141 cmd=down key=x
[heal] key=27 heal_ms=92.2504
[heal] key=26 heal_ms=112.928
[msquic] stream: RECEIVE bytes=52 buffers=1 pending=0
[msquic] stream: RECEIVE bytes=52 buffers=1 pending=0
[lat] dt_ms=60.4646 cmd=up key=z
[lat] dt_ms=43.2123 cmd=up key=ENTER
[stuck] key=4 age_ms=513.745
[lat] dt_ms=12.3415 cmd=up key=b
[lat] dt_ms=86.5892 cmd=down key=z
[msquic] stream: RECEIVE bytes=52 buffers=1 pending=0
[msquic] stream: RECEIVE bytes=52 buffers=1 pending=0
[msquic] stream: RECEIVE bytes=52 buffers=1 pending=0
[lat] dt_ms=25.534 cmd=down key=c
[lat] dt_ms=14.8502 cmd=up key=c
[lat] dt_ms=75.2264 cmd=down key=a
[msquic] stream: RECEIVE bytes=52 buffers=1 pending=0
[msquic] stream: RECEIVE bytes=52 buffers=1 pending=0
[msquic] stream: RECEIVE bytes=52 buffers=1 pending=0
[drop] kind=deadline dt_ms=106.988 cmd=down key=ENTER
[msquic] stream: RECEIVE bytes=52 buffers=1 pending=0
[lat] dt_ms=31.6442 cmd=up key=d
[lat] dt_ms=86.9396 cmd=down key=b
[lat] dt_ms=53.286 cmd=down key=d
[drop] kind=deadline dt_ms=106.965 cmd=up key=a
[msquic] stream: RECEIVE bytes=52 buffers=1 pending=0
[msquic] stream: RECEIVE bytes=52 buffers=1 pending=0
[stuck] key=8 age_ms=577.898
[lat] dt_ms=34.7586 cmd=up key=e
[msquic] stream: RECEIVE bytes=52 buffers=1 pending=0
[msquic] stream: RECEIVE bytes=104 buffers=1 pending=0
[lat] dt_ms=36.9067 cmd=down key=f
[lat] dt_ms=61.0597 cmd=down key=e
[msquic] stream: RECEIVE bytes=52 buffers=1 pending=0
[heal] key=10 heal_ms=597.733
[msquic] stream: RECEIVE bytes=52 buffers=1 pending=0
[stuck] key=11 age_ms=509.632
[msquic] stream: RECEIVE bytes=52 buffers=1 pending=0
[msquic] stream: RECEIVE bytes=52 buffers=1 pending=0
[lat] dt_ms=46.548 cmd=up key=g
[msquic] stream: RECEIVE bytes=52 buffers=1 pending=0
[lat] dt_ms=54.2208 cmd=up key=h
[lat] dt_ms=47.5026 cmd=down key=i
[heal] key=12 heal_ms=608.065
[msquic] stream: RECEIVE bytes=52 buffers=1 pending=0
[msquic] stream: RECEIVE bytes=52 buffers=1 pending=0
[drop] kind=deadline dt_ms=108.367 cmd=down key=g
[msquic] stream: RECEIVE bytes=104 buffers=1 pending=0
[msquic] stream: RECEIVE bytes=52 buffers=1 pending=0
[drop] kind=deadline dt_ms=101.523 cmd=mup key=g
[lat] dt_ms=22.1621 cmd=up key=k
[drop] kind=deadline dt_ms=107.312 cmd=down key=h
[lat] dt_ms=26.2028 cmd=down key=l
[watchdog] key=15 age_ms=560.349
[lat] dt_ms=81.847 cmd=up key=i
[msquic] stream: RECEIVE bytes=52 buffers=1 pending=0
[msquic] stream: RECEIVE bytes=52 buffers=1 pending=0
[msquic] stream: RECEIVE bytes=52 buffers=1 pending=0
[msquic] stream: RECEIVE bytes=52 buffers=1 pending=0
[msquic] stream: RECEIVE bytes=52 buffers=1 pending=0
[msquic] stream: RECEIVE bytes=52 buffers=1 pending=0
[lat] dt_ms=96.0406 cmd=down key=j
[lat] dt_ms=85.932 cmd=up key=j
[lat] dt_ms=25.4778 cmd=up key=m
[msquic] stream: RECEIVE bytes=52 buffers=1 pending=0
[lat] dt_ms=93.2896 cmd=down key=k
[lat] dt_ms=73.0674 cmd=up key=l
[lat] dt_ms=46.0453 cmd=down key=n
[lat] dt_ms=71.1327 cmd=down key=m
[lat] dt_ms=19.6729 cmd=up key=o
[watchdog] key=17 age_ms=558.09
[lat] dt_ms=53.2923 cmd=up key=n
[heal] key=16 heal_ms=74.6595
[msquic] stream: RECEIVE bytes=52 buffers=1 pending=0
[heal] key=15 heal_ms=96.4956
[msquic] stream: RECEIVE bytes=52 buffers=1 pending=0
[msquic] stream: RECEIVE bytes=52 buffers=1 pending=0
[stuck] key=19 age_ms=542.304
[lat] dt_ms=21.2142 cmd=down key=q
[watchdog] key=20 age_ms=480.654
[lat] dt_ms=67.0696 cmd=down key=o
[heal] key=18 heal_ms=59.8292
[heal] key=19 heal_ms=39.0823
[msquic] stream: RECEIVE bytes=52 buffers=1 pending=0
[msquic] stream: RECEIVE bytes=52 buffers=1 pending=0
[msquic] stream: RECEIVE bytes=104 buffers=1 pending=0
[msquic] stream: RECEIVE bytes=52 buffers=1 pending=0
[msquic] stream: RECEIVE bytes=52 buffers=1 pending=0
[msquic] stream: RECEIVE bytes=52 buffers=1 pending=0
[msquic] stream: RECEIVE bytes=52 buffers=1 pending=0
[lat] dt_ms=84.6397 cmd=down key=p
[lat] dt_ms=67.1258 cmd=up key=q
[lat] dt_ms=12.3406 cmd=up key=t
[lat] dt_ms=96.7168 cmd=up key=p
[lat] dt_ms=15.4342 cmd=down key=u
[watchdog] key=24 age_ms=497.114
[heal] key=22 heal_ms=619.035
[msquic] stream: RECEIVE bytes=104 buffers=1 pending=0
[msquic] stream: RECEIVE bytes=52 buffers=1 pending=0
[lat] dt_ms=86.4577 cmd=up key=r
[hidra] progress: rx=1402 emits=1893 quic_snapshots=1076 socket=connected
[drop] kind=deadline dt_ms=107.701 cmd=mup key=q
[lat] dt_ms=66.4683 cmd=up key=s
[msquic] stream: RECEIVE bytes=52 buffers=1 pending=0
[lat] dt_ms=87.0797 cmd=down key=s
[msquic] stream: RECEIVE bytes=52 buffers=1 pending=0
[drop] kind=deadline dt_ms=110.087 cmd=down key=r
[heal] key=22 heal_ms=80.4171
[msquic] stream: RECEIVE bytes=52 buffers=1 pending=0
[lat] dt_ms=72.0116 cmd=down key=t
[heal] key=23 heal_ms=65.0129
[msquic] stream: RECEIVE bytes=52 buffers=1 pending=0
[hidra] snapshot v1 mods=0x0 pressed=0
[msquic] stream: RECEIVE bytes=52 buffers=1 pending=0
[msquic] stream: RECEIVE bytes=52 buffers=1 pending=0
[lat] dt_ms=71.6543 cmd=up key=u
[lat] dt_ms=76.8712 cmd=down key=v
[lat] dt_ms=67.7781 cmd=up key=v
[heal] key=24 heal_ms=104.771
[msquic] stream: RECEIVE bytes=104 buffers=1 pending=0
[msquic] stream: RECEIVE bytes=52 buffers=1 pending=0
[lat] dt_ms=17.8628 cmd=down key=z
[heal] key=29 heal_ms=573.913
[heal] key=28 heal_ms=28.3328
[msquic] stream: RECEIVE bytes=104 buffers=1 pending=0
[msquic] stream: RECEIVE bytes=52 buffers=1 pending=0
[msquic] stream: RECEIVE bytes=52 buffers=1 pending=0
[lat] dt_ms=65.9446 cmd=down key=x
[watchdog] key=27 age_ms=613.021
[stuck] key=26 age_ms=626.851
[lat] dt_ms=93.7233 cmd=down key=w
[lat] dt_ms=21.4733 cmd=up key=z
[lat] dt_ms=16.821 cmd=down key=ENTER
[msquic] stream: RECEIVE bytes=52 buffers=1 pending=0
[heal] key=26 heal_ms=94.4378
[msquic] stream: RECEIVE bytes=52 buffers=1 pending=0
[msquic] stream: RECEIVE bytes=52 buffers=1 pending=0
[lat] dt_ms=76.8856 cmd=up key=x
[drop] kind=deadline dt_ms=101.904 cmd=up key=w
[lat] dt_ms=65.3329 cmd=up key=y
[msquic] stream: RECEIVE bytes=104 buffers=1 pending=0
[lat] dt_ms=21.6106 cmd=up key=a
[lat] dt_ms=37.3104 cmd=down key=a
[drop] kind=deadline dt_ms=102.37 cmd=down key=y
[msquic] stream: RECEIVE bytes=52 buffers=1 pending=0
[lat] dt_ms=75.0085 cmd=up key=ENTER
[heal] key=29 heal_ms=96.6787
[msquic] stream: RECEIVE bytes=52 buffers=1 pending=0
[lat] dt_ms=64.2577 cmd=down key=b
[watchdog] key=5 age_ms=604.32
[lat] dt_ms=31.4972 cmd=down key=d
[heal] key=7 heal_ms=587.787
[msquic] stream: RECEIVE bytes=52 buffers=1 pending=0
[lat] dt_ms=63.9163 cmd=up key=b
[lat] dt_ms=46.9988 cmd=up key=c
[msquic] stream: RECEIVE bytes=52 buffers=1 pending=0
[lat] dt_ms=66.0894 cmd=down key=c
[watchdog] key=6 age_ms=1153.11
[msquic] stream: RECEIVE bytes=104 buffers=1 pending=0
[msquic] stream: RECEIVE bytes=52 buffers=1 pending=0
[msquic] stream: RECEIVE bytes=52 buffers=1 pending=0
[msquic] stream: RECEIVE bytes=52 buffers=2 pending=0
[stuck] key=8 age_ms=546.175
[msquic] stream: RECEIVE bytes=52 buffers=1 pending=0
[msquic] stream: RECEIVE bytes=52 buffers=1 pending=0
[lat] dt_ms=54.5912 cmd=down key=e
[heal] key=7 heal_ms=64.8133
[msquic] stream: RECEIVE bytes=52 buffers=1 pending=0
[msquic] stream: RECEIVE bytes=52 buffers=1 pending=0
[msquic] stream: RECEIVE bytes=52 buffers=1 pending=0
[lat] dt_ms=79.551 cmd=up key=d
[lat] dt_ms=21.3065 cmd=up key=g
[msquic] stream: RECEIVE bytes=52 buffers=1 pending=0
[stuck] key=9 age_ms=599.6
[lat] dt_ms=29.0547 cmd=down key=h
[lat] dt_ms=52.4976 cmd=down key=g
[watchdog] key=10 age_ms=533.773
[watchdog] key=11 age_ms=585.86
[heal] key=9 heal_ms=73.9077
[msquic] stream: RECEIVE bytes=52 buffers=1 pending=0
[msquic] stream: RECEIVE bytes=52 buffers=1 pending=0
[stuck] key=12 age_ms=501.028
[lat] dt_ms=90.575 cmd=down key=f
[lat] dt_ms=82.3658 cmd=up key=f
[drop] kind=deadline dt_ms=108.51 cmd=up key=e
[msquic] stream: RECEIVE bytes=52 buffers=1 pending=0
[lat] dt_ms=32.4596 cmd=up key=i
[heal] key=11 heal_ms=56.4248
[msquic] stream: RECEIVE bytes=52 buffers=1 pending=0
[lat] dt_ms=74.1626 cmd=up key=h
[msquic] stream: RECEIVE bytes=52 buffers=1 pending=0
[lat] dt_ms=74.0056 cmd=down key=i
[lat] dt_ms=28.8992 cmd=up key=k
[heal] key=12 heal_ms=70.9774
[msquic] stream: RECEIVE bytes=52 buffers=1 pending=0
[msquic] stream: RECEIVE bytes=52 buffers=1 pending=0
[lat] dt_ms=50.2301 cmd=down key=k
[msquic] stream: RECEIVE bytes=52 buffers=1 pending=0
[heal] key=14 heal_ms=44.1704
[msquic] stream: RECEIVE bytes=52 buffers=1 pending=0
[msquic] stream: RECEIVE bytes=52 buffers=1 pending=0
[msquic] stream: RECEIVE bytes=52 buffers=1 pending=0
[lat] dt_ms=37.1235 cmd=up key=l
[lat] dt_ms=80.897 cmd=up key=j
[drop] kind=deadline dt_ms=108.636 cmd=down key=j
[drop] kind=deadline dt_ms=105.101 cmd=mup key=j
[msquic] stream: RECEIVE bytes=104 buffers=1 pending=0
[msquic] stream: RECEIVE bytes=52 buffers=1 pending=0
[msquic] stream: RECEIVE bytes=52 buffers=1 pending=0
[msquic] stream: RECEIVE bytes=52 buffers=[lat] dt_ms=63.7588 cmd=down key=m
1 pending=0
[heal] key=16 heal_ms=61.7007
[msquic] stream: RECEIVE bytes=52 buffers=1 pending=0
[msquic] stream: RECEIVE bytes=52 buffers=1 pending=0
[lat] dt_ms=72.33 cmd=up key=m
[stuck] key=18 age_ms=540.979
[drop] kind=deadline dt_ms=107.28 cmd=down key=l
[msquic] stream: RECEIVE bytes=52 buffers=1 pending=0
[lat] dt_ms=18.0212 cmd=up key=p
[lat] dt_ms=34.1173 cmd=down key=p
[lat] dt_ms=76.4759 cmd=down key=n
[msquic] stream: RECEIVE bytes=52 buffers=1 pending=0
[msquic] stream: RECEIVE bytes=52 buffers=1 pending=0
[msquic] stream: RECEIVE bytes=52 buffers=1 pending=0
[lat] dt_ms=11.1776 cmd=up key=q
[msquic] stream: RECEIVE bytes=52 buffers=1 pending=0
[lat] dt_ms=92.6285 cmd=up key=n
[drop] kind=deadline dt_ms=106.085 cmd=mup key=n
[lat] dt_ms=38.1819 cmd=down key=r
[watchdog] key=21 age_ms=498.8
[drop] kind=deadline dt_ms=105.143 cmd=down key=o
[msquic] stream: RECEIVE bytes=52 buffers=1 pending=0
[lat] dt_ms=41.9664 cmd=up key=r
[msquic] stream: RECEIVE bytes=52 buffers=1 pending=0
[heal] key=19 heal_ms=84.9034
[msquic] stream: RECEIVE bytes=52 buffers=1 pending=0
[stuck] key=22 age_ms=516.849
[heal] key=22 heal_ms=37.9876
[msquic] stream: RECEIVE bytes=52 buffers=1 pending=0
[msquic] stream: RECEIVE bytes=52 buffers=1 pending=0
[msquic] stream: RECEIVE bytes=52 buffers=1 pending=0
[lat] dt_ms=40.4577 cmd=down key=t
[drop] kind=deadline dt_ms=103.333 cmd=down key=q
[msquic] stream: RECEIVE bytes=52 buffers=1 pending=0
[heal] key=23 heal_ms=34.7996
[msquic] stream: RECEIVE bytes=52 buffers=1 pending=0
[lat] dt_ms=58.2949 cmd=up key=s
[msquic] stream: RECEIVE bytes=52 buffers=1 pending=0
[lat] dt_ms=10.6866 cmd=down key=v
[drop] kind=deadline dt_ms=105.721 cmd=mup key=q
[watchdog] key=25 age_ms=476.068
[lat] dt_ms=40.9897 cmd=down key=u
[msquic] stream: RECEIVE bytes=52 buffers=1 pending=0
[msquic] stream: RECEIVE bytes=52 buffers=1 pending=0
[msquic] stream: RECEIVE bytes=52 buffers=1 pending=0
[msquic] stream: RECEIVE bytes=52 buffers=1 pending=0
[msquic] stream: RECEIVE bytes=52 buffers=1 pending=0
[lat] dt_ms=68.8061 cmd=up key=t
[lat] dt_ms=24.6495 cmd=down key=w
[lat] dt_ms=18.8876 cmd=up key=w
[lat] dt_ms=63.3084 cmd=up key=u
[msquic] stream: RECEIVE bytes=156 buffers=1 pending=0
[lat] dt_ms=81.8939 cmd=up key=v
[lat] dt_ms=24.8422 cmd=up key=y
[msquic] stream: RECEIVE bytes=52 buffers=1 pending=0
[lat] dt_ms=57.7228 cmd=down key=x
[lat] dt_ms=54.6296 cmd=down key=y
[heal] key=28 heal_ms=55.8856
[msquic] stream: RECEIVE bytes=52 buffers=1 pending=0
[lat] dt_ms=25.6355 cmd=down key=ENTER
[watchdog] key=40 age_ms=576.658
[msquic] stream: RECEIVE bytes=52 buffers=1 pending=0
[msquic] stream: RECEIVE bytes=52 buffers=1 pending=0
[lat] dt_ms=91.7714 cmd=up key=x
[msquic] stream: RECEIVE bytes=52 buffers=1 pending=0
[msquic] stream: RECEIVE bytes=52 buffers=1 pending=0
[stuck] key=29 age_ms=607.352
[drop] kind=deadline dt_ms=103.392 cmd=mup key=x
[lat] dt_ms=64.5587 cmd=up key=z
[msquic] stream: RECEIVE bytes=52 buffers=1 pending=0
[msquic] stream: RECEIVE bytes=52 buffers=1 pending=0
[stuck] key=4 age_ms=569.613
[lat] dt_ms=31.8377 cmd=up key=a
[msquic] stream: RECEIVE bytes=52 buffers=1 pending=0
[msquic] stream: RECEIVE bytes=52 buffers=1 pending=0
[msquic] stream: RECEIVE bytes=52 buffers=1 pending=0
[stuck] key=5 age_ms=542.047
[lat] dt_ms=53.7029 cmd=down key=b
[lat] dt_ms=32.5024 cmd=down key=c
[lat] dt_ms=22.3346 cmd=up key=c
[msquic] stream: RECEIVE bytes=104 buffers=1 pending=0
[stuck] key=7 age_ms=504.878
[msquic] stream: RECEIVE bytes=52 buffers=1 pending=0
[drop] kind=deadline dt_ms=105.905 cmd=up key=ENTER
[lat] dt_ms=96.7585 cmd=down key=a
[heal] key=4 heal_ms=88.5215
[heal] key=40 heal_ms=109.1
[msquic] stream: RECEIVE bytes=52 buffers=1 pending=0
[lat] dt_ms=44.195 cmd=down key=d
[heal] key=6 heal_ms=69.2537
[msquic] stream: RECEIVE bytes=52 buffers=1 pending=0
[lat] dt_ms=11.8037 cmd=up key=f
[drop] kind=deadline dt_ms=105.72 cmd=up key=b
[heal] key=5 heal_ms=105.734
[msquic] stream: RECEIVE bytes=52 buffers=1 pending=0
[msquic] stream: RECEIVE bytes=52 buffers=1 pending=0
[msquic] stream: RECEIVE bytes=52 buffers=1 pending=0
[msquic] stream: RECEIVE bytes=52 buffers=1 pending=0
[stuck] key=10 age_ms=539.274
[lat] dt_ms=80.7429 cmd=up key=d
[msquic] stream: RECEIVE bytes=52 buffers=1 pending=0
[lat] dt_ms=72.7261 cmd=down key=e
[lat] dt_ms=53.6624 cmd=down key=f
[watchdog] key=8 age_ms=604.109
[heal] key=9 heal_ms=50.7437
[msquic] stream: RECEIVE bytes=52 buffers=1 pending=0
[msquic] stream: RECEIVE bytes=52 buffers=1 pending=0
[msquic] stream: RECEIVE bytes=52 buffers=1 pending=0
[lat] dt_ms=47.9101 cmd=up key=g
[msquic] stream: RECEIVE bytes=52 buffers=1 pending=0
[msquic] stream: RECEIVE bytes=52 buffers=1 pending=0
[drop] kind=deadline dt_ms=103.427 cmd=up key=e
[lat] dt_ms=42.839 cmd=down key=i
[watchdog] key=12 age_ms=588.156
[lat] dt_ms=95.3366 cmd=down key=g
[lat] dt_ms=46.86 cmd=up key=i
[lat] dt_ms=37.8623 cmd=up key=j
[drop] kind=deadline dt_ms=102.207 cmd=down key=h
[lat] dt_ms=93.4888 cmd=up key=h
[heal] key=10 heal_ms=117.288
[msquic] stream: RECEIVE bytes=208 buffers=1 pending=0
[heal] key=14 heal_ms=37.3224
[msquic] stream: RECEIVE bytes=52 buffers=1 pending=0
[heal] key=12 heal_ms=82.5217
[msquic] stream: RECEIVE bytes=52 buffers=1 pending=0
[lat] dt_ms=32.6536 cmd=down key=l
[lat] dt_ms=48.0022 cmd=up key=k
[lat] dt_ms=85.2583 cmd=down key=j
[msquic] stream: RECEIVE bytes=52 buffers=2 pending=0
[lat] dt_ms=74.0118 cmd=down key=k
[msquic] stream: RECEIVE bytes=52 buffers=1 pending=0
[msquic] stream: RECEIVE bytes=52 buffers=1 pending=0
[lat] dt_ms=12.4002 cmd=down key=o
[watchdog] key=18 age_ms=546.244
[lat] dt_ms=35.2076 cmd=up key=n
[lat] dt_ms=85.5407 cmd=up key=l
[lat] dt_ms=82.3746 cmd=down key=m
[lat] dt_ms=14.3644 cmd=up key=p
[lat] dt_ms=35.9056 cmd=up key=o
[msquic] stream: RECEIVE bytes=52 buffers=1 pending=0
[lat] dt_ms=80.8279 cmd=up key=m
[msquic] stream: RECEIVE bytes=52 buffers=1 pending=0
[msquic] stream: RECEIVE bytes=52 buffers=1 pending=0
[heal] key=16 heal_ms=99.8792
[msquic] stream: RECEIVE bytes=156 buffers=1 pending=0
[msquic] stream: RECEIVE bytes=52 buffers=1 pending=0
[drop] kind=deadline dt_ms=101.243 cmd=down key=n
[msquic] stream: RECEIVE bytes=52 buffers=1 pending=0
[lat] dt_ms=[msquic] stream: RECEIVE bytes=52 buffers=1 pending=032.1506 cmd=up key=q

[lat] dt_ms=65.2348 cmd=down key=p
[heal] key=17 heal_ms=96.4471
[msquic] stream: RECEIVE bytes=104 buffers=1 pending=0
[msquic] stream: RECEIVE bytes=104 buffers=1 pending=0
[lat] dt_ms=60.6377 cmd=down key=q
[lat] dt_ms=32.5085 cmd=down key=s
[lat] dt_ms=53.963 cmd=down key=r
[watchdog] key=21 age_ms=541.186
[watchdog] key=22 age_ms=531.374
[lat] dt_ms=38.6754 cmd=up key=s
[msquic] stream: RECEIVE bytes=156 buffers=1 pending=0
[lat] dt_ms=41.7349 cmd=down key=t
[lat] dt_ms=33.6677 cmd=up key=t
[heal] key=24 heal_ms=12.656
[hidra] snapshot v1 mods=0x0 pressed=1
[msquic] stream: RECEIVE bytes=52 buffers=1 pending=0
[msquic] stream: RECEIVE bytes=52 buffers=1 pending=0
[lat] dt_ms=24.3841 cmd=up key=u
[msquic] stream: RECEIVE bytes=52 buffers=1 pending=0
[lat] dt_ms=24.5821 cmd=down key=v
[msquic] stream: RECEIVE bytes=52 buffers=1 pending=0
[msquic] stream: RECEIVE bytes=52 buffers=1 pending=0
[drop] kind=deadline dt_ms=106.899 cmd=up key=r
[lat] dt_ms=53.9208 cmd=down key=u
[lat] dt_ms=30.4512 cmd=up key=v
[lat] dt_ms=14.4645 cmd=up key=w
[msquic] stream: RECEIVE bytes=52 buffers=1 pending=0
[msquic] stream: RECEIVE bytes=52 buffers=1 pending=0
[stuck] key=27 age_ms=494.019
[msquic] stream: RECEIVE bytes=52 buffers=1 pending=0
[msquic] stream: RECEIVE bytes=52 buffers=1 pending=0
[msquic] stream: RECEIVE bytes=52 buffers=1 pending=0
[lat] dt_ms=66.1899 cmd=down key=w
[watchdog] key=26 age_ms=568.203
[msquic] stream: RECEIVE bytes=52 buffers=1 pending=0
[lat] dt_ms=51.3744 cmd=up key=x
[drop] kind=deadline dt_ms=105.449 cmd=mup key=v
[lat] dt_ms=42.7719 cmd=up key=y
[lat] dt_ms=33.1982 cmd=down key=z
[lat] dt_ms=56.5163 cmd=down key=y
[watchdog] key=28 age_ms=589.891
[watchdog] key=29 age_ms=534.781
[lat] dt_ms=83.1929 cmd=down key=x
[lat] dt_ms=12.344 cmd=up key=ENTER
[msquic] stream: RECEIVE bytes=52 buffers=1 pending=0
[msquic] stream: RECEIVE bytes=104 buffers=1 pending=0
[heal] key=26 heal_ms=112.359
[msquic] stream: RECEIVE bytes=52 buffers=1 pending=0
[msquic] stream: RECEIVE bytes=52 buffers=1 pending=0
[msquic] stream: RECEIVE bytes=52 buffers=1 pending=0
[msquic] stream: RECEIVE bytes=52 buffers=1 pending=0
[drop] kind=deadline dt_ms=104.616 cmd=mup key=x
[heal] key=28 heal_ms=86.9054
[msquic] stream: RECEIVE bytes=104 buffers=1 pending=0
[lat] dt_ms=63.3717 cmd=down key=ENTER
[msquic] stream: RECEIVE bytes=52 buffers=1 pending=0
[msquic] stream: RECEIVE bytes=52 buffers=1 pending=0
[drop] kind=deadline dt_ms=108.864 cmd=up key=z
[msquic] stream: RECEIVE bytes=52 buffers=1 pending=0
[msquic] stream: RECEIVE bytes=52 buffers=1 pending=0
[msquic] stream: RECEIVE bytes=52 buffers=1 pending=0
[msquic] stream: RECEIVE bytes=52 buffers=1 pending=0
[msquic] stream: RECEIVE bytes=52 buffers=1 pending=0
[msquic] stream: RECEIVE bytes=52 buffers=1 pending=0
[msquic] stream: RECEIVE bytes=52 buffers=1 pending=0
[msquic] stream: RECEIVE bytes=52 buffers=1 pending=0
[msquic] stream: RECEIVE bytes=52 buffers=1 pending=0
[msquic] stream: RECEIVE bytes=52 buffers=1 pending=0
[msquic] stream: RECEIVE bytes=52 buffers=1 pending=0
[msquic] stream: RECEIVE bytes=104 buffers=1 pending=0
[msquic] stream: RECEIVE bytes=52 buffers=1 pending=0
[msquic] stream: RECEIVE bytes=52 buffers=1 pending=0
[msquic] stream: RECEIVE bytes=52 buffers=1 pending=0
[msquic] stream: RECEIVE bytes=52 buffers=1 pending=0
[msquic] stream: RECEIVE bytes=52 buffers=1 pending=0
[msquic] stream: RECEIVE bytes=104 buffers=1 pending=0
[msquic] stream: RECEIVE bytes=52 buffers=1 pending=0
[msquic] stream: RECEIVE bytes=52 buffers=1 pending=0
[msquic] stream: RECEIVE bytes=52 buffers=1 pending=0
[msquic] stream: RECEIVE bytes=52 buffers=1 pending=0
[msquic] stream: RECEIVE bytes=52 buffers=1 pending=0
[msquic] stream: RECEIVE bytes=52 buffers=1 pending=0
[msquic] stream: RECEIVE bytes=52 buffers=1 pending=0
[msquic] stream: RECEIVE bytes=52 buffers=1 pending=0
[msquic] stream: RECEIVE bytes=52 buffers=1 pending=0
[msquic] stream: RECEIVE bytes=52 buffers=1 pending=0
[msquic] stream: RECEIVE bytes=52 buffers=1 pending=0
[msquic] stream: RECEIVE bytes=104 buffers=1 pending=0
[msquic] stream: RECEIVE bytes=52 buffers=1 pending=0
[msquic] stream: RECEIVE bytes=52 buffers=1 pending=0
[msquic] stream: RECEIVE bytes=52 buffers=1 pending=0
[msquic] stream: RECEIVE bytes=52 buffers=1 pending=0
[msquic] stream: RECEIVE bytes=52 buffers=1 pending=0
[msquic] stream: RECEIVE bytes=52 buffers=2 pending=0
[msquic] stream: RECEIVE bytes=52 buffers=1 pending=0
[msquic] stream: RECEIVE bytes=52 buffers=1 pending=0
[msquic] stream: RECEIVE bytes=52 buffers=1 pending=0
[msquic] stream: RECEIVE bytes=52 buffers=1 pending=0
[msquic] stream: RECEIVE bytes=104 buffers=1 pending=0
[msquic] stream: RECEIVE bytes=52 buffers=1 pending=0
[msquic] stream: RECEIVE bytes=52 buffers=1 pending=0
[msquic] stream: RECEIVE bytes=52 buffers=1 pending=0
[msquic] stream: RECEIVE bytes=52 buffers=1 pending=0
[msquic] stream: RECEIVE bytes=52 buffers=1 pending=0
[msquic] stream: RECEIVE bytes=52 buffers=1 pending=0
[msquic] stream: RECEIVE bytes=52 buffers=1 pending=0
[msquic] stream: RECEIVE bytes=52 buffers=1 pending=0
[msquic] stream: RECEIVE bytes=52 buffers=1 pending=0
[msquic] stream: RECEIVE bytes=52 buffers=1 pending=0
[msquic] stream: RECEIVE bytes=52 buffers=1 pending=0
[msquic] stream: RECEIVE bytes=52 buffers=1 pending=0
[msquic] stream: RECEIVE bytes=52 buffers=1 pending=0
[msquic] stream: RECEIVE bytes=52 buffers=1 pending=0
[msquic] stream: RECEIVE bytes=52 buffers=1 pending=0
[msquic] stream: RECEIVE bytes=52 buffers=1 pending=0
[msquic] stream: RECEIVE bytes=52 buffers=1 pending=0
[msquic] stream: RECEIVE bytes=52 buffers=1 pending=0
[msquic] stream: RECEIVE bytes=52 buffers=1 pending=0
[msquic] stream: RECEIVE bytes=52 buffers=1 pending=0
[msquic] stream: RECEIVE bytes=52 buffers=1 pending=0
[msquic] stream: RECEIVE bytes=104 buffers=1 pending=0
[msquic] stream: RECEIVE bytes=52 buffers=1 pending=0
[msquic] stream: RECEIVE bytes=52 buffers=1 pending=0
[msquic] stream: RECEIVE bytes=52 buffers=1 pending=0
[msquic] stream: RECEIVE bytes=52 buffers=1 pending=0
[msquic] stream: RECEIVE bytes=52 buffers=1 pending=0
[msquic] stream: RECEIVE bytes=52 buffers=1 pending=0
[msquic] stream: RECEIVE bytes=52 buffers=1 pending=0
[msquic] stream: RECEIVE bytes=52 buffers=1 pending=0
[msquic] stream: RECEIVE bytes=52 buffers=1 pending=0
[msquic] stream: RECEIVE bytes=52 buffers=1 pending=0
[msquic] stream: RECEIVE bytes=104 buffers=1 pending=0
[msquic] stream: RECEIVE bytes=104 buffers=1 pending=0
[msquic] stream: RECEIVE bytes=52 buffers=1 pending=0
[msquic] stream: RECEIVE bytes=52 buffers=1 pending=0
[msquic] stream: RECEIVE bytes=52 buffers=1 pending=0
[msquic] stream: RECEIVE bytes=52 buffers=1 pending=0
[msquic] stream: RECEIVE bytes=52 buffers=1 pending=0
[msquic] stream: RECEIVE bytes=52 buffers=1 pending=0
[msquic] stream: RECEIVE bytes=52 buffers=1 pending=0
[msquic] stream: RECEIVE bytes=52 buffers=1 pending=0
[msquic] stream: RECEIVE bytes=52 buffers=1 pending=0
[msquic] stream: RECEIVE bytes=52 buffers=1 pending=0
[msquic] stream: RECEIVE bytes=52 buffers=1 pending=0
[msquic] stream: RECEIVE bytes=52 buffers=1 pending=0
[msquic] stream: RECEIVE bytes=52 buffers=1 pending=0
[msquic] stream: RECEIVE bytes=52 buffers=1 pending=0
[msquic] stream: RECEIVE bytes=52 buffers=1 pending=0
[msquic] stream: RECEIVE bytes=52 buffers=1 pending=0
[hidra] snapshot v1 mods=0x0 pressed=0
[msquic] stream: RECEIVE bytes=52 buffers=1 pending=0
[msquic] stream: RECEIVE bytes=52 buffers=1 pending=0
[msquic] stream: RECEIVE bytes=52 buffers=1 pending=0
[msquic] stream: RECEIVE bytes=52 buffers=1 pending=0
[msquic] stream: RECEIVE bytes=52 buffers=1 pending=0
[msquic] stream: RECEIVE bytes=52 buffers=1 pending=0
[msquic] stream: RECEIVE bytes=52 buffers=1 pending=0
[msquic] stream: RECEIVE bytes=52 buffers=1 pending=0
[msquic] stream: RECEIVE bytes=52 buffers=1 pending=0
[msquic] stream: RECEIVE bytes=52 buffers=1 pending=0
[msquic] stream: RECEIVE bytes=52 buffers=1 pending=0
[msquic] stream: RECEIVE bytes=52 buffers=1 pending=0
[msquic] stream: RECEIVE bytes=52 buffers=1 pending=0
[msquic] stream: RECEIVE bytes=52 buffers=1 pending=0
[msquic] stream: RECEIVE bytes=52 buffers=1 pending=0
[msquic] stream: RECEIVE bytes=52 buffers=1 pending=0
[msquic] stream: RECEIVE bytes=52 buffers=1 pending=0
[msquic] stream: RECEIVE bytes=52 buffers=1 pending=0
[msquic] stream: RECEIVE bytes=52 buffers=1 pending=0
[msquic] stream: RECEIVE bytes=52 buffers=2 pending=0
[msquic] stream: RECEIVE bytes=52 buffers=1 pending=0
[msquic] stream: RECEIVE bytes=52 buffers=1 pending=0
[msquic] stream: RECEIVE bytes=52 buffers=1 pending=0
[msquic] stream: RECEIVE bytes=52 buffers=1 pending=0
[msquic] stream: RECEIVE bytes=52 buffers=1 pending=0
[msquic] stream: RECEIVE bytes=52 buffers=1 pending=0
[msquic] stream: RECEIVE bytes=52 buffers=1 pending=0
[msquic] stream: RECEIVE bytes=52 buffers=1 pending=0
[msquic] stream: RECEIVE bytes=52 buffers=1 pending=0
[msquic] stream: RECEIVE bytes=52 buffers=1 pending=0
[msquic] stream: RECEIVE bytes=52 buffers=1 pending=0
[msquic] stream: RECEIVE bytes=52 buffers=1 pending=0
[msquic] stream: RECEIVE bytes=52 buffers=1 pending=0
[msquic] stream: RECEIVE bytes=104 buffers=1 pending=0
[msquic] stream: RECEIVE bytes=52 buffers=1 pending=0
[msquic] stream: RECEIVE bytes=104 buffers=1 pending=0
[msquic] stream: RECEIVE bytes=52 buffers=1 pending=0
[msquic] stream: RECEIVE bytes=52 buffers=1 pending=0
[msquic] stream: RECEIVE bytes=52 buffers=1 pending=0
[msquic] stream: RECEIVE bytes=104 buffers=1 pending=0
[msquic] stream: RECEIVE bytes=52 buffers=1 pending=0
[msquic] stream: RECEIVE bytes=52 buffers=1 pending=0
[msquic] stream: RECEIVE bytes=52 buffers=1 pending=0
[msquic] stream: RECEIVE bytes=104 buffers=1 pending=0
[msquic] stream: RECEIVE bytes=104 buffers=1 pending=0
[msquic] stream: RECEIVE bytes=52 buffers=1 pending=0
[msquic] stream: RECEIVE bytes=52 buffers=1 pending=0
[msquic] stream: RECEIVE bytes=52 buffers=1 pending=0
[msquic] stream: RECEIVE bytes=52 buffers=1 pending=0
[msquic] stream: RECEIVE bytes=52 buffers=1 pending=0
[msquic] stream: RECEIVE bytes=52 buffers=1 pending=0
[msquic] connection: SHUTDOWN_BY_PEER error_code=0
[msquic] connection: SHUTDOWN_COMPLETE handshake_completed=0 peer_ack=0 app_close_in_progress=0
[msquic] connection: SHUTDOWN_COMPLETE handshake_completed=1 peer_ack=1 app_close_in_progress=1
[msquic] connection: CONNECTED
[msquic] connection: PEER_STREAM_STARTED
[msquic] stream: RECEIVE bytes=208 buffers=1 pending=0
[msquic] stream: RECEIVE bytes=104 buffers=1 pending=0
[msquic] stream: RECEIVE bytes=52 buffers=1 pending=0
[msquic] stream: RECEIVE bytes=52 buffers=1 pending=0
[msquic] stream: RECEIVE bytes=52 buffers=1 pending=0
[msquic] stream: RECEIVE bytes=52 buffers=1 pending=0
[msquic] stream: RECEIVE bytes=52 buffers=1 pending=0
[msquic] stream: RECEIVE bytes=52 buffers=1 pending=0
[msquic] stream: RECEIVE bytes=52 buffers=1 pending=0
[msquic] stream: RECEIVE bytes=52 buffers=1 pending=0
[msquic] stream: RECEIVE bytes=52 buffers=1 pending=0
[msquic] stream: RECEIVE bytes=104 buffers=1 pending=0
[msquic] stream: RECEIVE bytes=52 buffers=1 pending=0
[msquic] stream: RECEIVE bytes=52 buffers=1 pending=0
[msquic] stream: RECEIVE bytes=52 buffers=1 pending=0
[msquic] stream: RECEIVE bytes=52 buffers=1 pending=0
[msquic] stream: RECEIVE bytes=52 buffers=1 pending=0
[msquic] stream: RECEIVE bytes=104 buffers=1 pending=0
[msquic] stream: RECEIVE bytes=104 buffers=1 pending=0
[msquic] stream: RECEIVE bytes=104 buffers=1 pending=0
[msquic] stream: RECEIVE bytes=52 buffers=1 pending=0
[msquic] stream: RECEIVE bytes=52 buffers=1 pending=0
[msquic] stream: RECEIVE bytes=52 buffers=1 pending=0
[msquic] stream: RECEIVE bytes=52 buffers=1 pending=0
[msquic] stream: RECEIVE bytes=52 buffers=1 pending=0
[msquic] stream: RECEIVE bytes=52 buffers=1 pending=0
[msquic] stream: RECEIVE bytes=52 buffers=1 pending=0
[msquic] stream: RECEIVE bytes=52 buffers=1 pending=0
[msquic] stream: RECEIVE bytes=52 buffers=1 pending=0
[msquic] connection: SHUTDOWN_BY_PEER error_code=0
[msquic] connection: SHUTDOWN_COMPLETE handshake_completed=0 peer_ack=0 app_close_in_progress=0
[msquic] connection: SHUTDOWN_COMPLETE handshake_completed=1 peer_ack=1 app_close_in_progress=1
