[hidra] daemon starting
  udp edges : 0.0.0.0:4444
  hid socket: /run/user/1000/hidra.kbd (QEMU should be server=on)
  watchdog  : 200 ms
  deadline  : 0 ms
  stuck(ms) : 300 ms
[hidra] msquic snapshot listener on :4445 (ALPN hidra-snp)
[hidra] msquic edge listener on :4446 (ALPN hidra-edg)
[msquic] connection: CONNECTED
[msquic] connection: PEER_STREAM_STARTED
[lat] dt_ms=69 cmd=quic_edge seq=0 usage=4
[hidra] HID socket connect failed (/run/user/1000/hidra.kbd). Waiting for QEMU to listen... (set HID_SOCK or run scripts/run_qemu.sh)
[msquic] stream: RECEIVE bytes=16 buffers=1 pending=0
[lat] dt_ms=45 cmd=quic_edge seq=1 usage=4
[hidra] HID socket connect failed (/run/user/1000/hidra.kbd). Waiting for QEMU to listen... (set HID_SOCK or run scripts/run_qemu.sh)
[msquic] stream: RECEIVE bytes=16 buffers=1 pending=0
[lat] dt_ms=63 cmd=quic_edge seq=2 usage=19
[hidra] HID socket connect failed (/run/user/1000/hidra.kbd). Waiting for QEMU to listen... (set HID_SOCK or run scripts/run_qemu.sh)
[msquic] stream: RECEIVE bytes=16 buffers=1 pending=0
[lat] dt_ms=43 cmd=quic_edge seq=3 usage=19
[hidra] HID socket connect failed (/run/user/1000/hidra.kbd). Waiting for QEMU to listen... (set HID_SOCK or run scripts/run_qemu.sh)
[msquic] stream: RECEIVE bytes=16 buffers=1 pending=0
[lat] dt_ms=57 cmd=quic_edge seq=4 usage=23
[hidra] HID socket connect failed (/run/user/1000/hidra.kbd). Waiting for QEMU to listen... (set HID_SOCK or run scripts/run_qemu.sh)
[msquic] stream: RECEIVE bytes=16 buffers=1 pending=0
[lat] dt_ms=80 cmd=quic_edge seq=5 usage=23
[hidra] HID socket connect failed (/run/user/1000/hidra.kbd). Waiting for QEMU to listen... (set HID_SOCK or run scripts/run_qemu.sh)
[msquic] stream: RECEIVE bytes=16 buffers=1 pending=0
[lat] dt_ms=69 cmd=quic_edge seq=6 usage=40
[hidra] HID socket connect failed (/run/user/1000/hidra.kbd). Waiting for QEMU to listen... (set HID_SOCK or run scripts/run_qemu.sh)
[msquic] stream: RECEIVE bytes=16 buffers=1 pending=0
[lat] dt_ms=57 cmd=quic_edge seq=7 usage=40
[hidra] HID socket connect failed (/run/user/1000/hidra.kbd). Waiting for QEMU to listen... (set HID_SOCK or run scripts/run_qemu.sh)
[msquic] stream: RECEIVE bytes=16 buffers=1 pending=0
[lat] dt_ms=72 cmd=quic_edge seq=8 usage=4
[hidra] HID socket connect failed (/run/user/1000/hidra.kbd). Waiting for QEMU to listen... (set HID_SOCK or run scripts/run_qemu.sh)
[msquic] stream: RECEIVE bytes=16 buffers=1 pending=0
[lat] dt_ms=74 cmd=quic_edge seq=9 usage=4
[hidra] HID socket connect failed (/run/user/1000/hidra.kbd). Waiting for QEMU to listen... (set HID_SOCK or run scripts/run_qemu.sh)
[msquic] stream: RECEIVE bytes=16 buffers=1 pending=0
[lat] dt_ms=62 cmd=quic_edge seq=10 usage=19
[hidra] HID socket connect failed (/run/user/1000/hidra.kbd). Waiting for QEMU to listen... (set HID_SOCK or run scripts/run_qemu.sh)
[msquic] stream: RECEIVE bytes=16 buffers=1 pending=0
[lat] dt_ms=79 cmd=quic_edge seq=11 usage=19
[hidra] HID socket connect failed (/run/user/1000/hidra.kbd). Waiting for QEMU to listen... (set HID_SOCK or run scripts/run_qemu.sh)
[msquic] stream: RECEIVE bytes=16 buffers=1 pending=0
[lat] dt_ms=48 cmd=quic_edge seq=12 usage=23
[hidra] HID socket connect failed (/run/user/1000/hidra.kbd). Waiting for QEMU to listen... (set HID_SOCK or run scripts/run_qemu.sh)
[msquic] stream: RECEIVE bytes=16 buffers=1 pending=0
[lat] dt_ms=48 cmd=quic_edge seq=13 usage=23
[hidra] HID socket connect failed (/run/user/1000/hidra.kbd). Waiting for QEMU to listen... (set HID_SOCK or run scripts/run_qemu.sh)
[msquic] stream: RECEIVE bytes=16 buffers=1 pending=0
[lat] dt_ms=72 cmd=quic_edge seq=14 usage=40
[hidra] HID socket connect failed (/run/user/1000/hidra.kbd). Waiting for QEMU to listen... (set HID_SOCK or run scripts/run_qemu.sh)
[msquic] stream: RECEIVE bytes=16 buffers=1 pending=0
[lat] dt_ms=62 cmd=quic_edge seq=15 usage=40
[hidra] HID socket connect failed (/run/user/1000/hidra.kbd). Waiting for QEMU to listen... (set HID_SOCK or run scripts/run_qemu.sh)
[msquic] stream: RECEIVE bytes=16 buffers=1 pending=0
[lat] dt_ms=49 cmd=quic_edge seq=16 usage=4
[hidra] HID socket connect failed (/run/user/1000/hidra.kbd). Waiting for QEMU to listen... (set HID_SOCK or run scripts/run_qemu.sh)
[msquic] stream: RECEIVE bytes=16 buffers=1 pending=0
[lat] dt_ms=63 cmd=quic_edge seq=17 usage=4
[hidra] HID socket connect failed (/run/user/1000/hidra.kbd). Waiting for QEMU to listen... (set HID_SOCK or run scripts/run_qemu.sh)
[msquic] stream: RECEIVE bytes=16 buffers=1 pending=0
[lat] dt_ms=44 cmd=quic_edge seq=18 usage=19
[hidra] HID socket connect failed (/run/user/1000/hidra.kbd). Waiting for QEMU to listen... (set HID_SOCK or run scripts/run_qemu.sh)
[msquic] stream: RECEIVE bytes=16 buffers=1 pending=0
[lat] dt_ms=73 cmd=quic_edge seq=19 usage=19
[hidra] HID socket connect failed (/run/user/1000/hidra.kbd). Waiting for QEMU to listen... (set HID_SOCK or run scripts/run_qemu.sh)
[msquic] stream: RECEIVE bytes=16 buffers=1 pending=0
[lat] dt_ms=69 cmd=quic_edge seq=20 usage=23
[hidra] HID socket connect failed (/run/user/1000/hidra.kbd). Waiting for QEMU to listen... (set HID_SOCK or run scripts/run_qemu.sh)
[msquic] stream: RECEIVE bytes=16 buffers=1 pending=0
[lat] dt_ms=49 cmd=quic_edge seq=21 usage=23
[hidra] HID socket connect failed (/run/user/1000/hidra.kbd). Waiting for QEMU to listen... (set HID_SOCK or run scripts/run_qemu.sh)
[msquic] stream: RECEIVE bytes=16 buffers=1 pending=0
[lat] dt_ms=65 cmd=quic_edge seq=22 usage=40
[hidra] HID socket connect failed (/run/user/1000/hidra.kbd). Waiting for QEMU to listen... (set HID_SOCK or run scripts/run_qemu.sh)
[msquic] stream: RECEIVE bytes=16 buffers=1 pending=0
[lat] dt_ms=57 cmd=quic_edge seq=23 usage=40
[hidra] HID socket connect failed (/run/user/1000/hidra.kbd). Waiting for QEMU to listen... (set HID_SOCK or run scripts/run_qemu.sh)
[msquic] stream: RECEIVE bytes=16 buffers=1 pending=0
[lat] dt_ms=72 cmd=quic_edge seq=24 usage=4
[hidra] HID socket connect failed (/run/user/1000/hidra.kbd). Waiting for QEMU to listen... (set HID_SOCK or run scripts/run_qemu.sh)
[msquic] stream: RECEIVE bytes=16 buffers=1 pending=0
[lat] dt_ms=72 cmd=quic_edge seq=25 usage=4
[hidra] HID socket connect failed (/run/user/1000/hidra.kbd). Waiting for QEMU to listen... (set HID_SOCK or run scripts/run_qemu.sh)
[msquic] stream: RECEIVE bytes=16 buffers=1 pending=0
[lat] dt_ms=58 cmd=quic_edge seq=26 usage=19
[hidra] HID socket connect failed (/run/user/1000/hidra.kbd). Waiting for QEMU to listen... (set HID_SOCK or run scripts/run_qemu.sh)
[msquic] stream: RECEIVE bytes=16 buffers=1 pending=0
[lat] dt_ms=70 cmd=quic_edge seq=27 usage=19
[hidra] HID socket connect failed (/run/user/1000/hidra.kbd). Waiting for QEMU to listen... (set HID_SOCK or run scripts/run_qemu.sh)
[msquic] stream: RECEIVE bytes=16 buffers=1 pending=0
[lat] dt_ms=56 cmd=quic_edge seq=28 usage=23
[hidra] HID socket connect failed (/run/user/1000/hidra.kbd). Waiting for QEMU to listen... (set HID_SOCK or run scripts/run_qemu.sh)
[msquic] stream: RECEIVE bytes=16 buffers=1 pending=0
[lat] dt_ms=80 cmd=quic_edge seq=29 usage=23
[hidra] HID socket connect failed (/run/user/1000/hidra.kbd). Waiting for QEMU to listen... (set HID_SOCK or run scripts/run_qemu.sh)
[msquic] stream: RECEIVE bytes=16 buffers=1 pending=0
[lat] dt_ms=54 cmd=quic_edge seq=30 usage=40
[hidra] HID socket connect failed (/run/user/1000/hidra.kbd). Waiting for QEMU to listen... (set HID_SOCK or run scripts/run_qemu.sh)
[msquic] stream: RECEIVE bytes=16 buffers=1 pending=0
[lat] dt_ms=80 cmd=quic_edge seq=31 usage=40
[hidra] HID socket connect failed (/run/user/1000/hidra.kbd). Waiting for QEMU to listen... (set HID_SOCK or run scripts/run_qemu.sh)
[msquic] stream: RECEIVE bytes=16 buffers=1 pending=0
[lat] dt_ms=54 cmd=quic_edge seq=32 usage=4
[hidra] HID socket connect failed (/run/user/1000/hidra.kbd). Waiting for QEMU to listen... (set HID_SOCK or run scripts/run_qemu.sh)
[msquic] stream: RECEIVE bytes=16 buffers=1 pending=0
[lat] dt_ms=48 cmd=quic_edge seq=33 usage=4
[hidra] HID socket connect failed (/run/user/1000/hidra.kbd). Waiting for QEMU to listen... (set HID_SOCK or run scripts/run_qemu.sh)
[msquic] stream: RECEIVE bytes=16 buffers=1 pending=0
[lat] dt_ms=53 cmd=quic_edge seq=34 usage=19
[hidra] HID socket connect failed (/run/user/1000/hidra.kbd). Waiting for QEMU to listen... (set HID_SOCK or run scripts/run_qemu.sh)
[msquic] stream: RECEIVE bytes=16 buffers=1 pending=0
[lat] dt_ms=55 cmd=quic_edge seq=35 usage=19
[hidra] HID socket connect failed (/run/user/1000/hidra.kbd). Waiting for QEMU to listen... (set HID_SOCK or run scripts/run_qemu.sh)
[msquic] stream: RECEIVE bytes=16 buffers=1 pending=0
[lat] dt_ms=58 cmd=quic_edge seq=36 usage=23
[hidra] HID socket connect failed (/run/user/1000/hidra.kbd). Waiting for QEMU to listen... (set HID_SOCK or run scripts/run_qemu.sh)
[msquic] stream: RECEIVE bytes=16 buffers=1 pending=0
[lat] dt_ms=71 cmd=quic_edge seq=37 usage=23
[hidra] HID socket connect failed (/run/user/1000/hidra.kbd). Waiting for QEMU to listen... (set HID_SOCK or run scripts/run_qemu.sh)
[msquic] stream: RECEIVE bytes=16 buffers=1 pending=0
[lat] dt_ms=49 cmd=quic_edge seq=38 usage=40
[hidra] HID socket connect failed (/run/user/1000/hidra.kbd). Waiting for QEMU to listen... (set HID_SOCK or run scripts/run_qemu.sh)
[msquic] stream: RECEIVE bytes=16 buffers=1 pending=0
[lat] dt_ms=76 cmd=quic_edge seq=39 usage=40
[hidra] HID socket connect failed (/run/user/1000/hidra.kbd). Waiting for QEMU to listen... (set HID_SOCK or run scripts/run_qemu.sh)
[msquic] stream: RECEIVE bytes=16 buffers=1 pending=0
[lat] dt_ms=70 cmd=quic_edge seq=40 usage=4
[hidra] HID socket connect failed (/run/user/1000/hidra.kbd). Waiting for QEMU to listen... (set HID_SOCK or run scripts/run_qemu.sh)
[msquic] stream: RECEIVE bytes=16 buffers=1 pending=0
[lat] dt_ms=60 cmd=quic_edge seq=41 usage=4
[hidra] HID socket connect failed (/run/user/1000/hidra.kbd). Waiting for QEMU to listen... (set HID_SOCK or run scripts/run_qemu.sh)
[msquic] stream: RECEIVE bytes=16 buffers=1 pending=0
[lat] dt_ms=59 cmd=quic_edge seq=42 usage=19
[hidra] HID socket connect failed (/run/user/1000/hidra.kbd). Waiting for QEMU to listen... (set HID_SOCK or run scripts/run_qemu.sh)
[msquic] stream: RECEIVE bytes=16 buffers=1 pending=0
[lat] dt_ms=42 cmd=quic_edge seq=43 usage=19
[hidra] HID socket connect failed (/run/user/1000/hidra.kbd). Waiting for QEMU to listen... (set HID_SOCK or run scripts/run_qemu.sh)
[msquic] stream: RECEIVE bytes=16 buffers=1 pending=0
[lat] dt_ms=74 cmd=quic_edge seq=44 usage=23
[hidra] HID socket connect failed (/run/user/1000/hidra.kbd). Waiting for QEMU to listen... (set HID_SOCK or run scripts/run_qemu.sh)
[msquic] stream: RECEIVE bytes=16 buffers=1 pending=0
[lat] dt_ms=79 cmd=quic_edge seq=45 usage=23
[hidra] HID socket connect failed (/run/user/1000/hidra.kbd). Waiting for QEMU to listen... (set HID_SOCK or run scripts/run_qemu.sh)
[msquic] stream: RECEIVE bytes=16 buffers=1 pending=0
[lat] dt_ms=76 cmd=quic_edge seq=46 usage=40
[hidra] HID socket connect failed (/run/user/1000/hidra.kbd). Waiting for QEMU to listen... (set HID_SOCK or run scripts/run_qemu.sh)
[msquic] stream: RECEIVE bytes=16 buffers=1 pending=0
[lat] dt_ms=43 cmd=quic_edge seq=47 usage=40
[hidra] HID socket connect failed (/run/user/1000/hidra.kbd). Waiting for QEMU to listen... (set HID_SOCK or run scripts/run_qemu.sh)
[msquic] stream: RECEIVE bytes=16 buffers=1 pending=0
[lat] dt_ms=57 cmd=quic_edge seq=48 usage=4
[hidra] HID socket connect failed (/run/user/1000/hidra.kbd). Waiting for QEMU to listen... (set HID_SOCK or run scripts/run_qemu.sh)
[msquic] stream: RECEIVE bytes=16 buffers=1 pending=0
[lat] dt_ms=54 cmd=quic_edge seq=49 usage=4
[hidra] HID socket connect failed (/run/user/1000/hidra.kbd). Waiting for QEMU to listen... (set HID_SOCK or run scripts/run_qemu.sh)
[msquic] stream: RECEIVE bytes=16 buffers=1 pending=0
[lat] dt_ms=70 cmd=quic_edge seq=50 usage=19
[hidra] HID socket connect failed (/run/user/1000/hidra.kbd). Waiting for QEMU to listen... (set HID_SOCK or run scripts/run_qemu.sh)
[msquic] stream: RECEIVE bytes=16 buffers=1 pending=0
[lat] dt_ms=45 cmd=quic_edge seq=51 usage=19
[hidra] HID socket connect failed (/run/user/1000/hidra.kbd). Waiting for QEMU to listen... (set HID_SOCK or run scripts/run_qemu.sh)
[msquic] stream: RECEIVE bytes=16 buffers=1 pending=0
[lat] dt_ms=74 cmd=quic_edge seq=52 usage=23
[hidra] HID socket connect failed (/run/user/1000/hidra.kbd). Waiting for QEMU to listen... (set HID_SOCK or run scripts/run_qemu.sh)
[msquic] stream: RECEIVE bytes=16 buffers=1 pending=0
[lat] dt_ms=52 cmd=quic_edge seq=53 usage=23
[hidra] HID socket connect failed (/run/user/1000/hidra.kbd). Waiting for QEMU to listen... (set HID_SOCK or run scripts/run_qemu.sh)
[msquic] stream: RECEIVE bytes=16 buffers=1 pending=0
[lat] dt_ms=53 cmd=quic_edge seq=54 usage=40
[hidra] HID socket connect failed (/run/user/1000/hidra.kbd). Waiting for QEMU to listen... (set HID_SOCK or run scripts/run_qemu.sh)
[msquic] stream: RECEIVE bytes=16 buffers=1 pending=0
[lat] dt_ms=77 cmd=quic_edge seq=55 usage=40
[hidra] HID socket connect failed (/run/user/1000/hidra.kbd). Waiting for QEMU to listen... (set HID_SOCK or run scripts/run_qemu.sh)
[msquic] stream: RECEIVE bytes=16 buffers=1 pending=0
[lat] dt_ms=58 cmd=quic_edge seq=56 usage=4
[hidra] HID socket connect failed (/run/user/1000/hidra.kbd). Waiting for QEMU to listen... (set HID_SOCK or run scripts/run_qemu.sh)
[msquic] stream: RECEIVE bytes=16 buffers=1 pending=0
[lat] dt_ms=53 cmd=quic_edge seq=57 usage=4
[hidra] HID socket connect failed (/run/user/1000/hidra.kbd). Waiting for QEMU to listen... (set HID_SOCK or run scripts/run_qemu.sh)
[msquic] stream: RECEIVE bytes=16 buffers=1 pending=0
[lat] dt_ms=57 cmd=quic_edge seq=58 usage=19
[hidra] HID socket connect failed (/run/user/1000/hidra.kbd). Waiting for QEMU to listen... (set HID_SOCK or run scripts/run_qemu.sh)
[msquic] stream: RECEIVE bytes=16 buffers=1 pending=0
[lat] dt_ms=45 cmd=quic_edge seq=59 usage=19
[hidra] HID socket connect failed (/run/user/1000/hidra.kbd). Waiting for QEMU to listen... (set HID_SOCK or run scripts/run_qemu.sh)
[msquic] stream: RECEIVE bytes=16 buffers=1 pending=0
[lat] dt_ms=57 cmd=quic_edge seq=60 usage=23
[hidra] HID socket connect failed (/run/user/1000/hidra.kbd). Waiting for QEMU to listen... (set HID_SOCK or run scripts/run_qemu.sh)
[msquic] stream: RECEIVE bytes=16 buffers=1 pending=0
[lat] dt_ms=44 cmd=quic_edge seq=61 usage=23
[hidra] HID socket connect failed (/run/user/1000/hidra.kbd). Waiting for QEMU to listen... (set HID_SOCK or run scripts/run_qemu.sh)
[msquic] stream: RECEIVE bytes=16 buffers=1 pending=0
[lat] dt_ms=67 cmd=quic_edge seq=62 usage=40
[hidra] HID socket connect failed (/run/user/1000/hidra.kbd). Waiting for QEMU to listen... (set HID_SOCK or run scripts/run_qemu.sh)
[msquic] stream: RECEIVE bytes=16 buffers=1 pending=0
[lat] dt_ms=58 cmd=quic_edge seq=63 usage=40
[hidra] HID socket connect failed (/run/user/1000/hidra.kbd). Waiting for QEMU to listen... (set HID_SOCK or run scripts/run_qemu.sh)
[msquic] stream: RECEIVE bytes=16 buffers=1 pending=0
[lat] dt_ms=71 cmd=quic_edge seq=64 usage=4
[hidra] HID socket connect failed (/run/user/1000/hidra.kbd). Waiting for QEMU to listen... (set HID_SOCK or run scripts/run_qemu.sh)
[msquic] stream: RECEIVE bytes=16 buffers=1 pending=0
[lat] dt_ms=47 cmd=quic_edge seq=65 usage=4
[hidra] HID socket connect failed (/run/user/1000/hidra.kbd). Waiting for QEMU to listen... (set HID_SOCK or run scripts/run_qemu.sh)
[msquic] stream: RECEIVE bytes=16 buffers=1 pending=0
[lat] dt_ms=62 cmd=quic_edge seq=66 usage=19
[hidra] HID socket connect failed (/run/user/1000/hidra.kbd). Waiting for QEMU to listen... (set HID_SOCK or run scripts/run_qemu.sh)
[msquic] stream: RECEIVE bytes=16 buffers=1 pending=0
[lat] dt_ms=74 cmd=quic_edge seq=67 usage=19
[hidra] HID socket connect failed (/run/user/1000/hidra.kbd). Waiting for QEMU to listen... (set HID_SOCK or run scripts/run_qemu.sh)
[msquic] stream: RECEIVE bytes=16 buffers=1 pending=0
[lat] dt_ms=41 cmd=quic_edge seq=68 usage=23
[hidra] HID socket connect failed (/run/user/1000/hidra.kbd). Waiting for QEMU to listen... (set HID_SOCK or run scripts/run_qemu.sh)
[msquic] stream: RECEIVE bytes=16 buffers=1 pending=0
[lat] dt_ms=69 cmd=quic_edge seq=69 usage=23
[hidra] HID socket connect failed (/run/user/1000/hidra.kbd). Waiting for QEMU to listen... (set HID_SOCK or run scripts/run_qemu.sh)
[msquic] stream: RECEIVE bytes=16 buffers=1 pending=0
[lat] dt_ms=69 cmd=quic_edge seq=70 usage=40
[hidra] HID socket connect failed (/run/user/1000/hidra.kbd). Waiting for QEMU to listen... (set HID_SOCK or run scripts/run_qemu.sh)
[msquic] stream: RECEIVE bytes=16 buffers=1 pending=0
[lat] dt_ms=48 cmd=quic_edge seq=71 usage=40
[hidra] HID socket connect failed (/run/user/1000/hidra.kbd). Waiting for QEMU to listen... (set HID_SOCK or run scripts/run_qemu.sh)
[msquic] stream: RECEIVE bytes=16 buffers=1 pending=0
[lat] dt_ms=63 cmd=quic_edge seq=72 usage=4
[hidra] HID socket connect failed (/run/user/1000/hidra.kbd). Waiting for QEMU to listen... (set HID_SOCK or run scripts/run_qemu.sh)
[msquic] stream: RECEIVE bytes=16 buffers=1 pending=0
[lat] dt_ms=54 cmd=quic_edge seq=73 usage=4
[hidra] HID socket connect failed (/run/user/1000/hidra.kbd). Waiting for QEMU to listen... (set HID_SOCK or run scripts/run_qemu.sh)
[msquic] stream: RECEIVE bytes=16 buffers=1 pending=0
[lat] dt_ms=77 cmd=quic_edge seq=74 usage=19
[hidra] HID socket connect failed (/run/user/1000/hidra.kbd). Waiting for QEMU to listen... (set HID_SOCK or run scripts/run_qemu.sh)
[msquic] stream: RECEIVE bytes=16 buffers=1 pending=0
[lat] dt_ms=54 cmd=quic_edge seq=75 usage=19
[hidra] HID socket connect failed (/run/user/1000/hidra.kbd). Waiting for QEMU to listen... (set HID_SOCK or run scripts/run_qemu.sh)
[msquic] stream: RECEIVE bytes=16 buffers=1 pending=0
[lat] dt_ms=58 cmd=quic_edge seq=76 usage=23
[hidra] HID socket connect failed (/run/user/1000/hidra.kbd). Waiting for QEMU to listen... (set HID_SOCK or run scripts/run_qemu.sh)
[msquic] stream: RECEIVE bytes=16 buffers=1 pending=0
[lat] dt_ms=72 cmd=quic_edge seq=77 usage=23
[hidra] HID socket connect failed (/run/user/1000/hidra.kbd). Waiting for QEMU to listen... (set HID_SOCK or run scripts/run_qemu.sh)
[msquic] stream: RECEIVE bytes=16 buffers=1 pending=0
[lat] dt_ms=65 cmd=quic_edge seq=78 usage=40
[hidra] HID socket connect failed (/run/user/1000/hidra.kbd). Waiting for QEMU to listen... (set HID_SOCK or run scripts/run_qemu.sh)
[msquic] stream: RECEIVE bytes=16 buffers=1 pending=0
[lat] dt_ms=45 cmd=quic_edge seq=79 usage=40
[hidra] HID socket connect failed (/run/user/1000/hidra.kbd). Waiting for QEMU to listen... (set HID_SOCK or run scripts/run_qemu.sh)
[msquic] stream: RECEIVE bytes=16 buffers=1 pending=0
[lat] dt_ms=44 cmd=quic_edge seq=80 usage=4
[hidra] HID socket connect failed (/run/user/1000/hidra.kbd). Waiting for QEMU to listen... (set HID_SOCK or run scripts/run_qemu.sh)
[msquic] stream: RECEIVE bytes=16 buffers=1 pending=0
[lat] dt_ms=53 cmd=quic_edge seq=81 usage=4
[hidra] HID socket connect failed (/run/user/1000/hidra.kbd). Waiting for QEMU to listen... (set HID_SOCK or run scripts/run_qemu.sh)
[msquic] stream: RECEIVE bytes=16 buffers=1 pending=0
[lat] dt_ms=66 cmd=quic_edge seq=82 usage=19
[hidra] HID socket connect failed (/run/user/1000/hidra.kbd). Waiting for QEMU to listen... (set HID_SOCK or run scripts/run_qemu.sh)
[msquic] stream: RECEIVE bytes=16 buffers=1 pending=0
[lat] dt_ms=64 cmd=quic_edge seq=83 usage=19
[hidra] HID socket connect failed (/run/user/1000/hidra.kbd). Waiting for QEMU to listen... (set HID_SOCK or run scripts/run_qemu.sh)
[msquic] stream: RECEIVE bytes=16 buffers=1 pending=0
[lat] dt_ms=67 cmd=quic_edge seq=84 usage=23
[hidra] HID socket connect failed (/run/user/1000/hidra.kbd). Waiting for QEMU to listen... (set HID_SOCK or run scripts/run_qemu.sh)
[msquic] stream: RECEIVE bytes=16 buffers=1 pending=0
[lat] dt_ms=45 cmd=quic_edge seq=85 usage=23
[hidra] HID socket connect failed (/run/user/1000/hidra.kbd). Waiting for QEMU to listen... (set HID_SOCK or run scripts/run_qemu.sh)
[msquic] stream: RECEIVE bytes=16 buffers=1 pending=0
[lat] dt_ms=65 cmd=quic_edge seq=86 usage=40
[hidra] HID socket connect failed (/run/user/1000/hidra.kbd). Waiting for QEMU to listen... (set HID_SOCK or run scripts/run_qemu.sh)
[msquic] stream: RECEIVE bytes=16 buffers=1 pending=0
[lat] dt_ms=43 cmd=quic_edge seq=87 usage=40
[hidra] HID socket connect failed (/run/user/1000/hidra.kbd). Waiting for QEMU to listen... (set HID_SOCK or run scripts/run_qemu.sh)
[msquic] stream: RECEIVE bytes=16 buffers=1 pending=0
[lat] dt_ms=67 cmd=quic_edge seq=88 usage=4
[hidra] HID socket connect failed (/run/user/1000/hidra.kbd). Waiting for QEMU to listen... (set HID_SOCK or run scripts/run_qemu.sh)
[msquic] stream: RECEIVE bytes=16 buffers=1 pending=0
[lat] dt_ms=51 cmd=quic_edge seq=89 usage=4
[hidra] HID socket connect failed (/run/user/1000/hidra.kbd). Waiting for QEMU to listen... (set HID_SOCK or run scripts/run_qemu.sh)
[msquic] stream: RECEIVE bytes=16 buffers=1 pending=0
[lat] dt_ms=65 cmd=quic_edge seq=90 usage=19
[hidra] HID socket connect failed (/run/user/1000/hidra.kbd). Waiting for QEMU to listen... (set HID_SOCK or run scripts/run_qemu.sh)
[msquic] stream: RECEIVE bytes=16 buffers=1 pending=0
[lat] dt_ms=71 cmd=quic_edge seq=91 usage=19
[hidra] HID socket connect failed (/run/user/1000/hidra.kbd). Waiting for QEMU to listen... (set HID_SOCK or run scripts/run_qemu.sh)
[msquic] stream: RECEIVE bytes=16 buffers=1 pending=0
[lat] dt_ms=58 cmd=quic_edge seq=92 usage=23
[hidra] HID socket connect failed (/run/user/1000/hidra.kbd). Waiting for QEMU to listen... (set HID_SOCK or run scripts/run_qemu.sh)
[msquic] stream: RECEIVE bytes=16 buffers=1 pending=0
[lat] dt_ms=69 cmd=quic_edge seq=93 usage=23
[hidra] HID socket connect failed (/run/user/1000/hidra.kbd). Waiting for QEMU to listen... (set HID_SOCK or run scripts/run_qemu.sh)
[msquic] stream: RECEIVE bytes=16 buffers=1 pending=0
[lat] dt_ms=58 cmd=quic_edge seq=94 usage=40
[hidra] HID socket connect failed (/run/user/1000/hidra.kbd). Waiting for QEMU to listen... (set HID_SOCK or run scripts/run_qemu.sh)
[msquic] stream: RECEIVE bytes=16 buffers=1 pending=0
[lat] dt_ms=53 cmd=quic_edge seq=95 usage=40
[hidra] HID socket connect failed (/run/user/1000/hidra.kbd). Waiting for QEMU to listen... (set HID_SOCK or run scripts/run_qemu.sh)
[msquic] stream: RECEIVE bytes=16 buffers=1 pending=0
[lat] dt_ms=47 cmd=quic_edge seq=96 usage=4
[hidra] HID socket connect failed (/run/user/1000/hidra.kbd). Waiting for QEMU to listen... (set HID_SOCK or run scripts/run_qemu.sh)
[msquic] stream: RECEIVE bytes=16 buffers=1 pending=0
[lat] dt_ms=46 cmd=quic_edge seq=97 usage=4
[hidra] HID socket connect failed (/run/user/1000/hidra.kbd). Waiting for QEMU to listen... (set HID_SOCK or run scripts/run_qemu.sh)
[msquic] stream: RECEIVE bytes=16 buffers=1 pending=0
[lat] dt_ms=53 cmd=quic_edge seq=98 usage=19
[hidra] HID socket connect failed (/run/user/1000/hidra.kbd). Waiting for QEMU to listen... (set HID_SOCK or run scripts/run_qemu.sh)
[msquic] stream: RECEIVE bytes=16 buffers=1 pending=0
[lat] dt_ms=73 cmd=quic_edge seq=99 usage=19
[hidra] HID socket connect failed (/run/user/1000/hidra.kbd). Waiting for QEMU to listen... (set HID_SOCK or run scripts/run_qemu.sh)
[msquic] stream: RECEIVE bytes=16 buffers=1 pending=0
[lat] dt_ms=51 cmd=quic_edge seq=100 usage=23
[hidra] HID socket connect failed (/run/user/1000/hidra.kbd). Waiting for QEMU to listen... (set HID_SOCK or run scripts/run_qemu.sh)
[msquic] stream: RECEIVE bytes=16 buffers=1 pending=0
[lat] dt_ms=68 cmd=quic_edge seq=101 usage=23
[hidra] HID socket connect failed (/run/user/1000/hidra.kbd). Waiting for QEMU to listen... (set HID_SOCK or run scripts/run_qemu.sh)
[msquic] stream: RECEIVE bytes=16 buffers=1 pending=0
[lat] dt_ms=55 cmd=quic_edge seq=102 usage=40
[hidra] HID socket connect failed (/run/user/1000/hidra.kbd). Waiting for QEMU to listen... (set HID_SOCK or run scripts/run_qemu.sh)
[msquic] stream: RECEIVE bytes=16 buffers=1 pending=0
[lat] dt_ms=76 cmd=quic_edge seq=103 usage=40
[hidra] HID socket connect failed (/run/user/1000/hidra.kbd). Waiting for QEMU to listen... (set HID_SOCK or run scripts/run_qemu.sh)
[msquic] stream: RECEIVE bytes=16 buffers=1 pending=0
[lat] dt_ms=56 cmd=quic_edge seq=104 usage=4
[hidra] HID socket connect failed (/run/user/1000/hidra.kbd). Waiting for QEMU to listen... (set HID_SOCK or run scripts/run_qemu.sh)
[msquic] stream: RECEIVE bytes=16 buffers=1 pending=0
[lat] dt_ms=66 cmd=quic_edge seq=105 usage=4
[hidra] HID socket connect failed (/run/user/1000/hidra.kbd). Waiting for QEMU to listen... (set HID_SOCK or run scripts/run_qemu.sh)
[msquic] stream: RECEIVE bytes=16 buffers=1 pending=0
[lat] dt_ms=44 cmd=quic_edge seq=106 usage=19
[hidra] HID socket connect failed (/run/user/1000/hidra.kbd). Waiting for QEMU to listen... (set HID_SOCK or run scripts/run_qemu.sh)
[msquic] stream: RECEIVE bytes=16 buffers=1 pending=0
[lat] dt_ms=79 cmd=quic_edge seq=107 usage=19
[hidra] HID socket connect failed (/run/user/1000/hidra.kbd). Waiting for QEMU to listen... (set HID_SOCK or run scripts/run_qemu.sh)
[msquic] stream: RECEIVE bytes=16 buffers=1 pending=0
[lat] dt_ms=72 cmd=quic_edge seq=108 usage=23
[hidra] HID socket connect failed (/run/user/1000/hidra.kbd). Waiting for QEMU to listen... (set HID_SOCK or run scripts/run_qemu.sh)
[msquic] stream: RECEIVE bytes=16 buffers=1 pending=0
[lat] dt_ms=56 cmd=quic_edge seq=109 usage=23
[hidra] HID socket connect failed (/run/user/1000/hidra.kbd). Waiting for QEMU to listen... (set HID_SOCK or run scripts/run_qemu.sh)
[msquic] stream: RECEIVE bytes=16 buffers=1 pending=0
[lat] dt_ms=72 cmd=quic_edge seq=110 usage=40
[hidra] HID socket connect failed (/run/user/1000/hidra.kbd). Waiting for QEMU to listen... (set HID_SOCK or run scripts/run_qemu.sh)
[msquic] stream: RECEIVE bytes=16 buffers=1 pending=0
[lat] dt_ms=43 cmd=quic_edge seq=111 usage=40
[hidra] HID socket connect failed (/run/user/1000/hidra.kbd). Waiting for QEMU to listen... (set HID_SOCK or run scripts/run_qemu.sh)
[msquic] stream: RECEIVE bytes=16 buffers=1 pending=0
[lat] dt_ms=52 cmd=quic_edge seq=112 usage=4
[hidra] HID socket connect failed (/run/user/1000/hidra.kbd). Waiting for QEMU to listen... (set HID_SOCK or run scripts/run_qemu.sh)
[msquic] stream: RECEIVE bytes=16 buffers=1 pending=0
[lat] dt_ms=54 cmd=quic_edge seq=113 usage=4
[hidra] HID socket connect failed (/run/user/1000/hidra.kbd). Waiting for QEMU to listen... (set HID_SOCK or run scripts/run_qemu.sh)
[msquic] stream: RECEIVE bytes=16 buffers=1 pending=0
[lat] dt_ms=72 cmd=quic_edge seq=114 usage=19
[hidra] HID socket connect failed (/run/user/1000/hidra.kbd). Waiting for QEMU to listen... (set HID_SOCK or run scripts/run_qemu.sh)
[msquic] stream: RECEIVE bytes=16 buffers=1 pending=0
[lat] dt_ms=47 cmd=quic_edge seq=115 usage=19
[hidra] HID socket connect failed (/run/user/1000/hidra.kbd). Waiting for QEMU to listen... (set HID_SOCK or run scripts/run_qemu.sh)
[msquic] stream: RECEIVE bytes=16 buffers=1 pending=0
[lat] dt_ms=52 cmd=quic_edge seq=116 usage=23
[hidra] HID socket connect failed (/run/user/1000/hidra.kbd). Waiting for QEMU to listen... (set HID_SOCK or run scripts/run_qemu.sh)
[msquic] stream: RECEIVE bytes=16 buffers=1 pending=0
[lat] dt_ms=49 cmd=quic_edge seq=117 usage=23
[hidra] HID socket connect failed (/run/user/1000/hidra.kbd). Waiting for QEMU to listen... (set HID_SOCK or run scripts/run_qemu.sh)
[msquic] stream: RECEIVE bytes=16 buffers=1 pending=0
[lat] dt_ms=71 cmd=quic_edge seq=118 usage=40
[hidra] HID socket connect failed (/run/user/1000/hidra.kbd). Waiting for QEMU to listen... (set HID_SOCK or run scripts/run_qemu.sh)
[msquic] stream: RECEIVE bytes=16 buffers=1 pending=0
[lat] dt_ms=76 cmd=quic_edge seq=119 usage=40
[hidra] HID socket connect failed (/run/user/1000/hidra.kbd). Waiting for QEMU to listen... (set HID_SOCK or run scripts/run_qemu.sh)
[msquic] stream: RECEIVE bytes=16 buffers=1 pending=0
[lat] dt_ms=47 cmd=quic_edge seq=120 usage=4
[hidra] HID socket connect failed (/run/user/1000/hidra.kbd). Waiting for QEMU to listen... (set HID_SOCK or run scripts/run_qemu.sh)
[msquic] stream: RECEIVE bytes=16 buffers=1 pending=0
[lat] dt_ms=59 cmd=quic_edge seq=121 usage=4
[hidra] HID socket connect failed (/run/user/1000/hidra.kbd). Waiting for QEMU to listen... (set HID_SOCK or run scripts/run_qemu.sh)
[msquic] stream: RECEIVE bytes=16 buffers=1 pending=0
[lat] dt_ms=71 cmd=quic_edge seq=122 usage=19
[hidra] HID socket connect failed (/run/user/1000/hidra.kbd). Waiting for QEMU to listen... (set HID_SOCK or run scripts/run_qemu.sh)
[msquic] stream: RECEIVE bytes=16 buffers=1 pending=0
[lat] dt_ms=59 cmd=quic_edge seq=123 usage=19
[hidra] HID socket connect failed (/run/user/1000/hidra.kbd). Waiting for QEMU to listen... (set HID_SOCK or run scripts/run_qemu.sh)
[msquic] stream: RECEIVE bytes=16 buffers=1 pending=0
[lat] dt_ms=66 cmd=quic_edge seq=124 usage=23
[hidra] HID socket connect failed (/run/user/1000/hidra.kbd). Waiting for QEMU to listen... (set HID_SOCK or run scripts/run_qemu.sh)
[msquic] stream: RECEIVE bytes=16 buffers=1 pending=0
[lat] dt_ms=49 cmd=quic_edge seq=125 usage=23
[hidra] HID socket connect failed (/run/user/1000/hidra.kbd). Waiting for QEMU to listen... (set HID_SOCK or run scripts/run_qemu.sh)
[msquic] stream: RECEIVE bytes=16 buffers=1 pending=0
[lat] dt_ms=54 cmd=quic_edge seq=126 usage=40
[hidra] HID socket connect failed (/run/user/1000/hidra.kbd). Waiting for QEMU to listen... (set HID_SOCK or run scripts/run_qemu.sh)
[msquic] stream: RECEIVE bytes=16 buffers=1 pending=0
[lat] dt_ms=53 cmd=quic_edge seq=127 usage=40
[hidra] HID socket connect failed (/run/user/1000/hidra.kbd). Waiting for QEMU to listen... (set HID_SOCK or run scripts/run_qemu.sh)
[msquic] stream: RECEIVE bytes=16 buffers=1 pending=0
[lat] dt_ms=76 cmd=quic_edge seq=128 usage=4
[hidra] HID socket connect failed (/run/user/1000/hidra.kbd). Waiting for QEMU to listen... (set HID_SOCK or run scripts/run_qemu.sh)
[msquic] stream: RECEIVE bytes=16 buffers=1 pending=0
[lat] dt_ms=64 cmd=quic_edge seq=129 usage=4
[hidra] HID socket connect failed (/run/user/1000/hidra.kbd). Waiting for QEMU to listen... (set HID_SOCK or run scripts/run_qemu.sh)
[msquic] stream: RECEIVE bytes=16 buffers=1 pending=0
[lat] dt_ms=72 cmd=quic_edge seq=130 usage=19
[hidra] HID socket connect failed (/run/user/1000/hidra.kbd). Waiting for QEMU to listen... (set HID_SOCK or run scripts/run_qemu.sh)
[msquic] stream: RECEIVE bytes=16 buffers=1 pending=0
[lat] dt_ms=80 cmd=quic_edge seq=131 usage=19
[hidra] HID socket connect failed (/run/user/1000/hidra.kbd). Waiting for QEMU to listen... (set HID_SOCK or run scripts/run_qemu.sh)
[msquic] stream: RECEIVE bytes=16 buffers=1 pending=0
[lat] dt_ms=44 cmd=quic_edge seq=132 usage=23
[hidra] HID socket connect failed (/run/user/1000/hidra.kbd). Waiting for QEMU to listen... (set HID_SOCK or run scripts/run_qemu.sh)
[msquic] stream: RECEIVE bytes=16 buffers=1 pending=0
[lat] dt_ms=80 cmd=quic_edge seq=133 usage=23
[hidra] HID socket connect failed (/run/user/1000/hidra.kbd). Waiting for QEMU to listen... (set HID_SOCK or run scripts/run_qemu.sh)
[msquic] stream: RECEIVE bytes=16 buffers=1 pending=0
[lat] dt_ms=47 cmd=quic_edge seq=134 usage=40
[hidra] HID socket connect failed (/run/user/1000/hidra.kbd). Waiting for QEMU to listen... (set HID_SOCK or run scripts/run_qemu.sh)
[msquic] stream: RECEIVE bytes=16 buffers=1 pending=0
[lat] dt_ms=58 cmd=quic_edge seq=135 usage=40
[hidra] HID socket connect failed (/run/user/1000/hidra.kbd). Waiting for QEMU to listen... (set HID_SOCK or run scripts/run_qemu.sh)
[msquic] stream: RECEIVE bytes=16 buffers=1 pending=0
[lat] dt_ms=78 cmd=quic_edge seq=136 usage=4
[hidra] HID socket connect failed (/run/user/1000/hidra.kbd). Waiting for QEMU to listen... (set HID_SOCK or run scripts/run_qemu.sh)
[msquic] stream: RECEIVE bytes=16 buffers=1 pending=0
[lat] dt_ms=69 cmd=quic_edge seq=137 usage=4
[hidra] HID socket connect failed (/run/user/1000/hidra.kbd). Waiting for QEMU to listen... (set HID_SOCK or run scripts/run_qemu.sh)
[msquic] stream: RECEIVE bytes=16 buffers=1 pending=0
[lat] dt_ms=78 cmd=quic_edge seq=138 usage=19
[hidra] HID socket connect failed (/run/user/1000/hidra.kbd). Waiting for QEMU to listen... (set HID_SOCK or run scripts/run_qemu.sh)
[msquic] stream: RECEIVE bytes=16 buffers=1 pending=0
[lat] dt_ms=50 cmd=quic_edge seq=139 usage=19
[hidra] HID socket connect failed (/run/user/1000/hidra.kbd). Waiting for QEMU to listen... (set HID_SOCK or run scripts/run_qemu.sh)
[msquic] stream: RECEIVE bytes=16 buffers=1 pending=0
[lat] dt_ms=62 cmd=quic_edge seq=140 usage=23
[hidra] HID socket connect failed (/run/user/1000/hidra.kbd). Waiting for QEMU to listen... (set HID_SOCK or run scripts/run_qemu.sh)
[msquic] stream: RECEIVE bytes=16 buffers=1 pending=0
[lat] dt_ms=66 cmd=quic_edge seq=141 usage=23
[hidra] HID socket connect failed (/run/user/1000/hidra.kbd). Waiting for QEMU to listen... (set HID_SOCK or run scripts/run_qemu.sh)
[msquic] stream: RECEIVE bytes=16 buffers=1 pending=0
[lat] dt_ms=42 cmd=quic_edge seq=142 usage=40
[hidra] HID socket connect failed (/run/user/1000/hidra.kbd). Waiting for QEMU to listen... (set HID_SOCK or run scripts/run_qemu.sh)
[msquic] stream: RECEIVE bytes=16 buffers=1 pending=0
[lat] dt_ms=43 cmd=quic_edge seq=143 usage=40
[hidra] HID socket connect failed (/run/user/1000/hidra.kbd). Waiting for QEMU to listen... (set HID_SOCK or run scripts/run_qemu.sh)
[msquic] stream: RECEIVE bytes=16 buffers=1 pending=0
[lat] dt_ms=48 cmd=quic_edge seq=144 usage=4
[hidra] HID socket connect failed (/run/user/1000/hidra.kbd). Waiting for QEMU to listen... (set HID_SOCK or run scripts/run_qemu.sh)
[msquic] stream: RECEIVE bytes=16 buffers=1 pending=0
[lat] dt_ms=77 cmd=quic_edge seq=145 usage=4
[hidra] HID socket connect failed (/run/user/1000/hidra.kbd). Waiting for QEMU to listen... (set HID_SOCK or run scripts/run_qemu.sh)
[msquic] stream: RECEIVE bytes=16 buffers=1 pending=0
[lat] dt_ms=68 cmd=quic_edge seq=146 usage=19
[hidra] HID socket connect failed (/run/user/1000/hidra.kbd). Waiting for QEMU to listen... (set HID_SOCK or run scripts/run_qemu.sh)
[msquic] stream: RECEIVE bytes=16 buffers=1 pending=0
[lat] dt_ms=57 cmd=quic_edge seq=147 usage=19
[hidra] HID socket connect failed (/run/user/1000/hidra.kbd). Waiting for QEMU to listen... (set HID_SOCK or run scripts/run_qemu.sh)
[msquic] stream: RECEIVE bytes=16 buffers=1 pending=0
[lat] dt_ms=53 cmd=quic_edge seq=148 usage=23
[hidra] HID socket connect failed (/run/user/1000/hidra.kbd). Waiting for QEMU to listen... (set HID_SOCK or run scripts/run_qemu.sh)
[msquic] stream: RECEIVE bytes=16 buffers=1 pending=0
[lat] dt_ms=73 cmd=quic_edge seq=149 usage=23
[hidra] HID socket connect failed (/run/user/1000/hidra.kbd). Waiting for QEMU to listen... (set HID_SOCK or run scripts/run_qemu.sh)
[msquic] stream: RECEIVE bytes=16 buffers=1 pending=0
[lat] dt_ms=53 cmd=quic_edge seq=150 usage=40
[hidra] HID socket connect failed (/run/user/1000/hidra.kbd). Waiting for QEMU to listen... (set HID_SOCK or run scripts/run_qemu.sh)
[msquic] stream: RECEIVE bytes=16 buffers=1 pending=0
[lat] dt_ms=64 cmd=quic_edge seq=151 usage=40
[hidra] HID socket connect failed (/run/user/1000/hidra.kbd). Waiting for QEMU to listen... (set HID_SOCK or run scripts/run_qemu.sh)
[msquic] stream: RECEIVE bytes=16 buffers=1 pending=0
[lat] dt_ms=58 cmd=quic_edge seq=152 usage=4
[hidra] HID socket connect failed (/run/user/1000/hidra.kbd). Waiting for QEMU to listen... (set HID_SOCK or run scripts/run_qemu.sh)
[msquic] stream: RECEIVE bytes=16 buffers=1 pending=0
[lat] dt_ms=53 cmd=quic_edge seq=153 usage=4
[hidra] HID socket connect failed (/run/user/1000/hidra.kbd). Waiting for QEMU to listen... (set HID_SOCK or run scripts/run_qemu.sh)
[msquic] stream: RECEIVE bytes=16 buffers=1 pending=0
[lat] dt_ms=59 cmd=quic_edge seq=154 usage=19
[hidra] HID socket connect failed (/run/user/1000/hidra.kbd). Waiting for QEMU to listen... (set HID_SOCK or run scripts/run_qemu.sh)
[msquic] stream: RECEIVE bytes=16 buffers=1 pending=0
[lat] dt_ms=72 cmd=quic_edge seq=155 usage=19
[hidra] HID socket connect failed (/run/user/1000/hidra.kbd). Waiting for QEMU to listen... (set HID_SOCK or run scripts/run_qemu.sh)
[msquic] stream: RECEIVE bytes=16 buffers=1 pending=0
[lat] dt_ms=63 cmd=quic_edge seq=156 usage=23
[hidra] HID socket connect failed (/run/user/1000/hidra.kbd). Waiting for QEMU to listen... (set HID_SOCK or run scripts/run_qemu.sh)
[msquic] stream: RECEIVE bytes=16 buffers=1 pending=0
[lat] dt_ms=69 cmd=quic_edge seq=157 usage=23
[hidra] HID socket connect failed (/run/user/1000/hidra.kbd). Waiting for QEMU to listen... (set HID_SOCK or run scripts/run_qemu.sh)
[msquic] stream: RECEIVE bytes=16 buffers=1 pending=0
[lat] dt_ms=44 cmd=quic_edge seq=158 usage=40
[hidra] HID socket connect failed (/run/user/1000/hidra.kbd). Waiting for QEMU to listen... (set HID_SOCK or run scripts/run_qemu.sh)
[msquic] stream: RECEIVE bytes=16 buffers=1 pending=0
[lat] dt_ms=46 cmd=quic_edge seq=159 usage=40
[hidra] HID socket connect failed (/run/user/1000/hidra.kbd). Waiting for QEMU to listen... (set HID_SOCK or run scripts/run_qemu.sh)
[msquic] stream: RECEIVE bytes=16 buffers=1 pending=0
[lat] dt_ms=58 cmd=quic_edge seq=160 usage=4
[hidra] HID socket connect failed (/run/user/1000/hidra.kbd). Waiting for QEMU to listen... (set HID_SOCK or run scripts/run_qemu.sh)
[msquic] stream: RECEIVE bytes=16 buffers=1 pending=0
[lat] dt_ms=80 cmd=quic_edge seq=161 usage=4
[hidra] HID socket connect failed (/run/user/1000/hidra.kbd). Waiting for QEMU to listen... (set HID_SOCK or run scripts/run_qemu.sh)
[msquic] stream: RECEIVE bytes=16 buffers=1 pending=0
[lat] dt_ms=55 cmd=quic_edge seq=162 usage=19
[hidra] HID socket connect failed (/run/user/1000/hidra.kbd). Waiting for QEMU to listen... (set HID_SOCK or run scripts/run_qemu.sh)
[msquic] stream: RECEIVE bytes=16 buffers=1 pending=0
[lat] dt_ms=62 cmd=quic_edge seq=163 usage=19
[hidra] HID socket connect failed (/run/user/1000/hidra.kbd). Waiting for QEMU to listen... (set HID_SOCK or run scripts/run_qemu.sh)
[msquic] stream: RECEIVE bytes=16 buffers=1 pending=0
[lat] dt_ms=43 cmd=quic_edge seq=164 usage=23
[hidra] HID socket connect failed (/run/user/1000/hidra.kbd). Waiting for QEMU to listen... (set HID_SOCK or run scripts/run_qemu.sh)
[msquic] stream: RECEIVE bytes=16 buffers=1 pending=0
[lat] dt_ms=73 cmd=quic_edge seq=165 usage=23
[hidra] HID socket connect failed (/run/user/1000/hidra.kbd). Waiting for QEMU to listen... (set HID_SOCK or run scripts/run_qemu.sh)
[msquic] stream: RECEIVE bytes=16 buffers=1 pending=0
[lat] dt_ms=74 cmd=quic_edge seq=166 usage=40
[hidra] HID socket connect failed (/run/user/1000/hidra.kbd). Waiting for QEMU to listen... (set HID_SOCK or run scripts/run_qemu.sh)
[msquic] stream: RECEIVE bytes=16 buffers=1 pending=0
[lat] dt_ms=76 cmd=quic_edge seq=167 usage=40
[hidra] HID socket connect failed (/run/user/1000/hidra.kbd). Waiting for QEMU to listen... (set HID_SOCK or run scripts/run_qemu.sh)
[msquic] stream: RECEIVE bytes=16 buffers=1 pending=0
[lat] dt_ms=72 cmd=quic_edge seq=168 usage=4
[hidra] HID socket connect failed (/run/user/1000/hidra.kbd). Waiting for QEMU to listen... (set HID_SOCK or run scripts/run_qemu.sh)
[msquic] stream: RECEIVE bytes=16 buffers=1 pending=0
[lat] dt_ms=76 cmd=quic_edge seq=169 usage=4
[hidra] HID socket connect failed (/run/user/1000/hidra.kbd). Waiting for QEMU to listen... (set HID_SOCK or run scripts/run_qemu.sh)
[msquic] stream: RECEIVE bytes=16 buffers=1 pending=0
[lat] dt_ms=50 cmd=quic_edge seq=170 usage=19
[hidra] HID socket connect failed (/run/user/1000/hidra.kbd). Waiting for QEMU to listen... (set HID_SOCK or run scripts/run_qemu.sh)
[msquic] stream: RECEIVE bytes=16 buffers=1 pending=0
[lat] dt_ms=47 cmd=quic_edge seq=171 usage=19
[hidra] HID socket connect failed (/run/user/1000/hidra.kbd). Waiting for QEMU to listen... (set HID_SOCK or run scripts/run_qemu.sh)
[msquic] stream: RECEIVE bytes=16 buffers=1 pending=0
[lat] dt_ms=49 cmd=quic_edge seq=172 usage=23
[hidra] HID socket connect failed (/run/user/1000/hidra.kbd). Waiting for QEMU to listen... (set HID_SOCK or run scripts/run_qemu.sh)
[msquic] stream: RECEIVE bytes=16 buffers=1 pending=0
[lat] dt_ms=68 cmd=quic_edge seq=173 usage=23
[hidra] HID socket connect failed (/run/user/1000/hidra.kbd). Waiting for QEMU to listen... (set HID_SOCK or run scripts/run_qemu.sh)
[msquic] stream: RECEIVE bytes=16 buffers=1 pending=0
[lat] dt_ms=47 cmd=quic_edge seq=174 usage=40
[hidra] HID socket connect failed (/run/user/1000/hidra.kbd). Waiting for QEMU to listen... (set HID_SOCK or run scripts/run_qemu.sh)
[msquic] stream: RECEIVE bytes=16 buffers=1 pending=0
[lat] dt_ms=66 cmd=quic_edge seq=175 usage=40
[hidra] HID socket connect failed (/run/user/1000/hidra.kbd). Waiting for QEMU to listen... (set HID_SOCK or run scripts/run_qemu.sh)
[msquic] stream: RECEIVE bytes=16 buffers=1 pending=0
[lat] dt_ms=79 cmd=quic_edge seq=176 usage=4
[hidra] HID socket connect failed (/run/user/1000/hidra.kbd). Waiting for QEMU to listen... (set HID_SOCK or run scripts/run_qemu.sh)
[msquic] stream: RECEIVE bytes=16 buffers=1 pending=0
[lat] dt_ms=73 cmd=quic_edge seq=177 usage=4
[hidra] HID socket connect failed (/run/user/1000/hidra.kbd). Waiting for QEMU to listen... (set HID_SOCK or run scripts/run_qemu.sh)
[msquic] stream: RECEIVE bytes=16 buffers=1 pending=0
[lat] dt_ms=43 cmd=quic_edge seq=178 usage=19
[hidra] HID socket connect failed (/run/user/1000/hidra.kbd). Waiting for QEMU to listen... (set HID_SOCK or run scripts/run_qemu.sh)
[msquic] stream: RECEIVE bytes=16 buffers=1 pending=0
[lat] dt_ms=69 cmd=quic_edge seq=179 usage=19
[hidra] HID socket connect failed (/run/user/1000/hidra.kbd). Waiting for QEMU to listen... (set HID_SOCK or run scripts/run_qemu.sh)
[msquic] stream: RECEIVE bytes=16 buffers=1 pending=0
[lat] dt_ms=61 cmd=quic_edge seq=180 usage=23
[hidra] HID socket connect failed (/run/user/1000/hidra.kbd). Waiting for QEMU to listen... (set HID_SOCK or run scripts/run_qemu.sh)
[msquic] stream: RECEIVE bytes=16 buffers=1 pending=0
[lat] dt_ms=72 cmd=quic_edge seq=181 usage=23
[hidra] HID socket connect failed (/run/user/1000/hidra.kbd). Waiting for QEMU to listen... (set HID_SOCK or run scripts/run_qemu.sh)
[msquic] stream: RECEIVE bytes=16 buffers=1 pending=0
[lat] dt_ms=75 cmd=quic_edge seq=182 usage=40
[hidra] HID socket connect failed (/run/user/1000/hidra.kbd). Waiting for QEMU to listen... (set HID_SOCK or run scripts/run_qemu.sh)
[msquic] stream: RECEIVE bytes=16 buffers=1 pending=0
[lat] dt_ms=51 cmd=quic_edge seq=183 usage=40
[hidra] HID socket connect failed (/run/user/1000/hidra.kbd). Waiting for QEMU to listen... (set HID_SOCK or run scripts/run_qemu.sh)
[msquic] stream: RECEIVE bytes=16 buffers=1 pending=0
[lat] dt_ms=42 cmd=quic_edge seq=184 usage=4
[hidra] HID socket connect failed (/run/user/1000/hidra.kbd). Waiting for QEMU to listen... (set HID_SOCK or run scripts/run_qemu.sh)
[msquic] stream: RECEIVE bytes=16 buffers=1 pending=0
[lat] dt_ms=55 cmd=quic_edge seq=185 usage=4
[hidra] HID socket connect failed (/run/user/1000/hidra.kbd). Waiting for QEMU to listen... (set HID_SOCK or run scripts/run_qemu.sh)
[msquic] stream: RECEIVE bytes=16 buffers=1 pending=0
[lat] dt_ms=71 cmd=quic_edge seq=186 usage=19
[hidra] HID socket connect failed (/run/user/1000/hidra.kbd). Waiting for QEMU to listen... (set HID_SOCK or run scripts/run_qemu.sh)
[msquic] stream: RECEIVE bytes=16 buffers=1 pending=0
[lat] dt_ms=66 cmd=quic_edge seq=187 usage=19
[hidra] HID socket connect failed (/run/user/1000/hidra.kbd). Waiting for QEMU to listen... (set HID_SOCK or run scripts/run_qemu.sh)
[msquic] stream: RECEIVE bytes=16 buffers=1 pending=0
[lat] dt_ms=56 cmd=quic_edge seq=188 usage=23
[hidra] HID socket connect failed (/run/user/1000/hidra.kbd). Waiting for QEMU to listen... (set HID_SOCK or run scripts/run_qemu.sh)
[msquic] stream: RECEIVE bytes=16 buffers=1 pending=0
[lat] dt_ms=56 cmd=quic_edge seq=189 usage=23
[hidra] HID socket connect failed (/run/user/1000/hidra.kbd). Waiting for QEMU to listen... (set HID_SOCK or run scripts/run_qemu.sh)
[msquic] stream: RECEIVE bytes=16 buffers=1 pending=0
[lat] dt_ms=71 cmd=quic_edge seq=190 usage=40
[hidra] HID socket connect failed (/run/user/1000/hidra.kbd). Waiting for QEMU to listen... (set HID_SOCK or run scripts/run_qemu.sh)
[msquic] stream: RECEIVE bytes=16 buffers=1 pending=0
[lat] dt_ms=44 cmd=quic_edge seq=191 usage=40
[hidra] HID socket connect failed (/run/user/1000/hidra.kbd). Waiting for QEMU to listen... (set HID_SOCK or run scripts/run_qemu.sh)
[msquic] stream: RECEIVE bytes=16 buffers=1 pending=0
[lat] dt_ms=41 cmd=quic_edge seq=192 usage=4
[hidra] HID socket connect failed (/run/user/1000/hidra.kbd). Waiting for QEMU to listen... (set HID_SOCK or run scripts/run_qemu.sh)
[msquic] stream: RECEIVE bytes=16 buffers=1 pending=0
[lat] dt_ms=52 cmd=quic_edge seq=193 usage=4
[hidra] HID socket connect failed (/run/user/1000/hidra.kbd). Waiting for QEMU to listen... (set HID_SOCK or run scripts/run_qemu.sh)
[msquic] stream: RECEIVE bytes=16 buffers=1 pending=0
[lat] dt_ms=81 cmd=quic_edge seq=194 usage=19
[hidra] HID socket connect failed (/run/user/1000/hidra.kbd). Waiting for QEMU to listen... (set HID_SOCK or run scripts/run_qemu.sh)
[msquic] stream: RECEIVE bytes=16 buffers=1 pending=0
[lat] dt_ms=50 cmd=quic_edge seq=195 usage=19
[hidra] HID socket connect failed (/run/user/1000/hidra.kbd). Waiting for QEMU to listen... (set HID_SOCK or run scripts/run_qemu.sh)
[msquic] stream: RECEIVE bytes=16 buffers=1 pending=0
[lat] dt_ms=56 cmd=quic_edge seq=196 usage=23
[hidra] HID socket connect failed (/run/user/1000/hidra.kbd). Waiting for QEMU to listen... (set HID_SOCK or run scripts/run_qemu.sh)
[msquic] stream: RECEIVE bytes=16 buffers=1 pending=0
[lat] dt_ms=45 cmd=quic_edge seq=197 usage=23
[hidra] HID socket connect failed (/run/user/1000/hidra.kbd). Waiting for QEMU to listen... (set HID_SOCK or run scripts/run_qemu.sh)
[msquic] stream: RECEIVE bytes=16 buffers=1 pending=0
[lat] dt_ms=72 cmd=quic_edge seq=198 usage=40
[hidra] HID socket connect failed (/run/user/1000/hidra.kbd). Waiting for QEMU to listen... (set HID_SOCK or run scripts/run_qemu.sh)
[msquic] stream: RECEIVE bytes=16 buffers=1 pending=0
[lat] dt_ms=53 cmd=quic_edge seq=199 usage=40
[hidra] HID socket connect failed (/run/user/1000/hidra.kbd). Waiting for QEMU to listen... (set HID_SOCK or run scripts/run_qemu.sh)
[msquic] stream: RECEIVE bytes=16 buffers=1 pending=0
[lat] dt_ms=79 cmd=quic_edge seq=200 usage=4
[hidra] HID socket connect failed (/run/user/1000/hidra.kbd). Waiting for QEMU to listen... (set HID_SOCK or run scripts/run_qemu.sh)
[msquic] stream: RECEIVE bytes=16 buffers=1 pending=0
[lat] dt_ms=48 cmd=quic_edge seq=201 usage=4
[hidra] HID socket connect failed (/run/user/1000/hidra.kbd). Waiting for QEMU to listen... (set HID_SOCK or run scripts/run_qemu.sh)
[msquic] stream: RECEIVE bytes=16 buffers=1 pending=0
[lat] dt_ms=64 cmd=quic_edge seq=202 usage=19
[hidra] HID socket connect failed (/run/user/1000/hidra.kbd). Waiting for QEMU to listen... (set HID_SOCK or run scripts/run_qemu.sh)
[msquic] stream: RECEIVE bytes=16 buffers=1 pending=0
[lat] dt_ms=57 cmd=quic_edge seq=203 usage=19
[hidra] HID socket connect failed (/run/user/1000/hidra.kbd). Waiting for QEMU to listen... (set HID_SOCK or run scripts/run_qemu.sh)
[msquic] stream: RECEIVE bytes=16 buffers=1 pending=0
[lat] dt_ms=74 cmd=quic_edge seq=204 usage=23
[hidra] HID socket connect failed (/run/user/1000/hidra.kbd). Waiting for QEMU to listen... (set HID_SOCK or run scripts/run_qemu.sh)
[msquic] stream: RECEIVE bytes=16 buffers=1 pending=0
[lat] dt_ms=43 cmd=quic_edge seq=205 usage=23
[hidra] HID socket connect failed (/run/user/1000/hidra.kbd). Waiting for QEMU to listen... (set HID_SOCK or run scripts/run_qemu.sh)
[msquic] stream: RECEIVE bytes=16 buffers=1 pending=0
[lat] dt_ms=42 cmd=quic_edge seq=206 usage=40
[hidra] HID socket connect failed (/run/user/1000/hidra.kbd). Waiting for QEMU to listen... (set HID_SOCK or run scripts/run_qemu.sh)
[msquic] stream: RECEIVE bytes=16 buffers=1 pending=0
[lat] dt_ms=57 cmd=quic_edge seq=207 usage=40
[hidra] HID socket connect failed (/run/user/1000/hidra.kbd). Waiting for QEMU to listen... (set HID_SOCK or run scripts/run_qemu.sh)
[msquic] stream: RECEIVE bytes=16 buffers=1 pending=0
[lat] dt_ms=69 cmd=quic_edge seq=208 usage=4
[hidra] HID socket connect failed (/run/user/1000/hidra.kbd). Waiting for QEMU to listen... (set HID_SOCK or run scripts/run_qemu.sh)
[msquic] stream: RECEIVE bytes=16 buffers=1 pending=0
[lat] dt_ms=80 cmd=quic_edge seq=209 usage=4
[hidra] HID socket connect failed (/run/user/1000/hidra.kbd). Waiting for QEMU to listen... (set HID_SOCK or run scripts/run_qemu.sh)
[msquic] stream: RECEIVE bytes=16 buffers=1 pending=0
[lat] dt_ms=63 cmd=quic_edge seq=210 usage=19
[hidra] HID socket connect failed (/run/user/1000/hidra.kbd). Waiting for QEMU to listen... (set HID_SOCK or run scripts/run_qemu.sh)
[msquic] stream: RECEIVE bytes=16 buffers=1 pending=0
[lat] dt_ms=69 cmd=quic_edge seq=211 usage=19
[hidra] HID socket connect failed (/run/user/1000/hidra.kbd). Waiting for QEMU to listen... (set HID_SOCK or run scripts/run_qemu.sh)
[msquic] stream: RECEIVE bytes=16 buffers=1 pending=0
[lat] dt_ms=79 cmd=quic_edge seq=212 usage=23
[hidra] HID socket connect failed (/run/user/1000/hidra.kbd). Waiting for QEMU to listen... (set HID_SOCK or run scripts/run_qemu.sh)
[msquic] stream: RECEIVE bytes=16 buffers=1 pending=0
[lat] dt_ms=71 cmd=quic_edge seq=213 usage=23
[hidra] HID socket connect failed (/run/user/1000/hidra.kbd). Waiting for QEMU to listen... (set HID_SOCK or run scripts/run_qemu.sh)
[msquic] stream: RECEIVE bytes=16 buffers=1 pending=0
[lat] dt_ms=60 cmd=quic_edge seq=214 usage=40
[hidra] HID socket connect failed (/run/user/1000/hidra.kbd). Waiting for QEMU to listen... (set HID_SOCK or run scripts/run_qemu.sh)
[msquic] stream: RECEIVE bytes=16 buffers=1 pending=0
[lat] dt_ms=64 cmd=quic_edge seq=215 usage=40
[hidra] HID socket connect failed (/run/user/1000/hidra.kbd). Waiting for QEMU to listen... (set HID_SOCK or run scripts/run_qemu.sh)
[msquic] stream: RECEIVE bytes=16 buffers=1 pending=0
[lat] dt_ms=44 cmd=quic_edge seq=216 usage=4
[hidra] HID socket connect failed (/run/user/1000/hidra.kbd). Waiting for QEMU to listen... (set HID_SOCK or run scripts/run_qemu.sh)
[msquic] stream: RECEIVE bytes=16 buffers=1 pending=0
[lat] dt_ms=62 cmd=quic_edge seq=217 usage=4
[hidra] HID socket connect failed (/run/user/1000/hidra.kbd). Waiting for QEMU to listen... (set HID_SOCK or run scripts/run_qemu.sh)
[msquic] stream: RECEIVE bytes=16 buffers=1 pending=0
[lat] dt_ms=49 cmd=quic_edge seq=218 usage=19
[hidra] HID socket connect failed (/run/user/1000/hidra.kbd). Waiting for QEMU to listen... (set HID_SOCK or run scripts/run_qemu.sh)
[msquic] stream: RECEIVE bytes=16 buffers=1 pending=0
[lat] dt_ms=79 cmd=quic_edge seq=219 usage=19
[hidra] HID socket connect failed (/run/user/1000/hidra.kbd). Waiting for QEMU to listen... (set HID_SOCK or run scripts/run_qemu.sh)
[msquic] stream: RECEIVE bytes=16 buffers=1 pending=0
[lat] dt_ms=58 cmd=quic_edge seq=220 usage=23
[hidra] HID socket connect failed (/run/user/1000/hidra.kbd). Waiting for QEMU to listen... (set HID_SOCK or run scripts/run_qemu.sh)
[msquic] stream: RECEIVE bytes=16 buffers=1 pending=0
[lat] dt_ms=50 cmd=quic_edge seq=221 usage=23
[hidra] HID socket connect failed (/run/user/1000/hidra.kbd). Waiting for QEMU to listen... (set HID_SOCK or run scripts/run_qemu.sh)
[msquic] stream: RECEIVE bytes=16 buffers=1 pending=0
[lat] dt_ms=50 cmd=quic_edge seq=222 usage=40
[hidra] HID socket connect failed (/run/user/1000/hidra.kbd). Waiting for QEMU to listen... (set HID_SOCK or run scripts/run_qemu.sh)
[msquic] stream: RECEIVE bytes=16 buffers=1 pending=0
[lat] dt_ms=71 cmd=quic_edge seq=223 usage=40
[hidra] HID socket connect failed (/run/user/1000/hidra.kbd). Waiting for QEMU to listen... (set HID_SOCK or run scripts/run_qemu.sh)
[msquic] stream: RECEIVE bytes=16 buffers=1 pending=0
[lat] dt_ms=79 cmd=quic_edge seq=224 usage=4
[hidra] HID socket connect failed (/run/user/1000/hidra.kbd). Waiting for QEMU to listen... (set HID_SOCK or run scripts/run_qemu.sh)
[msquic] stream: RECEIVE bytes=16 buffers=1 pending=0
[lat] dt_ms=46 cmd=quic_edge seq=225 usage=4
[hidra] HID socket connect failed (/run/user/1000/hidra.kbd). Waiting for QEMU to listen... (set HID_SOCK or run scripts/run_qemu.sh)
[msquic] stream: RECEIVE bytes=16 buffers=1 pending=0
[lat] dt_ms=75 cmd=quic_edge seq=226 usage=19
[hidra] HID socket connect failed (/run/user/1000/hidra.kbd). Waiting for QEMU to listen... (set HID_SOCK or run scripts/run_qemu.sh)
[msquic] stream: RECEIVE bytes=16 buffers=1 pending=0
[lat] dt_ms=72 cmd=quic_edge seq=227 usage=19
[hidra] HID socket connect failed (/run/user/1000/hidra.kbd). Waiting for QEMU to listen... (set HID_SOCK or run scripts/run_qemu.sh)
[msquic] stream: RECEIVE bytes=16 buffers=1 pending=0
[lat] dt_ms=72 cmd=quic_edge seq=228 usage=23
[hidra] HID socket connect failed (/run/user/1000/hidra.kbd). Waiting for QEMU to listen... (set HID_SOCK or run scripts/run_qemu.sh)
[msquic] stream: RECEIVE bytes=16 buffers=1 pending=0
[lat] dt_ms=70 cmd=quic_edge seq=229 usage=23
[hidra] HID socket connect failed (/run/user/1000/hidra.kbd). Waiting for QEMU to listen... (set HID_SOCK or run scripts/run_qemu.sh)
[msquic] stream: RECEIVE bytes=16 buffers=1 pending=0
[lat] dt_ms=65 cmd=quic_edge seq=230 usage=40
[hidra] HID socket connect failed (/run/user/1000/hidra.kbd). Waiting for QEMU to listen... (set HID_SOCK or run scripts/run_qemu.sh)
[msquic] stream: RECEIVE bytes=16 buffers=1 pending=0
[lat] dt_ms=44 cmd=quic_edge seq=231 usage=40
[hidra] HID socket connect failed (/run/user/1000/hidra.kbd). Waiting for QEMU to listen... (set HID_SOCK or run scripts/run_qemu.sh)
[msquic] stream: RECEIVE bytes=16 buffers=1 pending=0
[lat] dt_ms=53 cmd=quic_edge seq=232 usage=4
[hidra] HID socket connect failed (/run/user/1000/hidra.kbd). Waiting for QEMU to listen... (set HID_SOCK or run scripts/run_qemu.sh)
[msquic] stream: RECEIVE bytes=16 buffers=1 pending=0
[lat] dt_ms=42 cmd=quic_edge seq=233 usage=4
[hidra] HID socket connect failed (/run/user/1000/hidra.kbd). Waiting for QEMU to listen... (set HID_SOCK or run scripts/run_qemu.sh)
[msquic] stream: RECEIVE bytes=16 buffers=1 pending=0
[lat] dt_ms=77 cmd=quic_edge seq=234 usage=19
[hidra] HID socket connect failed (/run/user/1000/hidra.kbd). Waiting for QEMU to listen... (set HID_SOCK or run scripts/run_qemu.sh)
[msquic] stream: RECEIVE bytes=16 buffers=1 pending=0
[lat] dt_ms=42 cmd=quic_edge seq=235 usage=19
[hidra] HID socket connect failed (/run/user/1000/hidra.kbd). Waiting for QEMU to listen... (set HID_SOCK or run scripts/run_qemu.sh)
[msquic] stream: RECEIVE bytes=16 buffers=1 pending=0
[lat] dt_ms=67 cmd=quic_edge seq=236 usage=23
[hidra] HID socket connect failed (/run/user/1000/hidra.kbd). Waiting for QEMU to listen... (set HID_SOCK or run scripts/run_qemu.sh)
[msquic] stream: RECEIVE bytes=16 buffers=1 pending=0
[lat] dt_ms=43 cmd=quic_edge seq=237 usage=23
[hidra] HID socket connect failed (/run/user/1000/hidra.kbd). Waiting for QEMU to listen... (set HID_SOCK or run scripts/run_qemu.sh)
[msquic] stream: RECEIVE bytes=16 buffers=1 pending=0
[lat] dt_ms=45 cmd=quic_edge seq=238 usage=40
[hidra] HID socket connect failed (/run/user/1000/hidra.kbd). Waiting for QEMU to listen... (set HID_SOCK or run scripts/run_qemu.sh)
[msquic] stream: RECEIVE bytes=16 buffers=1 pending=0
[lat] dt_ms=44 cmd=quic_edge seq=239 usage=40
[hidra] HID socket connect failed (/run/user/1000/hidra.kbd). Waiting for QEMU to listen... (set HID_SOCK or run scripts/run_qemu.sh)
[msquic] stream: RECEIVE bytes=16 buffers=1 pending=0
[lat] dt_ms=65 cmd=quic_edge seq=240 usage=4
[hidra] HID socket connect failed (/run/user/1000/hidra.kbd). Waiting for QEMU to listen... (set HID_SOCK or run scripts/run_qemu.sh)
[msquic] stream: RECEIVE bytes=16 buffers=1 pending=0
[lat] dt_ms=66 cmd=quic_edge seq=241 usage=4
[hidra] HID socket connect failed (/run/user/1000/hidra.kbd). Waiting for QEMU to listen... (set HID_SOCK or run scripts/run_qemu.sh)
[msquic] stream: RECEIVE bytes=16 buffers=1 pending=0
[lat] dt_ms=63 cmd=quic_edge seq=242 usage=19
[hidra] HID socket connect failed (/run/user/1000/hidra.kbd). Waiting for QEMU to listen... (set HID_SOCK or run scripts/run_qemu.sh)
[msquic] stream: RECEIVE bytes=16 buffers=1 pending=0
[lat] dt_ms=58 cmd=quic_edge seq=243 usage=19
[hidra] HID socket connect failed (/run/user/1000/hidra.kbd). Waiting for QEMU to listen... (set HID_SOCK or run scripts/run_qemu.sh)
[msquic] stream: RECEIVE bytes=16 buffers=1 pending=0
[lat] dt_ms=46 cmd=quic_edge seq=244 usage=23
[hidra] HID socket connect failed (/run/user/1000/hidra.kbd). Waiting for QEMU to listen... (set HID_SOCK or run scripts/run_qemu.sh)
[msquic] stream: RECEIVE bytes=16 buffers=1 pending=0
[lat] dt_ms=73 cmd=quic_edge seq=245 usage=23
[hidra] HID socket connect failed (/run/user/1000/hidra.kbd). Waiting for QEMU to listen... (set HID_SOCK or run scripts/run_qemu.sh)
[msquic] stream: RECEIVE bytes=16 buffers=1 pending=0
[lat] dt_ms=71 cmd=quic_edge seq=246 usage=40
[hidra] HID socket connect failed (/run/user/1000/hidra.kbd). Waiting for QEMU to listen... (set HID_SOCK or run scripts/run_qemu.sh)
[msquic] stream: RECEIVE bytes=16 buffers=1 pending=0
[lat] dt_ms=69 cmd=quic_edge seq=247 usage=40
[hidra] HID socket connect failed (/run/user/1000/hidra.kbd). Waiting for QEMU to listen... (set HID_SOCK or run scripts/run_qemu.sh)
[msquic] stream: RECEIVE bytes=16 buffers=1 pending=0
[lat] dt_ms=74 cmd=quic_edge seq=248 usage=4
[hidra] HID socket connect failed (/run/user/1000/hidra.kbd). Waiting for QEMU to listen... (set HID_SOCK or run scripts/run_qemu.sh)
[msquic] stream: RECEIVE bytes=16 buffers=1 pending=0
[lat] dt_ms=78 cmd=quic_edge seq=249 usage=4
[hidra] HID socket connect failed (/run/user/1000/hidra.kbd). Waiting for QEMU to listen... (set HID_SOCK or run scripts/run_qemu.sh)
[msquic] stream: RECEIVE bytes=16 buffers=1 pending=0
[lat] dt_ms=73 cmd=quic_edge seq=250 usage=19
[hidra] HID socket connect failed (/run/user/1000/hidra.kbd). Waiting for QEMU to listen... (set HID_SOCK or run scripts/run_qemu.sh)
[msquic] stream: RECEIVE bytes=16 buffers=1 pending=0
[lat] dt_ms=70 cmd=quic_edge seq=251 usage=19
[hidra] HID socket connect failed (/run/user/1000/hidra.kbd). Waiting for QEMU to listen... (set HID_SOCK or run scripts/run_qemu.sh)
[msquic] stream: RECEIVE bytes=16 buffers=1 pending=0
[lat] dt_ms=60 cmd=quic_edge seq=252 usage=23
[hidra] HID socket connect failed (/run/user/1000/hidra.kbd). Waiting for QEMU to listen... (set HID_SOCK or run scripts/run_qemu.sh)
[msquic] stream: RECEIVE bytes=16 buffers=1 pending=0
[lat] dt_ms=81 cmd=quic_edge seq=253 usage=23
[hidra] HID socket connect failed (/run/user/1000/hidra.kbd). Waiting for QEMU to listen... (set HID_SOCK or run scripts/run_qemu.sh)
[msquic] stream: RECEIVE bytes=16 buffers=1 pending=0
[lat] dt_ms=47 cmd=quic_edge seq=254 usage=40
[hidra] HID socket connect failed (/run/user/1000/hidra.kbd). Waiting for QEMU to listen... (set HID_SOCK or run scripts/run_qemu.sh)
[msquic] stream: RECEIVE bytes=16 buffers=1 pending=0
[lat] dt_ms=46 cmd=quic_edge seq=255 usage=40
[hidra] HID socket connect failed (/run/user/1000/hidra.kbd). Waiting for QEMU to listen... (set HID_SOCK or run scripts/run_qemu.sh)
[msquic] stream: RECEIVE bytes=16 buffers=1 pending=0
[lat] dt_ms=72 cmd=quic_edge seq=256 usage=4
[hidra] HID socket connect failed (/run/user/1000/hidra.kbd). Waiting for QEMU to listen... (set HID_SOCK or run scripts/run_qemu.sh)
[msquic] stream: RECEIVE bytes=16 buffers=1 pending=0
[lat] dt_ms=67 cmd=quic_edge seq=257 usage=4
[hidra] HID socket connect failed (/run/user/1000/hidra.kbd). Waiting for QEMU to listen... (set HID_SOCK or run scripts/run_qemu.sh)
[msquic] stream: RECEIVE bytes=16 buffers=1 pending=0
[lat] dt_ms=71 cmd=quic_edge seq=258 usage=19
[hidra] HID socket connect failed (/run/user/1000/hidra.kbd). Waiting for QEMU to listen... (set HID_SOCK or run scripts/run_qemu.sh)
[msquic] stream: RECEIVE bytes=16 buffers=1 pending=0
[lat] dt_ms=47 cmd=quic_edge seq=259 usage=19
[hidra] HID socket connect failed (/run/user/1000/hidra.kbd). Waiting for QEMU to listen... (set HID_SOCK or run scripts/run_qemu.sh)
[msquic] stream: RECEIVE bytes=16 buffers=1 pending=0
[lat] dt_ms=68 cmd=quic_edge seq=260 usage=23
[hidra] HID socket connect failed (/run/user/1000/hidra.kbd). Waiting for QEMU to listen... (set HID_SOCK or run scripts/run_qemu.sh)
[msquic] stream: RECEIVE bytes=16 buffers=1 pending=0
[lat] dt_ms=69 cmd=quic_edge seq=261 usage=23
[hidra] HID socket connect failed (/run/user/1000/hidra.kbd). Waiting for QEMU to listen... (set HID_SOCK or run scripts/run_qemu.sh)
[msquic] stream: RECEIVE bytes=16 buffers=1 pending=0
[lat] dt_ms=54 cmd=quic_edge seq=262 usage=40
[hidra] HID socket connect failed (/run/user/1000/hidra.kbd). Waiting for QEMU to listen... (set HID_SOCK or run scripts/run_qemu.sh)
[msquic] stream: RECEIVE bytes=16 buffers=1 pending=0
[lat] dt_ms=70 cmd=quic_edge seq=263 usage=40
[hidra] HID socket connect failed (/run/user/1000/hidra.kbd). Waiting for QEMU to listen... (set HID_SOCK or run scripts/run_qemu.sh)
[msquic] stream: RECEIVE bytes=16 buffers=1 pending=0
[lat] dt_ms=59 cmd=quic_edge seq=264 usage=4
[hidra] HID socket connect failed (/run/user/1000/hidra.kbd). Waiting for QEMU to listen... (set HID_SOCK or run scripts/run_qemu.sh)
[msquic] stream: RECEIVE bytes=16 buffers=1 pending=0
[lat] dt_ms=49 cmd=quic_edge seq=265 usage=4
[hidra] HID socket connect failed (/run/user/1000/hidra.kbd). Waiting for QEMU to listen... (set HID_SOCK or run scripts/run_qemu.sh)
[msquic] stream: RECEIVE bytes=16 buffers=1 pending=0
[lat] dt_ms=42 cmd=quic_edge seq=266 usage=19
[hidra] HID socket connect failed (/run/user/1000/hidra.kbd). Waiting for QEMU to listen... (set HID_SOCK or run scripts/run_qemu.sh)
[msquic] stream: RECEIVE bytes=16 buffers=1 pending=0
[lat] dt_ms=72 cmd=quic_edge seq=267 usage=19
[hidra] HID socket connect failed (/run/user/1000/hidra.kbd). Waiting for QEMU to listen... (set HID_SOCK or run scripts/run_qemu.sh)
[msquic] stream: RECEIVE bytes=16 buffers=1 pending=0
[lat] dt_ms=50 cmd=quic_edge seq=268 usage=23
[hidra] HID socket connect failed (/run/user/1000/hidra.kbd). Waiting for QEMU to listen... (set HID_SOCK or run scripts/run_qemu.sh)
[msquic] stream: RECEIVE bytes=16 buffers=1 pending=0
[lat] dt_ms=77 cmd=quic_edge seq=269 usage=23
[hidra] HID socket connect failed (/run/user/1000/hidra.kbd). Waiting for QEMU to listen... (set HID_SOCK or run scripts/run_qemu.sh)
[msquic] stream: RECEIVE bytes=16 buffers=1 pending=0
[lat] dt_ms=45 cmd=quic_edge seq=270 usage=40
[hidra] HID socket connect failed (/run/user/1000/hidra.kbd). Waiting for QEMU to listen... (set HID_SOCK or run scripts/run_qemu.sh)
[msquic] stream: RECEIVE bytes=16 buffers=1 pending=0
[lat] dt_ms=78 cmd=quic_edge seq=271 usage=40
[hidra] HID socket connect failed (/run/user/1000/hidra.kbd). Waiting for QEMU to listen... (set HID_SOCK or run scripts/run_qemu.sh)
[msquic] stream: RECEIVE bytes=16 buffers=1 pending=0
[lat] dt_ms=67 cmd=quic_edge seq=272 usage=4
[hidra] HID socket connect failed (/run/user/1000/hidra.kbd). Waiting for QEMU to listen... (set HID_SOCK or run scripts/run_qemu.sh)
[msquic] stream: RECEIVE bytes=16 buffers=1 pending=0
[lat] dt_ms=65 cmd=quic_edge seq=273 usage=4
[hidra] HID socket connect failed (/run/user/1000/hidra.kbd). Waiting for QEMU to listen... (set HID_SOCK or run scripts/run_qemu.sh)
[msquic] stream: RECEIVE bytes=16 buffers=1 pending=0
[lat] dt_ms=46 cmd=quic_edge seq=274 usage=19
[hidra] HID socket connect failed (/run/user/1000/hidra.kbd). Waiting for QEMU to listen... (set HID_SOCK or run scripts/run_qemu.sh)
[msquic] stream: RECEIVE bytes=16 buffers=1 pending=0
[lat] dt_ms=71 cmd=quic_edge seq=275 usage=19
[hidra] HID socket connect failed (/run/user/1000/hidra.kbd). Waiting for QEMU to listen... (set HID_SOCK or run scripts/run_qemu.sh)
[msquic] stream: RECEIVE bytes=16 buffers=1 pending=0
[lat] dt_ms=79 cmd=quic_edge seq=276 usage=23
[hidra] HID socket connect failed (/run/user/1000/hidra.kbd). Waiting for QEMU to listen... (set HID_SOCK or run scripts/run_qemu.sh)
[msquic] stream: RECEIVE bytes=16 buffers=1 pending=0
[lat] dt_ms=54 cmd=quic_edge seq=277 usage=23
[hidra] HID socket connect failed (/run/user/1000/hidra.kbd). Waiting for QEMU to listen... (set HID_SOCK or run scripts/run_qemu.sh)
[msquic] stream: RECEIVE bytes=16 buffers=1 pending=0
[lat] dt_ms=64 cmd=quic_edge seq=278 usage=40
[hidra] HID socket connect failed (/run/user/1000/hidra.kbd). Waiting for QEMU to listen... (set HID_SOCK or run scripts/run_qemu.sh)
[msquic] stream: RECEIVE bytes=16 buffers=1 pending=0
[lat] dt_ms=51 cmd=quic_edge seq=279 usage=40
[hidra] HID socket connect failed (/run/user/1000/hidra.kbd). Waiting for QEMU to listen... (set HID_SOCK or run scripts/run_qemu.sh)
[msquic] stream: RECEIVE bytes=16 buffers=1 pending=0
[lat] dt_ms=64 cmd=quic_edge seq=280 usage=4
[hidra] HID socket connect failed (/run/user/1000/hidra.kbd). Waiting for QEMU to listen... (set HID_SOCK or run scripts/run_qemu.sh)
[msquic] stream: RECEIVE bytes=16 buffers=1 pending=0
[lat] dt_ms=43 cmd=quic_edge seq=281 usage=4
[hidra] HID socket connect failed (/run/user/1000/hidra.kbd). Waiting for QEMU to listen... (set HID_SOCK or run scripts/run_qemu.sh)
[msquic] stream: RECEIVE bytes=16 buffers=1 pending=0
[lat] dt_ms=67 cmd=quic_edge seq=282 usage=19
[hidra] HID socket connect failed (/run/user/1000/hidra.kbd). Waiting for QEMU to listen... (set HID_SOCK or run scripts/run_qemu.sh)
[msquic] stream: RECEIVE bytes=16 buffers=1 pending=0
[lat] dt_ms=58 cmd=quic_edge seq=283 usage=19
[hidra] HID socket connect failed (/run/user/1000/hidra.kbd). Waiting for QEMU to listen... (set HID_SOCK or run scripts/run_qemu.sh)
[msquic] stream: RECEIVE bytes=16 buffers=1 pending=0
[lat] dt_ms=61 cmd=quic_edge seq=284 usage=23
[hidra] HID socket connect failed (/run/user/1000/hidra.kbd). Waiting for QEMU to listen... (set HID_SOCK or run scripts/run_qemu.sh)
[msquic] stream: RECEIVE bytes=16 buffers=1 pending=0
[lat] dt_ms=73 cmd=quic_edge seq=285 usage=23
[hidra] HID socket connect failed (/run/user/1000/hidra.kbd). Waiting for QEMU to listen... (set HID_SOCK or run scripts/run_qemu.sh)
[msquic] stream: RECEIVE bytes=16 buffers=1 pending=0
[lat] dt_ms=71 cmd=quic_edge seq=286 usage=40
[hidra] HID socket connect failed (/run/user/1000/hidra.kbd). Waiting for QEMU to listen... (set HID_SOCK or run scripts/run_qemu.sh)
[msquic] stream: RECEIVE bytes=16 buffers=1 pending=0
[lat] dt_ms=73 cmd=quic_edge seq=287 usage=40
[hidra] HID socket connect failed (/run/user/1000/hidra.kbd). Waiting for QEMU to listen... (set HID_SOCK or run scripts/run_qemu.sh)
[msquic] stream: RECEIVE bytes=16 buffers=1 pending=0
[lat] dt_ms=67 cmd=quic_edge seq=288 usage=4
[hidra] HID socket connect failed (/run/user/1000/hidra.kbd). Waiting for QEMU to listen... (set HID_SOCK or run scripts/run_qemu.sh)
[msquic] stream: RECEIVE bytes=16 buffers=1 pending=0
[lat] dt_ms=61 cmd=quic_edge seq=289 usage=4
[hidra] HID socket connect failed (/run/user/1000/hidra.kbd). Waiting for QEMU to listen... (set HID_SOCK or run scripts/run_qemu.sh)
[msquic] stream: RECEIVE bytes=16 buffers=1 pending=0
[lat] dt_ms=67 cmd=quic_edge seq=290 usage=19
[hidra] HID socket connect failed (/run/user/1000/hidra.kbd). Waiting for QEMU to listen... (set HID_SOCK or run scripts/run_qemu.sh)
[msquic] stream: RECEIVE bytes=16 buffers=1 pending=0
[lat] dt_ms=54 cmd=quic_edge seq=291 usage=19
[hidra] HID socket connect failed (/run/user/1000/hidra.kbd). Waiting for QEMU to listen... (set HID_SOCK or run scripts/run_qemu.sh)
[msquic] stream: RECEIVE bytes=16 buffers=1 pending=0
[lat] dt_ms=65 cmd=quic_edge seq=292 usage=23
[hidra] HID socket connect failed (/run/user/1000/hidra.kbd). Waiting for QEMU to listen... (set HID_SOCK or run scripts/run_qemu.sh)
[msquic] stream: RECEIVE bytes=16 buffers=1 pending=0
[lat] dt_ms=70 cmd=quic_edge seq=293 usage=23
[hidra] HID socket connect failed (/run/user/1000/hidra.kbd). Waiting for QEMU to listen... (set HID_SOCK or run scripts/run_qemu.sh)
[msquic] stream: RECEIVE bytes=16 buffers=1 pending=0
[lat] dt_ms=74 cmd=quic_edge seq=294 usage=40
[hidra] HID socket connect failed (/run/user/1000/hidra.kbd). Waiting for QEMU to listen... (set HID_SOCK or run scripts/run_qemu.sh)
[msquic] stream: RECEIVE bytes=16 buffers=1 pending=0
[lat] dt_ms=65 cmd=quic_edge seq=295 usage=40
[hidra] HID socket connect failed (/run/user/1000/hidra.kbd). Waiting for QEMU to listen... (set HID_SOCK or run scripts/run_qemu.sh)
[msquic] stream: RECEIVE bytes=16 buffers=1 pending=0
[lat] dt_ms=63 cmd=quic_edge seq=296 usage=4
[hidra] HID socket connect failed (/run/user/1000/hidra.kbd). Waiting for QEMU to listen... (set HID_SOCK or run scripts/run_qemu.sh)
[msquic] stream: RECEIVE bytes=16 buffers=1 pending=0
[lat] dt_ms=57 cmd=quic_edge seq=297 usage=4
[hidra] HID socket connect failed (/run/user/1000/hidra.kbd). Waiting for QEMU to listen... (set HID_SOCK or run scripts/run_qemu.sh)
[msquic] stream: RECEIVE bytes=16 buffers=1 pending=0
[lat] dt_ms=62 cmd=quic_edge seq=298 usage=19
[hidra] HID socket connect failed (/run/user/1000/hidra.kbd). Waiting for QEMU to listen... (set HID_SOCK or run scripts/run_qemu.sh)
[msquic] stream: RECEIVE bytes=16 buffers=1 pending=0
[lat] dt_ms=54 cmd=quic_edge seq=299 usage=19
[hidra] HID socket connect failed (/run/user/1000/hidra.kbd). Waiting for QEMU to listen... (set HID_SOCK or run scripts/run_qemu.sh)
[msquic] stream: RECEIVE bytes=16 buffers=1 pending=0
[lat] dt_ms=58 cmd=quic_edge seq=300 usage=23
[hidra] HID socket connect failed (/run/user/1000/hidra.kbd). Waiting for QEMU to listen... (set HID_SOCK or run scripts/run_qemu.sh)
[msquic] stream: RECEIVE bytes=16 buffers=1 pending=0
[lat] dt_ms=60 cmd=quic_edge seq=301 usage=23
[hidra] HID socket connect failed (/run/user/1000/hidra.kbd). Waiting for QEMU to listen... (set HID_SOCK or run scripts/run_qemu.sh)
[msquic] stream: RECEIVE bytes=16 buffers=1 pending=0
[lat] dt_ms=41 cmd=quic_edge seq=302 usage=40
[hidra] HID socket connect failed (/run/user/1000/hidra.kbd). Waiting for QEMU to listen... (set HID_SOCK or run scripts/run_qemu.sh)
[msquic] stream: RECEIVE bytes=16 buffers=1 pending=0
[lat] dt_ms=42 cmd=quic_edge seq=303 usage=40
[hidra] HID socket connect failed (/run/user/1000/hidra.kbd). Waiting for QEMU to listen... (set HID_SOCK or run scripts/run_qemu.sh)
[msquic] stream: RECEIVE bytes=16 buffers=1 pending=0
[lat] dt_ms=47 cmd=quic_edge seq=304 usage=4
[hidra] HID socket connect failed (/run/user/1000/hidra.kbd). Waiting for QEMU to listen... (set HID_SOCK or run scripts/run_qemu.sh)
[msquic] stream: RECEIVE bytes=16 buffers=1 pending=0
[lat] dt_ms=44 cmd=quic_edge seq=305 usage=4
[hidra] HID socket connect failed (/run/user/1000/hidra.kbd). Waiting for QEMU to listen... (set HID_SOCK or run scripts/run_qemu.sh)
[msquic] stream: RECEIVE bytes=16 buffers=1 pending=0
[lat] dt_ms=41 cmd=quic_edge seq=306 usage=19
[hidra] HID socket connect failed (/run/user/1000/hidra.kbd). Waiting for QEMU to listen... (set HID_SOCK or run scripts/run_qemu.sh)
[msquic] stream: RECEIVE bytes=16 buffers=1 pending=0
[lat] dt_ms=45 cmd=quic_edge seq=307 usage=19
[hidra] HID socket connect failed (/run/user/1000/hidra.kbd). Waiting for QEMU to listen... (set HID_SOCK or run scripts/run_qemu.sh)
[msquic] stream: RECEIVE bytes=16 buffers=1 pending=0
[lat] dt_ms=72 cmd=quic_edge seq=308 usage=23
[hidra] HID socket connect failed (/run/user/1000/hidra.kbd). Waiting for QEMU to listen... (set HID_SOCK or run scripts/run_qemu.sh)
[msquic] stream: RECEIVE bytes=16 buffers=1 pending=0
[lat] dt_ms=46 cmd=quic_edge seq=309 usage=23
[hidra] HID socket connect failed (/run/user/1000/hidra.kbd). Waiting for QEMU to listen... (set HID_SOCK or run scripts/run_qemu.sh)
[msquic] stream: RECEIVE bytes=16 buffers=1 pending=0
[lat] dt_ms=81 cmd=quic_edge seq=310 usage=40
[hidra] HID socket connect failed (/run/user/1000/hidra.kbd). Waiting for QEMU to listen... (set HID_SOCK or run scripts/run_qemu.sh)
[msquic] stream: RECEIVE bytes=16 buffers=1 pending=0
[lat] dt_ms=80 cmd=quic_edge seq=311 usage=40
[hidra] HID socket connect failed (/run/user/1000/hidra.kbd). Waiting for QEMU to listen... (set HID_SOCK or run scripts/run_qemu.sh)
[msquic] stream: RECEIVE bytes=16 buffers=1 pending=0
[lat] dt_ms=63 cmd=quic_edge seq=312 usage=4
[hidra] HID socket connect failed (/run/user/1000/hidra.kbd). Waiting for QEMU to listen... (set HID_SOCK or run scripts/run_qemu.sh)
[msquic] stream: RECEIVE bytes=16 buffers=1 pending=0
[lat] dt_ms=57 cmd=quic_edge seq=313 usage=4
[hidra] HID socket connect failed (/run/user/1000/hidra.kbd). Waiting for QEMU to listen... (set HID_SOCK or run scripts/run_qemu.sh)
[msquic] stream: RECEIVE bytes=16 buffers=1 pending=0
[lat] dt_ms=75 cmd=quic_edge seq=314 usage=19
[hidra] HID socket connect failed (/run/user/1000/hidra.kbd). Waiting for QEMU to listen... (set HID_SOCK or run scripts/run_qemu.sh)
[msquic] stream: RECEIVE bytes=16 buffers=1 pending=0
[lat] dt_ms=77 cmd=quic_edge seq=315 usage=19
[hidra] HID socket connect failed (/run/user/1000/hidra.kbd). Waiting for QEMU to listen... (set HID_SOCK or run scripts/run_qemu.sh)
[msquic] stream: RECEIVE bytes=16 buffers=1 pending=0
[lat] dt_ms=49 cmd=quic_edge seq=316 usage=23
[hidra] HID socket connect failed (/run/user/1000/hidra.kbd). Waiting for QEMU to listen... (set HID_SOCK or run scripts/run_qemu.sh)
[msquic] stream: RECEIVE bytes=16 buffers=1 pending=0
[lat] dt_ms=59 cmd=quic_edge seq=317 usage=23
[hidra] HID socket connect failed (/run/user/1000/hidra.kbd). Waiting for QEMU to listen... (set HID_SOCK or run scripts/run_qemu.sh)
[msquic] stream: RECEIVE bytes=16 buffers=1 pending=0
[lat] dt_ms=63 cmd=quic_edge seq=318 usage=40
[hidra] HID socket connect failed (/run/user/1000/hidra.kbd). Waiting for QEMU to listen... (set HID_SOCK or run scripts/run_qemu.sh)
[msquic] stream: RECEIVE bytes=16 buffers=1 pending=0
[lat] dt_ms=60 cmd=quic_edge seq=319 usage=40
[hidra] HID socket connect failed (/run/user/1000/hidra.kbd). Waiting for QEMU to listen... (set HID_SOCK or run scripts/run_qemu.sh)
[msquic] stream: RECEIVE bytes=16 buffers=1 pending=0
[lat] dt_ms=79 cmd=quic_edge seq=320 usage=4
[hidra] HID socket connect failed (/run/user/1000/hidra.kbd). Waiting for QEMU to listen... (set HID_SOCK or run scripts/run_qemu.sh)
[msquic] stream: RECEIVE bytes=16 buffers=1 pending=0
[lat] dt_ms=53 cmd=quic_edge seq=321 usage=4
[hidra] HID socket connect failed (/run/user/1000/hidra.kbd). Waiting for QEMU to listen... (set HID_SOCK or run scripts/run_qemu.sh)
[msquic] stream: RECEIVE bytes=16 buffers=1 pending=0
[lat] dt_ms=70 cmd=quic_edge seq=322 usage=19
[hidra] HID socket connect failed (/run/user/1000/hidra.kbd). Waiting for QEMU to listen... (set HID_SOCK or run scripts/run_qemu.sh)
[msquic] stream: RECEIVE bytes=16 buffers=1 pending=0
[lat] dt_ms=57 cmd=quic_edge seq=323 usage=19
[hidra] HID socket connect failed (/run/user/1000/hidra.kbd). Waiting for QEMU to listen... (set HID_SOCK or run scripts/run_qemu.sh)
[msquic] stream: RECEIVE bytes=16 buffers=1 pending=0
[lat] dt_ms=77 cmd=quic_edge seq=324 usage=23
[hidra] HID socket connect failed (/run/user/1000/hidra.kbd). Waiting for QEMU to listen... (set HID_SOCK or run scripts/run_qemu.sh)
[msquic] stream: RECEIVE bytes=16 buffers=1 pending=0
[lat] dt_ms=48 cmd=quic_edge seq=325 usage=23
[hidra] HID socket connect failed (/run/user/1000/hidra.kbd). Waiting for QEMU to listen... (set HID_SOCK or run scripts/run_qemu.sh)
[msquic] stream: RECEIVE bytes=16 buffers=1 pending=0
[lat] dt_ms=79 cmd=quic_edge seq=326 usage=40
[hidra] HID socket connect failed (/run/user/1000/hidra.kbd). Waiting for QEMU to listen... (set HID_SOCK or run scripts/run_qemu.sh)
[msquic] stream: RECEIVE bytes=16 buffers=1 pending=0
[lat] dt_ms=43 cmd=quic_edge seq=327 usage=40
[hidra] HID socket connect failed (/run/user/1000/hidra.kbd). Waiting for QEMU to listen... (set HID_SOCK or run scripts/run_qemu.sh)
[msquic] stream: RECEIVE bytes=16 buffers=1 pending=0
[lat] dt_ms=41 cmd=quic_edge seq=328 usage=4
[hidra] HID socket connect failed (/run/user/1000/hidra.kbd). Waiting for QEMU to listen... (set HID_SOCK or run scripts/run_qemu.sh)
[msquic] stream: RECEIVE bytes=16 buffers=1 pending=0
[lat] dt_ms=44 cmd=quic_edge seq=329 usage=4
[hidra] HID socket connect failed (/run/user/1000/hidra.kbd). Waiting for QEMU to listen... (set HID_SOCK or run scripts/run_qemu.sh)
[msquic] stream: RECEIVE bytes=16 buffers=1 pending=0
[lat] dt_ms=70 cmd=quic_edge seq=330 usage=19
[hidra] HID socket connect failed (/run/user/1000/hidra.kbd). Waiting for QEMU to listen... (set HID_SOCK or run scripts/run_qemu.sh)
[msquic] stream: RECEIVE bytes=16 buffers=1 pending=0
[lat] dt_ms=59 cmd=quic_edge seq=331 usage=19
[hidra] HID socket connect failed (/run/user/1000/hidra.kbd). Waiting for QEMU to listen... (set HID_SOCK or run scripts/run_qemu.sh)
[msquic] stream: RECEIVE bytes=16 buffers=1 pending=0
[lat] dt_ms=69 cmd=quic_edge seq=332 usage=23
[hidra] HID socket connect failed (/run/user/1000/hidra.kbd). Waiting for QEMU to listen... (set HID_SOCK or run scripts/run_qemu.sh)
[msquic] stream: RECEIVE bytes=16 buffers=1 pending=0
[lat] dt_ms=59 cmd=quic_edge seq=333 usage=23
[hidra] HID socket connect failed (/run/user/1000/hidra.kbd). Waiting for QEMU to listen... (set HID_SOCK or run scripts/run_qemu.sh)
[msquic] stream: RECEIVE bytes=16 buffers=1 pending=0
[lat] dt_ms=45 cmd=quic_edge seq=334 usage=40
[hidra] HID socket connect failed (/run/user/1000/hidra.kbd). Waiting for QEMU to listen... (set HID_SOCK or run scripts/run_qemu.sh)
[msquic] stream: RECEIVE bytes=16 buffers=1 pending=0
[lat] dt_ms=49 cmd=quic_edge seq=335 usage=40
[hidra] HID socket connect failed (/run/user/1000/hidra.kbd). Waiting for QEMU to listen... (set HID_SOCK or run scripts/run_qemu.sh)
[msquic] stream: RECEIVE bytes=16 buffers=1 pending=0
[lat] dt_ms=70 cmd=quic_edge seq=336 usage=4
[hidra] HID socket connect failed (/run/user/1000/hidra.kbd). Waiting for QEMU to listen... (set HID_SOCK or run scripts/run_qemu.sh)
[msquic] stream: RECEIVE bytes=16 buffers=1 pending=0
[lat] dt_ms=63 cmd=quic_edge seq=337 usage=4
[hidra] HID socket connect failed (/run/user/1000/hidra.kbd). Waiting for QEMU to listen... (set HID_SOCK or run scripts/run_qemu.sh)
[msquic] stream: RECEIVE bytes=16 buffers=1 pending=0
[lat] dt_ms=71 cmd=quic_edge seq=338 usage=19
[hidra] HID socket connect failed (/run/user/1000/hidra.kbd). Waiting for QEMU to listen... (set HID_SOCK or run scripts/run_qemu.sh)
[msquic] stream: RECEIVE bytes=16 buffers=1 pending=0
[lat] dt_ms=62 cmd=quic_edge seq=339 usage=19
[hidra] HID socket connect failed (/run/user/1000/hidra.kbd). Waiting for QEMU to listen... (set HID_SOCK or run scripts/run_qemu.sh)
[msquic] stream: RECEIVE bytes=16 buffers=1 pending=0
[lat] dt_ms=66 cmd=quic_edge seq=340 usage=23
[hidra] HID socket connect failed (/run/user/1000/hidra.kbd). Waiting for QEMU to listen... (set HID_SOCK or run scripts/run_qemu.sh)
[msquic] stream: RECEIVE bytes=16 buffers=1 pending=0
[lat] dt_ms=77 cmd=quic_edge seq=341 usage=23
[hidra] HID socket connect failed (/run/user/1000/hidra.kbd). Waiting for QEMU to listen... (set HID_SOCK or run scripts/run_qemu.sh)
[msquic] stream: RECEIVE bytes=16 buffers=1 pending=0
[lat] dt_ms=54 cmd=quic_edge seq=342 usage=40
[hidra] HID socket connect failed (/run/user/1000/hidra.kbd). Waiting for QEMU to listen... (set HID_SOCK or run scripts/run_qemu.sh)
[msquic] stream: RECEIVE bytes=16 buffers=1 pending=0
[lat] dt_ms=56 cmd=quic_edge seq=343 usage=40
[hidra] HID socket connect failed (/run/user/1000/hidra.kbd). Waiting for QEMU to listen... (set HID_SOCK or run scripts/run_qemu.sh)
[msquic] stream: RECEIVE bytes=16 buffers=1 pending=0
[lat] dt_ms=63 cmd=quic_edge seq=344 usage=4
[hidra] HID socket connect failed (/run/user/1000/hidra.kbd). Waiting for QEMU to listen... (set HID_SOCK or run scripts/run_qemu.sh)
[msquic] stream: RECEIVE bytes=16 buffers=1 pending=0
[lat] dt_ms=71 cmd=quic_edge seq=345 usage=4
[hidra] HID socket connect failed (/run/user/1000/hidra.kbd). Waiting for QEMU to listen... (set HID_SOCK or run scripts/run_qemu.sh)
[msquic] stream: RECEIVE bytes=16 buffers=1 pending=0
[lat] dt_ms=45 cmd=quic_edge seq=346 usage=19
[hidra] HID socket connect failed (/run/user/1000/hidra.kbd). Waiting for QEMU to listen... (set HID_SOCK or run scripts/run_qemu.sh)
[msquic] stream: RECEIVE bytes=16 buffers=1 pending=0
[lat] dt_ms=66 cmd=quic_edge seq=347 usage=19
[hidra] HID socket connect failed (/run/user/1000/hidra.kbd). Waiting for QEMU to listen... (set HID_SOCK or run scripts/run_qemu.sh)
[msquic] stream: RECEIVE bytes=16 buffers=1 pending=0
[lat] dt_ms=58 cmd=quic_edge seq=348 usage=23
[hidra] HID socket connect failed (/run/user/1000/hidra.kbd). Waiting for QEMU to listen... (set HID_SOCK or run scripts/run_qemu.sh)
[msquic] stream: RECEIVE bytes=16 buffers=1 pending=0
[lat] dt_ms=76 cmd=quic_edge seq=349 usage=23
[hidra] HID socket connect failed (/run/user/1000/hidra.kbd). Waiting for QEMU to listen... (set HID_SOCK or run scripts/run_qemu.sh)
[msquic] stream: RECEIVE bytes=16 buffers=1 pending=0
[lat] dt_ms=59 cmd=quic_edge seq=350 usage=40
[hidra] HID socket connect failed (/run/user/1000/hidra.kbd). Waiting for QEMU to listen... (set HID_SOCK or run scripts/run_qemu.sh)
[msquic] stream: RECEIVE bytes=16 buffers=1 pending=0
[lat] dt_ms=60 cmd=quic_edge seq=351 usage=40
[hidra] HID socket connect failed (/run/user/1000/hidra.kbd). Waiting for QEMU to listen... (set HID_SOCK or run scripts/run_qemu.sh)
[msquic] stream: RECEIVE bytes=16 buffers=1 pending=0
[lat] dt_ms=58 cmd=quic_edge seq=352 usage=4
[hidra] HID socket connect failed (/run/user/1000/hidra.kbd). Waiting for QEMU to listen... (set HID_SOCK or run scripts/run_qemu.sh)
[msquic] stream: RECEIVE bytes=16 buffers=1 pending=0
[lat] dt_ms=58 cmd=quic_edge seq=353 usage=4
[hidra] HID socket connect failed (/run/user/1000/hidra.kbd). Waiting for QEMU to listen... (set HID_SOCK or run scripts/run_qemu.sh)
[msquic] stream: RECEIVE bytes=16 buffers=1 pending=0
[lat] dt_ms=74 cmd=quic_edge seq=354 usage=19
[hidra] HID socket connect failed (/run/user/1000/hidra.kbd). Waiting for QEMU to listen... (set HID_SOCK or run scripts/run_qemu.sh)
[msquic] stream: RECEIVE bytes=16 buffers=1 pending=0
[lat] dt_ms=46 cmd=quic_edge seq=355 usage=19
[hidra] HID socket connect failed (/run/user/1000/hidra.kbd). Waiting for QEMU to listen... (set HID_SOCK or run scripts/run_qemu.sh)
[msquic] stream: RECEIVE bytes=16 buffers=1 pending=0
[lat] dt_ms=51 cmd=quic_edge seq=356 usage=23
[hidra] HID socket connect failed (/run/user/1000/hidra.kbd). Waiting for QEMU to listen... (set HID_SOCK or run scripts/run_qemu.sh)
[msquic] stream: RECEIVE bytes=16 buffers=1 pending=0
[lat] dt_ms=59 cmd=quic_edge seq=357 usage=23
[hidra] HID socket connect failed (/run/user/1000/hidra.kbd). Waiting for QEMU to listen... (set HID_SOCK or run scripts/run_qemu.sh)
[msquic] stream: RECEIVE bytes=16 buffers=1 pending=0
[lat] dt_ms=73 cmd=quic_edge seq=358 usage=40
[hidra] HID socket connect failed (/run/user/1000/hidra.kbd). Waiting for QEMU to listen... (set HID_SOCK or run scripts/run_qemu.sh)
[msquic] stream: RECEIVE bytes=16 buffers=1 pending=0
[lat] dt_ms=68 cmd=quic_edge seq=359 usage=40
[hidra] HID socket connect failed (/run/user/1000/hidra.kbd). Waiting for QEMU to listen... (set HID_SOCK or run scripts/run_qemu.sh)
[msquic] stream: RECEIVE bytes=16 buffers=1 pending=0
[lat] dt_ms=53 cmd=quic_edge seq=360 usage=4
[hidra] HID socket connect failed (/run/user/1000/hidra.kbd). Waiting for QEMU to listen... (set HID_SOCK or run scripts/run_qemu.sh)
[msquic] stream: RECEIVE bytes=16 buffers=1 pending=0
[lat] dt_ms=79 cmd=quic_edge seq=361 usage=4
[hidra] HID socket connect failed (/run/user/1000/hidra.kbd). Waiting for QEMU to listen... (set HID_SOCK or run scripts/run_qemu.sh)
[msquic] stream: RECEIVE bytes=16 buffers=1 pending=0
[lat] dt_ms=42 cmd=quic_edge seq=362 usage=19
[hidra] HID socket connect failed (/run/user/1000/hidra.kbd). Waiting for QEMU to listen... (set HID_SOCK or run scripts/run_qemu.sh)
[msquic] stream: RECEIVE bytes=16 buffers=1 pending=0
[lat] dt_ms=70 cmd=quic_edge seq=363 usage=19
[hidra] HID socket connect failed (/run/user/1000/hidra.kbd). Waiting for QEMU to listen... (set HID_SOCK or run scripts/run_qemu.sh)
[msquic] stream: RECEIVE bytes=16 buffers=1 pending=0
[lat] dt_ms=61 cmd=quic_edge seq=364 usage=23
[hidra] HID socket connect failed (/run/user/1000/hidra.kbd). Waiting for QEMU to listen... (set HID_SOCK or run scripts/run_qemu.sh)
[msquic] stream: RECEIVE bytes=16 buffers=1 pending=0
[lat] dt_ms=66 cmd=quic_edge seq=365 usage=23
[hidra] HID socket connect failed (/run/user/1000/hidra.kbd). Waiting for QEMU to listen... (set HID_SOCK or run scripts/run_qemu.sh)
[msquic] stream: RECEIVE bytes=16 buffers=1 pending=0
[lat] dt_ms=66 cmd=quic_edge seq=366 usage=40
[hidra] HID socket connect failed (/run/user/1000/hidra.kbd). Waiting for QEMU to listen... (set HID_SOCK or run scripts/run_qemu.sh)
[msquic] stream: RECEIVE bytes=16 buffers=1 pending=0
[lat] dt_ms=42 cmd=quic_edge seq=367 usage=40
[hidra] HID socket connect failed (/run/user/1000/hidra.kbd). Waiting for QEMU to listen... (set HID_SOCK or run scripts/run_qemu.sh)
[msquic] stream: RECEIVE bytes=16 buffers=1 pending=0
[lat] dt_ms=42 cmd=quic_edge seq=368 usage=4
[hidra] HID socket connect failed (/run/user/1000/hidra.kbd). Waiting for QEMU to listen... (set HID_SOCK or run scripts/run_qemu.sh)
[msquic] stream: RECEIVE bytes=16 buffers=1 pending=0
[lat] dt_ms=59 cmd=quic_edge seq=369 usage=4
[hidra] HID socket connect failed (/run/user/1000/hidra.kbd). Waiting for QEMU to listen... (set HID_SOCK or run scripts/run_qemu.sh)
[msquic] stream: RECEIVE bytes=16 buffers=1 pending=0
[lat] dt_ms=80 cmd=quic_edge seq=370 usage=19
[hidra] HID socket connect failed (/run/user/1000/hidra.kbd). Waiting for QEMU to listen... (set HID_SOCK or run scripts/run_qemu.sh)
[msquic] stream: RECEIVE bytes=16 buffers=1 pending=0
[lat] dt_ms=62 cmd=quic_edge seq=371 usage=19
[hidra] HID socket connect failed (/run/user/1000/hidra.kbd). Waiting for QEMU to listen... (set HID_SOCK or run scripts/run_qemu.sh)
[msquic] stream: RECEIVE bytes=16 buffers=1 pending=0
[lat] dt_ms=75 cmd=quic_edge seq=372 usage=23
[hidra] HID socket connect failed (/run/user/1000/hidra.kbd). Waiting for QEMU to listen... (set HID_SOCK or run scripts/run_qemu.sh)
[msquic] stream: RECEIVE bytes=16 buffers=1 pending=0
[lat] dt_ms=75 cmd=quic_edge seq=373 usage=23
[hidra] HID socket connect failed (/run/user/1000/hidra.kbd). Waiting for QEMU to listen... (set HID_SOCK or run scripts/run_qemu.sh)
[msquic] stream: RECEIVE bytes=16 buffers=1 pending=0
[lat] dt_ms=45 cmd=quic_edge seq=374 usage=40
[hidra] HID socket connect failed (/run/user/1000/hidra.kbd). Waiting for QEMU to listen... (set HID_SOCK or run scripts/run_qemu.sh)
[msquic] stream: RECEIVE bytes=16 buffers=1 pending=0
[lat] dt_ms=52 cmd=quic_edge seq=375 usage=40
[hidra] HID socket connect failed (/run/user/1000/hidra.kbd). Waiting for QEMU to listen... (set HID_SOCK or run scripts/run_qemu.sh)
[msquic] stream: RECEIVE bytes=16 buffers=1 pending=0
[lat] dt_ms=79 cmd=quic_edge seq=376 usage=4
[hidra] HID socket connect failed (/run/user/1000/hidra.kbd). Waiting for QEMU to listen... (set HID_SOCK or run scripts/run_qemu.sh)
[msquic] stream: RECEIVE bytes=16 buffers=1 pending=0
[lat] dt_ms=78 cmd=quic_edge seq=377 usage=4
[hidra] HID socket connect failed (/run/user/1000/hidra.kbd). Waiting for QEMU to listen... (set HID_SOCK or run scripts/run_qemu.sh)
[msquic] stream: RECEIVE bytes=16 buffers=1 pending=0
[lat] dt_ms=53 cmd=quic_edge seq=378 usage=19
[hidra] HID socket connect failed (/run/user/1000/hidra.kbd). Waiting for QEMU to listen... (set HID_SOCK or run scripts/run_qemu.sh)
[msquic] stream: RECEIVE bytes=16 buffers=1 pending=0
[lat] dt_ms=42 cmd=quic_edge seq=379 usage=19
[hidra] HID socket connect failed (/run/user/1000/hidra.kbd). Waiting for QEMU to listen... (set HID_SOCK or run scripts/run_qemu.sh)
[msquic] stream: RECEIVE bytes=16 buffers=1 pending=0
[lat] dt_ms=72 cmd=quic_edge seq=380 usage=23
[hidra] HID socket connect failed (/run/user/1000/hidra.kbd). Waiting for QEMU to listen... (set HID_SOCK or run scripts/run_qemu.sh)
[msquic] stream: RECEIVE bytes=16 buffers=1 pending=0
[lat] dt_ms=69 cmd=quic_edge seq=381 usage=23
[hidra] HID socket connect failed (/run/user/1000/hidra.kbd). Waiting for QEMU to listen... (set HID_SOCK or run scripts/run_qemu.sh)
[msquic] stream: RECEIVE bytes=16 buffers=1 pending=0
[lat] dt_ms=55 cmd=quic_edge seq=382 usage=40
[hidra] HID socket connect failed (/run/user/1000/hidra.kbd). Waiting for QEMU to listen... (set HID_SOCK or run scripts/run_qemu.sh)
[msquic] stream: RECEIVE bytes=16 buffers=1 pending=0
[lat] dt_ms=64 cmd=quic_edge seq=383 usage=40
[hidra] HID socket connect failed (/run/user/1000/hidra.kbd). Waiting for QEMU to listen... (set HID_SOCK or run scripts/run_qemu.sh)
[msquic] stream: RECEIVE bytes=16 buffers=1 pending=0
[lat] dt_ms=79 cmd=quic_edge seq=384 usage=4
[hidra] HID socket connect failed (/run/user/1000/hidra.kbd). Waiting for QEMU to listen... (set HID_SOCK or run scripts/run_qemu.sh)
[msquic] stream: RECEIVE bytes=16 buffers=1 pending=0
[lat] dt_ms=55 cmd=quic_edge seq=385 usage=4
[hidra] HID socket connect failed (/run/user/1000/hidra.kbd). Waiting for QEMU to listen... (set HID_SOCK or run scripts/run_qemu.sh)
[msquic] stream: RECEIVE bytes=16 buffers=1 pending=0
[lat] dt_ms=60 cmd=quic_edge seq=386 usage=19
[hidra] HID socket connect failed (/run/user/1000/hidra.kbd). Waiting for QEMU to listen... (set HID_SOCK or run scripts/run_qemu.sh)
[msquic] stream: RECEIVE bytes=16 buffers=1 pending=0
[lat] dt_ms=58 cmd=quic_edge seq=387 usage=19
[hidra] HID socket connect failed (/run/user/1000/hidra.kbd). Waiting for QEMU to listen... (set HID_SOCK or run scripts/run_qemu.sh)
[msquic] stream: RECEIVE bytes=16 buffers=1 pending=0
[lat] dt_ms=77 cmd=quic_edge seq=388 usage=23
[hidra] HID socket connect failed (/run/user/1000/hidra.kbd). Waiting for QEMU to listen... (set HID_SOCK or run scripts/run_qemu.sh)
[msquic] stream: RECEIVE bytes=16 buffers=1 pending=0
[lat] dt_ms=57 cmd=quic_edge seq=389 usage=23
[hidra] HID socket connect failed (/run/user/1000/hidra.kbd). Waiting for QEMU to listen... (set HID_SOCK or run scripts/run_qemu.sh)
[msquic] stream: RECEIVE bytes=16 buffers=1 pending=0
[lat] dt_ms=59 cmd=quic_edge seq=390 usage=40
[hidra] HID socket connect failed (/run/user/1000/hidra.kbd). Waiting for QEMU to listen... (set HID_SOCK or run scripts/run_qemu.sh)
[msquic] stream: RECEIVE bytes=16 buffers=1 pending=0
[lat] dt_ms=62 cmd=quic_edge seq=391 usage=40
[hidra] HID socket connect failed (/run/user/1000/hidra.kbd). Waiting for QEMU to listen... (set HID_SOCK or run scripts/run_qemu.sh)
[msquic] stream: RECEIVE bytes=16 buffers=1 pending=0
[lat] dt_ms=79 cmd=quic_edge seq=392 usage=4
[hidra] HID socket connect failed (/run/user/1000/hidra.kbd). Waiting for QEMU to listen... (set HID_SOCK or run scripts/run_qemu.sh)
[msquic] stream: RECEIVE bytes=16 buffers=1 pending=0
[lat] dt_ms=72 cmd=quic_edge seq=393 usage=4
[hidra] HID socket connect failed (/run/user/1000/hidra.kbd). Waiting for QEMU to listen... (set HID_SOCK or run scripts/run_qemu.sh)
[msquic] stream: RECEIVE bytes=16 buffers=1 pending=0
[lat] dt_ms=47 cmd=quic_edge seq=394 usage=19
[hidra] HID socket connect failed (/run/user/1000/hidra.kbd). Waiting for QEMU to listen... (set HID_SOCK or run scripts/run_qemu.sh)
[msquic] stream: RECEIVE bytes=16 buffers=1 pending=0
[lat] dt_ms=75 cmd=quic_edge seq=395 usage=19
[hidra] HID socket connect failed (/run/user/1000/hidra.kbd). Waiting for QEMU to listen... (set HID_SOCK or run scripts/run_qemu.sh)
[msquic] stream: RECEIVE bytes=16 buffers=1 pending=0
[lat] dt_ms=73 cmd=quic_edge seq=396 usage=23
[hidra] HID socket connect failed (/run/user/1000/hidra.kbd). Waiting for QEMU to listen... (set HID_SOCK or run scripts/run_qemu.sh)
[msquic] stream: RECEIVE bytes=16 buffers=1 pending=0
[lat] dt_ms=52 cmd=quic_edge seq=397 usage=23
[hidra] HID socket connect failed (/run/user/1000/hidra.kbd). Waiting for QEMU to listen... (set HID_SOCK or run scripts/run_qemu.sh)
[msquic] stream: RECEIVE bytes=16 buffers=1 pending=0
[lat] dt_ms=76 cmd=quic_edge seq=398 usage=40
[hidra] HID socket connect failed (/run/user/1000/hidra.kbd). Waiting for QEMU to listen... (set HID_SOCK or run scripts/run_qemu.sh)
[msquic] stream: RECEIVE bytes=16 buffers=1 pending=0
[lat] dt_ms=72 cmd=quic_edge seq=399 usage=40
[hidra] HID socket connect failed (/run/user/1000/hidra.kbd). Waiting for QEMU to listen... (set HID_SOCK or run scripts/run_qemu.sh)
[msquic] stream: RECEIVE bytes=16 buffers=1 pending=0
[lat] dt_ms=69 cmd=quic_edge seq=400 usage=4
[hidra] HID socket connect failed (/run/user/1000/hidra.kbd). Waiting for QEMU to listen... (set HID_SOCK or run scripts/run_qemu.sh)
[msquic] stream: RECEIVE bytes=16 buffers=1 pending=0
[lat] dt_ms=43 cmd=quic_edge seq=401 usage=4
[hidra] HID socket connect failed (/run/user/1000/hidra.kbd). Waiting for QEMU to listen... (set HID_SOCK or run scripts/run_qemu.sh)
[msquic] stream: RECEIVE bytes=16 buffers=1 pending=0
[lat] dt_ms=64 cmd=quic_edge seq=402 usage=19
[hidra] HID socket connect failed (/run/user/1000/hidra.kbd). Waiting for QEMU to listen... (set HID_SOCK or run scripts/run_qemu.sh)
[msquic] stream: RECEIVE bytes=16 buffers=1 pending=0
[lat] dt_ms=63 cmd=quic_edge seq=403 usage=19
[hidra] HID socket connect failed (/run/user/1000/hidra.kbd). Waiting for QEMU to listen... (set HID_SOCK or run scripts/run_qemu.sh)
[msquic] stream: RECEIVE bytes=16 buffers=1 pending=0
[lat] dt_ms=56 cmd=quic_edge seq=404 usage=23
[hidra] HID socket connect failed (/run/user/1000/hidra.kbd). Waiting for QEMU to listen... (set HID_SOCK or run scripts/run_qemu.sh)
[msquic] stream: RECEIVE bytes=16 buffers=1 pending=0
[lat] dt_ms=66 cmd=quic_edge seq=405 usage=23
[hidra] HID socket connect failed (/run/user/1000/hidra.kbd). Waiting for QEMU to listen... (set HID_SOCK or run scripts/run_qemu.sh)
[msquic] stream: RECEIVE bytes=16 buffers=1 pending=0
[lat] dt_ms=54 cmd=quic_edge seq=406 usage=40
[hidra] HID socket connect failed (/run/user/1000/hidra.kbd). Waiting for QEMU to listen... (set HID_SOCK or run scripts/run_qemu.sh)
[msquic] stream: RECEIVE bytes=16 buffers=1 pending=0
[lat] dt_ms=54 cmd=quic_edge seq=407 usage=40
[hidra] HID socket connect failed (/run/user/1000/hidra.kbd). Waiting for QEMU to listen... (set HID_SOCK or run scripts/run_qemu.sh)
[msquic] stream: RECEIVE bytes=16 buffers=1 pending=0
[lat] dt_ms=73 cmd=quic_edge seq=408 usage=4
[hidra] HID socket connect failed (/run/user/1000/hidra.kbd). Waiting for QEMU to listen... (set HID_SOCK or run scripts/run_qemu.sh)
[msquic] stream: RECEIVE bytes=16 buffers=1 pending=0
[lat] dt_ms=61 cmd=quic_edge seq=409 usage=4
[hidra] HID socket connect failed (/run/user/1000/hidra.kbd). Waiting for QEMU to listen... (set HID_SOCK or run scripts/run_qemu.sh)
[msquic] stream: RECEIVE bytes=16 buffers=1 pending=0
[lat] dt_ms=54 cmd=quic_edge seq=410 usage=19
[hidra] HID socket connect failed (/run/user/1000/hidra.kbd). Waiting for QEMU to listen... (set HID_SOCK or run scripts/run_qemu.sh)
[msquic] stream: RECEIVE bytes=16 buffers=1 pending=0
[lat] dt_ms=42 cmd=quic_edge seq=411 usage=19
[hidra] HID socket connect failed (/run/user/1000/hidra.kbd). Waiting for QEMU to listen... (set HID_SOCK or run scripts/run_qemu.sh)
[msquic] stream: RECEIVE bytes=16 buffers=1 pending=0
[lat] dt_ms=53 cmd=quic_edge seq=412 usage=23
[hidra] HID socket connect failed (/run/user/1000/hidra.kbd). Waiting for QEMU to listen... (set HID_SOCK or run scripts/run_qemu.sh)
[msquic] stream: RECEIVE bytes=16 buffers=1 pending=0
[lat] dt_ms=65 cmd=quic_edge seq=413 usage=23
[hidra] HID socket connect failed (/run/user/1000/hidra.kbd). Waiting for QEMU to listen... (set HID_SOCK or run scripts/run_qemu.sh)
[msquic] stream: RECEIVE bytes=16 buffers=1 pending=0
[lat] dt_ms=80 cmd=quic_edge seq=414 usage=40
[hidra] HID socket connect failed (/run/user/1000/hidra.kbd). Waiting for QEMU to listen... (set HID_SOCK or run scripts/run_qemu.sh)
[msquic] stream: RECEIVE bytes=16 buffers=1 pending=0
[lat] dt_ms=58 cmd=quic_edge seq=415 usage=40
[hidra] HID socket connect failed (/run/user/1000/hidra.kbd). Waiting for QEMU to listen... (set HID_SOCK or run scripts/run_qemu.sh)
[msquic] stream: RECEIVE bytes=16 buffers=1 pending=0
[lat] dt_ms=66 cmd=quic_edge seq=416 usage=4
[hidra] HID socket connect failed (/run/user/1000/hidra.kbd). Waiting for QEMU to listen... (set HID_SOCK or run scripts/run_qemu.sh)
[msquic] stream: RECEIVE bytes=16 buffers=1 pending=0
[lat] dt_ms=72 cmd=quic_edge seq=417 usage=4
[hidra] HID socket connect failed (/run/user/1000/hidra.kbd). Waiting for QEMU to listen... (set HID_SOCK or run scripts/run_qemu.sh)
[msquic] stream: RECEIVE bytes=16 buffers=1 pending=0
[lat] dt_ms=66 cmd=quic_edge seq=418 usage=19
[hidra] HID socket connect failed (/run/user/1000/hidra.kbd). Waiting for QEMU to listen... (set HID_SOCK or run scripts/run_qemu.sh)
[msquic] stream: RECEIVE bytes=16 buffers=1 pending=0
[lat] dt_ms=42 cmd=quic_edge seq=419 usage=19
[hidra] HID socket connect failed (/run/user/1000/hidra.kbd). Waiting for QEMU to listen... (set HID_SOCK or run scripts/run_qemu.sh)
[msquic] stream: RECEIVE bytes=16 buffers=1 pending=0
[lat] dt_ms=53 cmd=quic_edge seq=420 usage=23
[hidra] HID socket connect failed (/run/user/1000/hidra.kbd). Waiting for QEMU to listen... (set HID_SOCK or run scripts/run_qemu.sh)
[msquic] stream: RECEIVE bytes=16 buffers=1 pending=0
[lat] dt_ms=53 cmd=quic_edge seq=421 usage=23
[hidra] HID socket connect failed (/run/user/1000/hidra.kbd). Waiting for QEMU to listen... (set HID_SOCK or run scripts/run_qemu.sh)
[msquic] stream: RECEIVE bytes=16 buffers=1 pending=0
[lat] dt_ms=63 cmd=quic_edge seq=422 usage=40
[hidra] HID socket connect failed (/run/user/1000/hidra.kbd). Waiting for QEMU to listen... (set HID_SOCK or run scripts/run_qemu.sh)
[msquic] stream: RECEIVE bytes=16 buffers=1 pending=0
[lat] dt_ms=57 cmd=quic_edge seq=423 usage=40
[hidra] HID socket connect failed (/run/user/1000/hidra.kbd). Waiting for QEMU to listen... (set HID_SOCK or run scripts/run_qemu.sh)
[msquic] stream: RECEIVE bytes=16 buffers=1 pending=0
[lat] dt_ms=79 cmd=quic_edge seq=424 usage=4
[hidra] HID socket connect failed (/run/user/1000/hidra.kbd). Waiting for QEMU to listen... (set HID_SOCK or run scripts/run_qemu.sh)
[msquic] stream: RECEIVE bytes=16 buffers=1 pending=0
[lat] dt_ms=75 cmd=quic_edge seq=425 usage=4
[hidra] HID socket connect failed (/run/user/1000/hidra.kbd). Waiting for QEMU to listen... (set HID_SOCK or run scripts/run_qemu.sh)
[msquic] stream: RECEIVE bytes=16 buffers=1 pending=0
[lat] dt_ms=72 cmd=quic_edge seq=426 usage=19
[hidra] HID socket connect failed (/run/user/1000/hidra.kbd). Waiting for QEMU to listen... (set HID_SOCK or run scripts/run_qemu.sh)
[msquic] stream: RECEIVE bytes=16 buffers=1 pending=0
[lat] dt_ms=65 cmd=quic_edge seq=427 usage=19
[hidra] HID socket connect failed (/run/user/1000/hidra.kbd). Waiting for QEMU to listen... (set HID_SOCK or run scripts/run_qemu.sh)
[msquic] stream: RECEIVE bytes=16 buffers=1 pending=0
[lat] dt_ms=73 cmd=quic_edge seq=428 usage=23
[hidra] HID socket connect failed (/run/user/1000/hidra.kbd). Waiting for QEMU to listen... (set HID_SOCK or run scripts/run_qemu.sh)
[msquic] stream: RECEIVE bytes=16 buffers=1 pending=0
[lat] dt_ms=44 cmd=quic_edge seq=429 usage=23
[hidra] HID socket connect failed (/run/user/1000/hidra.kbd). Waiting for QEMU to listen... (set HID_SOCK or run scripts/run_qemu.sh)
[msquic] stream: RECEIVE bytes=16 buffers=1 pending=0
[lat] dt_ms=78 cmd=quic_edge seq=430 usage=40
[hidra] HID socket connect failed (/run/user/1000/hidra.kbd). Waiting for QEMU to listen... (set HID_SOCK or run scripts/run_qemu.sh)
[msquic] stream: RECEIVE bytes=16 buffers=1 pending=0
[lat] dt_ms=48 cmd=quic_edge seq=431 usage=40
[hidra] HID socket connect failed (/run/user/1000/hidra.kbd). Waiting for QEMU to listen... (set HID_SOCK or run scripts/run_qemu.sh)
[msquic] stream: RECEIVE bytes=16 buffers=1 pending=0
[lat] dt_ms=74 cmd=quic_edge seq=432 usage=4
[hidra] HID socket connect failed (/run/user/1000/hidra.kbd). Waiting for QEMU to listen... (set HID_SOCK or run scripts/run_qemu.sh)
[msquic] stream: RECEIVE bytes=16 buffers=1 pending=0
[lat] dt_ms=43 cmd=quic_edge seq=433 usage=4
[hidra] HID socket connect failed (/run/user/1000/hidra.kbd). Waiting for QEMU to listen... (set HID_SOCK or run scripts/run_qemu.sh)
[msquic] stream: RECEIVE bytes=16 buffers=1 pending=0
[lat] dt_ms=66 cmd=quic_edge seq=434 usage=19
[hidra] HID socket connect failed (/run/user/1000/hidra.kbd). Waiting for QEMU to listen... (set HID_SOCK or run scripts/run_qemu.sh)
[msquic] stream: RECEIVE bytes=16 buffers=1 pending=0
[lat] dt_ms=43 cmd=quic_edge seq=435 usage=19
[hidra] HID socket connect failed (/run/user/1000/hidra.kbd). Waiting for QEMU to listen... (set HID_SOCK or run scripts/run_qemu.sh)
[msquic] stream: RECEIVE bytes=16 buffers=1 pending=0
[lat] dt_ms=66 cmd=quic_edge seq=436 usage=23
[hidra] HID socket connect failed (/run/user/1000/hidra.kbd). Waiting for QEMU to listen... (set HID_SOCK or run scripts/run_qemu.sh)
[msquic] stream: RECEIVE bytes=16 buffers=1 pending=0
[lat] dt_ms=62 cmd=quic_edge seq=437 usage=23
[hidra] HID socket connect failed (/run/user/1000/hidra.kbd). Waiting for QEMU to listen... (set HID_SOCK or run scripts/run_qemu.sh)
[msquic] stream: RECEIVE bytes=16 buffers=1 pending=0
[lat] dt_ms=40 cmd=quic_edge seq=438 usage=40
[hidra] HID socket connect failed (/run/user/1000/hidra.kbd). Waiting for QEMU to listen... (set HID_SOCK or run scripts/run_qemu.sh)
[msquic] stream: RECEIVE bytes=16 buffers=1 pending=0
[lat] dt_ms=79 cmd=quic_edge seq=439 usage=40
[hidra] HID socket connect failed (/run/user/1000/hidra.kbd). Waiting for QEMU to listen... (set HID_SOCK or run scripts/run_qemu.sh)
[msquic] stream: RECEIVE bytes=16 buffers=1 pending=0
[lat] dt_ms=55 cmd=quic_edge seq=440 usage=4
[hidra] HID socket connect failed (/run/user/1000/hidra.kbd). Waiting for QEMU to listen... (set HID_SOCK or run scripts/run_qemu.sh)
[msquic] stream: RECEIVE bytes=16 buffers=1 pending=0
[lat] dt_ms=48 cmd=quic_edge seq=441 usage=4
[hidra] HID socket connect failed (/run/user/1000/hidra.kbd). Waiting for QEMU to listen... (set HID_SOCK or run scripts/run_qemu.sh)
[msquic] stream: RECEIVE bytes=16 buffers=1 pending=0
[lat] dt_ms=63 cmd=quic_edge seq=442 usage=19
[hidra] HID socket connect failed (/run/user/1000/hidra.kbd). Waiting for QEMU to listen... (set HID_SOCK or run scripts/run_qemu.sh)
[msquic] stream: RECEIVE bytes=16 buffers=1 pending=0
[lat] dt_ms=53 cmd=quic_edge seq=443 usage=19
[hidra] HID socket connect failed (/run/user/1000/hidra.kbd). Waiting for QEMU to listen... (set HID_SOCK or run scripts/run_qemu.sh)
[msquic] stream: RECEIVE bytes=16 buffers=1 pending=0
[lat] dt_ms=43 cmd=quic_edge seq=444 usage=23
[hidra] HID socket connect failed (/run/user/1000/hidra.kbd). Waiting for QEMU to listen... (set HID_SOCK or run scripts/run_qemu.sh)
[msquic] stream: RECEIVE bytes=16 buffers=1 pending=0
[lat] dt_ms=69 cmd=quic_edge seq=445 usage=23
[hidra] HID socket connect failed (/run/user/1000/hidra.kbd). Waiting for QEMU to listen... (set HID_SOCK or run scripts/run_qemu.sh)
[msquic] stream: RECEIVE bytes=16 buffers=1 pending=0
[lat] dt_ms=75 cmd=quic_edge seq=446 usage=40
[hidra] HID socket connect failed (/run/user/1000/hidra.kbd). Waiting for QEMU to listen... (set HID_SOCK or run scripts/run_qemu.sh)
[msquic] stream: RECEIVE bytes=16 buffers=1 pending=0
[lat] dt_ms=76 cmd=quic_edge seq=447 usage=40
[hidra] HID socket connect failed (/run/user/1000/hidra.kbd). Waiting for QEMU to listen... (set HID_SOCK or run scripts/run_qemu.sh)
[msquic] stream: RECEIVE bytes=16 buffers=1 pending=0
[lat] dt_ms=47 cmd=quic_edge seq=448 usage=4
[hidra] HID socket connect failed (/run/user/1000/hidra.kbd). Waiting for QEMU to listen... (set HID_SOCK or run scripts/run_qemu.sh)
[msquic] stream: RECEIVE bytes=16 buffers=1 pending=0
[lat] dt_ms=51 cmd=quic_edge seq=449 usage=4
[hidra] HID socket connect failed (/run/user/1000/hidra.kbd). Waiting for QEMU to listen... (set HID_SOCK or run scripts/run_qemu.sh)
[msquic] stream: RECEIVE bytes=16 buffers=1 pending=0
[lat] dt_ms=70 cmd=quic_edge seq=450 usage=19
[hidra] HID socket connect failed (/run/user/1000/hidra.kbd). Waiting for QEMU to listen... (set HID_SOCK or run scripts/run_qemu.sh)
[msquic] stream: RECEIVE bytes=16 buffers=1 pending=0
[lat] dt_ms=41 cmd=quic_edge seq=451 usage=19
[hidra] HID socket connect failed (/run/user/1000/hidra.kbd). Waiting for QEMU to listen... (set HID_SOCK or run scripts/run_qemu.sh)
[msquic] stream: RECEIVE bytes=16 buffers=1 pending=0
[lat] dt_ms=66 cmd=quic_edge seq=452 usage=23
[hidra] HID socket connect failed (/run/user/1000/hidra.kbd). Waiting for QEMU to listen... (set HID_SOCK or run scripts/run_qemu.sh)
[msquic] stream: RECEIVE bytes=16 buffers=1 pending=0
[lat] dt_ms=55 cmd=quic_edge seq=453 usage=23
[hidra] HID socket connect failed (/run/user/1000/hidra.kbd). Waiting for QEMU to listen... (set HID_SOCK or run scripts/run_qemu.sh)
[msquic] stream: RECEIVE bytes=16 buffers=1 pending=0
[lat] dt_ms=75 cmd=quic_edge seq=454 usage=40
[hidra] HID socket connect failed (/run/user/1000/hidra.kbd). Waiting for QEMU to listen... (set HID_SOCK or run scripts/run_qemu.sh)
[msquic] stream: RECEIVE bytes=16 buffers=1 pending=0
[lat] dt_ms=70 cmd=quic_edge seq=455 usage=40
[hidra] HID socket connect failed (/run/user/1000/hidra.kbd). Waiting for QEMU to listen... (set HID_SOCK or run scripts/run_qemu.sh)
[msquic] stream: RECEIVE bytes=16 buffers=1 pending=0
[lat] dt_ms=79 cmd=quic_edge seq=456 usage=4
[hidra] HID socket connect failed (/run/user/1000/hidra.kbd). Waiting for QEMU to listen... (set HID_SOCK or run scripts/run_qemu.sh)
[msquic] stream: RECEIVE bytes=16 buffers=1 pending=0
[lat] dt_ms=71 cmd=quic_edge seq=457 usage=4
[hidra] HID socket connect failed (/run/user/1000/hidra.kbd). Waiting for QEMU to listen... (set HID_SOCK or run scripts/run_qemu.sh)
[msquic] stream: RECEIVE bytes=16 buffers=1 pending=0
[lat] dt_ms=78 cmd=quic_edge seq=458 usage=19
[hidra] HID socket connect failed (/run/user/1000/hidra.kbd). Waiting for QEMU to listen... (set HID_SOCK or run scripts/run_qemu.sh)
[msquic] stream: RECEIVE bytes=16 buffers=1 pending=0
[lat] dt_ms=72 cmd=quic_edge seq=459 usage=19
[hidra] HID socket connect failed (/run/user/1000/hidra.kbd). Waiting for QEMU to listen... (set HID_SOCK or run scripts/run_qemu.sh)
[msquic] stream: RECEIVE bytes=16 buffers=1 pending=0
[lat] dt_ms=53 cmd=quic_edge seq=460 usage=23
[hidra] HID socket connect failed (/run/user/1000/hidra.kbd). Waiting for QEMU to listen... (set HID_SOCK or run scripts/run_qemu.sh)
[msquic] stream: RECEIVE bytes=16 buffers=1 pending=0
[lat] dt_ms=56 cmd=quic_edge seq=461 usage=23
[hidra] HID socket connect failed (/run/user/1000/hidra.kbd). Waiting for QEMU to listen... (set HID_SOCK or run scripts/run_qemu.sh)
[msquic] stream: RECEIVE bytes=16 buffers=1 pending=0
[lat] dt_ms=67 cmd=quic_edge seq=462 usage=40
[hidra] HID socket connect failed (/run/user/1000/hidra.kbd). Waiting for QEMU to listen... (set HID_SOCK or run scripts/run_qemu.sh)
[msquic] stream: RECEIVE bytes=16 buffers=1 pending=0
[lat] dt_ms=63 cmd=quic_edge seq=463 usage=40
[hidra] HID socket connect failed (/run/user/1000/hidra.kbd). Waiting for QEMU to listen... (set HID_SOCK or run scripts/run_qemu.sh)
[msquic] stream: RECEIVE bytes=16 buffers=1 pending=0
[lat] dt_ms=68 cmd=quic_edge seq=464 usage=4
[hidra] HID socket connect failed (/run/user/1000/hidra.kbd). Waiting for QEMU to listen... (set HID_SOCK or run scripts/run_qemu.sh)
[msquic] stream: RECEIVE bytes=16 buffers=1 pending=0
[lat] dt_ms=72 cmd=quic_edge seq=465 usage=4
[hidra] HID socket connect failed (/run/user/1000/hidra.kbd). Waiting for QEMU to listen... (set HID_SOCK or run scripts/run_qemu.sh)
[msquic] stream: RECEIVE bytes=16 buffers=1 pending=0
[lat] dt_ms=74 cmd=quic_edge seq=466 usage=19
[hidra] HID socket connect failed (/run/user/1000/hidra.kbd). Waiting for QEMU to listen... (set HID_SOCK or run scripts/run_qemu.sh)
[msquic] stream: RECEIVE bytes=16 buffers=1 pending=0
[lat] dt_ms=45 cmd=quic_edge seq=467 usage=19
[hidra] HID socket connect failed (/run/user/1000/hidra.kbd). Waiting for QEMU to listen... (set HID_SOCK or run scripts/run_qemu.sh)
[msquic] stream: RECEIVE bytes=16 buffers=1 pending=0
[lat] dt_ms=77 cmd=quic_edge seq=468 usage=23
[hidra] HID socket connect failed (/run/user/1000/hidra.kbd). Waiting for QEMU to listen... (set HID_SOCK or run scripts/run_qemu.sh)
[msquic] stream: RECEIVE bytes=16 buffers=1 pending=0
[lat] dt_ms=69 cmd=quic_edge seq=469 usage=23
[hidra] HID socket connect failed (/run/user/1000/hidra.kbd). Waiting for QEMU to listen... (set HID_SOCK or run scripts/run_qemu.sh)
[msquic] stream: RECEIVE bytes=16 buffers=1 pending=0
[lat] dt_ms=46 cmd=quic_edge seq=470 usage=40
[hidra] HID socket connect failed (/run/user/1000/hidra.kbd). Waiting for QEMU to listen... (set HID_SOCK or run scripts/run_qemu.sh)
[msquic] stream: RECEIVE bytes=16 buffers=1 pending=0
[lat] dt_ms=49 cmd=quic_edge seq=471 usage=40
[hidra] HID socket connect failed (/run/user/1000/hidra.kbd). Waiting for QEMU to listen... (set HID_SOCK or run scripts/run_qemu.sh)
[msquic] stream: RECEIVE bytes=16 buffers=1 pending=0
[lat] dt_ms=79 cmd=quic_edge seq=472 usage=4
[hidra] HID socket connect failed (/run/user/1000/hidra.kbd). Waiting for QEMU to listen... (set HID_SOCK or run scripts/run_qemu.sh)
[msquic] stream: RECEIVE bytes=16 buffers=1 pending=0
[lat] dt_ms=46 cmd=quic_edge seq=473 usage=4
[hidra] HID socket connect failed (/run/user/1000/hidra.kbd). Waiting for QEMU to listen... (set HID_SOCK or run scripts/run_qemu.sh)
[msquic] stream: RECEIVE bytes=16 buffers=1 pending=0
[lat] dt_ms=75 cmd=quic_edge seq=474 usage=19
[hidra] HID socket connect failed (/run/user/1000/hidra.kbd). Waiting for QEMU to listen... (set HID_SOCK or run scripts/run_qemu.sh)
[msquic] stream: RECEIVE bytes=16 buffers=1 pending=0
[lat] dt_ms=61 cmd=quic_edge seq=475 usage=19
[hidra] HID socket connect failed (/run/user/1000/hidra.kbd). Waiting for QEMU to listen... (set HID_SOCK or run scripts/run_qemu.sh)
[msquic] stream: RECEIVE bytes=16 buffers=1 pending=0
[lat] dt_ms=47 cmd=quic_edge seq=476 usage=23
[hidra] HID socket connect failed (/run/user/1000/hidra.kbd). Waiting for QEMU to listen... (set HID_SOCK or run scripts/run_qemu.sh)
[msquic] stream: RECEIVE bytes=16 buffers=1 pending=0
[lat] dt_ms=79 cmd=quic_edge seq=477 usage=23
[hidra] HID socket connect failed (/run/user/1000/hidra.kbd). Waiting for QEMU to listen... (set HID_SOCK or run scripts/run_qemu.sh)
[msquic] stream: RECEIVE bytes=16 buffers=1 pending=0
[lat] dt_ms=68 cmd=quic_edge seq=478 usage=40
[hidra] HID socket connect failed (/run/user/1000/hidra.kbd). Waiting for QEMU to listen... (set HID_SOCK or run scripts/run_qemu.sh)
[msquic] stream: RECEIVE bytes=16 buffers=1 pending=0
[lat] dt_ms=44 cmd=quic_edge seq=479 usage=40
[hidra] HID socket connect failed (/run/user/1000/hidra.kbd). Waiting for QEMU to listen... (set HID_SOCK or run scripts/run_qemu.sh)
[msquic] stream: RECEIVE bytes=16 buffers=1 pending=0
[lat] dt_ms=42 cmd=quic_edge seq=480 usage=4
[hidra] HID socket connect failed (/run/user/1000/hidra.kbd). Waiting for QEMU to listen... (set HID_SOCK or run scripts/run_qemu.sh)
[msquic] stream: RECEIVE bytes=16 buffers=1 pending=0
[lat] dt_ms=61 cmd=quic_edge seq=481 usage=4
[hidra] HID socket connect failed (/run/user/1000/hidra.kbd). Waiting for QEMU to listen... (set HID_SOCK or run scripts/run_qemu.sh)
[msquic] stream: RECEIVE bytes=16 buffers=1 pending=0
[lat] dt_ms=80 cmd=quic_edge seq=482 usage=19
[hidra] HID socket connect failed (/run/user/1000/hidra.kbd). Waiting for QEMU to listen... (set HID_SOCK or run scripts/run_qemu.sh)
[msquic] stream: RECEIVE bytes=16 buffers=1 pending=0
[lat] dt_ms=76 cmd=quic_edge seq=483 usage=19
[hidra] HID socket connect failed (/run/user/1000/hidra.kbd). Waiting for QEMU to listen... (set HID_SOCK or run scripts/run_qemu.sh)
[msquic] stream: RECEIVE bytes=16 buffers=1 pending=0
[lat] dt_ms=53 cmd=quic_edge seq=484 usage=23
[hidra] HID socket connect failed (/run/user/1000/hidra.kbd). Waiting for QEMU to listen... (set HID_SOCK or run scripts/run_qemu.sh)
[msquic] stream: RECEIVE bytes=16 buffers=1 pending=0
[lat] dt_ms=58 cmd=quic_edge seq=485 usage=23
[hidra] HID socket connect failed (/run/user/1000/hidra.kbd). Waiting for QEMU to listen... (set HID_SOCK or run scripts/run_qemu.sh)
[msquic] stream: RECEIVE bytes=16 buffers=1 pending=0
[lat] dt_ms=54 cmd=quic_edge seq=486 usage=40
[hidra] HID socket connect failed (/run/user/1000/hidra.kbd). Waiting for QEMU to listen... (set HID_SOCK or run scripts/run_qemu.sh)
[msquic] stream: RECEIVE bytes=16 buffers=1 pending=0
[lat] dt_ms=76 cmd=quic_edge seq=487 usage=40
[hidra] HID socket connect failed (/run/user/1000/hidra.kbd). Waiting for QEMU to listen... (set HID_SOCK or run scripts/run_qemu.sh)
[msquic] stream: RECEIVE bytes=16 buffers=1 pending=0
[lat] dt_ms=78 cmd=quic_edge seq=488 usage=4
[hidra] HID socket connect failed (/run/user/1000/hidra.kbd). Waiting for QEMU to listen... (set HID_SOCK or run scripts/run_qemu.sh)
[msquic] stream: RECEIVE bytes=16 buffers=1 pending=0
[lat] dt_ms=77 cmd=quic_edge seq=489 usage=4
[hidra] HID socket connect failed (/run/user/1000/hidra.kbd). Waiting for QEMU to listen... (set HID_SOCK or run scripts/run_qemu.sh)
[msquic] stream: RECEIVE bytes=16 buffers=1 pending=0
[lat] dt_ms=52 cmd=quic_edge seq=490 usage=19
[hidra] HID socket connect failed (/run/user/1000/hidra.kbd). Waiting for QEMU to listen... (set HID_SOCK or run scripts/run_qemu.sh)
[msquic] stream: RECEIVE bytes=16 buffers=1 pending=0
[lat] dt_ms=71 cmd=quic_edge seq=491 usage=19
[hidra] HID socket connect failed (/run/user/1000/hidra.kbd). Waiting for QEMU to listen... (set HID_SOCK or run scripts/run_qemu.sh)
[msquic] stream: RECEIVE bytes=16 buffers=1 pending=0
[lat] dt_ms=55 cmd=quic_edge seq=492 usage=23
[hidra] HID socket connect failed (/run/user/1000/hidra.kbd). Waiting for QEMU to listen... (set HID_SOCK or run scripts/run_qemu.sh)
[msquic] stream: RECEIVE bytes=16 buffers=1 pending=0
[lat] dt_ms=52 cmd=quic_edge seq=493 usage=23
[hidra] HID socket connect failed (/run/user/1000/hidra.kbd). Waiting for QEMU to listen... (set HID_SOCK or run scripts/run_qemu.sh)
[msquic] stream: RECEIVE bytes=16 buffers=1 pending=0
[lat] dt_ms=54 cmd=quic_edge seq=494 usage=40
[hidra] HID socket connect failed (/run/user/1000/hidra.kbd). Waiting for QEMU to listen... (set HID_SOCK or run scripts/run_qemu.sh)
[msquic] stream: RECEIVE bytes=16 buffers=1 pending=0
[lat] dt_ms=77 cmd=quic_edge seq=495 usage=40
[hidra] HID socket connect failed (/run/user/1000/hidra.kbd). Waiting for QEMU to listen... (set HID_SOCK or run scripts/run_qemu.sh)
[msquic] stream: RECEIVE bytes=16 buffers=1 pending=0
[lat] dt_ms=56 cmd=quic_edge seq=496 usage=4
[hidra] HID socket connect failed (/run/user/1000/hidra.kbd). Waiting for QEMU to listen... (set HID_SOCK or run scripts/run_qemu.sh)
[msquic] stream: RECEIVE bytes=16 buffers=1 pending=0
[lat] dt_ms=44 cmd=quic_edge seq=497 usage=4
[hidra] HID socket connect failed (/run/user/1000/hidra.kbd). Waiting for QEMU to listen... (set HID_SOCK or run scripts/run_qemu.sh)
[msquic] stream: RECEIVE bytes=16 buffers=1 pending=0
[lat] dt_ms=72 cmd=quic_edge seq=498 usage=19
[hidra] HID socket connect failed (/run/user/1000/hidra.kbd). Waiting for QEMU to listen... (set HID_SOCK or run scripts/run_qemu.sh)
[msquic] stream: RECEIVE bytes=16 buffers=1 pending=0
[lat] dt_ms=40 cmd=quic_edge seq=499 usage=19
[hidra] HID socket connect failed (/run/user/1000/hidra.kbd). Waiting for QEMU to listen... (set HID_SOCK or run scripts/run_qemu.sh)
[msquic] stream: RECEIVE bytes=16 buffers=1 pending=0
[lat] dt_ms=64 cmd=quic_edge seq=500 usage=23
[hidra] HID socket connect failed (/run/user/1000/hidra.kbd). Waiting for QEMU to listen... (set HID_SOCK or run scripts/run_qemu.sh)
[msquic] stream: RECEIVE bytes=16 buffers=1 pending=0
[lat] dt_ms=73 cmd=quic_edge seq=501 usage=23
[hidra] HID socket connect failed (/run/user/1000/hidra.kbd). Waiting for QEMU to listen... (set HID_SOCK or run scripts/run_qemu.sh)
[msquic] stream: RECEIVE bytes=16 buffers=1 pending=0
[lat] dt_ms=72 cmd=quic_edge seq=502 usage=40
[hidra] HID socket connect failed (/run/user/1000/hidra.kbd). Waiting for QEMU to listen... (set HID_SOCK or run scripts/run_qemu.sh)
[msquic] stream: RECEIVE bytes=16 buffers=1 pending=0
[lat] dt_ms=64 cmd=quic_edge seq=503 usage=40
[hidra] HID socket connect failed (/run/user/1000/hidra.kbd). Waiting for QEMU to listen... (set HID_SOCK or run scripts/run_qemu.sh)
[msquic] stream: RECEIVE bytes=16 buffers=1 pending=0
[lat] dt_ms=53 cmd=quic_edge seq=504 usage=4
[hidra] HID socket connect failed (/run/user/1000/hidra.kbd). Waiting for QEMU to listen... (set HID_SOCK or run scripts/run_qemu.sh)
[msquic] stream: RECEIVE bytes=16 buffers=1 pending=0
[lat] dt_ms=54 cmd=quic_edge seq=505 usage=4
[hidra] HID socket connect failed (/run/user/1000/hidra.kbd). Waiting for QEMU to listen... (set HID_SOCK or run scripts/run_qemu.sh)
[msquic] stream: RECEIVE bytes=16 buffers=1 pending=0
[lat] dt_ms=73 cmd=quic_edge seq=506 usage=19
[hidra] HID socket connect failed (/run/user/1000/hidra.kbd). Waiting for QEMU to listen... (set HID_SOCK or run scripts/run_qemu.sh)
[msquic] stream: RECEIVE bytes=16 buffers=1 pending=0
[lat] dt_ms=81 cmd=quic_edge seq=507 usage=19
[hidra] HID socket connect failed (/run/user/1000/hidra.kbd). Waiting for QEMU to listen... (set HID_SOCK or run scripts/run_qemu.sh)
[msquic] stream: RECEIVE bytes=16 buffers=1 pending=0
[lat] dt_ms=79 cmd=quic_edge seq=508 usage=23
[hidra] HID socket connect failed (/run/user/1000/hidra.kbd). Waiting for QEMU to listen... (set HID_SOCK or run scripts/run_qemu.sh)
[msquic] stream: RECEIVE bytes=16 buffers=1 pending=0
[lat] dt_ms=49 cmd=quic_edge seq=509 usage=23
[hidra] HID socket connect failed (/run/user/1000/hidra.kbd). Waiting for QEMU to listen... (set HID_SOCK or run scripts/run_qemu.sh)
[msquic] stream: RECEIVE bytes=16 buffers=1 pending=0
[lat] dt_ms=67 cmd=quic_edge seq=510 usage=40
[hidra] HID socket connect failed (/run/user/1000/hidra.kbd). Waiting for QEMU to listen... (set HID_SOCK or run scripts/run_qemu.sh)
[msquic] stream: RECEIVE bytes=16 buffers=1 pending=0
[lat] dt_ms=46 cmd=quic_edge seq=511 usage=40
[hidra] HID socket connect failed (/run/user/1000/hidra.kbd). Waiting for QEMU to listen... (set HID_SOCK or run scripts/run_qemu.sh)
[msquic] stream: RECEIVE bytes=16 buffers=1 pending=0
[lat] dt_ms=78 cmd=quic_edge seq=512 usage=4
[hidra] HID socket connect failed (/run/user/1000/hidra.kbd). Waiting for QEMU to listen... (set HID_SOCK or run scripts/run_qemu.sh)
[msquic] stream: RECEIVE bytes=16 buffers=1 pending=0
[lat] dt_ms=72 cmd=quic_edge seq=513 usage=4
[hidra] HID socket connect failed (/run/user/1000/hidra.kbd). Waiting for QEMU to listen... (set HID_SOCK or run scripts/run_qemu.sh)
[msquic] stream: RECEIVE bytes=16 buffers=1 pending=0
[lat] dt_ms=57 cmd=quic_edge seq=514 usage=19
[hidra] HID socket connect failed (/run/user/1000/hidra.kbd). Waiting for QEMU to listen... (set HID_SOCK or run scripts/run_qemu.sh)
[msquic] stream: RECEIVE bytes=16 buffers=1 pending=0
[lat] dt_ms=43 cmd=quic_edge seq=515 usage=19
[hidra] HID socket connect failed (/run/user/1000/hidra.kbd). Waiting for QEMU to listen... (set HID_SOCK or run scripts/run_qemu.sh)
[msquic] stream: RECEIVE bytes=16 buffers=1 pending=0
[lat] dt_ms=50 cmd=quic_edge seq=516 usage=23
[hidra] HID socket connect failed (/run/user/1000/hidra.kbd). Waiting for QEMU to listen... (set HID_SOCK or run scripts/run_qemu.sh)
[msquic] stream: RECEIVE bytes=16 buffers=1 pending=0
[lat] dt_ms=53 cmd=quic_edge seq=517 usage=23
[hidra] HID socket connect failed (/run/user/1000/hidra.kbd). Waiting for QEMU to listen... (set HID_SOCK or run scripts/run_qemu.sh)
[msquic] stream: RECEIVE bytes=16 buffers=1 pending=0
[lat] dt_ms=76 cmd=quic_edge seq=518 usage=40
[hidra] HID socket connect failed (/run/user/1000/hidra.kbd). Waiting for QEMU to listen... (set HID_SOCK or run scripts/run_qemu.sh)
[msquic] stream: RECEIVE bytes=16 buffers=1 pending=0
[lat] dt_ms=69 cmd=quic_edge seq=519 usage=40
[hidra] HID socket connect failed (/run/user/1000/hidra.kbd). Waiting for QEMU to listen... (set HID_SOCK or run scripts/run_qemu.sh)
[msquic] stream: RECEIVE bytes=16 buffers=1 pending=0
[lat] dt_ms=60 cmd=quic_edge seq=520 usage=4
[hidra] HID socket connect failed (/run/user/1000/hidra.kbd). Waiting for QEMU to listen... (set HID_SOCK or run scripts/run_qemu.sh)
[msquic] stream: RECEIVE bytes=16 buffers=1 pending=0
[lat] dt_ms=56 cmd=quic_edge seq=521 usage=4
[hidra] HID socket connect failed (/run/user/1000/hidra.kbd). Waiting for QEMU to listen... (set HID_SOCK or run scripts/run_qemu.sh)
[msquic] stream: RECEIVE bytes=16 buffers=1 pending=0
[lat] dt_ms=74 cmd=quic_edge seq=522 usage=19
[hidra] HID socket connect failed (/run/user/1000/hidra.kbd). Waiting for QEMU to listen... (set HID_SOCK or run scripts/run_qemu.sh)
[msquic] stream: RECEIVE bytes=16 buffers=1 pending=0
[lat] dt_ms=56 cmd=quic_edge seq=523 usage=19
[hidra] HID socket connect failed (/run/user/1000/hidra.kbd). Waiting for QEMU to listen... (set HID_SOCK or run scripts/run_qemu.sh)
[msquic] stream: RECEIVE bytes=16 buffers=1 pending=0
[lat] dt_ms=57 cmd=quic_edge seq=524 usage=23
[hidra] HID socket connect failed (/run/user/1000/hidra.kbd). Waiting for QEMU to listen... (set HID_SOCK or run scripts/run_qemu.sh)
[msquic] stream: RECEIVE bytes=16 buffers=1 pending=0
[lat] dt_ms=44 cmd=quic_edge seq=525 usage=23
[hidra] HID socket connect failed (/run/user/1000/hidra.kbd). Waiting for QEMU to listen... (set HID_SOCK or run scripts/run_qemu.sh)
[msquic] stream: RECEIVE bytes=16 buffers=1 pending=0
[lat] dt_ms=43 cmd=quic_edge seq=526 usage=40
[hidra] HID socket connect failed (/run/user/1000/hidra.kbd). Waiting for QEMU to listen... (set HID_SOCK or run scripts/run_qemu.sh)
[msquic] stream: RECEIVE bytes=16 buffers=1 pending=0
[lat] dt_ms=76 cmd=quic_edge seq=527 usage=40
[hidra] HID socket connect failed (/run/user/1000/hidra.kbd). Waiting for QEMU to listen... (set HID_SOCK or run scripts/run_qemu.sh)
[msquic] stream: RECEIVE bytes=16 buffers=1 pending=0
[lat] dt_ms=66 cmd=quic_edge seq=528 usage=4
[hidra] HID socket connect failed (/run/user/1000/hidra.kbd). Waiting for QEMU to listen... (set HID_SOCK or run scripts/run_qemu.sh)
[msquic] stream: RECEIVE bytes=16 buffers=1 pending=0
[lat] dt_ms=75 cmd=quic_edge seq=529 usage=4
[hidra] HID socket connect failed (/run/user/1000/hidra.kbd). Waiting for QEMU to listen... (set HID_SOCK or run scripts/run_qemu.sh)
[msquic] stream: RECEIVE bytes=16 buffers=1 pending=0
[lat] dt_ms=46 cmd=quic_edge seq=530 usage=19
[hidra] HID socket connect failed (/run/user/1000/hidra.kbd). Waiting for QEMU to listen... (set HID_SOCK or run scripts/run_qemu.sh)
[msquic] stream: RECEIVE bytes=16 buffers=1 pending=0
[lat] dt_ms=40 cmd=quic_edge seq=531 usage=19
[hidra] HID socket connect failed (/run/user/1000/hidra.kbd). Waiting for QEMU to listen... (set HID_SOCK or run scripts/run_qemu.sh)
[msquic] stream: RECEIVE bytes=16 buffers=1 pending=0
[lat] dt_ms=59 cmd=quic_edge seq=532 usage=23
[hidra] HID socket connect failed (/run/user/1000/hidra.kbd). Waiting for QEMU to listen... (set HID_SOCK or run scripts/run_qemu.sh)
[msquic] stream: RECEIVE bytes=16 buffers=1 pending=0
[lat] dt_ms=54 cmd=quic_edge seq=533 usage=23
[hidra] HID socket connect failed (/run/user/1000/hidra.kbd). Waiting for QEMU to listen... (set HID_SOCK or run scripts/run_qemu.sh)
[msquic] stream: RECEIVE bytes=16 buffers=1 pending=0
[lat] dt_ms=67 cmd=quic_edge seq=534 usage=40
[hidra] HID socket connect failed (/run/user/1000/hidra.kbd). Waiting for QEMU to listen... (set HID_SOCK or run scripts/run_qemu.sh)
[msquic] stream: RECEIVE bytes=16 buffers=1 pending=0
[lat] dt_ms=69 cmd=quic_edge seq=535 usage=40
[hidra] HID socket connect failed (/run/user/1000/hidra.kbd). Waiting for QEMU to listen... (set HID_SOCK or run scripts/run_qemu.sh)
[msquic] stream: RECEIVE bytes=16 buffers=1 pending=0
[lat] dt_ms=66 cmd=quic_edge seq=536 usage=4
[hidra] HID socket connect failed (/run/user/1000/hidra.kbd). Waiting for QEMU to listen... (set HID_SOCK or run scripts/run_qemu.sh)
[msquic] stream: RECEIVE bytes=16 buffers=1 pending=0
[lat] dt_ms=62 cmd=quic_edge seq=537 usage=4
[hidra] HID socket connect failed (/run/user/1000/hidra.kbd). Waiting for QEMU to listen... (set HID_SOCK or run scripts/run_qemu.sh)
[msquic] stream: RECEIVE bytes=16 buffers=1 pending=0
[lat] dt_ms=43 cmd=quic_edge seq=538 usage=19
[hidra] HID socket connect failed (/run/user/1000/hidra.kbd). Waiting for QEMU to listen... (set HID_SOCK or run scripts/run_qemu.sh)
[msquic] stream: RECEIVE bytes=16 buffers=1 pending=0
[lat] dt_ms=68 cmd=quic_edge seq=539 usage=19
[hidra] HID socket connect failed (/run/user/1000/hidra.kbd). Waiting for QEMU to listen... (set HID_SOCK or run scripts/run_qemu.sh)
[msquic] stream: RECEIVE bytes=16 buffers=1 pending=0
[lat] dt_ms=66 cmd=quic_edge seq=540 usage=23
[hidra] HID socket connect failed (/run/user/1000/hidra.kbd). Waiting for QEMU to listen... (set HID_SOCK or run scripts/run_qemu.sh)
[msquic] stream: RECEIVE bytes=16 buffers=1 pending=0
[lat] dt_ms=66 cmd=quic_edge seq=541 usage=23
[hidra] HID socket connect failed (/run/user/1000/hidra.kbd). Waiting for QEMU to listen... (set HID_SOCK or run scripts/run_qemu.sh)
[msquic] stream: RECEIVE bytes=16 buffers=1 pending=0
[lat] dt_ms=74 cmd=quic_edge seq=542 usage=40
[hidra] HID socket connect failed (/run/user/1000/hidra.kbd). Waiting for QEMU to listen... (set HID_SOCK or run scripts/run_qemu.sh)
[msquic] stream: RECEIVE bytes=16 buffers=1 pending=0
[lat] dt_ms=68 cmd=quic_edge seq=543 usage=40
[hidra] HID socket connect failed (/run/user/1000/hidra.kbd). Waiting for QEMU to listen... (set HID_SOCK or run scripts/run_qemu.sh)
[msquic] stream: RECEIVE bytes=16 buffers=1 pending=0
[lat] dt_ms=45 cmd=quic_edge seq=544 usage=4
[hidra] HID socket connect failed (/run/user/1000/hidra.kbd). Waiting for QEMU to listen... (set HID_SOCK or run scripts/run_qemu.sh)
[msquic] stream: RECEIVE bytes=16 buffers=1 pending=0
[lat] dt_ms=54 cmd=quic_edge seq=545 usage=4
[hidra] HID socket connect failed (/run/user/1000/hidra.kbd). Waiting for QEMU to listen... (set HID_SOCK or run scripts/run_qemu.sh)
[msquic] stream: RECEIVE bytes=16 buffers=1 pending=0
[lat] dt_ms=76 cmd=quic_edge seq=546 usage=19
[hidra] HID socket connect failed (/run/user/1000/hidra.kbd). Waiting for QEMU to listen... (set HID_SOCK or run scripts/run_qemu.sh)
[msquic] stream: RECEIVE bytes=16 buffers=1 pending=0
[lat] dt_ms=79 cmd=quic_edge seq=547 usage=19
[hidra] HID socket connect failed (/run/user/1000/hidra.kbd). Waiting for QEMU to listen... (set HID_SOCK or run scripts/run_qemu.sh)
[msquic] stream: RECEIVE bytes=16 buffers=1 pending=0
[lat] dt_ms=74 cmd=quic_edge seq=548 usage=23
[hidra] HID socket connect failed (/run/user/1000/hidra.kbd). Waiting for QEMU to listen... (set HID_SOCK or run scripts/run_qemu.sh)
[msquic] stream: RECEIVE bytes=16 buffers=1 pending=0
[lat] dt_ms=49 cmd=quic_edge seq=549 usage=23
[hidra] HID socket connect failed (/run/user/1000/hidra.kbd). Waiting for QEMU to listen... (set HID_SOCK or run scripts/run_qemu.sh)
[msquic] stream: RECEIVE bytes=16 buffers=1 pending=0
[lat] dt_ms=51 cmd=quic_edge seq=550 usage=40
[hidra] HID socket connect failed (/run/user/1000/hidra.kbd). Waiting for QEMU to listen... (set HID_SOCK or run scripts/run_qemu.sh)
[msquic] stream: RECEIVE bytes=16 buffers=1 pending=0
[lat] dt_ms=66 cmd=quic_edge seq=551 usage=40
[hidra] HID socket connect failed (/run/user/1000/hidra.kbd). Waiting for QEMU to listen... (set HID_SOCK or run scripts/run_qemu.sh)
[msquic] stream: RECEIVE bytes=16 buffers=1 pending=0
[lat] dt_ms=79 cmd=quic_edge seq=552 usage=4
[hidra] HID socket connect failed (/run/user/1000/hidra.kbd). Waiting for QEMU to listen... (set HID_SOCK or run scripts/run_qemu.sh)
[msquic] stream: RECEIVE bytes=16 buffers=1 pending=0
[lat] dt_ms=45 cmd=quic_edge seq=553 usage=4
[hidra] HID socket connect failed (/run/user/1000/hidra.kbd). Waiting for QEMU to listen... (set HID_SOCK or run scripts/run_qemu.sh)
[msquic] stream: RECEIVE bytes=16 buffers=1 pending=0
[lat] dt_ms=43 cmd=quic_edge seq=554 usage=19
[hidra] HID socket connect failed (/run/user/1000/hidra.kbd). Waiting for QEMU to listen... (set HID_SOCK or run scripts/run_qemu.sh)
[msquic] stream: RECEIVE bytes=16 buffers=1 pending=0
[lat] dt_ms=75 cmd=quic_edge seq=555 usage=19
[hidra] HID socket connect failed (/run/user/1000/hidra.kbd). Waiting for QEMU to listen... (set HID_SOCK or run scripts/run_qemu.sh)
[msquic] stream: RECEIVE bytes=16 buffers=1 pending=0
[lat] dt_ms=76 cmd=quic_edge seq=556 usage=23
[hidra] HID socket connect failed (/run/user/1000/hidra.kbd). Waiting for QEMU to listen... (set HID_SOCK or run scripts/run_qemu.sh)
[msquic] stream: RECEIVE bytes=16 buffers=1 pending=0
[lat] dt_ms=63 cmd=quic_edge seq=557 usage=23
[hidra] HID socket connect failed (/run/user/1000/hidra.kbd). Waiting for QEMU to listen... (set HID_SOCK or run scripts/run_qemu.sh)
[msquic] stream: RECEIVE bytes=16 buffers=1 pending=0
[lat] dt_ms=73 cmd=quic_edge seq=558 usage=40
[hidra] HID socket connect failed (/run/user/1000/hidra.kbd). Waiting for QEMU to listen... (set HID_SOCK or run scripts/run_qemu.sh)
[msquic] stream: RECEIVE bytes=16 buffers=1 pending=0
[lat] dt_ms=78 cmd=quic_edge seq=559 usage=40
[hidra] HID socket connect failed (/run/user/1000/hidra.kbd). Waiting for QEMU to listen... (set HID_SOCK or run scripts/run_qemu.sh)
[msquic] stream: RECEIVE bytes=16 buffers=1 pending=0
[lat] dt_ms=53 cmd=quic_edge seq=560 usage=4
[hidra] HID socket connect failed (/run/user/1000/hidra.kbd). Waiting for QEMU to listen... (set HID_SOCK or run scripts/run_qemu.sh)
[msquic] stream: RECEIVE bytes=16 buffers=1 pending=0
[lat] dt_ms=50 cmd=quic_edge seq=561 usage=4
[hidra] HID socket connect failed (/run/user/1000/hidra.kbd). Waiting for QEMU to listen... (set HID_SOCK or run scripts/run_qemu.sh)
[msquic] stream: RECEIVE bytes=16 buffers=1 pending=0
[lat] dt_ms=81 cmd=quic_edge seq=562 usage=19
[hidra] HID socket connect failed (/run/user/1000/hidra.kbd). Waiting for QEMU to listen... (set HID_SOCK or run scripts/run_qemu.sh)
[msquic] stream: RECEIVE bytes=16 buffers=1 pending=0
[lat] dt_ms=76 cmd=quic_edge seq=563 usage=19
[hidra] HID socket connect failed (/run/user/1000/hidra.kbd). Waiting for QEMU to listen... (set HID_SOCK or run scripts/run_qemu.sh)
[msquic] stream: RECEIVE bytes=16 buffers=1 pending=0
[lat] dt_ms=70 cmd=quic_edge seq=564 usage=23
[hidra] HID socket connect failed (/run/user/1000/hidra.kbd). Waiting for QEMU to listen... (set HID_SOCK or run scripts/run_qemu.sh)
[msquic] stream: RECEIVE bytes=16 buffers=1 pending=0
[lat] dt_ms=75 cmd=quic_edge seq=565 usage=23
[hidra] HID socket connect failed (/run/user/1000/hidra.kbd). Waiting for QEMU to listen... (set HID_SOCK or run scripts/run_qemu.sh)
[msquic] stream: RECEIVE bytes=16 buffers=1 pending=0
[lat] dt_ms=75 cmd=quic_edge seq=566 usage=40
[hidra] HID socket connect failed (/run/user/1000/hidra.kbd). Waiting for QEMU to listen... (set HID_SOCK or run scripts/run_qemu.sh)
[msquic] stream: RECEIVE bytes=16 buffers=1 pending=0
[lat] dt_ms=64 cmd=quic_edge seq=567 usage=40
[hidra] HID socket connect failed (/run/user/1000/hidra.kbd). Waiting for QEMU to listen... (set HID_SOCK or run scripts/run_qemu.sh)
[msquic] stream: RECEIVE bytes=16 buffers=1 pending=0
[lat] dt_ms=45 cmd=quic_edge seq=568 usage=4
[hidra] HID socket connect failed (/run/user/1000/hidra.kbd). Waiting for QEMU to listen... (set HID_SOCK or run scripts/run_qemu.sh)
[msquic] stream: RECEIVE bytes=16 buffers=1 pending=0
[lat] dt_ms=59 cmd=quic_edge seq=569 usage=4
[hidra] HID socket connect failed (/run/user/1000/hidra.kbd). Waiting for QEMU to listen... (set HID_SOCK or run scripts/run_qemu.sh)
[msquic] stream: RECEIVE bytes=16 buffers=1 pending=0
[lat] dt_ms=49 cmd=quic_edge seq=570 usage=19
[hidra] HID socket connect failed (/run/user/1000/hidra.kbd). Waiting for QEMU to listen... (set HID_SOCK or run scripts/run_qemu.sh)
[msquic] stream: RECEIVE bytes=16 buffers=1 pending=0
[lat] dt_ms=80 cmd=quic_edge seq=571 usage=19
[hidra] HID socket connect failed (/run/user/1000/hidra.kbd). Waiting for QEMU to listen... (set HID_SOCK or run scripts/run_qemu.sh)
[msquic] stream: RECEIVE bytes=16 buffers=1 pending=0
[lat] dt_ms=57 cmd=quic_edge seq=572 usage=23
[hidra] HID socket connect failed (/run/user/1000/hidra.kbd). Waiting for QEMU to listen... (set HID_SOCK or run scripts/run_qemu.sh)
[msquic] stream: RECEIVE bytes=16 buffers=1 pending=0
[lat] dt_ms=61 cmd=quic_edge seq=573 usage=23
[hidra] HID socket connect failed (/run/user/1000/hidra.kbd). Waiting for QEMU to listen... (set HID_SOCK or run scripts/run_qemu.sh)
[msquic] stream: RECEIVE bytes=16 buffers=1 pending=0
[lat] dt_ms=50 cmd=quic_edge seq=574 usage=40
[hidra] HID socket connect failed (/run/user/1000/hidra.kbd). Waiting for QEMU to listen... (set HID_SOCK or run scripts/run_qemu.sh)
[msquic] stream: RECEIVE bytes=16 buffers=1 pending=0
[lat] dt_ms=74 cmd=quic_edge seq=575 usage=40
[hidra] HID socket connect failed (/run/user/1000/hidra.kbd). Waiting for QEMU to listen... (set HID_SOCK or run scripts/run_qemu.sh)
[msquic] stream: RECEIVE bytes=16 buffers=1 pending=0
[lat] dt_ms=69 cmd=quic_edge seq=576 usage=4
[hidra] HID socket connect failed (/run/user/1000/hidra.kbd). Waiting for QEMU to listen... (set HID_SOCK or run scripts/run_qemu.sh)
[msquic] stream: RECEIVE bytes=16 buffers=1 pending=0
[lat] dt_ms=78 cmd=quic_edge seq=577 usage=4
[hidra] HID socket connect failed (/run/user/1000/hidra.kbd). Waiting for QEMU to listen... (set HID_SOCK or run scripts/run_qemu.sh)
[msquic] stream: RECEIVE bytes=16 buffers=1 pending=0
[lat] dt_ms=49 cmd=quic_edge seq=578 usage=19
[hidra] HID socket connect failed (/run/user/1000/hidra.kbd). Waiting for QEMU to listen... (set HID_SOCK or run scripts/run_qemu.sh)
[msquic] stream: RECEIVE bytes=16 buffers=1 pending=0
[lat] dt_ms=57 cmd=quic_edge seq=579 usage=19
[hidra] HID socket connect failed (/run/user/1000/hidra.kbd). Waiting for QEMU to listen... (set HID_SOCK or run scripts/run_qemu.sh)
[msquic] stream: RECEIVE bytes=16 buffers=1 pending=0
[lat] dt_ms=74 cmd=quic_edge seq=580 usage=23
[hidra] HID socket connect failed (/run/user/1000/hidra.kbd). Waiting for QEMU to listen... (set HID_SOCK or run scripts/run_qemu.sh)
[msquic] stream: RECEIVE bytes=16 buffers=1 pending=0
[lat] dt_ms=69 cmd=quic_edge seq=581 usage=23
[hidra] HID socket connect failed (/run/user/1000/hidra.kbd). Waiting for QEMU to listen... (set HID_SOCK or run scripts/run_qemu.sh)
[msquic] stream: RECEIVE bytes=16 buffers=1 pending=0
[lat] dt_ms=52 cmd=quic_edge seq=582 usage=40
[hidra] HID socket connect failed (/run/user/1000/hidra.kbd). Waiting for QEMU to listen... (set HID_SOCK or run scripts/run_qemu.sh)
[msquic] stream: RECEIVE bytes=16 buffers=1 pending=0
[lat] dt_ms=57 cmd=quic_edge seq=583 usage=40
[hidra] HID socket connect failed (/run/user/1000/hidra.kbd). Waiting for QEMU to listen... (set HID_SOCK or run scripts/run_qemu.sh)
[msquic] stream: RECEIVE bytes=16 buffers=1 pending=0
[lat] dt_ms=69 cmd=quic_edge seq=584 usage=4
[hidra] HID socket connect failed (/run/user/1000/hidra.kbd). Waiting for QEMU to listen... (set HID_SOCK or run scripts/run_qemu.sh)
[msquic] stream: RECEIVE bytes=16 buffers=1 pending=0
[lat] dt_ms=76 cmd=quic_edge seq=585 usage=4
[hidra] HID socket connect failed (/run/user/1000/hidra.kbd). Waiting for QEMU to listen... (set HID_SOCK or run scripts/run_qemu.sh)
[msquic] stream: RECEIVE bytes=16 buffers=1 pending=0
[lat] dt_ms=62 cmd=quic_edge seq=586 usage=19
[hidra] HID socket connect failed (/run/user/1000/hidra.kbd). Waiting for QEMU to listen... (set HID_SOCK or run scripts/run_qemu.sh)
[msquic] stream: RECEIVE bytes=16 buffers=1 pending=0
[lat] dt_ms=53 cmd=quic_edge seq=587 usage=19
[hidra] HID socket connect failed (/run/user/1000/hidra.kbd). Waiting for QEMU to listen... (set HID_SOCK or run scripts/run_qemu.sh)
[msquic] stream: RECEIVE bytes=16 buffers=1 pending=0
[lat] dt_ms=45 cmd=quic_edge seq=588 usage=23
[hidra] HID socket connect failed (/run/user/1000/hidra.kbd). Waiting for QEMU to listen... (set HID_SOCK or run scripts/run_qemu.sh)
[msquic] stream: RECEIVE bytes=16 buffers=1 pending=0
[lat] dt_ms=61 cmd=quic_edge seq=589 usage=23
[hidra] HID socket connect failed (/run/user/1000/hidra.kbd). Waiting for QEMU to listen... (set HID_SOCK or run scripts/run_qemu.sh)
[msquic] stream: RECEIVE bytes=16 buffers=1 pending=0
[lat] dt_ms=57 cmd=quic_edge seq=590 usage=40
[hidra] HID socket connect failed (/run/user/1000/hidra.kbd). Waiting for QEMU to listen... (set HID_SOCK or run scripts/run_qemu.sh)
[msquic] stream: RECEIVE bytes=16 buffers=1 pending=0
[lat] dt_ms=56 cmd=quic_edge seq=591 usage=40
[hidra] HID socket connect failed (/run/user/1000/hidra.kbd). Waiting for QEMU to listen... (set HID_SOCK or run scripts/run_qemu.sh)
[msquic] stream: RECEIVE bytes=16 buffers=1 pending=0
[lat] dt_ms=57 cmd=quic_edge seq=592 usage=4
[hidra] HID socket connect failed (/run/user/1000/hidra.kbd). Waiting for QEMU to listen... (set HID_SOCK or run scripts/run_qemu.sh)
[msquic] stream: RECEIVE bytes=16 buffers=1 pending=0
[lat] dt_ms=78 cmd=quic_edge seq=593 usage=4
[hidra] HID socket connect failed (/run/user/1000/hidra.kbd). Waiting for QEMU to listen... (set HID_SOCK or run scripts/run_qemu.sh)
[msquic] stream: RECEIVE bytes=16 buffers=1 pending=0
[lat] dt_ms=60 cmd=quic_edge seq=594 usage=19
[hidra] HID socket connect failed (/run/user/1000/hidra.kbd). Waiting for QEMU to listen... (set HID_SOCK or run scripts/run_qemu.sh)
[msquic] stream: RECEIVE bytes=16 buffers=1 pending=0
[lat] dt_ms=76 cmd=quic_edge seq=595 usage=19
[hidra] HID socket connect failed (/run/user/1000/hidra.kbd). Waiting for QEMU to listen... (set HID_SOCK or run scripts/run_qemu.sh)
[msquic] stream: RECEIVE bytes=16 buffers=1 pending=0
[lat] dt_ms=49 cmd=quic_edge seq=596 usage=23
[hidra] HID socket connect failed (/run/user/1000/hidra.kbd). Waiting for QEMU to listen... (set HID_SOCK or run scripts/run_qemu.sh)
[msquic] stream: RECEIVE bytes=16 buffers=1 pending=0
[lat] dt_ms=44 cmd=quic_edge seq=597 usage=23
[hidra] HID socket connect failed (/run/user/1000/hidra.kbd). Waiting for QEMU to listen... (set HID_SOCK or run scripts/run_qemu.sh)
[msquic] stream: RECEIVE bytes=16 buffers=1 pending=0
[lat] dt_ms=63 cmd=quic_edge seq=598 usage=40
[hidra] HID socket connect failed (/run/user/1000/hidra.kbd). Waiting for QEMU to listen... (set HID_SOCK or run scripts/run_qemu.sh)
[msquic] stream: RECEIVE bytes=16 buffers=1 pending=0
[lat] dt_ms=68 cmd=quic_edge seq=599 usage=40
[hidra] HID socket connect failed (/run/user/1000/hidra.kbd). Waiting for QEMU to listen... (set HID_SOCK or run scripts/run_qemu.sh)
[msquic] stream: RECEIVE bytes=16 buffers=1 pending=0
[lat] dt_ms=68 cmd=quic_edge seq=600 usage=4
[hidra] HID socket connect failed (/run/user/1000/hidra.kbd). Waiting for QEMU to listen... (set HID_SOCK or run scripts/run_qemu.sh)
[msquic] stream: RECEIVE bytes=16 buffers=1 pending=0
[lat] dt_ms=49 cmd=quic_edge seq=601 usage=4
[hidra] HID socket connect failed (/run/user/1000/hidra.kbd). Waiting for QEMU to listen... (set HID_SOCK or run scripts/run_qemu.sh)
[msquic] stream: RECEIVE bytes=16 buffers=1 pending=0
[lat] dt_ms=68 cmd=quic_edge seq=602 usage=19
[hidra] HID socket connect failed (/run/user/1000/hidra.kbd). Waiting for QEMU to listen... (set HID_SOCK or run scripts/run_qemu.sh)
[msquic] stream: RECEIVE bytes=16 buffers=1 pending=0
[lat] dt_ms=57 cmd=quic_edge seq=603 usage=19
[hidra] HID socket connect failed (/run/user/1000/hidra.kbd). Waiting for QEMU to listen... (set HID_SOCK or run scripts/run_qemu.sh)
[msquic] stream: RECEIVE bytes=16 buffers=1 pending=0
[lat] dt_ms=44 cmd=quic_edge seq=604 usage=23
[hidra] HID socket connect failed (/run/user/1000/hidra.kbd). Waiting for QEMU to listen... (set HID_SOCK or run scripts/run_qemu.sh)
[msquic] stream: RECEIVE bytes=16 buffers=1 pending=0
[lat] dt_ms=56 cmd=quic_edge seq=605 usage=23
[hidra] HID socket connect failed (/run/user/1000/hidra.kbd). Waiting for QEMU to listen... (set HID_SOCK or run scripts/run_qemu.sh)
[msquic] stream: RECEIVE bytes=16 buffers=1 pending=0
[lat] dt_ms=79 cmd=quic_edge seq=606 usage=40
[hidra] HID socket connect failed (/run/user/1000/hidra.kbd). Waiting for QEMU to listen... (set HID_SOCK or run scripts/run_qemu.sh)
[msquic] stream: RECEIVE bytes=16 buffers=1 pending=0
[lat] dt_ms=62 cmd=quic_edge seq=607 usage=40
[hidra] HID socket connect failed (/run/user/1000/hidra.kbd). Waiting for QEMU to listen... (set HID_SOCK or run scripts/run_qemu.sh)
[msquic] stream: RECEIVE bytes=16 buffers=1 pending=0
[lat] dt_ms=46 cmd=quic_edge seq=608 usage=4
[hidra] HID socket connect failed (/run/user/1000/hidra.kbd). Waiting for QEMU to listen... (set HID_SOCK or run scripts/run_qemu.sh)
[msquic] stream: RECEIVE bytes=16 buffers=1 pending=0
[lat] dt_ms=42 cmd=quic_edge seq=609 usage=4
[hidra] HID socket connect failed (/run/user/1000/hidra.kbd). Waiting for QEMU to listen... (set HID_SOCK or run scripts/run_qemu.sh)
[msquic] stream: RECEIVE bytes=16 buffers=1 pending=0
[lat] dt_ms=47 cmd=quic_edge seq=610 usage=19
[hidra] HID socket connect failed (/run/user/1000/hidra.kbd). Waiting for QEMU to listen... (set HID_SOCK or run scripts/run_qemu.sh)
[msquic] stream: RECEIVE bytes=16 buffers=1 pending=0
[lat] dt_ms=64 cmd=quic_edge seq=611 usage=19
[hidra] HID socket connect failed (/run/user/1000/hidra.kbd). Waiting for QEMU to listen... (set HID_SOCK or run scripts/run_qemu.sh)
[msquic] stream: RECEIVE bytes=16 buffers=1 pending=0
[lat] dt_ms=69 cmd=quic_edge seq=612 usage=23
[hidra] HID socket connect failed (/run/user/1000/hidra.kbd). Waiting for QEMU to listen... (set HID_SOCK or run scripts/run_qemu.sh)
[msquic] stream: RECEIVE bytes=16 buffers=1 pending=0
[lat] dt_ms=75 cmd=quic_edge seq=613 usage=23
[hidra] HID socket connect failed (/run/user/1000/hidra.kbd). Waiting for QEMU to listen... (set HID_SOCK or run scripts/run_qemu.sh)
[msquic] stream: RECEIVE bytes=16 buffers=1 pending=0
[lat] dt_ms=76 cmd=quic_edge seq=614 usage=40
[hidra] HID socket connect failed (/run/user/1000/hidra.kbd). Waiting for QEMU to listen... (set HID_SOCK or run scripts/run_qemu.sh)
[msquic] stream: RECEIVE bytes=16 buffers=1 pending=0
[lat] dt_ms=70 cmd=quic_edge seq=615 usage=40
[hidra] HID socket connect failed (/run/user/1000/hidra.kbd). Waiting for QEMU to listen... (set HID_SOCK or run scripts/run_qemu.sh)
[msquic] stream: RECEIVE bytes=16 buffers=1 pending=0
[lat] dt_ms=56 cmd=quic_edge seq=616 usage=4
[hidra] HID socket connect failed (/run/user/1000/hidra.kbd). Waiting for QEMU to listen... (set HID_SOCK or run scripts/run_qemu.sh)
[msquic] stream: RECEIVE bytes=16 buffers=1 pending=0
[lat] dt_ms=43 cmd=quic_edge seq=617 usage=4
[hidra] HID socket connect failed (/run/user/1000/hidra.kbd). Waiting for QEMU to listen... (set HID_SOCK or run scripts/run_qemu.sh)
[msquic] stream: RECEIVE bytes=16 buffers=1 pending=0
[lat] dt_ms=72 cmd=quic_edge seq=618 usage=19
[hidra] HID socket connect failed (/run/user/1000/hidra.kbd). Waiting for QEMU to listen... (set HID_SOCK or run scripts/run_qemu.sh)
[msquic] stream: RECEIVE bytes=16 buffers=1 pending=0
[lat] dt_ms=46 cmd=quic_edge seq=619 usage=19
[hidra] HID socket connect failed (/run/user/1000/hidra.kbd). Waiting for QEMU to listen... (set HID_SOCK or run scripts/run_qemu.sh)
[msquic] stream: RECEIVE bytes=16 buffers=1 pending=0
[lat] dt_ms=74 cmd=quic_edge seq=620 usage=23
[hidra] HID socket connect failed (/run/user/1000/hidra.kbd). Waiting for QEMU to listen... (set HID_SOCK or run scripts/run_qemu.sh)
[msquic] stream: RECEIVE bytes=16 buffers=1 pending=0
[lat] dt_ms=53 cmd=quic_edge seq=621 usage=23
[hidra] HID socket connect failed (/run/user/1000/hidra.kbd). Waiting for QEMU to listen... (set HID_SOCK or run scripts/run_qemu.sh)
[msquic] stream: RECEIVE bytes=16 buffers=1 pending=0
[lat] dt_ms=48 cmd=quic_edge seq=622 usage=40
[hidra] HID socket connect failed (/run/user/1000/hidra.kbd). Waiting for QEMU to listen... (set HID_SOCK or run scripts/run_qemu.sh)
[msquic] stream: RECEIVE bytes=16 buffers=1 pending=0
[lat] dt_ms=73 cmd=quic_edge seq=623 usage=40
[hidra] HID socket connect failed (/run/user/1000/hidra.kbd). Waiting for QEMU to listen... (set HID_SOCK or run scripts/run_qemu.sh)
[msquic] stream: RECEIVE bytes=16 buffers=1 pending=0
[lat] dt_ms=67 cmd=quic_edge seq=624 usage=4
[hidra] HID socket connect failed (/run/user/1000/hidra.kbd). Waiting for QEMU to listen... (set HID_SOCK or run scripts/run_qemu.sh)
[msquic] stream: RECEIVE bytes=16 buffers=1 pending=0
[lat] dt_ms=60 cmd=quic_edge seq=625 usage=4
[hidra] HID socket connect failed (/run/user/1000/hidra.kbd). Waiting for QEMU to listen... (set HID_SOCK or run scripts/run_qemu.sh)
[msquic] stream: RECEIVE bytes=16 buffers=1 pending=0
[lat] dt_ms=79 cmd=quic_edge seq=626 usage=19
[hidra] HID socket connect failed (/run/user/1000/hidra.kbd). Waiting for QEMU to listen... (set HID_SOCK or run scripts/run_qemu.sh)
[msquic] stream: RECEIVE bytes=16 buffers=1 pending=0
[lat] dt_ms=81 cmd=quic_edge seq=627 usage=19
[hidra] HID socket connect failed (/run/user/1000/hidra.kbd). Waiting for QEMU to listen... (set HID_SOCK or run scripts/run_qemu.sh)
[msquic] stream: RECEIVE bytes=16 buffers=1 pending=0
[lat] dt_ms=70 cmd=quic_edge seq=628 usage=23
[hidra] HID socket connect failed (/run/user/1000/hidra.kbd). Waiting for QEMU to listen... (set HID_SOCK or run scripts/run_qemu.sh)
[msquic] stream: RECEIVE bytes=16 buffers=1 pending=0
[lat] dt_ms=47 cmd=quic_edge seq=629 usage=23
[hidra] HID socket connect failed (/run/user/1000/hidra.kbd). Waiting for QEMU to listen... (set HID_SOCK or run scripts/run_qemu.sh)
[msquic] stream: RECEIVE bytes=16 buffers=1 pending=0
[lat] dt_ms=41 cmd=quic_edge seq=630 usage=40
[hidra] HID socket connect failed (/run/user/1000/hidra.kbd). Waiting for QEMU to listen... (set HID_SOCK or run scripts/run_qemu.sh)
[msquic] stream: RECEIVE bytes=16 buffers=1 pending=0
[lat] dt_ms=45 cmd=quic_edge seq=631 usage=40
[hidra] HID socket connect failed (/run/user/1000/hidra.kbd). Waiting for QEMU to listen... (set HID_SOCK or run scripts/run_qemu.sh)
[msquic] stream: RECEIVE bytes=16 buffers=1 pending=0
[lat] dt_ms=45 cmd=quic_edge seq=632 usage=4
[hidra] HID socket connect failed (/run/user/1000/hidra.kbd). Waiting for QEMU to listen... (set HID_SOCK or run scripts/run_qemu.sh)
[msquic] stream: RECEIVE bytes=16 buffers=1 pending=0
[lat] dt_ms=49 cmd=quic_edge seq=633 usage=4
[hidra] HID socket connect failed (/run/user/1000/hidra.kbd). Waiting for QEMU to listen... (set HID_SOCK or run scripts/run_qemu.sh)
[msquic] stream: RECEIVE bytes=16 buffers=1 pending=0
[lat] dt_ms=55 cmd=quic_edge seq=634 usage=19
[hidra] HID socket connect failed (/run/user/1000/hidra.kbd). Waiting for QEMU to listen... (set HID_SOCK or run scripts/run_qemu.sh)
[msquic] stream: RECEIVE bytes=16 buffers=1 pending=0
[lat] dt_ms=56 cmd=quic_edge seq=635 usage=19
[hidra] HID socket connect failed (/run/user/1000/hidra.kbd). Waiting for QEMU to listen... (set HID_SOCK or run scripts/run_qemu.sh)
[msquic] stream: RECEIVE bytes=16 buffers=1 pending=0
[lat] dt_ms=54 cmd=quic_edge seq=636 usage=23
[hidra] HID socket connect failed (/run/user/1000/hidra.kbd). Waiting for QEMU to listen... (set HID_SOCK or run scripts/run_qemu.sh)
[msquic] stream: RECEIVE bytes=16 buffers=1 pending=0
[lat] dt_ms=50 cmd=quic_edge seq=637 usage=23
[hidra] HID socket connect failed (/run/user/1000/hidra.kbd). Waiting for QEMU to listen... (set HID_SOCK or run scripts/run_qemu.sh)
[msquic] stream: RECEIVE bytes=16 buffers=1 pending=0
[lat] dt_ms=61 cmd=quic_edge seq=638 usage=40
[hidra] HID socket connect failed (/run/user/1000/hidra.kbd). Waiting for QEMU to listen... (set HID_SOCK or run scripts/run_qemu.sh)
[msquic] stream: RECEIVE bytes=16 buffers=1 pending=0
[lat] dt_ms=70 cmd=quic_edge seq=639 usage=40
[hidra] HID socket connect failed (/run/user/1000/hidra.kbd). Waiting for QEMU to listen... (set HID_SOCK or run scripts/run_qemu.sh)
[msquic] stream: RECEIVE bytes=16 buffers=1 pending=0
[lat] dt_ms=77 cmd=quic_edge seq=640 usage=4
[hidra] HID socket connect failed (/run/user/1000/hidra.kbd). Waiting for QEMU to listen... (set HID_SOCK or run scripts/run_qemu.sh)
[msquic] stream: RECEIVE bytes=16 buffers=1 pending=0
[lat] dt_ms=47 cmd=quic_edge seq=641 usage=4
[hidra] HID socket connect failed (/run/user/1000/hidra.kbd). Waiting for QEMU to listen... (set HID_SOCK or run scripts/run_qemu.sh)
[msquic] stream: RECEIVE bytes=16 buffers=1 pending=0
[lat] dt_ms=71 cmd=quic_edge seq=642 usage=19
[hidra] HID socket connect failed (/run/user/1000/hidra.kbd). Waiting for QEMU to listen... (set HID_SOCK or run scripts/run_qemu.sh)
[msquic] stream: RECEIVE bytes=16 buffers=1 pending=0
[lat] dt_ms=53 cmd=quic_edge seq=643 usage=19
[hidra] HID socket connect failed (/run/user/1000/hidra.kbd). Waiting for QEMU to listen... (set HID_SOCK or run scripts/run_qemu.sh)
[msquic] stream: RECEIVE bytes=16 buffers=1 pending=0
[lat] dt_ms=73 cmd=quic_edge seq=644 usage=23
[hidra] HID socket connect failed (/run/user/1000/hidra.kbd). Waiting for QEMU to listen... (set HID_SOCK or run scripts/run_qemu.sh)
[msquic] stream: RECEIVE bytes=16 buffers=1 pending=0
[lat] dt_ms=58 cmd=quic_edge seq=645 usage=23
[hidra] HID socket connect failed (/run/user/1000/hidra.kbd). Waiting for QEMU to listen... (set HID_SOCK or run scripts/run_qemu.sh)
[msquic] stream: RECEIVE bytes=16 buffers=1 pending=0
[lat] dt_ms=73 cmd=quic_edge seq=646 usage=40
[hidra] HID socket connect failed (/run/user/1000/hidra.kbd). Waiting for QEMU to listen... (set HID_SOCK or run scripts/run_qemu.sh)
[msquic] stream: RECEIVE bytes=16 buffers=1 pending=0
[lat] dt_ms=50 cmd=quic_edge seq=647 usage=40
[hidra] HID socket connect failed (/run/user/1000/hidra.kbd). Waiting for QEMU to listen... (set HID_SOCK or run scripts/run_qemu.sh)
[msquic] stream: RECEIVE bytes=16 buffers=1 pending=0
[lat] dt_ms=45 cmd=quic_edge seq=648 usage=4
[hidra] HID socket connect failed (/run/user/1000/hidra.kbd). Waiting for QEMU to listen... (set HID_SOCK or run scripts/run_qemu.sh)
[msquic] stream: RECEIVE bytes=16 buffers=1 pending=0
[lat] dt_ms=46 cmd=quic_edge seq=649 usage=4
[hidra] HID socket connect failed (/run/user/1000/hidra.kbd). Waiting for QEMU to listen... (set HID_SOCK or run scripts/run_qemu.sh)
[msquic] stream: RECEIVE bytes=16 buffers=1 pending=0
[lat] dt_ms=55 cmd=quic_edge seq=650 usage=19
[hidra] HID socket connect failed (/run/user/1000/hidra.kbd). Waiting for QEMU to listen... (set HID_SOCK or run scripts/run_qemu.sh)
[msquic] stream: RECEIVE bytes=16 buffers=1 pending=0
[lat] dt_ms=79 cmd=quic_edge seq=651 usage=19
[hidra] HID socket connect failed (/run/user/1000/hidra.kbd). Waiting for QEMU to listen... (set HID_SOCK or run scripts/run_qemu.sh)
[msquic] stream: RECEIVE bytes=16 buffers=1 pending=0
[lat] dt_ms=65 cmd=quic_edge seq=652 usage=23
[hidra] HID socket connect failed (/run/user/1000/hidra.kbd). Waiting for QEMU to listen... (set HID_SOCK or run scripts/run_qemu.sh)
[msquic] stream: RECEIVE bytes=16 buffers=1 pending=0
[lat] dt_ms=69 cmd=quic_edge seq=653 usage=23
[hidra] HID socket connect failed (/run/user/1000/hidra.kbd). Waiting for QEMU to listen... (set HID_SOCK or run scripts/run_qemu.sh)
[msquic] stream: RECEIVE bytes=16 buffers=1 pending=0
[lat] dt_ms=68 cmd=quic_edge seq=654 usage=40
[hidra] HID socket connect failed (/run/user/1000/hidra.kbd). Waiting for QEMU to listen... (set HID_SOCK or run scripts/run_qemu.sh)
[msquic] stream: RECEIVE bytes=16 buffers=1 pending=0
[lat] dt_ms=43 cmd=quic_edge seq=655 usage=40
[hidra] HID socket connect failed (/run/user/1000/hidra.kbd). Waiting for QEMU to listen... (set HID_SOCK or run scripts/run_qemu.sh)
[msquic] stream: RECEIVE bytes=16 buffers=1 pending=0
[lat] dt_ms=68 cmd=quic_edge seq=656 usage=4
[hidra] HID socket connect failed (/run/user/1000/hidra.kbd). Waiting for QEMU to listen... (set HID_SOCK or run scripts/run_qemu.sh)
[msquic] stream: RECEIVE bytes=16 buffers=1 pending=0
[lat] dt_ms=68 cmd=quic_edge seq=657 usage=4
[hidra] HID socket connect failed (/run/user/1000/hidra.kbd). Waiting for QEMU to listen... (set HID_SOCK or run scripts/run_qemu.sh)
[msquic] stream: RECEIVE bytes=16 buffers=1 pending=0
[lat] dt_ms=56 cmd=quic_edge seq=658 usage=19
[hidra] HID socket connect failed (/run/user/1000/hidra.kbd). Waiting for QEMU to listen... (set HID_SOCK or run scripts/run_qemu.sh)
[msquic] stream: RECEIVE bytes=16 buffers=1 pending=0
[lat] dt_ms=76 cmd=quic_edge seq=659 usage=19
[hidra] HID socket connect failed (/run/user/1000/hidra.kbd). Waiting for QEMU to listen... (set HID_SOCK or run scripts/run_qemu.sh)
[msquic] stream: RECEIVE bytes=16 buffers=1 pending=0
[lat] dt_ms=80 cmd=quic_edge seq=660 usage=23
[hidra] HID socket connect failed (/run/user/1000/hidra.kbd). Waiting for QEMU to listen... (set HID_SOCK or run scripts/run_qemu.sh)
[msquic] stream: RECEIVE bytes=16 buffers=1 pending=0
[lat] dt_ms=68 cmd=quic_edge seq=661 usage=23
[hidra] HID socket connect failed (/run/user/1000/hidra.kbd). Waiting for QEMU to listen... (set HID_SOCK or run scripts/run_qemu.sh)
[msquic] stream: RECEIVE bytes=16 buffers=1 pending=0
[lat] dt_ms=45 cmd=quic_edge seq=662 usage=40
[hidra] HID socket connect failed (/run/user/1000/hidra.kbd). Waiting for QEMU to listen... (set HID_SOCK or run scripts/run_qemu.sh)
[msquic] stream: RECEIVE bytes=16 buffers=1 pending=0
[lat] dt_ms=79 cmd=quic_edge seq=663 usage=40
[hidra] HID socket connect failed (/run/user/1000/hidra.kbd). Waiting for QEMU to listen... (set HID_SOCK or run scripts/run_qemu.sh)
[msquic] stream: RECEIVE bytes=16 buffers=1 pending=0
[lat] dt_ms=48 cmd=quic_edge seq=664 usage=4
[hidra] HID socket connect failed (/run/user/1000/hidra.kbd). Waiting for QEMU to listen... (set HID_SOCK or run scripts/run_qemu.sh)
[msquic] stream: RECEIVE bytes=16 buffers=1 pending=0
[lat] dt_ms=73 cmd=quic_edge seq=665 usage=4
[hidra] HID socket connect failed (/run/user/1000/hidra.kbd). Waiting for QEMU to listen... (set HID_SOCK or run scripts/run_qemu.sh)
[msquic] stream: RECEIVE bytes=16 buffers=1 pending=0
[lat] dt_ms=66 cmd=quic_edge seq=666 usage=19
[hidra] HID socket connect failed (/run/user/1000/hidra.kbd). Waiting for QEMU to listen... (set HID_SOCK or run scripts/run_qemu.sh)
[msquic] stream: RECEIVE bytes=16 buffers=1 pending=0
[lat] dt_ms=49 cmd=quic_edge seq=667 usage=19
[hidra] HID socket connect failed (/run/user/1000/hidra.kbd). Waiting for QEMU to listen... (set HID_SOCK or run scripts/run_qemu.sh)
[msquic] stream: RECEIVE bytes=16 buffers=1 pending=0
[lat] dt_ms=79 cmd=quic_edge seq=668 usage=23
[hidra] HID socket connect failed (/run/user/1000/hidra.kbd). Waiting for QEMU to listen... (set HID_SOCK or run scripts/run_qemu.sh)
[msquic] stream: RECEIVE bytes=16 buffers=1 pending=0
[lat] dt_ms=79 cmd=quic_edge seq=669 usage=23
[hidra] HID socket connect failed (/run/user/1000/hidra.kbd). Waiting for QEMU to listen... (set HID_SOCK or run scripts/run_qemu.sh)
[msquic] stream: RECEIVE bytes=16 buffers=1 pending=0
[lat] dt_ms=72 cmd=quic_edge seq=670 usage=40
[hidra] HID socket connect failed (/run/user/1000/hidra.kbd). Waiting for QEMU to listen... (set HID_SOCK or run scripts/run_qemu.sh)
[msquic] stream: RECEIVE bytes=16 buffers=1 pending=0
[lat] dt_ms=67 cmd=quic_edge seq=671 usage=40
[hidra] HID socket connect failed (/run/user/1000/hidra.kbd). Waiting for QEMU to listen... (set HID_SOCK or run scripts/run_qemu.sh)
[msquic] stream: RECEIVE bytes=16 buffers=1 pending=0
[lat] dt_ms=76 cmd=quic_edge seq=672 usage=4
[hidra] HID socket connect failed (/run/user/1000/hidra.kbd). Waiting for QEMU to listen... (set HID_SOCK or run scripts/run_qemu.sh)
[msquic] stream: RECEIVE bytes=16 buffers=1 pending=0
[lat] dt_ms=54 cmd=quic_edge seq=673 usage=4
[hidra] HID socket connect failed (/run/user/1000/hidra.kbd). Waiting for QEMU to listen... (set HID_SOCK or run scripts/run_qemu.sh)
[msquic] stream: RECEIVE bytes=16 buffers=1 pending=0
[lat] dt_ms=52 cmd=quic_edge seq=674 usage=19
[hidra] HID socket connect failed (/run/user/1000/hidra.kbd). Waiting for QEMU to listen... (set HID_SOCK or run scripts/run_qemu.sh)
[msquic] stream: RECEIVE bytes=16 buffers=1 pending=0
[lat] dt_ms=49 cmd=quic_edge seq=675 usage=19
[hidra] HID socket connect failed (/run/user/1000/hidra.kbd). Waiting for QEMU to listen... (set HID_SOCK or run scripts/run_qemu.sh)
[msquic] stream: RECEIVE bytes=16 buffers=1 pending=0
[lat] dt_ms=68 cmd=quic_edge seq=676 usage=23
[hidra] HID socket connect failed (/run/user/1000/hidra.kbd). Waiting for QEMU to listen... (set HID_SOCK or run scripts/run_qemu.sh)
[msquic] stream: RECEIVE bytes=16 buffers=1 pending=0
[lat] dt_ms=43 cmd=quic_edge seq=677 usage=23
[hidra] HID socket connect failed (/run/user/1000/hidra.kbd). Waiting for QEMU to listen... (set HID_SOCK or run scripts/run_qemu.sh)
[msquic] stream: RECEIVE bytes=16 buffers=1 pending=0
[lat] dt_ms=56 cmd=quic_edge seq=678 usage=40
[hidra] HID socket connect failed (/run/user/1000/hidra.kbd). Waiting for QEMU to listen... (set HID_SOCK or run scripts/run_qemu.sh)
[msquic] stream: RECEIVE bytes=16 buffers=1 pending=0
[lat] dt_ms=66 cmd=quic_edge seq=679 usage=40
[hidra] HID socket connect failed (/run/user/1000/hidra.kbd). Waiting for QEMU to listen... (set HID_SOCK or run scripts/run_qemu.sh)
[msquic] stream: RECEIVE bytes=16 buffers=1 pending=0
[lat] dt_ms=66 cmd=quic_edge seq=680 usage=4
[hidra] HID socket connect failed (/run/user/1000/hidra.kbd). Waiting for QEMU to listen... (set HID_SOCK or run scripts/run_qemu.sh)
[msquic] stream: RECEIVE bytes=16 buffers=1 pending=0
[lat] dt_ms=44 cmd=quic_edge seq=681 usage=4
[hidra] HID socket connect failed (/run/user/1000/hidra.kbd). Waiting for QEMU to listen... (set HID_SOCK or run scripts/run_qemu.sh)
[msquic] stream: RECEIVE bytes=16 buffers=1 pending=0
[lat] dt_ms=45 cmd=quic_edge seq=682 usage=19
[hidra] HID socket connect failed (/run/user/1000/hidra.kbd). Waiting for QEMU to listen... (set HID_SOCK or run scripts/run_qemu.sh)
[msquic] stream: RECEIVE bytes=16 buffers=1 pending=0
[lat] dt_ms=43 cmd=quic_edge seq=683 usage=19
[hidra] HID socket connect failed (/run/user/1000/hidra.kbd). Waiting for QEMU to listen... (set HID_SOCK or run scripts/run_qemu.sh)
[msquic] stream: RECEIVE bytes=16 buffers=1 pending=0
[lat] dt_ms=70 cmd=quic_edge seq=684 usage=23
[hidra] HID socket connect failed (/run/user/1000/hidra.kbd). Waiting for QEMU to listen... (set HID_SOCK or run scripts/run_qemu.sh)
[msquic] stream: RECEIVE bytes=16 buffers=1 pending=0
[lat] dt_ms=79 cmd=quic_edge seq=685 usage=23
[hidra] HID socket connect failed (/run/user/1000/hidra.kbd). Waiting for QEMU to listen... (set HID_SOCK or run scripts/run_qemu.sh)
[msquic] stream: RECEIVE bytes=16 buffers=1 pending=0
[lat] dt_ms=53 cmd=quic_edge seq=686 usage=40
[hidra] HID socket connect failed (/run/user/1000/hidra.kbd). Waiting for QEMU to listen... (set HID_SOCK or run scripts/run_qemu.sh)
[msquic] stream: RECEIVE bytes=16 buffers=1 pending=0
[lat] dt_ms=62 cmd=quic_edge seq=687 usage=40
[hidra] HID socket connect failed (/run/user/1000/hidra.kbd). Waiting for QEMU to listen... (set HID_SOCK or run scripts/run_qemu.sh)
[msquic] stream: RECEIVE bytes=16 buffers=1 pending=0
[lat] dt_ms=47 cmd=quic_edge seq=688 usage=4
[hidra] HID socket connect failed (/run/user/1000/hidra.kbd). Waiting for QEMU to listen... (set HID_SOCK or run scripts/run_qemu.sh)
[msquic] stream: RECEIVE bytes=16 buffers=1 pending=0
[lat] dt_ms=61 cmd=quic_edge seq=689 usage=4
[hidra] HID socket connect failed (/run/user/1000/hidra.kbd). Waiting for QEMU to listen... (set HID_SOCK or run scripts/run_qemu.sh)
[msquic] stream: RECEIVE bytes=16 buffers=1 pending=0
[lat] dt_ms=76 cmd=quic_edge seq=690 usage=19
[hidra] HID socket connect failed (/run/user/1000/hidra.kbd). Waiting for QEMU to listen... (set HID_SOCK or run scripts/run_qemu.sh)
[msquic] stream: RECEIVE bytes=16 buffers=1 pending=0
[lat] dt_ms=75 cmd=quic_edge seq=691 usage=19
[hidra] HID socket connect failed (/run/user/1000/hidra.kbd). Waiting for QEMU to listen... (set HID_SOCK or run scripts/run_qemu.sh)
[msquic] stream: RECEIVE bytes=16 buffers=1 pending=0
[lat] dt_ms=66 cmd=quic_edge seq=692 usage=23
[hidra] HID socket connect failed (/run/user/1000/hidra.kbd). Waiting for QEMU to listen... (set HID_SOCK or run scripts/run_qemu.sh)
[msquic] stream: RECEIVE bytes=16 buffers=1 pending=0
[lat] dt_ms=59 cmd=quic_edge seq=693 usage=23
[hidra] HID socket connect failed (/run/user/1000/hidra.kbd). Waiting for QEMU to listen... (set HID_SOCK or run scripts/run_qemu.sh)
[msquic] stream: RECEIVE bytes=16 buffers=1 pending=0
[lat] dt_ms=76 cmd=quic_edge seq=694 usage=40
[hidra] HID socket connect failed (/run/user/1000/hidra.kbd). Waiting for QEMU to listen... (set HID_SOCK or run scripts/run_qemu.sh)
[msquic] stream: RECEIVE bytes=16 buffers=1 pending=0
[lat] dt_ms=70 cmd=quic_edge seq=695 usage=40
[hidra] HID socket connect failed (/run/user/1000/hidra.kbd). Waiting for QEMU to listen... (set HID_SOCK or run scripts/run_qemu.sh)
[msquic] stream: RECEIVE bytes=16 buffers=1 pending=0
[lat] dt_ms=48 cmd=quic_edge seq=696 usage=4
[hidra] HID socket connect failed (/run/user/1000/hidra.kbd). Waiting for QEMU to listen... (set HID_SOCK or run scripts/run_qemu.sh)
[msquic] stream: RECEIVE bytes=16 buffers=1 pending=0
[lat] dt_ms=81 cmd=quic_edge seq=697 usage=4
[hidra] HID socket connect failed (/run/user/1000/hidra.kbd). Waiting for QEMU to listen... (set HID_SOCK or run scripts/run_qemu.sh)
[msquic] stream: RECEIVE bytes=16 buffers=1 pending=0
[lat] dt_ms=66 cmd=quic_edge seq=698 usage=19
[hidra] HID socket connect failed (/run/user/1000/hidra.kbd). Waiting for QEMU to listen... (set HID_SOCK or run scripts/run_qemu.sh)
[msquic] stream: RECEIVE bytes=16 buffers=1 pending=0
[lat] dt_ms=45 cmd=quic_edge seq=699 usage=19
[hidra] HID socket connect failed (/run/user/1000/hidra.kbd). Waiting for QEMU to listen... (set HID_SOCK or run scripts/run_qemu.sh)
[msquic] stream: RECEIVE bytes=16 buffers=1 pending=0
[lat] dt_ms=49 cmd=quic_edge seq=700 usage=23
[hidra] HID socket connect failed (/run/user/1000/hidra.kbd). Waiting for QEMU to listen... (set HID_SOCK or run scripts/run_qemu.sh)
[msquic] stream: RECEIVE bytes=16 buffers=1 pending=0
[lat] dt_ms=45 cmd=quic_edge seq=701 usage=23
[hidra] HID socket connect failed (/run/user/1000/hidra.kbd). Waiting for QEMU to listen... (set HID_SOCK or run scripts/run_qemu.sh)
[msquic] stream: RECEIVE bytes=16 buffers=1 pending=0
[lat] dt_ms=42 cmd=quic_edge seq=702 usage=40
[hidra] HID socket connect failed (/run/user/1000/hidra.kbd). Waiting for QEMU to listen... (set HID_SOCK or run scripts/run_qemu.sh)
[msquic] stream: RECEIVE bytes=16 buffers=1 pending=0
[lat] dt_ms=51 cmd=quic_edge seq=703 usage=40
[hidra] HID socket connect failed (/run/user/1000/hidra.kbd). Waiting for QEMU to listen... (set HID_SOCK or run scripts/run_qemu.sh)
[msquic] stream: RECEIVE bytes=16 buffers=1 pending=0
[lat] dt_ms=55 cmd=quic_edge seq=704 usage=4
[hidra] HID socket connect failed (/run/user/1000/hidra.kbd). Waiting for QEMU to listen... (set HID_SOCK or run scripts/run_qemu.sh)
[msquic] stream: RECEIVE bytes=16 buffers=1 pending=0
[lat] dt_ms=45 cmd=quic_edge seq=705 usage=4
[hidra] HID socket connect failed (/run/user/1000/hidra.kbd). Waiting for QEMU to listen... (set HID_SOCK or run scripts/run_qemu.sh)
[msquic] stream: RECEIVE bytes=16 buffers=1 pending=0
[lat] dt_ms=59 cmd=quic_edge seq=706 usage=19
[hidra] HID socket connect failed (/run/user/1000/hidra.kbd). Waiting for QEMU to listen... (set HID_SOCK or run scripts/run_qemu.sh)
[msquic] stream: RECEIVE bytes=16 buffers=1 pending=0
[lat] dt_ms=76 cmd=quic_edge seq=707 usage=19
[hidra] HID socket connect failed (/run/user/1000/hidra.kbd). Waiting for QEMU to listen... (set HID_SOCK or run scripts/run_qemu.sh)
[msquic] stream: RECEIVE bytes=16 buffers=1 pending=0
[lat] dt_ms=77 cmd=quic_edge seq=708 usage=23
[hidra] HID socket connect failed (/run/user/1000/hidra.kbd). Waiting for QEMU to listen... (set HID_SOCK or run scripts/run_qemu.sh)
[msquic] stream: RECEIVE bytes=16 buffers=1 pending=0
[lat] dt_ms=64 cmd=quic_edge seq=709 usage=23
[hidra] HID socket connect failed (/run/user/1000/hidra.kbd). Waiting for QEMU to listen... (set HID_SOCK or run scripts/run_qemu.sh)
[msquic] stream: RECEIVE bytes=16 buffers=1 pending=0
[lat] dt_ms=57 cmd=quic_edge seq=710 usage=40
[hidra] HID socket connect failed (/run/user/1000/hidra.kbd). Waiting for QEMU to listen... (set HID_SOCK or run scripts/run_qemu.sh)
[msquic] stream: RECEIVE bytes=16 buffers=1 pending=0
[lat] dt_ms=59 cmd=quic_edge seq=711 usage=40
[hidra] HID socket connect failed (/run/user/1000/hidra.kbd). Waiting for QEMU to listen... (set HID_SOCK or run scripts/run_qemu.sh)
[msquic] stream: RECEIVE bytes=16 buffers=1 pending=0
[lat] dt_ms=76 cmd=quic_edge seq=712 usage=4
[hidra] HID socket connect failed (/run/user/1000/hidra.kbd). Waiting for QEMU to listen... (set HID_SOCK or run scripts/run_qemu.sh)
[msquic] stream: RECEIVE bytes=16 buffers=1 pending=0
[lat] dt_ms=58 cmd=quic_edge seq=713 usage=4
[hidra] HID socket connect failed (/run/user/1000/hidra.kbd). Waiting for QEMU to listen... (set HID_SOCK or run scripts/run_qemu.sh)
[msquic] stream: RECEIVE bytes=16 buffers=1 pending=0
[lat] dt_ms=79 cmd=quic_edge seq=714 usage=19
[hidra] HID socket connect failed (/run/user/1000/hidra.kbd). Waiting for QEMU to listen... (set HID_SOCK or run scripts/run_qemu.sh)
[msquic] stream: RECEIVE bytes=16 buffers=1 pending=0
[lat] dt_ms=42 cmd=quic_edge seq=715 usage=19
[hidra] HID socket connect failed (/run/user/1000/hidra.kbd). Waiting for QEMU to listen... (set HID_SOCK or run scripts/run_qemu.sh)
[msquic] stream: RECEIVE bytes=16 buffers=1 pending=0
[lat] dt_ms=48 cmd=quic_edge seq=716 usage=23
[hidra] HID socket connect failed (/run/user/1000/hidra.kbd). Waiting for QEMU to listen... (set HID_SOCK or run scripts/run_qemu.sh)
[msquic] stream: RECEIVE bytes=16 buffers=1 pending=0
[lat] dt_ms=54 cmd=quic_edge seq=717 usage=23
[hidra] HID socket connect failed (/run/user/1000/hidra.kbd). Waiting for QEMU to listen... (set HID_SOCK or run scripts/run_qemu.sh)
[msquic] stream: RECEIVE bytes=16 buffers=1 pending=0
[lat] dt_ms=50 cmd=quic_edge seq=718 usage=40
[hidra] HID socket connect failed (/run/user/1000/hidra.kbd). Waiting for QEMU to listen... (set HID_SOCK or run scripts/run_qemu.sh)
[msquic] stream: RECEIVE bytes=16 buffers=1 pending=0
[lat] dt_ms=69 cmd=quic_edge seq=719 usage=40
[hidra] HID socket connect failed (/run/user/1000/hidra.kbd). Waiting for QEMU to listen... (set HID_SOCK or run scripts/run_qemu.sh)
[msquic] stream: RECEIVE bytes=16 buffers=1 pending=0
[lat] dt_ms=50 cmd=quic_edge seq=720 usage=4
[hidra] HID socket connect failed (/run/user/1000/hidra.kbd). Waiting for QEMU to listen... (set HID_SOCK or run scripts/run_qemu.sh)
[msquic] stream: RECEIVE bytes=16 buffers=1 pending=0
[lat] dt_ms=63 cmd=quic_edge seq=721 usage=4
[hidra] HID socket connect failed (/run/user/1000/hidra.kbd). Waiting for QEMU to listen... (set HID_SOCK or run scripts/run_qemu.sh)
[msquic] stream: RECEIVE bytes=16 buffers=1 pending=0
[lat] dt_ms=70 cmd=quic_edge seq=722 usage=19
[hidra] HID socket connect failed (/run/user/1000/hidra.kbd). Waiting for QEMU to listen... (set HID_SOCK or run scripts/run_qemu.sh)
[msquic] stream: RECEIVE bytes=16 buffers=1 pending=0
[lat] dt_ms=69 cmd=quic_edge seq=723 usage=19
[hidra] HID socket connect failed (/run/user/1000/hidra.kbd). Waiting for QEMU to listen... (set HID_SOCK or run scripts/run_qemu.sh)
[msquic] stream: RECEIVE bytes=16 buffers=1 pending=0
[lat] dt_ms=64 cmd=quic_edge seq=724 usage=23
[hidra] HID socket connect failed (/run/user/1000/hidra.kbd). Waiting for QEMU to listen... (set HID_SOCK or run scripts/run_qemu.sh)
[msquic] stream: RECEIVE bytes=16 buffers=1 pending=0
[lat] dt_ms=48 cmd=quic_edge seq=725 usage=23
[hidra] HID socket connect failed (/run/user/1000/hidra.kbd). Waiting for QEMU to listen... (set HID_SOCK or run scripts/run_qemu.sh)
[msquic] stream: RECEIVE bytes=16 buffers=1 pending=0
[lat] dt_ms=80 cmd=quic_edge seq=726 usage=40
[hidra] HID socket connect failed (/run/user/1000/hidra.kbd). Waiting for QEMU to listen... (set HID_SOCK or run scripts/run_qemu.sh)
[msquic] stream: RECEIVE bytes=16 buffers=1 pending=0
[lat] dt_ms=66 cmd=quic_edge seq=727 usage=40
[hidra] HID socket connect failed (/run/user/1000/hidra.kbd). Waiting for QEMU to listen... (set HID_SOCK or run scripts/run_qemu.sh)
[msquic] stream: RECEIVE bytes=16 buffers=1 pending=0
[lat] dt_ms=60 cmd=quic_edge seq=728 usage=4
[hidra] HID socket connect failed (/run/user/1000/hidra.kbd). Waiting for QEMU to listen... (set HID_SOCK or run scripts/run_qemu.sh)
[msquic] stream: RECEIVE bytes=16 buffers=1 pending=0
[lat] dt_ms=70 cmd=quic_edge seq=729 usage=4
[hidra] HID socket connect failed (/run/user/1000/hidra.kbd). Waiting for QEMU to listen... (set HID_SOCK or run scripts/run_qemu.sh)
[msquic] stream: RECEIVE bytes=16 buffers=1 pending=0
[lat] dt_ms=53 cmd=quic_edge seq=730 usage=19
[hidra] HID socket connect failed (/run/user/1000/hidra.kbd). Waiting for QEMU to listen... (set HID_SOCK or run scripts/run_qemu.sh)
[msquic] stream: RECEIVE bytes=16 buffers=1 pending=0
[lat] dt_ms=80 cmd=quic_edge seq=731 usage=19
[hidra] HID socket connect failed (/run/user/1000/hidra.kbd). Waiting for QEMU to listen... (set HID_SOCK or run scripts/run_qemu.sh)
[msquic] stream: RECEIVE bytes=16 buffers=1 pending=0
[lat] dt_ms=67 cmd=quic_edge seq=732 usage=23
[hidra] HID socket connect failed (/run/user/1000/hidra.kbd). Waiting for QEMU to listen... (set HID_SOCK or run scripts/run_qemu.sh)
[msquic] stream: RECEIVE bytes=16 buffers=1 pending=0
[lat] dt_ms=54 cmd=quic_edge seq=733 usage=23
[hidra] HID socket connect failed (/run/user/1000/hidra.kbd). Waiting for QEMU to listen... (set HID_SOCK or run scripts/run_qemu.sh)
[msquic] stream: RECEIVE bytes=16 buffers=1 pending=0
[lat] dt_ms=70 cmd=quic_edge seq=734 usage=40
[hidra] HID socket connect failed (/run/user/1000/hidra.kbd). Waiting for QEMU to listen... (set HID_SOCK or run scripts/run_qemu.sh)
[msquic] stream: RECEIVE bytes=16 buffers=1 pending=0
[lat] dt_ms=49 cmd=quic_edge seq=735 usage=40
[hidra] HID socket connect failed (/run/user/1000/hidra.kbd). Waiting for QEMU to listen... (set HID_SOCK or run scripts/run_qemu.sh)
[msquic] stream: RECEIVE bytes=16 buffers=1 pending=0
[lat] dt_ms=76 cmd=quic_edge seq=736 usage=4
[hidra] HID socket connect failed (/run/user/1000/hidra.kbd). Waiting for QEMU to listen... (set HID_SOCK or run scripts/run_qemu.sh)
[msquic] stream: RECEIVE bytes=16 buffers=1 pending=0
[lat] dt_ms=46 cmd=quic_edge seq=737 usage=4
[hidra] HID socket connect failed (/run/user/1000/hidra.kbd). Waiting for QEMU to listen... (set HID_SOCK or run scripts/run_qemu.sh)
[msquic] stream: RECEIVE bytes=16 buffers=1 pending=0
[lat] dt_ms=74 cmd=quic_edge seq=738 usage=19
[hidra] HID socket connect failed (/run/user/1000/hidra.kbd). Waiting for QEMU to listen... (set HID_SOCK or run scripts/run_qemu.sh)
[msquic] stream: RECEIVE bytes=16 buffers=1 pending=0
[lat] dt_ms=69 cmd=quic_edge seq=739 usage=19
[hidra] HID socket connect failed (/run/user/1000/hidra.kbd). Waiting for QEMU to listen... (set HID_SOCK or run scripts/run_qemu.sh)
[msquic] stream: RECEIVE bytes=16 buffers=1 pending=0
[lat] dt_ms=42 cmd=quic_edge seq=740 usage=23
[hidra] HID socket connect failed (/run/user/1000/hidra.kbd). Waiting for QEMU to listen... (set HID_SOCK or run scripts/run_qemu.sh)
[msquic] stream: RECEIVE bytes=16 buffers=1 pending=0
[lat] dt_ms=53 cmd=quic_edge seq=741 usage=23
[hidra] HID socket connect failed (/run/user/1000/hidra.kbd). Waiting for QEMU to listen... (set HID_SOCK or run scripts/run_qemu.sh)
[msquic] stream: RECEIVE bytes=16 buffers=1 pending=0
[lat] dt_ms=80 cmd=quic_edge seq=742 usage=40
[hidra] HID socket connect failed (/run/user/1000/hidra.kbd). Waiting for QEMU to listen... (set HID_SOCK or run scripts/run_qemu.sh)
[msquic] stream: RECEIVE bytes=16 buffers=1 pending=0
[lat] dt_ms=69 cmd=quic_edge seq=743 usage=40
[hidra] HID socket connect failed (/run/user/1000/hidra.kbd). Waiting for QEMU to listen... (set HID_SOCK or run scripts/run_qemu.sh)
[msquic] stream: RECEIVE bytes=16 buffers=1 pending=0
[lat] dt_ms=47 cmd=quic_edge seq=744 usage=4
[hidra] HID socket connect failed (/run/user/1000/hidra.kbd). Waiting for QEMU to listen... (set HID_SOCK or run scripts/run_qemu.sh)
[msquic] stream: RECEIVE bytes=16 buffers=1 pending=0
[lat] dt_ms=51 cmd=quic_edge seq=745 usage=4
[hidra] HID socket connect failed (/run/user/1000/hidra.kbd). Waiting for QEMU to listen... (set HID_SOCK or run scripts/run_qemu.sh)
[msquic] stream: RECEIVE bytes=16 buffers=1 pending=0
[lat] dt_ms=60 cmd=quic_edge seq=746 usage=19
[hidra] HID socket connect failed (/run/user/1000/hidra.kbd). Waiting for QEMU to listen... (set HID_SOCK or run scripts/run_qemu.sh)
[msquic] stream: RECEIVE bytes=16 buffers=1 pending=0
[lat] dt_ms=49 cmd=quic_edge seq=747 usage=19
[hidra] HID socket connect failed (/run/user/1000/hidra.kbd). Waiting for QEMU to listen... (set HID_SOCK or run scripts/run_qemu.sh)
[msquic] stream: RECEIVE bytes=16 buffers=1 pending=0
[lat] dt_ms=78 cmd=quic_edge seq=748 usage=23
[hidra] HID socket connect failed (/run/user/1000/hidra.kbd). Waiting for QEMU to listen... (set HID_SOCK or run scripts/run_qemu.sh)
[msquic] stream: RECEIVE bytes=16 buffers=1 pending=0
[lat] dt_ms=74 cmd=quic_edge seq=749 usage=23
[hidra] HID socket connect failed (/run/user/1000/hidra.kbd). Waiting for QEMU to listen... (set HID_SOCK or run scripts/run_qemu.sh)
[msquic] stream: RECEIVE bytes=16 buffers=1 pending=0
[lat] dt_ms=57 cmd=quic_edge seq=750 usage=40
[hidra] HID socket connect failed (/run/user/1000/hidra.kbd). Waiting for QEMU to listen... (set HID_SOCK or run scripts/run_qemu.sh)
[msquic] stream: RECEIVE bytes=16 buffers=1 pending=0
[lat] dt_ms=56 cmd=quic_edge seq=751 usage=40
[hidra] HID socket connect failed (/run/user/1000/hidra.kbd). Waiting for QEMU to listen... (set HID_SOCK or run scripts/run_qemu.sh)
[msquic] stream: RECEIVE bytes=16 buffers=1 pending=0
[lat] dt_ms=68 cmd=quic_edge seq=752 usage=4
[hidra] HID socket connect failed (/run/user/1000/hidra.kbd). Waiting for QEMU to listen... (set HID_SOCK or run scripts/run_qemu.sh)
[msquic] stream: RECEIVE bytes=16 buffers=1 pending=0
[lat] dt_ms=77 cmd=quic_edge seq=753 usage=4
[hidra] HID socket connect failed (/run/user/1000/hidra.kbd). Waiting for QEMU to listen... (set HID_SOCK or run scripts/run_qemu.sh)
[msquic] stream: RECEIVE bytes=16 buffers=1 pending=0
[lat] dt_ms=56 cmd=quic_edge seq=754 usage=19
[hidra] HID socket connect failed (/run/user/1000/hidra.kbd). Waiting for QEMU to listen... (set HID_SOCK or run scripts/run_qemu.sh)
[msquic] stream: RECEIVE bytes=16 buffers=1 pending=0
[lat] dt_ms=63 cmd=quic_edge seq=755 usage=19
[hidra] HID socket connect failed (/run/user/1000/hidra.kbd). Waiting for QEMU to listen... (set HID_SOCK or run scripts/run_qemu.sh)
[msquic] stream: RECEIVE bytes=16 buffers=1 pending=0
[lat] dt_ms=65 cmd=quic_edge seq=756 usage=23
[hidra] HID socket connect failed (/run/user/1000/hidra.kbd). Waiting for QEMU to listen... (set HID_SOCK or run scripts/run_qemu.sh)
[msquic] stream: RECEIVE bytes=16 buffers=1 pending=0
[lat] dt_ms=64 cmd=quic_edge seq=757 usage=23
[hidra] HID socket connect failed (/run/user/1000/hidra.kbd). Waiting for QEMU to listen... (set HID_SOCK or run scripts/run_qemu.sh)
[msquic] stream: RECEIVE bytes=16 buffers=1 pending=0
[lat] dt_ms=64 cmd=quic_edge seq=758 usage=40
[hidra] HID socket connect failed (/run/user/1000/hidra.kbd). Waiting for QEMU to listen... (set HID_SOCK or run scripts/run_qemu.sh)
[msquic] stream: RECEIVE bytes=16 buffers=1 pending=0
[lat] dt_ms=57 cmd=quic_edge seq=759 usage=40
[hidra] HID socket connect failed (/run/user/1000/hidra.kbd). Waiting for QEMU to listen... (set HID_SOCK or run scripts/run_qemu.sh)
[msquic] stream: RECEIVE bytes=16 buffers=1 pending=0
[lat] dt_ms=70 cmd=quic_edge seq=760 usage=4
[hidra] HID socket connect failed (/run/user/1000/hidra.kbd). Waiting for QEMU to listen... (set HID_SOCK or run scripts/run_qemu.sh)
[msquic] stream: RECEIVE bytes=16 buffers=1 pending=0
[lat] dt_ms=47 cmd=quic_edge seq=761 usage=4
[hidra] HID socket connect failed (/run/user/1000/hidra.kbd). Waiting for QEMU to listen... (set HID_SOCK or run scripts/run_qemu.sh)
[msquic] stream: RECEIVE bytes=16 buffers=1 pending=0
[lat] dt_ms=80 cmd=quic_edge seq=762 usage=19
[hidra] HID socket connect failed (/run/user/1000/hidra.kbd). Waiting for QEMU to listen... (set HID_SOCK or run scripts/run_qemu.sh)
[msquic] stream: RECEIVE bytes=16 buffers=1 pending=0
[lat] dt_ms=71 cmd=quic_edge seq=763 usage=19
[hidra] HID socket connect failed (/run/user/1000/hidra.kbd). Waiting for QEMU to listen... (set HID_SOCK or run scripts/run_qemu.sh)
[msquic] stream: RECEIVE bytes=16 buffers=1 pending=0
[lat] dt_ms=79 cmd=quic_edge seq=764 usage=23
[hidra] HID socket connect failed (/run/user/1000/hidra.kbd). Waiting for QEMU to listen... (set HID_SOCK or run scripts/run_qemu.sh)
[msquic] stream: RECEIVE bytes=16 buffers=1 pending=0
[lat] dt_ms=69 cmd=quic_edge seq=765 usage=23
[hidra] HID socket connect failed (/run/user/1000/hidra.kbd). Waiting for QEMU to listen... (set HID_SOCK or run scripts/run_qemu.sh)
[msquic] stream: RECEIVE bytes=16 buffers=1 pending=0
[lat] dt_ms=44 cmd=quic_edge seq=766 usage=40
[hidra] HID socket connect failed (/run/user/1000/hidra.kbd). Waiting for QEMU to listen... (set HID_SOCK or run scripts/run_qemu.sh)
[msquic] stream: RECEIVE bytes=16 buffers=1 pending=0
[lat] dt_ms=58 cmd=quic_edge seq=767 usage=40
[hidra] HID socket connect failed (/run/user/1000/hidra.kbd). Waiting for QEMU to listen... (set HID_SOCK or run scripts/run_qemu.sh)
[msquic] stream: RECEIVE bytes=16 buffers=1 pending=0
[lat] dt_ms=56 cmd=quic_edge seq=768 usage=4
[hidra] HID socket connect failed (/run/user/1000/hidra.kbd). Waiting for QEMU to listen... (set HID_SOCK or run scripts/run_qemu.sh)
[msquic] stream: RECEIVE bytes=16 buffers=1 pending=0
[lat] dt_ms=64 cmd=quic_edge seq=769 usage=4
[hidra] HID socket connect failed (/run/user/1000/hidra.kbd). Waiting for QEMU to listen... (set HID_SOCK or run scripts/run_qemu.sh)
[msquic] stream: RECEIVE bytes=16 buffers=1 pending=0
[lat] dt_ms=62 cmd=quic_edge seq=770 usage=19
[hidra] HID socket connect failed (/run/user/1000/hidra.kbd). Waiting for QEMU to listen... (set HID_SOCK or run scripts/run_qemu.sh)
[msquic] stream: RECEIVE bytes=16 buffers=1 pending=0
[lat] dt_ms=64 cmd=quic_edge seq=771 usage=19
[hidra] HID socket connect failed (/run/user/1000/hidra.kbd). Waiting for QEMU to listen... (set HID_SOCK or run scripts/run_qemu.sh)
[msquic] stream: RECEIVE bytes=16 buffers=1 pending=0
[lat] dt_ms=78 cmd=quic_edge seq=772 usage=23
[hidra] HID socket connect failed (/run/user/1000/hidra.kbd). Waiting for QEMU to listen... (set HID_SOCK or run scripts/run_qemu.sh)
[msquic] stream: RECEIVE bytes=16 buffers=1 pending=0
[lat] dt_ms=80 cmd=quic_edge seq=773 usage=23
[hidra] HID socket connect failed (/run/user/1000/hidra.kbd). Waiting for QEMU to listen... (set HID_SOCK or run scripts/run_qemu.sh)
[msquic] stream: RECEIVE bytes=16 buffers=1 pending=0
[lat] dt_ms=68 cmd=quic_edge seq=774 usage=40
[hidra] HID socket connect failed (/run/user/1000/hidra.kbd). Waiting for QEMU to listen... (set HID_SOCK or run scripts/run_qemu.sh)
[msquic] stream: RECEIVE bytes=16 buffers=1 pending=0
[lat] dt_ms=56 cmd=quic_edge seq=775 usage=40
[hidra] HID socket connect failed (/run/user/1000/hidra.kbd). Waiting for QEMU to listen... (set HID_SOCK or run scripts/run_qemu.sh)
[msquic] stream: RECEIVE bytes=16 buffers=1 pending=0
[lat] dt_ms=51 cmd=quic_edge seq=776 usage=4
[hidra] HID socket connect failed (/run/user/1000/hidra.kbd). Waiting for QEMU to listen... (set HID_SOCK or run scripts/run_qemu.sh)
[msquic] stream: RECEIVE bytes=16 buffers=1 pending=0
[lat] dt_ms=52 cmd=quic_edge seq=777 usage=4
[hidra] HID socket connect failed (/run/user/1000/hidra.kbd). Waiting for QEMU to listen... (set HID_SOCK or run scripts/run_qemu.sh)
[msquic] stream: RECEIVE bytes=16 buffers=1 pending=0
[lat] dt_ms=63 cmd=quic_edge seq=778 usage=19
[hidra] HID socket connect failed (/run/user/1000/hidra.kbd). Waiting for QEMU to listen... (set HID_SOCK or run scripts/run_qemu.sh)
[msquic] stream: RECEIVE bytes=16 buffers=1 pending=0
[lat] dt_ms=45 cmd=quic_edge seq=779 usage=19
[hidra] HID socket connect failed (/run/user/1000/hidra.kbd). Waiting for QEMU to listen... (set HID_SOCK or run scripts/run_qemu.sh)
[msquic] stream: RECEIVE bytes=16 buffers=1 pending=0
[lat] dt_ms=74 cmd=quic_edge seq=780 usage=23
[hidra] HID socket connect failed (/run/user/1000/hidra.kbd). Waiting for QEMU to listen... (set HID_SOCK or run scripts/run_qemu.sh)
[msquic] stream: RECEIVE bytes=16 buffers=1 pending=0
[lat] dt_ms=57 cmd=quic_edge seq=781 usage=23
[hidra] HID socket connect failed (/run/user/1000/hidra.kbd). Waiting for QEMU to listen... (set HID_SOCK or run scripts/run_qemu.sh)
[msquic] stream: RECEIVE bytes=16 buffers=1 pending=0
[lat] dt_ms=46 cmd=quic_edge seq=782 usage=40
[hidra] HID socket connect failed (/run/user/1000/hidra.kbd). Waiting for QEMU to listen... (set HID_SOCK or run scripts/run_qemu.sh)
[msquic] stream: RECEIVE bytes=16 buffers=1 pending=0
[lat] dt_ms=80 cmd=quic_edge seq=783 usage=40
[hidra] HID socket connect failed (/run/user/1000/hidra.kbd). Waiting for QEMU to listen... (set HID_SOCK or run scripts/run_qemu.sh)
[msquic] stream: RECEIVE bytes=16 buffers=1 pending=0
[lat] dt_ms=79 cmd=quic_edge seq=784 usage=4
[hidra] HID socket connect failed (/run/user/1000/hidra.kbd). Waiting for QEMU to listen... (set HID_SOCK or run scripts/run_qemu.sh)
[msquic] stream: RECEIVE bytes=16 buffers=1 pending=0
[lat] dt_ms=51 cmd=quic_edge seq=785 usage=4
[hidra] HID socket connect failed (/run/user/1000/hidra.kbd). Waiting for QEMU to listen... (set HID_SOCK or run scripts/run_qemu.sh)
[msquic] stream: RECEIVE bytes=16 buffers=1 pending=0
[lat] dt_ms=61 cmd=quic_edge seq=786 usage=19
[hidra] HID socket connect failed (/run/user/1000/hidra.kbd). Waiting for QEMU to listen... (set HID_SOCK or run scripts/run_qemu.sh)
[msquic] stream: RECEIVE bytes=16 buffers=1 pending=0
[lat] dt_ms=69 cmd=quic_edge seq=787 usage=19
[hidra] HID socket connect failed (/run/user/1000/hidra.kbd). Waiting for QEMU to listen... (set HID_SOCK or run scripts/run_qemu.sh)
[msquic] stream: RECEIVE bytes=16 buffers=1 pending=0
[lat] dt_ms=76 cmd=quic_edge seq=788 usage=23
[hidra] HID socket connect failed (/run/user/1000/hidra.kbd). Waiting for QEMU to listen... (set HID_SOCK or run scripts/run_qemu.sh)
[msquic] stream: RECEIVE bytes=16 buffers=1 pending=0
[lat] dt_ms=50 cmd=quic_edge seq=789 usage=23
[hidra] HID socket connect failed (/run/user/1000/hidra.kbd). Waiting for QEMU to listen... (set HID_SOCK or run scripts/run_qemu.sh)
[msquic] stream: RECEIVE bytes=16 buffers=1 pending=0
[lat] dt_ms=76 cmd=quic_edge seq=790 usage=40
[hidra] HID socket connect failed (/run/user/1000/hidra.kbd). Waiting for QEMU to listen... (set HID_SOCK or run scripts/run_qemu.sh)
[msquic] stream: RECEIVE bytes=16 buffers=1 pending=0
[lat] dt_ms=52 cmd=quic_edge seq=791 usage=40
[hidra] HID socket connect failed (/run/user/1000/hidra.kbd). Waiting for QEMU to listen... (set HID_SOCK or run scripts/run_qemu.sh)
[msquic] stream: RECEIVE bytes=16 buffers=1 pending=0
[lat] dt_ms=50 cmd=quic_edge seq=792 usage=4
[hidra] HID socket connect failed (/run/user/1000/hidra.kbd). Waiting for QEMU to listen... (set HID_SOCK or run scripts/run_qemu.sh)
[msquic] stream: RECEIVE bytes=16 buffers=1 pending=0
[lat] dt_ms=43 cmd=quic_edge seq=793 usage=4
[hidra] HID socket connect failed (/run/user/1000/hidra.kbd). Waiting for QEMU to listen... (set HID_SOCK or run scripts/run_qemu.sh)
[msquic] stream: RECEIVE bytes=16 buffers=1 pending=0
[lat] dt_ms=56 cmd=quic_edge seq=794 usage=19
[hidra] HID socket connect failed (/run/user/1000/hidra.kbd). Waiting for QEMU to listen... (set HID_SOCK or run scripts/run_qemu.sh)
[msquic] stream: RECEIVE bytes=16 buffers=1 pending=0
[lat] dt_ms=50 cmd=quic_edge seq=795 usage=19
[hidra] HID socket connect failed (/run/user/1000/hidra.kbd). Waiting for QEMU to listen... (set HID_SOCK or run scripts/run_qemu.sh)
[msquic] stream: RECEIVE bytes=16 buffers=1 pending=0
[lat] dt_ms=68 cmd=quic_edge seq=796 usage=23
[hidra] HID socket connect failed (/run/user/1000/hidra.kbd). Waiting for QEMU to listen... (set HID_SOCK or run scripts/run_qemu.sh)
[msquic] stream: RECEIVE bytes=16 buffers=1 pending=0
[lat] dt_ms=76 cmd=quic_edge seq=797 usage=23
[hidra] HID socket connect failed (/run/user/1000/hidra.kbd). Waiting for QEMU to listen... (set HID_SOCK or run scripts/run_qemu.sh)
[msquic] stream: RECEIVE bytes=16 buffers=1 pending=0
[lat] dt_ms=60 cmd=quic_edge seq=798 usage=40
[hidra] HID socket connect failed (/run/user/1000/hidra.kbd). Waiting for QEMU to listen... (set HID_SOCK or run scripts/run_qemu.sh)
[msquic] stream: RECEIVE bytes=16 buffers=1 pending=0
[msquic] connection: SHUTDOWN_BY_PEER error_code=0
[msquic] connection: SHUTDOWN_COMPLETE handshake_completed=0 peer_ack=0 app_close_in_progress=0
[msquic] connection: SHUTDOWN_COMPLETE handshake_completed=1 peer_ack=1 app_close_in_progress=1
[stuck] key=40 age_ms=300.061
