[hidra] daemon starting
  udp edges : 0.0.0.0:4444
  hid socket: /run/user/1000/hidra.kbd (QEMU should be server=on)
  watchdog  : 200 ms
  deadline  : 100 ms
  stuck(ms) : 300 ms
[hidra] msquic snapshot listener on :4445 (ALPN hidra-snp)
[hidra] msquic edge listener on :4446 (ALPN hidra-edg)
[msquic] connection: CONNECTED
[msquic] connection: PEER_STREAM_STARTED
[hidra] snapshot v1 mods=0x0 pressed=1
[hidra] Connected to HID socket: /run/user/1000/hidra.kbd
[msquic] stream: RECEIVE bytes=104 buffers=1 pending=0
[msquic] stream: RECEIVE bytes=208 buffers=1 pending=0
[drop] kind=deadline dt_ms=106.696 cmd=down key=a
[lat] dt_ms=85.716 cmd=down key=b
[hidra] progress: rx=2 emits=7 quic_snapshots=6 socket=connected
[lat] dt_ms=54.1282 cmd=up key=c
[lat] dt_ms=33.6965 cmd=up key=d
[lat] dt_ms=3.30118 cmd=down key=f
[lat] dt_ms=23.586 cmd=down key=e
[lat] dt_ms=68.3302 cmd=down key=c
[lat] dt_ms=82.5889 cmd=up key=b
[drop] kind=deadline dt_ms=119.59 cmd=up key=a
[drop] kind=deadline dt_ms=106.157 cmd=mup key=c
[lat] dt_ms=14.3217 cmd=down key=h
[lat] dt_ms=3.15478 cmd=up key=h
[lat] dt_ms=1.08712 cmd=down key=i
[drop] kind=deadline dt_ms=108.357 cmd=down key=d
[lat] dt_ms=37.796 cmd=up key=g
[heal] key=8 heal_ms=94.4145
[heal] key=7 heal_ms=114.713
[heal] key=11 heal_ms=32.1618
[msquic] stream: RECEIVE bytes=416 buffers=1 pending=0
[drop] kind=deadline dt_ms=157.481 cmd=mup key=b
[msquic] stream: RECEIVE bytes=52 buffers=1 pending=0
[drop] kind=deadline dt_ms=117.466 cmd=up key=e
[drop] kind=deadline dt_ms=107.164 cmd=mup key=f
[msquic] stream: RECEIVE bytes=52 buffers=1 pending=0
[msquic] stream: RECEIVE bytes=52 buffers=1 pending=0
[heal] key=12 heal_ms=61.1112
[msquic] stream: RECEIVE bytes=104 buffers=1 pending=0
[drop] kind=deadline dt_ms=125.583 cmd=up key=f
[lat] dt_ms=59.1382 cmd=down key=j
[heal] key=15 heal_ms=17.4461
[msquic] stream: RECEIVE bytes=52 buffers=1 pending=0
[msquic] stream: RECEIVE bytes=52 buffers=1 pending=0
[lat] dt_ms=93.3154 cmd=up key=i
[lat] dt_ms=9.34265 cmd=up key=m
[drop] kind=deadline dt_ms=146.633 cmd=down key=g
[msquic] stream: RECEIVE bytes=52 buffers=1 pending=0
[lat] dt_ms=58.2608 cmd=up key=k
[lat] dt_ms=5.09719 cmd=up key=n
[msquic] stream: RECEIVE bytes=52 buffers=1 pending=0
[msquic] stream: RECEIVE bytes=52 buffers=1 pending=0
[msquic] stream: RECEIVE bytes=52 buffers=1 pending=0
[heal] key=17 heal_ms=22.0323
[msquic] stream: RECEIVE bytes=52 buffers=1 pending=0
[lat] dt_ms=55.8891 cmd=down key=m
[lat] dt_ms=18.1547 cmd=down key=o
[heal] key=16 heal_ms=52.6017
[msquic] stream: RECEIVE bytes=104 buffers=1 pending=0
[drop] kind=deadline dt_ms=130.148 cmd=up key=j
[drop] kind=deadline dt_ms=121.645 cmd=down key=k
[drop] kind=deadline dt_ms=134.332 cmd=mup key=j
[msquic] stream: RECEIVE bytes=52 buffers=1 pending=0
[lat] dt_ms=46.075 cmd=up key=o
[msquic] stream: RECEIVE bytes=104 buffers=1 pending=0
[drop] kind=deadline dt_ms=120.057 cmd=up key=l
[msquic] stream: RECEIVE bytes=52 buffers=1 pending=0
[msquic] stream: RECEIVE bytes=52 buffers=1 pending=0
[lat] dt_ms=7.33379 cmd=up key=r
[drop] kind=deadline dt_ms=156.563 cmd=mup key=k
[drop] kind=deadline dt_ms=146.666 cmd=down key=l
[msquic] stream: RECEIVE bytes=52 buffers=1 pending=0
[msquic] stream: RECEIVE bytes=104 buffers=1 pending=0
[drop] kind=deadline dt_ms=126.684 cmd=down key=n
[lat] dt_ms=75.435 cmd=up key=p
[lat] dt_ms=54.4085 cmd=up key=q
[msquic] stream: RECEIVE bytes=104 buffers=1 pending=0
[msquic] stream: RECEIVE bytes=52 buffers=1 pending=0
[msquic] stream: RECEIVE bytes=52 buffers=1 pending=0
[drop] kind=deadline dt_ms=103.819 cmd=down key=p
[lat] dt_ms=10.2993 cmd=up key=t
[msquic] stream: RECEIVE bytes=52 buffers=1 pending=0
[lat] dt_ms=95.6247 cmd=down key=q
[lat] dt_ms=53.5649 cmd=down key=s
[heal] key=22 heal_ms=45.2157
[msquic] stream: RECEIVE bytes=52 buffers=1 pending=0
[lat] dt_ms=10.1995 cmd=down key=v
[drop] kind=deadline dt_ms=150.816 cmd=mup key=o
[heal] key=24 heal_ms=27.1186
[msquic] stream: RECEIVE bytes=104 buffers=1 pending=0
[lat] dt_ms=72.1223 cmd=up key=s
[drop] kind=deadline dt_ms=144.286 cmd=mup key=p
[lat] dt_ms=9.20609 cmd=down key=w
[lat] dt_ms=77.2603 cmd=down key=t
[drop] kind=deadline dt_ms=133.12 cmd=down key=r
[heal] key=23 heal_ms=82.4364
[msquic] stream: RECEIVE bytes=208 buffers=1 pending=0
[msquic] stream: RECEIVE bytes=52 buffers=1 pending=0
[lat] dt_ms=82.5519 cmd=up key=u
[msquic] stream: RECEIVE bytes=156 buffers=1 pending=0
[msquic] stream: RECEIVE bytes=52 buffers=1 pending=0
[lat] dt_ms=74.4185 cmd=up key=w
[drop] kind=deadline dt_ms=134.38 cmd=down key=u
[lat] dt_ms=80.3727 cmd=down key=x
[heal] key=27 heal_ms=71.4995
[drop] kind=deadline dt_ms=112.506 cmd=up key=v
[msquic] stream: RECEIVE bytes=156 buffers=1 pending=0
[lat] dt_ms=65.4882 cmd=down key=y
[msquic] stream: RECEIVE bytes=52 buffers=1 pending=0
[msquic] stream: RECEIVE bytes=52 buffers=1 pending=0
[lat] dt_ms=54.3287 cmd=down key=z
[msquic] stream: RECEIVE bytes=52 buffers=1 pending=0
[heal] key=40 heal_ms=35.5076
[msquic] stream: RECEIVE bytes=52 buffers=1 pending=0
[drop] kind=deadline dt_ms=139.934 cmd=mup key=v
[lat] dt_ms=5.43639 cmd=down key=b
[watchdog] key=5 age_ms=567.616
[lat] dt_ms=56.5347 cmd=down key=ENTER
[msquic] stream: RECEIVE bytes=52 buffers=1 pending=0
[lat] dt_ms=52.1784 cmd=down key=a
[heal] key=4 heal_ms=41.7317
[msquic] stream: RECEIVE bytes=52 buffers=1 pending=0
[msquic] stream: RECEIVE bytes=52 buffers=1 pending=0
[drop] kind=deadline dt_ms=106.375 cmd=up key=y
[msquic] stream: RECEIVE bytes=52 buffers=1 pending=0
[stuck] key=6 age_ms=515.339
[drop] kind=deadline dt_ms=120.773 cmd=mup key=y
[drop] kind=deadline dt_ms=110.505 cmd=mup key=z
[lat] dt_ms=8.2035 cmd=up key=d
[lat] dt_ms=40.3697 cmd=down key=c
[lat] dt_ms=33.7161 cmd=up key=c
[lat] dt_ms=2.51085 cmd=down key=e
[drop] kind=deadline dt_ms=160.616 cmd=up key=x
[msquic] stream: RECEIVE bytes=52 buffers=1 pending=0
[msquic] stream: RECEIVE bytes=104 buffers=1 pending=0
[msquic] stream: RECEIVE bytes=52 buffers=1 pending=0
[drop] kind=deadline dt_ms=153.679 cmd=up key=z
[lat] dt_ms=28.1681 cmd=up key=e
[lat] dt_ms=18.0184 cmd=down key=f
[heal] key=9 heal_ms=7.38351
[msquic] stream: RECEIVE bytes=52 buffers=1 pending=0
[drop] kind=deadline dt_ms=113.204 cmd=up key=a
[lat] dt_ms=99.459 cmd=up key=b
[lat] dt_ms=5.13251 cmd=down key=g
[heal] key=10 heal_ms=560.104
[msquic] stream: RECEIVE bytes=52 buffers=1 pending=0
[drop] kind=deadline dt_ms=147.583 cmd=up key=ENTER
[lat] dt_ms=1.11127 cmd=up key=g
[msquic] stream: RECEIVE bytes=52 buffers=1 pending=0
[msquic] stream: RECEIVE bytes=52 buffers=1 pending=0
[msquic] stream: RECEIVE bytes=52 buffers=1 pending=0
[msquic] stream: RECEIVE bytes=52 buffers=1 pending=0
[msquic] stream: RECEIVE bytes=52 buffers=1 pending=0
[drop] kind=deadline dt_ms=121.982 cmd=mup key=c
[lat] dt_ms=6.14099 cmd=down key=i
[watchdog] key=12 age_ms=498.389
[drop] kind=deadline dt_ms=102.119 cmd=mup key=d
[drop] kind=deadline dt_ms=116.681 cmd=down key=d
[msquic] stream: RECEIVE bytes=104 buffers=1 pending=0
[lat] dt_ms=90.0302 cmd=up key=f
[lat] dt_ms=16.6046 cmd=down key=j
[msquic] stream: RECEIVE bytes=52 buffers=1 pending=0
[heal] key=12 heal_ms=44.8126
[heal] key=11 heal_ms=66.1447
[msquic] stream: RECEIVE bytes=104 buffers=2 pending=0
[stuck] key=14 age_ms=509.977
[lat] dt_ms=42.4898 cmd=up key=j
[lat] dt_ms=92.393 cmd=up key=h
[msquic] stream: RECEIVE bytes=104 buffers=1 pending=0
[lat] dt_ms=99.7498 cmd=up key=i
[lat] dt_ms=27.5729 cmd=down key=m
[watchdog] key=16 age_ms=578.926
[msquic] stream: RECEIVE bytes=52 buffers=1 pending=0
[msquic] stream: RECEIVE bytes=52 buffers=1 pending=0
[msquic] stream: RECEIVE bytes=52 buffers=1 pending=0
[drop] kind=deadline dt_ms=153.719 cmd=down key=h
[drop] kind=deadline dt_ms=104.065 cmd=down key=k
[lat] dt_ms=1.11248 cmd=down key=p
[watchdog] key=19 age_ms=473.763
[lat] dt_ms=75.4313 cmd=up key=l
[msquic] stream: RECEIVE bytes=52 buffers=1 pending=0
[msquic] stream: RECEIVE bytes=52 buffers=1 pending=0
[msquic] stream: RECEIVE bytes=52 buffers=1 pending=0
[lat] dt_ms=64.7777 cmd=down key=n
[drop] kind=deadline dt_ms=144.755 cmd=mup key=j
[msquic] stream: RECEIVE bytes=104 buffers=1 pending=0
[drop] kind=deadline dt_ms=135.924 cmd=up key=k
[msquic] stream: RECEIVE bytes=52 buffers=1 pending=0
[msquic] stream: RECEIVE bytes=52 buffers=1 pending=0
[lat] dt_ms=82.2395 cmd=up key=n
[msquic] stream: RECEIVE bytes=52 buffers=1 pending=0
[drop] kind=deadline dt_ms=107.209 cmd=up key=m
[drop] kind=deadline dt_ms=149.016 cmd=mup key=k
[drop] kind=deadline dt_ms=131.738 cmd=mup key=l
[msquic] stream: RECEIVE bytes=52 buffers=1 pending=0
[msquic] stream: RECEIVE bytes=52 buffers=1 pending=0
[drop] kind=deadline dt_ms=158.694 cmd=down key=l
[lat] dt_ms=2.18169 cmd=up key=s
[lat] dt_ms=67.7203 cmd=up key=p
[lat] dt_ms=88.5245 cmd=up key=o
[lat] dt_ms=26.2685 cmd=up key=r
[lat] dt_ms=58.6822 cmd=down key=q
[watchdog] key=20 age_ms=596.432
[drop] kind=deadline dt_ms=100.829 cmd=mup key=o
[heal] key=16 heal_ms=143.781
[msquic] stream: RECEIVE bytes=104 buffers=1 pending=0
[msquic] stream: RECEIVE bytes=52 buffers=1 pending=0
[drop] kind=deadline dt_ms=124.314 cmd=down key=o
[lat] dt_ms=8.57221 cmd=up key=t
[msquic] stream: RECEIVE bytes=104 buffers=1 pending=0
[msquic] stream: RECEIVE bytes=104 buffers=1 pending=0
[lat] dt_ms=48.955 cmd=down key=t
[lat] dt_ms=17.6497 cmd=up key=u
[msquic] stream: RECEIVE bytes=52 buffers=1 pending=0
[lat] dt_ms=83.2293 cmd=down key=s
[msquic] stream: RECEIVE bytes=52 buffers=1 pending=0
[drop] kind=deadline dt_ms=123.257 cmd=up key=q
[drop] kind=deadline dt_ms=113.257 cmd=down key=r
[lat] dt_ms=14.7016 cmd=down key=w
[watchdog] key=26 age_ms=451.139
[lat] dt_ms=14.3037 cmd=up key=w
[msquic] stream: RECEIVE bytes=104 buffers=1 pending=0
[drop] kind=deadline dt_ms=109.056 cmd=mup key=s
[lat] dt_ms=5.24178 cmd=up key=x
[msquic] stream: RECEIVE bytes=104 buffers=1 pending=0
[msquic] stream: RECEIVE bytes=52 buffers=1 pending=0
[drop] kind=deadline dt_ms=112.095 cmd=mup key=t
[heal] key=21 heal_ms=160.166
[msquic] stream: RECEIVE bytes=52 buffers=1 pending=0
[msquic] stream: RECEIVE bytes=52 buffers=1 pending=0
[lat] dt_ms=39.6608 cmd=down key=y
[lat] dt_ms=18.9112 cmd=down key=z
[msquic] stream: RECEIVE bytes=52 buffers=1 pending=0
[lat] dt_ms=15.7509 cmd=up key=z
[msquic] stream: RECEIVE bytes=52 buffers=1 pending=0
[drop] kind=deadline dt_ms=121.806 cmd=mup key=u
[msquic] stream: RECEIVE bytes=52 buffers=1 pending=0
[lat] dt_ms=81.5202 cmd=down key=x
[lat] dt_ms=8.2145 cmd=up key=ENTER
[msquic] stream: RECEIVE bytes=52 buffers=1 pending=0
[drop] kind=deadline dt_ms=154.101 cmd=down key=u
[msquic] stream: RECEIVE bytes=52 buffers=1 pending=0
[stuck] key=25 age_ms=690.419
[lat] dt_ms=0.05858 cmd=down key=b
[watchdog] key=5 age_ms=533.547
[heal] key=25 heal_ms=137.98
[msquic] stream: RECEIVE bytes=52 buffers=1 pending=0
[drop] kind=deadline dt_ms=153.577 cmd=down key=v
[drop] kind=deadline dt_ms=126.325 cmd=mup key=w
[msquic] stream: RECEIVE bytes=156 buffers=1 pending=0
[hidra] snapshot v1 mods=0x0 pressed=0
[msquic] stream: RECEIVE bytes=104 buffers=1 pending=0
[msquic] stream: RECEIVE bytes=52 buffers=1 pending=0
[msquic] stream: RECEIVE bytes=52 buffers=1 pending=0
[lat] dt_ms=2.44405 cmd=down key=d
[watchdog] key=7 age_ms=471.514
[drop] kind=deadline dt_ms=126.83 cmd=mup key=y
[lat] dt_ms=2.17409 cmd=up key=d
[lat] dt_ms=71.0527 cmd=up key=a
[heal] key=29 heal_ms=119.615
[msquic] stream: RECEIVE bytes=104 buffers=1 pending=0
[drop] kind=deadline dt_ms=111.019 cmd=down key=ENTER
[msquic] stream: RECEIVE bytes=52 buffers=1 pending=0
[drop] kind=deadline dt_ms=119.439 cmd=down key=a
[msquic] stream: RECEIVE bytes=52 buffers=1 pending=0
[lat] dt_ms=29.779 cmd=down key=f
[drop] kind=deadline dt_ms=100.701 cmd=down key=c
[watchdog] key=9 age_ms=547.119
[heal] key=5 heal_ms=127.314
[msquic] stream: RECEIVE bytes=104 buffers=1 pending=0
[msquic] stream: RECEIVE bytes=52 buffers=1 pending=0
[msquic] stream: RECEIVE bytes=52 buffers=1 pending=0
[lat] dt_ms=22.7372 cmd=up key=h
[lat] dt_ms=96.6095 cmd=down key=e
[heal] key=8 heal_ms=86.2206
[msquic] stream: RECEIVE bytes=52 buffers=1 pending=0
[lat] dt_ms=33.9159 cmd=down key=h
[msquic] stream: RECEIVE bytes=52 buffers=1 pending=0
[drop] kind=deadline dt_ms=152.298 cmd=up key=b
[drop] kind=deadline dt_ms=134.895 cmd=up key=c
[msquic] stream: RECEIVE bytes=52 buffers=1 pending=0
[lat] dt_ms=25.2584 cmd=down key=i
[lat] dt_ms=68.9617 cmd=down key=g
[heal] key=10 heal_ms=59.8828
[msquic] stream: RECEIVE bytes=52 buffers=1 pending=0
[msquic] stream: RECEIVE bytes=104 buffers=1 pending=0
[msquic] stream: RECEIVE bytes=52 buffers=1 pending=0
[lat] dt_ms=75.9219 cmd=up key=g
[lat] dt_ms=11.548 cmd=up key=j
[msquic] stream: RECEIVE bytes=52 buffers=1 pending=0
[drop] kind=deadline dt_ms=125.695 cmd=up key=e
[drop] kind=deadline dt_ms=147.655 cmd=mup key=d
[msquic] stream: RECEIVE bytes=52 buffers=1 pending=0
[msquic] stream: RECEIVE bytes=52 buffers=1 pending=0
[heal] key=13 heal_ms=27.4553
[msquic] stream: RECEIVE bytes=52 buffers=1 pending=0
[drop] kind=deadline dt_ms=120.098 cmd=up key=f
[drop] kind=deadline dt_ms=125.349 cmd=mup key=f
[msquic] stream: RECEIVE bytes=52 buffers=1 pending=0
[heal] key=12 heal_ms=77.7329
[msquic] stream: RECEIVE bytes=52 buffers=1 pending=0
[msquic] stream: RECEIVE bytes=52 buffers=1 pending=0
[msquic] stream: RECEIVE bytes=52 buffers=1 pending=0
[lat] dt_ms=97.5815 cmd=up key=i
[lat] dt_ms=23.1532 cmd=down key=m
[lat] dt_ms=12.8353 cmd=up key=m
[heal] key=14 heal_ms=54.7261
[msquic] stream: RECEIVE bytes=156 buffers=1 pending=0
[stuck] key=15 age_ms=532.674
[heal] key=15 heal_ms=44.6841
[msquic] stream: RECEIVE bytes=52 buffers=1 pending=0
[heal] key=16 heal_ms=43.0119
[msquic] stream: RECEIVE bytes=104 buffers=1 pending=0
[drop] kind=deadline dt_ms=129.299 cmd=down key=j
[lat] dt_ms=34.9508 cmd=down key=o
[watchdog] key=18 age_ms=544.017
[msquic] stream: RECEIVE bytes=104 buffers=1 pending=0
[drop] kind=deadline dt_ms=121.845 cmd=up key=k
[lat] dt_ms=70.4777 cmd=down key=n
[watchdog] key=17 age_ms=627.073
[lat] dt_ms=50.5893 cmd=up key=o
[msquic] stream: RECEIVE bytes=52 buffers=1 pending=0
[drop] kind=deadline dt_ms=152.756 cmd=down key=k
[lat] dt_ms=84.8089 cmd=up key=n
[drop] kind=deadline dt_ms=132.408 cmd=up key=l
[drop] kind=deadline dt_ms=146.05 cmd=down key=l
[lat] dt_ms=45.8492 cmd=down key=q
[lat] dt_ms=4.24075 cmd=down key=s
[watchdog] key=22 age_ms=544.741
[watchdog] key=20 age_ms=490.68
[lat] dt_ms=34.3692 cmd=down key=r
[lat] dt_ms=3.19444 cmd=up key=s
[heal] key=21 heal_ms=23.9424
[msquic] stream: RECEIVE bytes=104 buffers=2 pending=0
[msquic] stream: RECEIVE bytes=52 buffers=1 pending=0
[stuck] key=19 age_ms=588.392
[heal] key=19 heal_ms=91.2019
[msquic] stream: RECEIVE bytes=52 buffers=1 pending=0
[msquic] stream: RECEIVE bytes=52 buffers=1 pending=0
[msquic] stream: RECEIVE bytes=52 buffers=1 pending=0
[msquic] stream: RECEIVE bytes=52 buffers=1 pending=0
[msquic] stream: RECEIVE bytes=52 buffers=1 pending=0
[drop] kind=deadline dt_ms=128.885 cmd=up key=p
[lat] dt_ms=46.1382 cmd=up key=t
[lat] dt_ms=25.1542 cmd=up key=u
[lat] dt_ms=14.5691 cmd=down key=v
[lat] dt_ms=4.26651 cmd=up key=v
[drop] kind=deadline dt_ms=140.225 cmd=down key=p
[lat] dt_ms=58.5054 cmd=down key=t
[heal] key=23 heal_ms=52.5792
[msquic] stream: RECEIVE bytes=52 buffers=1 pending=0
[drop] kind=deadline dt_ms=120.919 cmd=up key=q
[msquic] stream: RECEIVE bytes=52 buffers=1 pending=0
[msquic] stream: RECEIVE bytes=104 buffers=1 pending=0
[stuck] key=26 age_ms=565.301
[msquic] stream: RECEIVE bytes=52 buffers=1 pending=0
[drop] kind=deadline dt_ms=123.154 cmd=up key=r
[msquic] stream: RECEIVE bytes=52 buffers=1 pending=0
[heal] key=24 heal_ms=81.7678
[msquic] stream: RECEIVE bytes=104 buffers=1 pending=0
[stuck] key=28 age_ms=539.375
[lat] dt_ms=97.5134 cmd=down key=u
[heal] key=28 heal_ms=14.5147
[msquic] stream: RECEIVE bytes=52 buffers=1 pending=0
[lat] dt_ms=20.8749 cmd=up key=y
[msquic] stream: RECEIVE bytes=52 buffers=1 pending=0
[msquic] stream: RECEIVE bytes=52 buffers=1 pending=0
[lat] dt_ms=54.0532 cmd=down key=y
[lat] dt_ms=2.14911 cmd=up key=ENTER
[lat] dt_ms=96.2488 cmd=down key=w
[lat] dt_ms=88.5818 cmd=up key=w
[msquic] stream: RECEIVE bytes=104 buffers=1 pending=0
[stuck] key=4 age_ms=504.863
[lat] dt_ms=92.3501 cmd=up key=x
[heal] key=25 heal_ms=150.732
[msquic] stream: RECEIVE bytes=104 buffers=1 pending=0
[stuck] key=5 age_ms=584.502
[drop] kind=deadline dt_ms=136.001 cmd=mup key=w
[lat] dt_ms=21.7633 cmd=down key=b
[msquic] stream: RECEIVE bytes=52 buffers=1 pending=0
[heal] key=29 heal_ms=84.8893
[msquic] stream: RECEIVE bytes=52 buffers=1 pending=0
[msquic] stream: RECEIVE bytes=52 buffers=1 pending=0
[lat] dt_ms=8.60955 cmd=up key=c
[lat] dt_ms=63.3961 cmd=down key=a
[heal] key=4 heal_ms=61.4678
[msquic] stream: RECEIVE bytes=52 buffers=1 pending=0
[msquic] stream: RECEIVE bytes=52 buffers=1 pending=0
[msquic] stream: RECEIVE bytes=104 buffers=1 pending=0
[lat] dt_ms=50.7702 cmd=up key=b
[msquic] stream: RECEIVE bytes=104 buffers=1 pending=0
[drop] kind=deadline dt_ms=109.714 cmd=down key=ENTER
[lat] dt_ms=47.5794 cmd=down key=c
[stuck] key=8 age_ms=475.545
[msquic] stream: RECEIVE bytes=104 buffers=1 pending=0
[msquic] stream: RECEIVE bytes=52 buffers=1 pending=0
[msquic] stream: RECEIVE bytes=52 buffers=1 pending=0
[drop] kind=deadline dt_ms=136.065 cmd=up key=z
[lat] dt_ms=35.6941 cmd=down key=e
[lat] dt_ms=55.6073 cmd=up key=d
[heal] key=40 heal_ms=139.931
[msquic] stream: RECEIVE bytes=52 buffers=1 pending=0
[msquic] stream: RECEIVE bytes=52 buffers=1 pending=0
[lat] dt_ms=81.8963 cmd=down key=d
[lat] dt_ms=42.4802 cmd=down key=f
[watchdog] key=9 age_ms=520.044
[drop] kind=deadline dt_ms=142.375 cmd=up key=a
[heal] key=7 heal_ms=94.3311
[msquic] stream: RECEIVE bytes=52 buffers=1 pending=0
[lat] dt_ms=74.2475 cmd=up key=e
[lat] dt_ms=4.24029 cmd=down key=i
[drop] kind=deadline dt_ms=143.722 cmd=mup key=b
[msquic] stream: RECEIVE bytes=52 buffers=1 pending=0
[msquic] stream: RECEIVE bytes=52 buffers=1 pending=0
[msquic] stream: RECEIVE bytes=52 buffers=1 pending=0
[msquic] stream: RECEIVE bytes=52 buffers=1 pending=0
[lat] dt_ms=43.4146 cmd=up key=i
[lat] dt_ms=22.3695 cmd=up key=j
[drop] kind=deadline dt_ms=107.844 cmd=up key=f
[msquic] stream: RECEIVE bytes=52 buffers=1 pending=0
[msquic] stream: RECEIVE bytes=52 buffers=1 pending=0
[msquic] stream: RECEIVE bytes=52 buffers=1 pending=0
[stuck] key=10 age_ms=594.488
[heal] key=10 heal_ms=108.388
[msquic] stream: RECEIVE bytes=52 buffers=1 pending=0
[msquic] stream: RECEIVE bytes=52 buffers=1 pending=0
[drop] kind=deadline dt_ms=110.665 cmd=up key=g
[lat] dt_ms=6.64206 cmd=up key=l
[heal] key=14 heal_ms=37.894
[heal] key=13 heal_ms=58.1241
[msquic] stream: RECEIVE bytes=156 buffers=1 pending=0
[stuck] key=16 age_ms=550.114
[msquic] stream: RECEIVE bytes=52 buffers=1 pending=0
[msquic] stream: RECEIVE bytes=52 buffers=1 pending=0
[drop] kind=deadline dt_ms=149.092 cmd=down key=g
[lat] dt_ms=13.7831 cmd=up key=m
[drop] kind=deadline dt_ms=129.154 cmd=down key=h
[msquic] stream: RECEIVE bytes=52 buffers=1 pending=0
[msquic] stream: RECEIVE bytes=52 buffers=1 pending=0
[drop] kind=deadline dt_ms=134.511 cmd=up key=h
[lat] dt_ms=73.4688 cmd=up key=k
[msquic] stream: RECEIVE bytes=52 buffers=1 pending=0
[lat] dt_ms=86.9924 cmd=down key=k
[msquic] stream: RECEIVE bytes=52 buffers=1 pending=0
[lat] dt_ms=71.5054 cmd=down key=l
[watchdog] key=15 age_ms=590.29
[stuck] key=11 age_ms=686.465
[heal] key=11 heal_ms=148.433
[msquic] stream: RECEIVE bytes=104 buffers=1 pending=0
[lat] dt_ms=26.5451 cmd=up key=n
[stuck] key=18 age_ms=520.848
[drop] kind=deadline dt_ms=126.587 cmd=down key=j
[lat] dt_ms=68.3616 cmd=down key=m
[heal] key=16 heal_ms=88.8377
[msquic] stream: RECEIVE bytes=52 buffers=1 pending=0
[msquic] stream: RECEIVE bytes=52 buffers=1 pending=0
[lat] dt_ms=86.8637 cmd=down key=n
[lat] dt_ms=24.014 cmd=down key=q
[lat] dt_ms=2.1387 cmd=down key=r
[watchdog] key=21 age_ms=441.562
[watchdog] key=20 age_ms=535.615
[heal] key=17 heal_ms=83.4774
[heal] key=19 heal_ms=41.4674
[msquic] stream: RECEIVE bytes=52 buffers=1 pending=0
[lat] dt_ms=21.1791 cmd=up key=q
[msquic] stream: RECEIVE bytes=52 buffers=1 pending=0
[msquic] stream: RECEIVE bytes=52 buffers=1 pending=0
[msquic] stream: RECEIVE bytes=52 buffers=1 pending=0
[drop] kind=deadline dt_ms=142.915 cmd=mup key=l
[lat] dt_ms=93.3921 cmd=down key=o
[heal] key=18 heal_ms=90.0768
[msquic] stream: RECEIVE bytes=52 buffers=1 pending=0
[msquic] stream: RECEIVE bytes=52 buffers=1 pending=0
[msquic] stream: RECEIVE bytes=104 buffers=1 pending=0
[stuck] key=23 age_ms=530.362
[drop] kind=deadline dt_ms=100.916 cmd=up key=p
[lat] dt_ms=26.4531 cmd=down key=t
[hidra] progress: rx=289 emits=360 quic_snapshots=225 socket=connected
[msquic] stream: RECEIVE bytes=52 buffers=1 pending=0
[heal] key=23 heal_ms=29.0811
[msquic] stream: RECEIVE bytes=52 buffers=1 pending=0
[lat] dt_ms=65.6962 cmd=down key=s
[lat] dt_ms=13.81 cmd=up key=u
[watchdog] key=22 age_ms=580.558
[drop] kind=deadline dt_ms=156.508 cmd=down key=p
[lat] dt_ms=20.0358 cmd=up key=v
[drop] kind=deadline dt_ms=108.852 cmd=mup key=r
[lat] dt_ms=58.697 cmd=down key=u
[drop] kind=deadline dt_ms=111.972 cmd=up key=r
[watchdog] key=24 age_ms=536.381
[drop] kind=deadline dt_ms=109.947 cmd=up key=s
[lat] dt_ms=6.11454 cmd=up key=x
[heal] key=20 heal_ms=156.694
[msquic] stream: RECEIVE bytes=208 buffers=1 pending=0
[msquic] stream: RECEIVE bytes=52 buffers=1 pending=0
[msquic] stream: RECEIVE bytes=52 buffers=1 pending=0
[msquic] stream: RECEIVE bytes=52 buffers=1 pending=0
[msquic] stream: RECEIVE bytes=52 buffers=1 pending=0
[msquic] stream: RECEIVE bytes=52 buffers=1 pending=0
[msquic] stream: RECEIVE bytes=52 buffers=2 pending=0
[stuck] key=26 age_ms=537.75
[lat] dt_ms=53.2023 cmd=down key=x
[drop] kind=deadline dt_ms=131.325 cmd=up key=t
[lat] dt_ms=68.7834 cmd=up key=w
[msquic] stream: RECEIVE bytes=52 buffers=1 pending=0
[lat] dt_ms=40.1668 cmd=up key=y
[msquic] stream: RECEIVE bytes=52 buffers=1 pending=0
[lat] dt_ms=22.0832 cmd=down key=ENTER
[lat] dt_ms=11.4125 cmd=up key=ENTER
[lat] dt_ms=1.15591 cmd=down key=a
[watchdog] key=4 age_ms=555.464
[drop] kind=deadline dt_ms=151.559 cmd=down key=v
[hidra] snapshot v1 mods=0x0 pressed=0
[msquic] stream: RECEIVE bytes=156 buffers=1 pending=0
[drop] kind=deadline dt_ms=150.569 cmd=down key=w
[lat] dt_ms=14.4696 cmd=up key=b
[msquic] stream: RECEIVE bytes=52 buffers=1 pending=0
[drop] kind=deadline dt_ms=144.007 cmd=mup key=w
[lat] dt_ms=10.607 cmd=down key=c
[msquic] stream: RECEIVE bytes=52 buffers=1 pending=0
[msquic] stream: RECEIVE bytes=104 buffers=1 pending=0
[drop] kind=deadline dt_ms=131.179 cmd=down key=y
[drop] kind=deadline dt_ms=116.154 cmd=down key=z
[msquic] stream: RECEIVE bytes=52 buffers=1 pending=0
[heal] key=5 heal_ms=59.6987
[heal] key=4 heal_ms=80.9062
[msquic] stream: RECEIVE bytes=156 buffers=1 pending=0
[drop] kind=deadline dt_ms=135.029 cmd=mup key=z
[heal] key=6 heal_ms=52.6545
[msquic] stream: RECEIVE bytes=52 buffers=1 pending=0
[heal] key=8 heal_ms=11.642
[msquic] stream: RECEIVE bytes=52 buffers=1 pending=0
[drop] kind=deadline dt_ms=118.744 cmd=mup key=ENTER
[msquic] stream: RECEIVE bytes=52 buffers=1 pending=0
[msquic] stream: RECEIVE bytes=52 buffers=1 pending=0
[drop] kind=deadline dt_ms=157.457 cmd=up key=z
[lat] dt_ms=42.6322 cmd=down key=e
[stuck] key=29 age_ms=1276.45
[drop] kind=deadline dt_ms=119.127 cmd=up key=a
[lat] dt_ms=20.8776 cmd=up key=f
[msquic] stream: RECEIVE bytes=104 buffers=1 pending=0
[msquic] stream: RECEIVE bytes=52 buffers=1 pending=0
[lat] dt_ms=89.6504 cmd=up key=c
[msquic] stream: RECEIVE bytes=52 buffers=1 pending=0
[drop] kind=deadline dt_ms=139.273 cmd=down key=b
[lat] dt_ms=12.3178 cmd=down key=h
[watchdog] key=11 age_ms=437.124
[msquic] stream: RECEIVE bytes=104 buffers=1 pending=0
[stuck] key=12 age_ms=533.116
[lat] dt_ms=94.2971 cmd=up key=e
[lat] dt_ms=21.314 cmd=down key=i
[lat] dt_ms=65.6994 cmd=down key=g
[lat] dt_ms=88.0165 cmd=down key=f
[drop] kind=deadline dt_ms=131.561 cmd=down key=d
[watchdog] key=9 age_ms=571.825
[watchdog] key=10 age_ms=524.361
[heal] key=12 heal_ms=28.5663
[msquic] stream: RECEIVE bytes=104 buffers=1 pending=0
[stuck] key=13 age_ms=553.267
[msquic] stream: RECEIVE bytes=52 buffers=1 pending=0
[drop] kind=deadline dt_ms=159.663 cmd=up key=d
[lat] dt_ms=54.4995 cmd=up key=i
[msquic] stream: RECEIVE bytes=52 buffers=1 pending=0
[heal] key=10 heal_ms=102.746
[msquic] stream: RECEIVE bytes=52 buffers=1 pending=0
[msquic] stream: RECEIVE bytes=52 buffers=1 pending=0
[msquic] stream: RECEIVE bytes=104 buffers=1 pending=0
[msquic] stream: RECEIVE bytes=52 buffers=1 pending=0
[lat] dt_ms=76.7159 cmd=down key=j
[drop] kind=deadline dt_ms=109.272 cmd=up key=h
[heal] key=13 heal_ms=71.5837
[msquic] stream: RECEIVE bytes=52 buffers=1 pending=0
[drop] kind=deadline dt_ms=149.965 cmd=up key=g
[msquic] stream: RECEIVE bytes=104 buffers=1 pending=0
[stuck] key=17 age_ms=496.61
[msquic] stream: RECEIVE bytes=52 buffers=1 pending=0
[lat] dt_ms=97.3978 cmd=down key=k
[lat] dt_ms=87.2333 cmd=up key=k
[lat] dt_ms=38.4936 cmd=down key=n
[msquic] stream: RECEIVE bytes=52 buffers=1 pending=0
[drop] kind=deadline dt_ms=122.742 cmd=up key=j
[msquic] stream: RECEIVE bytes=52 buffers=1 pending=0
[msquic] stream: RECEIVE bytes=52 buffers=1 pending=0
[drop] kind=deadline dt_ms=121.623 cmd=mup key=k
[msquic] stream: RECEIVE bytes=52 buffers=1 pending=0
[drop] kind=deadline dt_ms=112.411 cmd=down key=l
[msquic] stream: RECEIVE bytes=52 buffers=1 pending=0
[lat] dt_ms=72.3684 cmd=up key=n
[drop] kind=deadline dt_ms=111.765 cmd=down key=m
[heal] key=16 heal_ms=102.641
[msquic] stream: RECEIVE bytes=104 buffers=1 pending=0
[lat] dt_ms=53.6442 cmd=down key=p
[drop] kind=deadline dt_ms=126.941 cmd=up key=l
[watchdog] key=19 age_ms=584.533
[drop] kind=deadline dt_ms=111.13 cmd=up key=m
[msquic] stream: RECEIVE bytes=52 buffers=1 pending=0
[drop] kind=deadline dt_ms=100.362 cmd=down key=o
[msquic] stream: RECEIVE bytes=52 buffers=1 pending=0
[msquic] stream: RECEIVE bytes=52 buffers=1 pending=0
[stuck] key=18 age_ms=579.682
[heal] key=18 heal_ms=100.533
[msquic] stream: RECEIVE bytes=52 buffers=1 pending=0
[msquic] stream: RECEIVE bytes=104 buffers=1 pending=0
[lat] dt_ms=61.7611 cmd=down key=r
[watchdog] key=21 age_ms=592.436
[stuck] key=23 age_ms=560.611
[msquic] stream: RECEIVE bytes=52 buffers=1 pending=0
[drop] kind=deadline dt_ms=104.132 cmd=up key=p
[lat] dt_ms=9.64928 cmd=down key=u
[watchdog] key=24 age_ms=484.414
[heal] key=23 heal_ms=33.4115
[msquic] stream: RECEIVE bytes=52 buffers=1 pending=0
[drop] kind=deadline dt_ms=150.607 cmd=up key=o
[msquic] stream: RECEIVE bytes=104 buffers=1 pending=0
[lat] dt_ms=78.6807 cmd=down key=s
[heal] key=22 heal_ms=68.4289
[msquic] stream: RECEIVE bytes=104 buffers=1 pending=0
[lat] dt_ms=53.2867 cmd=up key=t
[msquic] stream: RECEIVE bytes=52 buffers=1 pending=0
[drop] kind=deadline dt_ms=119.616 cmd=up key=q
[stuck] key=20 age_ms=669.346
[drop] kind=deadline dt_ms=105.834 cmd=up key=r
[drop] kind=deadline dt_ms=158.989 cmd=down key=q
[heal] key=20 heal_ms=159.667
[msquic] stream: RECEIVE bytes=104 buffers=1 pending=0
[lat] dt_ms=72.7523 cmd=down key=v
[watchdog] key=25 age_ms=584.118
[msquic] stream: RECEIVE bytes=104 buffers=1 pending=0
[lat] dt_ms=96.482 cmd=up key=u
[lat] dt_ms=3.15376 cmd=down key=z
[msquic] stream: RECEIVE bytes=52 buffers=1 pending=0
[lat] dt_ms=32.3361 cmd=down key=y
[drop] kind=deadline dt_ms=152.31 cmd=up key=s
[msquic] stream: RECEIVE bytes=52 buffers=1 pending=0
[lat] dt_ms=72.5632 cmd=up key=w
[msquic] stream: RECEIVE bytes=52 buffers=1 pending=0
[msquic] stream: RECEIVE bytes=52 buffers=1 pending=0
[drop] kind=deadline dt_ms=157.664 cmd=down key=t
[msquic] stream: RECEIVE bytes=52 buffers=1 pending=0
[heal] key=26 heal_ms=91.6249
[msquic] stream: RECEIVE bytes=52 buffers=1 pending=0
[drop] kind=deadline dt_ms=110.706 cmd=down key=w
[drop] kind=deadline dt_ms=123.345 cmd=up key=v
[lat] dt_ms=41.9684 cmd=down key=ENTER
[watchdog] key=40 age_ms=450.846
[drop] kind=deadline dt_ms=111.478 cmd=down key=x
[lat] dt_ms=40.6454 cmd=up key=ENTER
[msquic] stream: RECEIVE bytes=104 buffers=1 pending=0
[drop] kind=deadline dt_ms=156.484 cmd=mup key=v
[stuck] key=5 age_ms=565.861
[drop] kind=deadline dt_ms=119.912 cmd=up key=x
[lat] dt_ms=79.5109 cmd=up key=z
[msquic] stream: RECEIVE bytes=52 buffers=1 pending=0
[stuck] key=27 age_ms=652.003
[heal] key=27 heal_ms=131.687
[msquic] stream: RECEIVE bytes=104 buffers=1 pending=0
[msquic] stream: RECEIVE bytes=52 buffers=1 pending=0
[lat] dt_ms=35.8028 cmd=up key=b
[lat] dt_ms=4.15464 cmd=down key=d
[watchdog] key=7 age_ms=534.787
[drop] kind=deadline dt_ms=145.262 cmd=up key=y
[lat] dt_ms=53.8236 cmd=up key=c
[lat] dt_ms=12.3322 cmd=up key=e
[msquic] stream: RECEIVE bytes=208 buffers=1 pending=0
[msquic] stream: RECEIVE bytes=52 buffers=1 pending=0
[lat] dt_ms=3.59388 cmd=down key=f
[msquic] stream: RECEIVE bytes=52 buffers=1 pending=0
[msquic] stream: RECEIVE bytes=52 buffers=2 pending=0
[drop] kind=deadline dt_ms=155.107 cmd=mup key=z
[heal] key=40 heal_ms=145.156
[msquic] stream: RECEIVE bytes=104 buffers=1 pending=0
[stuck] key=10 age_ms=509.316
[msquic] stream: RECEIVE bytes=52 buffers=1 pending=0
[drop] kind=deadline dt_ms=118.295 cmd=down key=b
[lat] dt_ms=5.26482 cmd=up key=g
[lat] dt_ms=15.8903 cmd=down key=g
[drop] kind=deadline dt_ms=132.78 cmd=up key=a
[msquic] stream: RECEIVE bytes=104 buffers=1 pending=0
[drop] kind=deadline dt_ms=145.334 cmd=down key=a
[msquic] stream: RECEIVE bytes=52 buffers=1 pending=0
[drop] kind=deadline dt_ms=147.718 cmd=mup key=a
[msquic] stream: RECEIVE bytes=52 buffers=1 pending=0
[lat] dt_ms=95.4353 cmd=up key=d
[lat] dt_ms=85.1277 cmd=down key=e
[drop] kind=deadline dt_ms=131.127 cmd=down key=c
[lat] dt_ms=90.2786 cmd=up key=f
[msquic] stream: RECEIVE bytes=260 buffers=1 pending=0
[stuck] key=14 age_ms=484.221
[lat] dt_ms=51.8103 cmd=up key=i
[lat] dt_ms=10.3731 cmd=up key=k
[drop] kind=deadline dt_ms=126.089 cmd=mup key=f
[lat] dt_ms=46.0618 cmd=up key=j
[drop] kind=deadline dt_ms=159.356 cmd=mup key=e
[msquic] stream: RECEIVE bytes=104 buffers=1 pending=0
[msquic] stream: RECEIVE bytes=52 buffers=1 pending=0
[msquic] stream: RECEIVE bytes=52 buffers=1 pending=0
[drop] kind=deadline dt_ms=109.578 cmd=mup key=h
[lat] dt_ms=43.2919 cmd=down key=l
[lat] dt_ms=2.14992 cmd=down key=n
[watchdog] key=17 age_ms=553.29
[watchdog] key=15 age_ms=595.179
[drop] kind=deadline dt_ms=129.502 cmd=down key=h
[lat] dt_ms=21.9239 cmd=up key=m
[lat] dt_ms=34.4286 cmd=down key=m
[msquic] stream: RECEIVE bytes=52 buffers=1 pending=0
[drop] kind=deadline dt_ms=104.303 cmd=down key=j
[lat] dt_ms=1.13614 cmd=down key=o
[msquic] stream: RECEIVE bytes=52 buffers=1 pending=0
[drop] kind=deadline dt_ms=137.983 cmd=up key=h
[stuck] key=11 age_ms=702.67
[lat] dt_ms=59.5302 cmd=up key=l
[drop] kind=deadline dt_ms=126.67 cmd=mup key=i
[msquic] stream: RECEIVE bytes=52 buffers=1 pending=0
[msquic] stream: RECEIVE bytes=52 buffers=1 pending=0
[msquic] stream: RECEIVE bytes=52 buffers=1 pending=0
[drop] kind=deadline dt_ms=150.939 cmd=down key=i
[lat] dt_ms=47.5447 cmd=up key=n
[msquic] stream: RECEIVE bytes=52 buffers=1 pending=0
[lat] dt_ms=22.4376 cmd=down key=p
[lat] dt_ms=1.12889 cmd=down key=q
[watchdog] key=20 age_ms=438.697
[watchdog] key=19 age_ms=489.963
[drop] kind=deadline dt_ms=132.102 cmd=down key=k
[heal] key=16 heal_ms=94.8812
[heal] key=18 heal_ms=52.8919
[msquic] stream: RECEIVE bytes=104 buffers=1 pending=0
[msquic] stream: RECEIVE bytes=104 buffers=1 pending=0
[lat] dt_ms=18.4428 cmd=up key=q
[lat] dt_ms=7.66408 cmd=down key=r
[drop] kind=deadline dt_ms=132.261 cmd=mup key=l
[lat] dt_ms=6.14547 cmd=up key=r
[msquic] stream: RECEIVE bytes=52 buffers=1 pending=0
[msquic] stream: RECEIVE bytes=52 buffers=1 pending=0
[lat] dt_ms=22.8373 cmd=down key=s
[lat] dt_ms=12.3159 cmd=up key=s
[lat] dt_ms=2.15909 cmd=down key=t
[lat] dt_ms=96.6913 cmd=up key=o
[heal] key=20 heal_ms=56.9386
[msquic] stream: RECEIVE bytes=104 buffers=1 pending=0
[msquic] stream: RECEIVE bytes=52 buffers=1 pending=0
[heal] key=19 heal_ms=106.567
[msquic] stream: RECEIVE bytes=156 buffers=1 pending=0
[stuck] key=24 age_ms=476.24
[msquic] stream: RECEIVE bytes=52 buffers=1 pending=0
[msquic] stream: RECEIVE bytes=52 buffers=1 pending=0
[drop] kind=deadline dt_ms=122.089 cmd=up key=p
[lat] dt_ms=38.3908 cmd=up key=t
[lat] dt_ms=27.9555 cmd=down key=u
[msquic] stream: RECEIVE bytes=52 buffers=1 pending=0
[msquic] stream: RECEIVE bytes=52 buffers=1 pending=0
[lat] dt_ms=26.063 cmd=down key=v
[watchdog] key=25 age_ms=430.941
[lat] dt_ms=5.19014 cmd=down key=x
[lat] dt_ms=21.1363 cmd=up key=w
[lat] dt_ms=66.9541 cmd=up key=u
[watchdog] key=27 age_ms=447.707
[msquic] stream: RECEIVE bytes=208 buffers=1 pending=0
[lat] dt_ms=55.1813 cmd=down key=w
[lat] dt_ms=3.12395 cmd=up key=y
[heal] key=27 heal_ms=23.8665
[msquic] stream: RECEIVE bytes=52 buffers=1 pending=0
[heal] key=21 heal_ms=166.51
[msquic] stream: RECEIVE bytes=52 buffers=1 pending=0
[heal] key=22 heal_ms=146.811
[hidra] snapshot v1 mods=0x0 pressed=0
[msquic] stream: RECEIVE bytes=104 buffers=1 pending=0
[msquic] stream: RECEIVE bytes=104 buffers=1 pending=0
[msquic] stream: RECEIVE bytes=52 buffers=1 pending=0
[heal] key=23 heal_ms=150.569
[msquic] stream: RECEIVE bytes=104 buffers=1 pending=0
[drop] kind=deadline dt_ms=113.744 cmd=up key=v
[lat] dt_ms=40.9274 cmd=down key=z
[stuck] key=40 age_ms=537.895
[heal] key=29 heal_ms=42.9222
[msquic] stream: RECEIVE bytes=104 buffers=1 pending=0
[stuck] key=4 age_ms=1143.75
[drop] kind=deadline dt_ms=133.509 cmd=mup key=v
[lat] dt_ms=16.3106 cmd=down key=b
[lat] dt_ms=10.2252 cmd=up key=b
[drop] kind=deadline dt_ms=116.425 cmd=up key=x
[lat] dt_ms=2.11013 cmd=down key=c
[heal] key=4 heal_ms=34.2328
[msquic] stream: RECEIVE bytes=52 buffers=1 pending=0
[msquic] stream: RECEIVE bytes=104 buffers=1 pending=0
[drop] kind=deadline dt_ms=125.054 cmd=down key=y
[lat] dt_ms=0.068969 cmd=down key=d
[watchdog] key=7 age_ms=522.202
[msquic] stream: RECEIVE bytes=52 buffers=1 pending=0
[lat] dt_ms=75.6856 cmd=up key=ENTER
[msquic] stream: RECEIVE bytes=52 buffers=1 pending=0
[lat] dt_ms=68.7848 cmd=up key=a
[drop] kind=deadline dt_ms=110.54 cmd=up key=z
[msquic] stream: RECEIVE bytes=208 buffers=1 pending=0
[stuck] key=8 age_ms=489.958
[drop] kind=deadline dt_ms=126.647 cmd=down key=ENTER
[heal] key=8 heal_ms=12.3064
[msquic] stream: RECEIVE bytes=52 buffers=1 pending=0
[msquic] stream: RECEIVE bytes=52 buffers=1 pending=0
[lat] dt_ms=2.12757 cmd=up key=f
[msquic] stream: RECEIVE bytes=52 buffers=1 pending=0
[heal] key=9 heal_ms=20.9576
[msquic] stream: RECEIVE bytes=104 buffers=1 pending=0
[msquic] stream: RECEIVE bytes=52 buffers=1 pending=0
[msquic] stream: RECEIVE bytes=52 buffers=1 pending=0
[drop] kind=deadline dt_ms=159.79 cmd=down key=a
[lat] dt_ms=24.8429 cmd=up key=g
[lat] dt_ms=78.8456 cmd=down key=e
[lat] dt_ms=45.4238 cmd=down key=g
[lat] dt_ms=4.17431 cmd=down key=i
[watchdog] key=12 age_ms=453.451
[watchdog] key=10 age_ms=604.397
[heal] key=5 heal_ms=144.395
[msquic] stream: RECEIVE bytes=104 buffers=1 pending=0
[drop] kind=deadline dt_ms=128.225 cmd=up key=c
[msquic] stream: RECEIVE bytes=52 buffers=1 pending=0
[drop] kind=deadline dt_ms=144.379 cmd=up key=d
[lat] dt_ms=20.2623 cmd=up key=j
[lat] dt_ms=38.4398 cmd=down key=j
[heal] key=11 heal_ms=73.938
[msquic] stream: RECEIVE bytes=156 buffers=1 pending=0
[stuck] key=14 age_ms=568.675
[msquic] stream: RECEIVE bytes=52 buffers=1 pending=0
[msquic] stream: RECEIVE bytes=52 buffers=1 pending=0
[drop] kind=deadline dt_ms=159.143 cmd=up key=e
[drop] kind=deadline dt_ms=101.94 cmd=up key=h
[drop] kind=deadline dt_ms=159.365 cmd=down key=f
[drop] kind=deadline dt_ms=135.352 cmd=down key=h
[lat] dt_ms=11.2427 cmd=down key=n
[watchdog] key=17 age_ms=490.13
[msquic] stream: RECEIVE bytes=52 buffers=2 pending=0
[heal] key=12 heal_ms=115.67
[msquic] stream: RECEIVE bytes=52 buffers=1 pending=0
[msquic] stream: RECEIVE bytes=52 buffers=[drop] kind=deadline dt_ms=119.069 cmd=up key=i1 pending=0

[lat] dt_ms=14.8652 cmd=up key=n
[lat] dt_ms=91.5957 cmd=down key=k
[msquic] stream: RECEIVE bytes=52 buffers=1 pending=0
[lat] dt_ms=15.331 cmd=down key=o
[msquic] stream: RECEIVE bytes=52 buffers=1 pending=0
[lat] dt_ms=70.6533 cmd=up key=l
[lat] dt_ms=83.0794 cmd=down key=l
[msquic] stream: RECEIVE bytes=52 buffers=1 pending=0
[lat] dt_ms=55.1986 cmd=up key=m
[msquic] stream: RECEIVE bytes=52 buffers=1 pending=0
[drop] kind=deadline dt_ms=117.132 cmd=up key=k
[lat] dt_ms=8.38679 cmd=down key=q
[msquic] stream: RECEIVE bytes=104 buffers=1 pending=0
[drop] kind=deadline dt_ms=147.979 cmd=mup key=j
[lat] dt_ms=1.25057 cmd=up key=q
[drop] kind=deadline dt_ms=128.842 cmd=mup key=k
[msquic] stream: RECEIVE bytes=52 buffers=1 pending=0
[msquic] stream: RECEIVE bytes=52 buffers=1 pending=0
[msquic] stream: RECEIVE bytes=104 buffers=1 pending=0
[lat] dt_ms=73.7039 cmd=down key=p
[lat] dt_ms=21.6707 cmd=up key=r
[lat] dt_ms=1.15242 cmd=up key=s
[heal] key=19 heal_ms=66.6854
[msquic] stream: RECEIVE bytes=52 buffers=1 pending=0
[msquic] stream: RECEIVE bytes=52 buffers=1 pending=0
[msquic] stream: RECEIVE bytes=52 buffers=1 pending=0
[drop] kind=deadline dt_ms=147.072 cmd=down key=m
[msquic] stream: RECEIVE bytes=52 buffers=1 pending=0
[lat] dt_ms=50.3548 cmd=down key=r
[watchdog] key=21 age_ms=463.62
[drop] kind=deadline dt_ms=141.506 cmd=up key=o
[lat] dt_ms=37.5781 cmd=up key=t
[lat] dt_ms=5.18657 cmd=down key=v
[drop] kind=deadline dt_ms=142.619 cmd=mup key=o
[watchdog] key=25 age_ms=498.065
[drop] kind=deadline dt_ms=123.498 cmd=up key=p
[msquic] stream: RECEIVE bytes=104 buffers=1 pending=0
[msquic] stream: RECEIVE bytes=52 buffers=1 pending=0
[lat] dt_ms=56.7225 cmd=down key=t
[watchdog] key=23 age_ms=472.186
[stuck] key=24 age_ms=523.642
[msquic] stream: RECEIVE bytes=52 buffers=1 pending=0
[msquic] stream: RECEIVE bytes=52 buffers=1 pending=0
[msquic] stream: RECEIVE bytes=52 buffers=1 pending=0
[drop] kind=deadline dt_ms=121.264 cmd=mup key=q
[msquic] stream: RECEIVE bytes=52 buffers=1 pending=0
[msquic] stream: RECEIVE bytes=52 buffers=1 pending=0
[lat] dt_ms=0.03682 cmd=down key=x
[lat] dt_ms=54.6613 cmd=up key=u
[watchdog] key=27 age_ms=538.334
[drop] kind=deadline dt_ms=109.604 cmd=mup key=s
[drop] kind=deadline dt_ms=123.929 cmd=down key=s
[msquic] stream: RECEIVE bytes=104 buffers=1 pending=0
[msquic] stream: RECEIVE bytes=52 buffers=1 pending=0
[drop] kind=deadline dt_ms=100.411 cmd=down key=u
[msquic] stream: RECEIVE bytes=52 buffers=1 pending=0
[lat] dt_ms=70.907 cmd=up key=v
[drop] kind=deadline dt_ms=155.781 cmd=mup key=r
[msquic] stream: RECEIVE bytes=52 buffers=1 pending=0
[lat] dt_ms=20.1192 cmd=up key=y
[lat] dt_ms=97.1544 cmd=down key=w
[lat] dt_ms=23.3881 cmd=up key=z
[lat] dt_ms=87.645 cmd=up key=w
[msquic] stream: RECEIVE bytes=104 buffers=1 pending=0
[drop] kind=deadline dt_ms=112.268 cmd=mup key=v
[lat] dt_ms=42.4332 cmd=down key=z
[lat] dt_ms=1.09919 cmd=down key=a
[watchdog] key=4 age_ms=553.891
[drop] kind=deadline dt_ms=160.395 cmd=mup key=t
[msquic] stream: RECEIVE bytes=104 buffers=1 pending=0
[lat] dt_ms=91.9575 cmd=up key=x
[heal] key=4 heal_ms=8.30038
[msquic] stream: RECEIVE bytes=52 buffers=1 pending=0
[lat] dt_ms=85.3432 cmd=down key=y
[watchdog] key=28 age_ms=584.1
[drop] kind=deadline dt_ms=105.427 cmd=mup key=x
[msquic] stream: RECEIVE bytes=52 buffers=1 pending=0
[msquic] stream: RECEIVE bytes=52 buffers=1 pending=0
[drop] kind=deadline dt_ms=151.291 cmd=mup key=w
[lat] dt_ms=74.03 cmd=up key=ENTER
[lat] dt_ms=1.12728 cmd=down key=d
[watchdog] key=7 age_ms=545.375
[msquic] stream: RECEIVE bytes=156 buffers=1 pending=0
[msquic] stream: RECEIVE bytes=104 buffers=1 pending=0
[drop] kind=deadline dt_ms=130.194 cmd=down key=ENTER
[drop] kind=deadline dt_ms=107.137 cmd=up key=a
[msquic] stream: RECEIVE bytes=52 buffers=1 pending=0
[msquic] stream: RECEIVE bytes=52 buffers=1 pending=0
[msquic] stream: RECEIVE bytes=52 buffers=1 pending=0
[heal] key=5 heal_ms=95.582
[msquic] stream: RECEIVE bytes=104 buffers=1 pending=0
[lat] dt_ms=44.3683 cmd=down key=e
[watchdog] key=8 age_ms=605.734
[drop] kind=deadline dt_ms=123.323 cmd=down key=b
[lat] dt_ms=8.21654 cmd=up key=g
[msquic] stream: RECEIVE bytes=104 buffers=1 pending=0
[drop] kind=deadline dt_ms=117.411 cmd=up key=b
[heal] key=6 heal_ms=120.158
[msquic] stream: RECEIVE bytes=104 buffers=1 pending=0
[msquic] stream: RECEIVE bytes=52 buffers=1 pending=0
[drop] kind=deadline dt_ms=121.52 cmd=up key=c
[msquic] stream: RECEIVE bytes=52 buffers=1 pending=0
[msquic] stream: RECEIVE bytes=52 buffers=1 pending=0
[drop] kind=deadline dt_ms=145.743 cmd=down key=c
[msquic] stream: RECEIVE bytes=104 buffers=1 pending=0
[drop] kind=deadline dt_ms=114.309 cmd=up key=e
[lat] dt_ms=19.3537 cmd=down key=j
[hidra] progress: rx=578 emits=707 quic_snapshots=449 socket=connected
[lat] dt_ms=12.3291 cmd=up key=j
[lat] dt_ms=2.12076 cmd=down key=k
[watchdog] key=14 age_ms=546.882
[heal] key=8 heal_ms=118.763
[msquic] stream: RECEIVE bytes=104 buffers=1 pending=0
[heal] key=13 heal_ms=20.7187
[msquic] stream: RECEIVE bytes=52 buffers=1 pending=0
[drop] kind=deadline dt_ms=147.545 cmd=up key=d
[stuck] key=9 age_ms=670.375
[drop] kind=deadline dt_ms=109.656 cmd=down key=g
[drop] kind=deadline dt_ms=133.922 cmd=down key=f
[heal] key=14 heal_ms=18.8202
[msquic] stream: RECEIVE bytes=104 buffers=1 pending=0
[msquic] stream: RECEIVE bytes=104 buffers=1 pending=0
[lat] dt_ms=89.5321 cmd=down key=i
[drop] kind=deadline dt_ms=141.898 cmd=up key=f
[stuck] key=15 age_ms=516.379
[drop] kind=deadline dt_ms=154.344 cmd=mup key=f
[msquic] stream: RECEIVE bytes=52 buffers=1 pending=0
[msquic] stream: RECEIVE bytes=52 buffers=1 pending=0
[drop] kind=deadline dt_ms=132.664 cmd=down key=h
[lat] dt_ms=3.25482 cmd=up key=n
[drop] kind=deadline dt_ms=135.74 cmd=mup key=h
[drop] kind=deadline dt_ms=120.957 cmd=mup key=i
[lat] dt_ms=5.18586 cmd=down key=o
[drop] kind=deadline dt_ms=122.047 cmd=up key=i
[watchdog] key=18 age_ms=407.572
[lat] dt_ms=78.1625 cmd=down key=l
[lat] dt_ms=4.18265 cmd=up key=o
[heal] key=15 heal_ms=93.6801
[msquic] stream: RECEIVE bytes=208 buffers=1 pending=0
[msquic] stream: RECEIVE bytes=52 buffers=1 pending=0
[drop] kind=deadline dt_ms=101.246 cmd=up key=l
[lat] dt_ms=27.3137 cmd=down key=p
[watchdog] key=19 age_ms=448.98
[drop] kind=deadline dt_ms=132.436 cmd=up key=k
[msquic] stream: RECEIVE bytes=52 buffers=1 pending=0
[drop] kind=deadline dt_ms=107.665 cmd=down key=m
[msquic] stream: RECEIVE bytes=52 buffers=1 pending=0
[stuck] key=16 age_ms=613.638
[drop] kind=deadline dt_ms=107.169 cmd=up key=m
[drop] kind=deadline dt_ms=111.296 cmd=mup key=m
[lat] dt_ms=14.515 cmd=up key=r
[heal] key=16 heal_ms=688.883
[msquic] stream: RECEIVE bytes=52 buffers=1 pending=0
[lat] dt_ms=65.88 cmd=up key=p
[msquic] stream: RECEIVE bytes=52 buffers=1 pending=0
[msquic] stream: RECEIVE bytes=52 buffers=1 pending=0
[heal] key=21 heal_ms=31.5975
[msquic] stream: RECEIVE bytes=52 buffers=1 pending=0
[lat] dt_ms=26.537 cmd=down key=s
[watchdog] key=22 age_ms=450.315
[lat] dt_ms=5.47048 cmd=down key=t
[msquic] stream: RECEIVE bytes=104 buffers=1 pending=0
[msquic] stream: RECEIVE bytes=104 buffers=2 pending=0
[drop] kind=deadline dt_ms=149.423 cmd=down key=n
[lat] dt_ms=15.5862 cmd=down key=u
[lat] dt_ms=5.12808 cmd=up key=u
[msquic] stream: RECEIVE bytes=52 buffers=1 pending=0
[lat] dt_ms=3.24297 cmd=down key=v
[watchdog] key=25 age_ms=476.055
[drop] kind=deadline dt_ms=148.247 cmd=mup key=o
[lat] dt_ms=64.7431 cmd=up key=s
[msquic] stream: RECEIVE bytes=104 buffers=1 pending=0
[drop] kind=deadline dt_ms=114.078 cmd=up key=q
[drop] kind=deadline dt_ms=118.285 cmd=mup key=q
[drop] kind=deadline dt_ms=131.025 cmd=down key=q
[drop] kind=deadline dt_ms=145.557 cmd=mup key=p
[lat] dt_ms=74.9358 cmd=up key=t
[lat] dt_ms=8.26686 cmd=down key=x
[watchdog] key=27 age_ms=548.323
[drop] kind=deadline dt_ms=142.834 cmd=down key=r
[heal] key=25 heal_ms=48.959
[heal] key=24 heal_ms=69.6493
[msquic] stream: RECEIVE bytes=104 buffers=1 pending=0
[msquic] stream: RECEIVE bytes=52 buffers=1 pending=0
[msquic] stream: RECEIVE bytes=52 buffers=1 pending=0
[hidra] snapshot v1 mods=0x0 pressed=1
[msquic] stream: RECEIVE bytes=52 buffers=1 pending=0
[msquic] stream: RECEIVE bytes=104 buffers=1 pending=0
[lat] dt_ms=48.9049 cmd=up key=x
[msquic] stream: RECEIVE bytes=52 buffers=1 pending=0
[drop] kind=deadline dt_ms=153.883 cmd=mup key=t
[lat] dt_ms=33.0997 cmd=down key=ENTER
[lat] dt_ms=1.10693 cmd=up key=a
[heal] key=40 heal_ms=23.7061
[msquic] stream: RECEIVE bytes=52 buffers=1 pending=0
[msquic] stream: RECEIVE bytes=52 buffers=1 pending=0
[drop] kind=deadline dt_ms=134.382 cmd=up key=v
[msquic] stream: RECEIVE bytes=52 buffers=1 pending=0
[msquic] stream: RECEIVE bytes=52 buffers=1 pending=0
[msquic] stream: RECEIVE bytes=52 buffers=1 pending=0
[lat] dt_ms=7.73322 cmd=down key=b
[watchdog] key=5 age_ms=468.138
[drop] kind=deadline dt_ms=127.168 cmd=up key=w
[lat] dt_ms=34.9283 cmd=down key=a
[watchdog] key=4 age_ms=597.603
[lat] dt_ms=87.5876 cmd=down key=z
[drop] kind=deadline dt_ms=119.009 cmd=mup key=x
[drop] kind=deadline dt_ms=141.648 cmd=mup key=w
[watchdog] key=29 age_ms=596.126
[lat] dt_ms=8.32593 cmd=down key=c
[drop] kind=deadline dt_ms=156.552 cmd=down key=w
[msquic] stream: RECEIVE bytes=52 buffers=1 pending=0
[stuck] key=26 age_ms=631.41
[lat] dt_ms=93.4066 cmd=up key=z
[msquic] stream: RECEIVE bytes=52 buffers=1 pending=0
[msquic] stream: RECEIVE bytes=52 buffers=1 pending=0
[stuck] key=28 age_ms=632.254
[drop] kind=deadline dt_ms=159.725 cmd=down key=y
[lat] dt_ms=32.9712 cmd=down key=d
[watchdog] key=7 age_ms=591.879
[drop] kind=deadline dt_ms=155.916 cmd=up key=y
[heal] key=28 heal_ms=159.186
[heal] key=8 heal_ms=11.5468
[msquic] stream: RECEIVE bytes=208 buffers=1 pending=0
[msquic] stream: RECEIVE bytes=104 buffers=1 pending=0
[msquic] stream: RECEIVE bytes=52 buffers=1 pending=0
[lat] dt_ms=70.4251 cmd=up key=c
[msquic] stream: RECEIVE bytes=52 buffers=1 pending=0
[lat] dt_ms=99.1816 cmd=up key=b
[msquic] stream: RECEIVE bytes=52 buffers=1 pending=0
[lat] dt_ms=33.81 cmd=down key=f
[watchdog] key=9 age_ms=432.194
[drop] kind=deadline dt_ms=153.559 cmd=up key=ENTER
[msquic] stream: RECEIVE bytes=52 buffers=1 pending=0
[drop] kind=deadline dt_ms=112.989 cmd=mup key=b
[lat] dt_ms=52.825 cmd=up key=e
[msquic] stream: RECEIVE bytes=52 buffers=1 pending=0
[msquic] stream: RECEIVE bytes=52 buffers=1 pending=0
[drop] kind=deadline dt_ms=159.82 cmd=mup key=a
[msquic] stream: RECEIVE bytes=52 buffers=1 pending=0
[drop] kind=deadline dt_ms=126.319 cmd=mup key=c
[lat] dt_ms=23.0713 cmd=up key=h
[msquic] stream: RECEIVE bytes=52 buffers=1 pending=0
[lat] dt_ms=83.2239 cmd=up key=f
[lat] dt_ms=15.31 cmd=up key=j
[lat] dt_ms=4.14729 cmd=down key=k
[msquic] stream: RECEIVE bytes=52 buffers=1 pending=0
[drop] kind=deadline dt_ms=105.986 cmd=mup key=f
[drop] kind=deadline dt_ms=149.375 cmd=mup key=d
[drop] kind=deadline dt_ms=149.379 cmd=up key=d
[msquic] stream: RECEIVE bytes=104 buffers=1 pending=0
[heal] key=14 heal_ms=7.58687
[msquic] stream: RECEIVE bytes=52 buffers=1 pending=0
[drop] kind=deadline dt_ms=150.531 cmd=down key=e
[msquic] stream: RECEIVE bytes=52 buffers=1 pending=0
[lat] dt_ms=24.3016 cmd=up key=k
[lat] dt_ms=98.1427 cmd=down key=h
[heal] key=11 heal_ms=88.8805
[msquic] stream: RECEIVE bytes=104 buffers=1 pending=0
[msquic] stream: RECEIVE bytes=52 buffers=1 pending=0
[drop] kind=deadline dt_ms=124.659 cmd=up key=g
[lat] dt_ms=8.55567 cmd=down key=m
[msquic] stream: RECEIVE bytes=52 buffers=1 pending=0
[stuck] key=10 age_ms=692.033
[drop] kind=deadline dt_ms=145.692 cmd=down key=g
[drop] kind=deadline dt_ms=140.323 cmd=mup key=g
[lat] dt_ms=59.4017 cmd=down key=l
[drop] kind=deadline dt_ms=114.599 cmd=up key=i
[watchdog] key=15 age_ms=611.386
[heal] key=10 heal_ms=732.195
[msquic] stream: RECEIVE bytes=52 buffers=1 pending=0
[lat] dt_ms=22.1495 cmd=up key=n
[lat] dt_ms=68.0064 cmd=up key=l
[msquic] stream: RECEIVE bytes=52 buffers=1 pending=0
[msquic] stream: RECEIVE bytes=52 buffers=1 pending=0
[drop] kind=deadline dt_ms=157.783 cmd=down key=i
[lat] dt_ms=10.3738 cmd=down key=p
[msquic] stream: RECEIVE bytes=52 buffers=1 pending=0
[stuck] key=12 age_ms=640.21
[drop] kind=deadline dt_ms=137.269 cmd=mup key=j
[heal] key=12 heal_ms=163.192
[msquic] stream: RECEIVE bytes=52 buffers=1 pending=0
[lat] dt_ms=53.6959 cmd=down key=o
[heal] key=18 heal_ms=44.1619
[msquic] stream: RECEIVE bytes=156 buffers=1 pending=0
[drop] kind=deadline dt_ms=105.669 cmd=up key=m
[lat] dt_ms=11.3644 cmd=down key=r
[watchdog] key=21 age_ms=526.982
[msquic] stream: RECEIVE bytes=52 buffers=1 pending=0
[heal] key=16 heal_ms=119.306
[msquic] stream: RECEIVE bytes=52 buffers=1 pending=0
[msquic] stream: RECEIVE bytes=52 buffers=1 pending=0
[msquic] stream: RECEIVE bytes=52 buffers=1 pending=0
[msquic] stream: RECEIVE bytes=52 buffers=1 pending=0
[lat] dt_ms=56.8369 cmd=down key=q
[msquic] stream: RECEIVE bytes=52 buffers=1 pending=0
[drop] kind=deadline dt_ms=116.005 cmd=mup key=n
[msquic] stream: RECEIVE bytes=52 buffers=1 pending=0
[drop] kind=deadline dt_ms=129.5 cmd=down key=n
[lat] dt_ms=3.21864 cmd=down key=t
[msquic] stream: RECEIVE bytes=52 buffers=1 pending=0
[lat] dt_ms=27.301 cmd=down key=s
[watchdog] key=22 age_ms=465.218
[lat] dt_ms=3.09686 cmd=up key=t
[msquic] stream: RECEIVE bytes=52 buffers=1 pending=0
[lat] dt_ms=72.0623 cmd=up key=q
[msquic] stream: RECEIVE bytes=52 buffers=1 pending=0
[msquic] stream: RECEIVE bytes=52 buffers=1 pending=0
[msquic] stream: RECEIVE bytes=52 buffers=1 pending=0
[heal] key=19 heal_ms=128.42
[msquic] stream: RECEIVE bytes=52 buffers=1 pending=0
[drop] kind=deadline dt_ms=150.496 cmd=up key=o
[lat] dt_ms=3.26843 cmd=up key=v
[msquic] stream: RECEIVE bytes=52 buffers=1 pending=0
[drop] kind=deadline dt_ms=138.129 cmd=up key=p
[msquic] stream: RECEIVE bytes=104 buffers=1 pending=0
[heal] key=25 heal_ms=31.5432
[msquic] stream: RECEIVE bytes=156 buffers=1 pending=0
[lat] dt_ms=94.9614 cmd=up key=s
[msquic] stream: RECEIVE bytes=52 buffers=1 pending=0
[heal] key=21 heal_ms=130.876
[msquic] stream: RECEIVE bytes=52 buffers=1 pending=0
[drop] kind=deadline dt_ms=135.25 cmd=up key=r
[lat] dt_ms=23.0596 cmd=up key=x
[lat] dt_ms=12.3314 cmd=down key=y
[watchdog] key=28 age_ms=439.404
[drop] kind=deadline dt_ms=101.116 cmd=down key=u
[lat] dt_ms=83.4353 cmd=down key=v
[msquic] stream: RECEIVE bytes=156 buffers=1 pending=0
[drop] kind=deadline dt_ms=103.346 cmd=mup key=u
[lat] dt_ms=75.0019 cmd=down key=w
[lat] dt_ms=1.12385 cmd=up key=z
[watchdog] key=26 age_ms=487.036
[msquic] stream: RECEIVE bytes=104 buffers=1 pending=0
[msquic] stream: RECEIVE bytes=52 buffers=1 pending=0
[drop] kind=deadline dt_ms=130.546 cmd=up key=u
[lat] dt_ms=15.9697 cmd=down key=ENTER
[lat] dt_ms=13.4422 cmd=up key=ENTER
[lat] dt_ms=3.16549 cmd=down key=a
[watchdog] key=4 age_ms=415.092
[lat] dt_ms=3.73559 cmd=up key=a
[msquic] stream: RECEIVE bytes=52 buffers=1 pending=0
[drop] kind=deadline dt_ms=101.824 cmd=down key=x
[msquic] stream: RECEIVE bytes=52 buffers=2 pending=0
[lat] dt_ms=77.7975 cmd=up key=y
[lat] dt_ms=5.19485 cmd=down key=b
[lat] dt_ms=69.5395 cmd=down key=z
[watchdog] key=29 age_ms=480.194
[watchdog] key=5 age_ms=459.07
[msquic] stream: RECEIVE bytes=52 buffers=1 pending=0
[heal] key=26 heal_ms=140.297
[msquic] stream: RECEIVE bytes=52 buffers=1 pending=0
[drop] kind=deadline dt_ms=148.834 cmd=up key=w
[lat] dt_ms=23.0788 cmd=up key=b
[lat] dt_ms=2.19865 cmd=up key=c
[drop] kind=deadline dt_ms=111.265 cmd=mup key=y
[msquic] stream: RECEIVE bytes=104 buffers=1 pending=0
[msquic] stream: RECEIVE bytes=52 buffers=1 pending=0
[msquic] stream: RECEIVE bytes=52 buffers=1 pending=0
[msquic] stream: RECEIVE bytes=52 buffers=1 pending=0
[lat] dt_ms=6.12976 cmd=down key=e
[watchdog] key=8 age_ms=556.249
[heal] key=4 heal_ms=89.7548
[msquic] stream: RECEIVE bytes=104 buffers=1 pending=0
[msquic] stream: RECEIVE bytes=156 buffers=1 pending=0
[msquic] stream: RECEIVE bytes=52 buffers=1 pending=0
[lat] dt_ms=52.1015 cmd=up key=d
[lat] dt_ms=21.0235 cmd=down key=f
[heal] key=5 heal_ms=106.544
[msquic] stream: RECEIVE bytes=52 buffers=1 pending=0
[msquic] stream: RECEIVE bytes=52 buffers=1 pending=0
[msquic] stream: RECEIVE bytes=104 buffers=1 pending=0
[stuck] key=11 age_ms=487.259
[msquic] stream: RECEIVE bytes=52 buffers=1 pending=0
[drop] kind=deadline dt_ms=145.972 cmd=down key=c
[lat] dt_ms=41.2982 cmd=down key=h
[lat] dt_ms=16.6078 cmd=up key=i
[drop] kind=deadline dt_ms=101.797 cmd=up key=e
[drop] kind=deadline dt_ms=152.97 cmd=mup key=c
[drop] kind=deadline dt_ms=143.6 cmd=down key=d
[drop] kind=deadline dt_ms=134.044 cmd=mup key=d
[lat] dt_ms=93.0667 cmd=up key=f
[heal] key=10 heal_ms=80.3798
[msquic] stream: RECEIVE bytes=156 buffers=1 pending=0
[lat] dt_ms=19.0476 cmd=up key=j
[lat] dt_ms=8.34211 cmd=down key=k
[msquic] stream: RECEIVE bytes=52 buffers=1 pending=0
[lat] dt_ms=55.4967 cmd=down key=i
[watchdog] key=12 age_ms=462.806
[lat] dt_ms=92.0169 cmd=up key=g
[drop] kind=deadline dt_ms=103.383 cmd=down key=g
[msquic] stream: RECEIVE bytes=52 buffers=1 pending=0
[msquic] stream: RECEIVE bytes=52 buffers=1 pending=0
[lat] dt_ms=85.9586 cmd=up key=h
[lat] dt_ms=12.5816 cmd=down key=l
[drop] kind=deadline dt_ms=128.901 cmd=mup key=f
[watchdog] key=15 age_ms=427.286
[heal] key=8 heal_ms=164.827
[msquic] stream: RECEIVE bytes=104 buffers=1 pending=0
[msquic] stream: RECEIVE bytes=52 buffers=1 pending=0
[msquic] stream: RECEIVE bytes=52 buffers=1 pending=0
[lat] dt_ms=37.3482 cmd=up key=l
[lat] dt_ms=16.7485 cmd=up key=m
[lat] dt_ms=6.27335 cmd=down key=n
[msquic] stream: RECEIVE bytes=104 buffers=1 pending=0
[msquic] stream: RECEIVE bytes=52 buffers=1 pending=0
[drop] kind=deadline dt_ms=139.19 cmd=mup key=h
[lat] dt_ms=23.2194 cmd=down key=o
[drop] kind=deadline dt_ms=131.255 cmd=down key=j
[drop] kind=deadline dt_ms=124.95 cmd=mup key=j
[msquic] stream: RECEIVE bytes=52 buffers=1 pending=0
[drop] kind=deadline dt_ms=150.961 cmd=mup key=i
[lat] dt_ms=15.1797 cmd=down key=p
[msquic] stream: RECEIVE bytes=52 buffers=1 pending=0
[drop] kind=deadline dt_ms=113.399 cmd=up key=k
[heal] key=16 heal_ms=72.6883
[msquic] stream: RECEIVE bytes=52 buffers=1 pending=0
[heal] key=14 heal_ms=115.69
[msquic] stream: RECEIVE bytes=52 buffers=1 pending=0
[lat] dt_ms=78.3092 cmd=up key=n
[lat] dt_ms=39.5034 cmd=up key=p
[msquic] stream: RECEIVE bytes=52 buffers=1 pending=0
[lat] dt_ms=37.301 cmd=down key=q
[msquic] stream: RECEIVE bytes=52 buffers=1 pending=0
[drop] kind=deadline dt_ms=130.956 cmd=down key=m
[drop] kind=deadline dt_ms=144.407 cmd=mup key=l
[msquic] stream: RECEIVE bytes=52 buffers=1 pending=0
[msquic] stream: RECEIVE bytes=52 buffers=1 pending=0
[heal] key=17 heal_ms=112.262
[msquic] stream: RECEIVE bytes=52 buffers=1 pending=0
[heal] key=18 heal_ms=102.88
[msquic] stream: RECEIVE bytes=104 buffers=1 pending=0
[drop] kind=deadline dt_ms=108.279 cmd=up key=o
[lat] dt_ms=24.373 cmd=up key=s
[lat] dt_ms=13.7177 cmd=down key=t
[msquic] stream: RECEIVE bytes=52 buffers=1 pending=0
[lat] dt_ms=63.0588 cmd=down key=r
[lat] dt_ms=56.8404 cmd=up key=r
[drop] kind=deadline dt_ms=105.771 cmd=mup key=p
[lat] dt_ms=84.7245 cmd=up key=q
[msquic] stream: RECEIVE bytes=104 buffers=1 pending=0
[stuck] key=24 age_ms=1135.92
[msquic] stream: RECEIVE bytes=52 buffers=1 pending=0
[msquic] stream: RECEIVE bytes=52 buffers=1 pending=0
[heal] key=23 heal_ms=56.4305
[hidra] snapshot v1 mods=0x0 pressed=1
[msquic] stream: RECEIVE bytes=156 buffers=1 pending=0
[stuck] key=26 age_ms=496.336
[msquic] stream: RECEIVE bytes=52 buffers=1 pending=0
[lat] dt_ms=69.0559 cmd=up key=t
[lat] dt_ms=37.6398 cmd=down key=v
[msquic] stream: RECEIVE bytes=52 buffers=1 pending=0
[drop] kind=deadline dt_ms=102.815 cmd=down key=s
[drop] kind=deadline dt_ms=136.223 cmd=mup key=q
[msquic] stream: RECEIVE bytes=52 buffers=1 pending=0
[msquic] stream: RECEIVE bytes=52 buffers=1 pending=0
[drop] kind=deadline dt_ms=149.779 cmd=mup key=r
[lat] dt_ms=23.6305 cmd=up key=x
[lat] dt_ms=58.4122 cmd=down key=w
[heal] key=26 heal_ms=52.8457
[msquic] stream: RECEIVE bytes=52 buffers=1 pending=0
[msquic] stream: RECEIVE bytes=52 buffers=1 pending=0
[lat] dt_ms=51.9416 cmd=down key=x
[heal] key=28 heal_ms=24.0735
[msquic] stream: RECEIVE bytes=104 buffers=1 pending=0
[stuck] key=29 age_ms=508.67
[drop] kind=deadline dt_ms=108.923 cmd=mup key=u
[drop] kind=deadline dt_ms=152.942 cmd=mup key=s
[lat] dt_ms=29.5086 cmd=up key=y
[heal] key=29 heal_ms=11.853
[msquic] stream: RECEIVE bytes=104 buffers=1 pending=0
[msquic] stream: RECEIVE bytes=52 buffers=1 pending=0
[drop] kind=deadline dt_ms=146.288 cmd=down key=u
[lat] dt_ms=10.5106 cmd=up key=ENTER
[lat] dt_ms=63.6352 cmd=down key=y
[lat] dt_ms=1.09742 cmd=down key=a
[watchdog] key=4 age_ms=466.788
[msquic] stream: RECEIVE bytes=52 buffers=1 pending=0
[drop] kind=deadline dt_ms=152.61 cmd=up key=u
[msquic] stream: RECEIVE bytes=52 buffers=1 pending=0
[drop] kind=deadline dt_ms=136.746 cmd=mup key=v
[lat] dt_ms=7.15572 cmd=down key=b
[heal] key=4 heal_ms=19.863
[msquic] stream: RECEIVE bytes=104 buffers=1 pending=0
[lat] dt_ms=75.4941 cmd=down key=z
[lat] dt_ms=2.10893 cmd=up key=b
[lat] dt_ms=59.2917 cmd=down key=ENTER
[drop] kind=deadline dt_ms=153.262 cmd=up key=v
[msquic] stream: RECEIVE bytes=52 buffers=1 pending=0
[msquic] stream: RECEIVE bytes=52 buffers=1 pending=0
[msquic] stream: RECEIVE bytes=52 buffers=1 pending=0
[msquic] stream: RECEIVE bytes=52 buffers=1 pending=0
[drop] kind=deadline dt_ms=155.458 cmd=up key=w
[lat] dt_ms=8.29205 cmd=down key=d
[watchdog] key=7 age_ms=516.594
[drop] kind=deadline dt_ms=116.346 cmd=up key=z
[msquic] stream: RECEIVE bytes=156 buffers=1 pending=0
[lat] dt_ms=56.7637 cmd=down key=c
[msquic] stream: RECEIVE bytes=52 buffers=1 pending=0
[lat] dt_ms=16.9002 cmd=down key=e
[watchdog] key=8 age_ms=437.811
[msquic] stream: RECEIVE bytes=52 buffers=1 pending=0
[lat] dt_ms=28.1645 cmd=up key=e
[lat] dt_ms=79.8341 cmd=up key=c
[lat] dt_ms=18.2682 cmd=up key=f
[heal] key=7 heal_ms=66.1738
[msquic] stream: RECEIVE bytes=156 buffers=1 pending=0
[lat] dt_ms=70.2328 cmd=up key=d
[lat] dt_ms=6.34342 cmd=up key=g
[msquic] stream: RECEIVE bytes=52 buffers=1 pending=0
[drop] kind=deadline dt_ms=118.075 cmd=mup key=b
[drop] kind=deadline dt_ms=152.26 cmd=up key=a
[msquic] stream: RECEIVE bytes=52 buffers=2 pending=0
[lat] dt_ms=27.8822 cmd=down key=h
[msquic] stream: RECEIVE bytes=52 buffers=1 pending=0
[msquic] stream: RECEIVE bytes=52 buffers=1 pending=0
[lat] dt_ms=76.6973 cmd=down key=g
[lat] dt_ms=24.0846 cmd=up key=i
[watchdog] key=10 age_ms=552.43
[msquic] stream: RECEIVE bytes=52 buffers=1 pending=0
[msquic] stream: RECEIVE bytes=52 buffers=1 pending=0
[lat] dt_ms=10.4162 cmd=up key=k
[lat] dt_ms=48.5746 cmd=down key=j
[heal] key=12 heal_ms=59.2089
[msquic] stream: RECEIVE bytes=52 buffers=1 pending=0
[lat] dt_ms=7.1805 cmd=up key=l
[drop] kind=deadline dt_ms=146.031 cmd=down key=f
[lat] dt_ms=53.0207 cmd=up key=j
[msquic] stream: RECEIVE bytes=52 buffers=1 pending=0
[msquic] stream: RECEIVE bytes=104 buffers=1 pending=0
[stuck] key=16 age_ms=561.112
[lat] dt_ms=44.0029 cmd=down key=l
[lat] dt_ms=12.8008 cmd=up key=m
[lat] dt_ms=2.2365 cmd=down key=n
[drop] kind=deadline dt_ms=110.383 cmd=down key=i
[heal] key=15 heal_ms=39.7673
[msquic] stream: RECEIVE bytes=52 buffers=1 pending=0
[msquic] stream: RECEIVE bytes=52 buffers=1 pending=0
[msquic] stream: RECEIVE bytes=52 buffers=1 pending=0
[lat] dt_ms=95.2433 cmd=down key=k
[lat] dt_ms=11.2984 cmd=down key=o
[lat] dt_ms=1.13775 cmd=up key=o
[drop] kind=deadline dt_ms=152.153 cmd=up key=h
[heal] key=11 heal_ms=152.243
[msquic] stream: RECEIVE bytes=104 buffers=1 pending=0
[msquic] stream: RECEIVE bytes=52 buffers=1 pending=0
[msquic] stream: RECEIVE bytes=104 buffers=1 pending=0
[lat] dt_ms=4.33899 cmd=down key=p
[drop] kind=deadline dt_ms=119.482 cmd=mup key=j
[drop] kind=deadline dt_ms=101.813 cmd=mup key=k
[watchdog] key=19 age_ms=411.965
[msquic] stream: RECEIVE bytes=52 buffers=1 pending=0
[lat] dt_ms=50.3813 cmd=up key=n
[lat] dt_ms=8.28547 cmd=up key=p
[msquic] stream: RECEIVE bytes=104 buffers=1 pending=0
[msquic] stream: RECEIVE bytes=52 buffers=1 pending=0
[msquic] stream: RECEIVE bytes=52 buffers=1 pending=0
[drop] kind=deadline dt_ms=109.271 cmd=down key=m
[lat] dt_ms=25.3096 cmd=down key=q
[lat] dt_ms=14.7983 cmd=up key=q
[msquic] stream: RECEIVE bytes=104 buffers=1 pending=0
[msquic] stream: RECEIVE bytes=104 buffers=1 pending=0
[stuck] key=22 age_ms=538.321
[msquic] stream: RECEIVE bytes=104 buffers=1 pending=0
[msquic] stream: RECEIVE bytes=52 buffers=1 pending=0
[msquic] stream: RECEIVE bytes=104 buffers=1 pending=0
[drop] kind=deadline dt_ms=146.674 cmd=mup key=m
[lat] dt_ms=43.7459 cmd=up key=r
[lat] dt_ms=55.3824 cmd=down key=r
[stuck] key=23 age_ms=502.584
[heal] key=23 heal_ms=7.38045
[msquic] stream: RECEIVE bytes=52 buffers=1 pending=0
[msquic] stream: RECEIVE bytes=104 buffers=1 pending=0
[msquic] stream: RECEIVE bytes=104 buffers=1 pending=0
[lat] dt_ms=55.5616 cmd=up key=s
[lat] dt_ms=3.13092 cmd=down key=v
[watchdog] key=25 age_ms=545.341
[drop] kind=deadline dt_ms=129.451 cmd=mup key=p
[heal] key=24 heal_ms=26.2172
[msquic] stream: RECEIVE bytes=156 buffers=1 pending=0
[lat] dt_ms=52.2413 cmd=up key=t
[lat] dt_ms=50.6258 cmd=up key=u
[msquic] stream: RECEIVE bytes=52 buffers=1 pending=0
[drop] kind=deadline dt_ms=108.14 cmd=down key=s
[drop] kind=deadline dt_ms=107.517 cmd=down key=t
[lat] dt_ms=32.6418 cmd=down key=x
[hidra] progress: rx=869 emits=1064 quic_snapshots=670 socket=connected
[msquic] stream: RECEIVE bytes=52 buffers=1 pending=0
[stuck] key=26 age_ms=561.667
[lat] dt_ms=56.0044 cmd=down key=w
[heal] key=26 heal_ms=50.9847
[msquic] stream: RECEIVE bytes=52 buffers=1 pending=0
[msquic] stream: RECEIVE bytes=104 buffers=1 pending=0
[lat] dt_ms=29.8928 cmd=down key=y
[watchdog] key=28 age_ms=563.949
[stuck] key=29 age_ms=502.228
[heal] key=27 heal_ms=53.4212
[msquic] stream: RECEIVE bytes=156 buffers=1 pending=0
[lat] dt_ms=0.089629 cmd=down key=ENTER
[watchdog] key=40 age_ms=515.467
[drop] kind=deadline dt_ms=105.03 cmd=up key=v
[drop] kind=deadline dt_ms=137.261 cmd=down key=u
[msquic] stream: RECEIVE bytes=52 buffers=1 pending=0
[lat] dt_ms=97.952 cmd=up key=w
[lat] dt_ms=3.12554 cmd=down key=a
[heal] key=25 heal_ms=120.709
[msquic] stream: RECEIVE bytes=52 buffers=1 pending=0
[drop] kind=deadline dt_ms=116.487 cmd=up key=x
[lat] dt_ms=31.5875 cmd=up key=a
[lat] dt_ms=21.4453 cmd=down key=b
[msquic] stream: RECEIVE bytes=52 buffers=1 pending=0
[lat] dt_ms=86.9968 cmd=down key=z
[heal] key=29 heal_ms=76.6014
[msquic] stream: RECEIVE bytes=52 buffers=1 pending=0
[drop] kind=deadline dt_ms=102.999 cmd=up key=y
[msquic] stream: RECEIVE bytes=52 buffers=1 pending=0
[msquic] stream: RECEIVE bytes=52 buffers=1 pending=0
[msquic] stream: RECEIVE bytes=52 buffers=1 pending=0
[lat] dt_ms=26.5986 cmd=down key=c
[heal] key=5 heal_ms=63.0769
[heal] key=7 heal_ms=20.2411
[msquic] stream: RECEIVE bytes=156 buffers=1 pending=0
[msquic] stream: RECEIVE bytes=52 buffers=1 pending=0
[msquic] stream: RECEIVE bytes=52 buffers=1 pending=0
[msquic] stream: RECEIVE bytes=52 buffers=1 pending=0
[msquic] stream: RECEIVE bytes=52 buffers=1 pending=0
[msquic] stream: RECEIVE bytes=52 buffers=1 pending=0
[lat] dt_ms=99.8434 cmd=up key=b
[lat] dt_ms=5.13033 cmd=down key=g
[lat] dt_ms=60.1518 cmd=up key=d
[lat] dt_ms=20.479 cmd=up key=f
[drop] kind=deadline dt_ms=150.487 cmd=up key=ENTER
[lat] dt_ms=4.10979 cmd=up key=g
[heal] key=40 heal_ms=157.864
[msquic] stream: RECEIVE bytes=104 buffers=1 pending=0
[drop] kind=deadline dt_ms=138.943 cmd=mup key=a
[heal] key=8 heal_ms=62.8357
[msquic] stream: RECEIVE bytes=104 buffers=1 pending=0
[stuck] key=11 age_ms=550.529
[lat] dt_ms=71.2301 cmd=up key=e
[drop] kind=deadline dt_ms=126.63 cmd=mup key=c
[drop] kind=deadline dt_ms=127.664 cmd=up key=c
[msquic] stream: RECEIVE bytes=104 buffers=1 pending=0
[msquic] stream: RECEIVE bytes=52 buffers=1 pending=0
[drop] kind=deadline dt_ms=102.226 cmd=down key=e
[lat] dt_ms=42.0576 cmd=down key=h
[heal] key=9 heal_ms=79.0582
[msquic] stream: RECEIVE bytes=104 buffers=1 pending=0
[lat] dt_ms=42.5914 cmd=down key=i
[watchdog] key=12 age_ms=551.969
[drop] kind=deadline dt_ms=160.489 cmd=down key=d
[lat] dt_ms=15.3648 cmd=up key=k
[drop] kind=deadline dt_ms=102.007 cmd=up key=h
[lat] dt_ms=6.12051 cmd=down key=m
[drop] kind=deadline dt_ms=155.208 cmd=down key=f
[watchdog] key=16 age_ms=561.63
[lat] dt_ms=84.5028 cmd=up key=i
[lat] dt_ms=66.5179 cmd=down key=k
[watchdog] key=14 age_ms=502.063
[heal] key=10 heal_ms=153.815
[heal] key=13 heal_ms=90.183
[heal] key=16 heal_ms=26.8982
[msquic] stream: RECEIVE bytes=364 buffers=1 pending=0
[stuck] key=17 age_ms=523.504
[lat] dt_ms=36.0084 cmd=up key=m
[lat] dt_ms=15.4494 cmd=up key=n
[msquic] stream: RECEIVE bytes=52 buffers=2 pending=0
[msquic] stream: RECEIVE bytes=52 buffers=1 pending=0
[msquic] stream: RECEIVE bytes=52 buffers=1 pending=0
[msquic] stream: RECEIVE bytes=52 buffers=1 pending=0
[drop] kind=deadline dt_ms=128.928 cmd=down key=j
[lat] dt_ms=13.8582 cmd=up key=o
[drop] kind=deadline dt_ms=130.843 cmd=up key=j
[lat] dt_ms=99.4179 cmd=down key=l
[watchdog] key=15 age_ms=504.185
[lat] dt_ms=2.75386 cmd=down key=q
[watchdog] key=20 age_ms=501.745
[drop] kind=deadline dt_ms=110.298 cmd=up key=l
[msquic] stream: RECEIVE bytes=104 buffers=1 pending=0
[heal] key=20 heal_ms=14.571
[msquic] stream: RECEIVE bytes=52 buffers=1 pending=0
[msquic] stream: RECEIVE bytes=52 buffers=1 pending=0
[lat] dt_ms=33.3717 cmd=up key=q
[drop] kind=deadline dt_ms=112.853 cmd=down key=n
[msquic] stream: RECEIVE bytes=52 buffers=1 pending=0
[stuck] key=19 age_ms=624.068
[lat] dt_ms=80.5812 cmd=down key=p
[heal] key=19 heal_ms=75.6355
[msquic] stream: RECEIVE bytes=52 buffers=1 pending=0
[msquic] stream: RECEIVE bytes=52 buffers=1 pending=0
[drop] kind=deadline dt_ms=116.673 cmd=down key=o
[drop] kind=deadline dt_ms=131.063 cmd=mup key=n
[lat] dt_ms=49.1907 cmd=up key=r
[lat] dt_ms=41.997 cmd=down key=s
[watchdog] key=22 age_ms=604.252
[msquic] stream: RECEIVE bytes=52 buffers=1 pending=0
[lat] dt_ms=7.20284 cmd=up key=u
[hidra] snapshot v1 mods=0x0 pressed=0
[msquic] stream: RECEIVE bytes=52 buffers=1 pending=0
[drop] kind=deadline dt_ms=122.502 cmd=up key=p
[lat] dt_ms=7.195 cmd=down key=v
[heal] key=18 heal_ms=146.646
[msquic] stream: RECEIVE bytes=104 buffers=1 pending=0
[msquic] stream: RECEIVE bytes=52 buffers=1 pending=0
[msquic] stream: RECEIVE bytes=52 buffers=1 pending=0
[msquic] stream: RECEIVE bytes=52 buffers=1 pending=0
[drop] kind=deadline dt_ms=101.611 cmd=mup key=r
[lat] dt_ms=76.4668 cmd=down key=t
[lat] dt_ms=24.2537 cmd=up key=v
[watchdog] key=23 age_ms=618.423
[lat] dt_ms=62.7012 cmd=down key=u
[drop] kind=deadline dt_ms=134.673 cmd=down key=r
[watchdog] key=24 age_ms=628.493
[drop] kind=deadline dt_ms=105.64 cmd=up key=s
[msquic] stream: RECEIVE bytes=104 buffers=1 pending=0
[msquic] stream: RECEIVE bytes=52 buffers=1 pending=0
[lat] dt_ms=22.0157 cmd=down key=x
[lat] dt_ms=1.1251 cmd=down key=y
[watchdog] key=28 age_ms=507.137
[watchdog] key=27 age_ms=533.367
[heal] key=22 heal_ms=133.623
[msquic] stream: RECEIVE bytes=104 buffers=1 pending=0
[msquic] stream: RECEIVE bytes=52 buffers=1 pending=0
[drop] kind=deadline dt_ms=126.135 cmd=up key=t
[lat] dt_ms=20.7897 cmd=up key=y
[msquic] stream: RECEIVE bytes=52 buffers=1 pending=0
[lat] dt_ms=11.4008 cmd=up key=z
[msquic] stream: RECEIVE bytes=52 buffers=1 pending=0
[msquic] stream: RECEIVE bytes=104 buffers=1 pending=0
[lat] dt_ms=83.1192 cmd=up key=w
[msquic] stream: RECEIVE bytes=52 buffers=1 pending=0
[msquic] stream: RECEIVE bytes=104 buffers=1 pending=0
[drop] kind=deadline dt_ms=102.386 cmd=down key=w
[lat] dt_ms=22.6173 cmd=down key=ENTER
[heal] key=40 heal_ms=20.0351
[heal] key=28 heal_ms=61.8831
[msquic] stream: RECEIVE bytes=104 buffers=1 pending=0
[stuck] key=4 age_ms=540.678
[msquic] stream: RECEIVE bytes=52 buffers=1 pending=0
[msquic] stream: RECEIVE bytes=52 buffers=1 pending=0
[msquic] stream: RECEIVE bytes=52 buffers=1 pending=0
[msquic] stream: RECEIVE bytes=52 buffers=1 pending=0
[drop] kind=deadline dt_ms=157.143 cmd=mup key=v
[lat] dt_ms=9.53632 cmd=up key=b
[lat] dt_ms=10.1816 cmd=down key=c
[msquic] stream: RECEIVE bytes=104 buffers=1 pending=0
[drop] kind=deadline dt_ms=132.925 cmd=up key=x
[lat] dt_ms=6.22757 cmd=up key=c
[lat] dt_ms=54.0729 cmd=up key=a
[lat] dt_ms=2.11676 cmd=down key=d
[watchdog] key=7 age_ms=539.186
[drop] kind=deadline dt_ms=121.987 cmd=down key=z
[msquic] stream: RECEIVE bytes=52 buffers=1 pending=0
[lat] dt_ms=94.7694 cmd=up key=ENTER
[heal] key=5 heal_ms=57.7544
[msquic] stream: RECEIVE bytes=104 buffers=1 pending=0
[msquic] stream: RECEIVE bytes=104 buffers=1 pending=0
[stuck] key=8 age_ms=498.156
[lat] dt_ms=13.5003 cmd=up key=e
[drop] kind=deadline dt_ms=109.16 cmd=down key=a
[msquic] stream: RECEIVE bytes=156 buffers=1 pending=0
[stuck] key=9 age_ms=587.753
[drop] kind=deadline dt_ms=142.032 cmd=down key=b
[lat] dt_ms=27.6083 cmd=up key=g
[lat] dt_ms=7.14215 cmd=up key=h
[lat] dt_ms=93.1611 cmd=up key=d
[msquic] stream: RECEIVE bytes=52 buffers=1 pending=0
[msquic] stream: RECEIVE bytes=104 buffers=1 pending=0
[msquic] stream: RECEIVE bytes=52 buffers=1 pending=0
[msquic] stream: RECEIVE bytes=52 buffers=1 pending=0
[msquic] stream: RECEIVE bytes=52 buffers=1 pending=0
[msquic] stream: RECEIVE bytes=52 buffers=1 pending=0
[msquic] stream: RECEIVE bytes=52 buffers=1 pending=0
[drop] kind=deadline dt_ms=122.787 cmd=down key=e
[drop] kind=deadline dt_ms=100.067 cmd=down key=g
[lat] dt_ms=6.10892 cmd=up key=k
[msquic] stream: RECEIVE bytes=52 buffers=1 pending=0
[msquic] stream: RECEIVE bytes=52 buffers=1 pending=0
[drop] kind=deadline dt_ms=137.817 cmd=down key=f
[lat] dt_ms=69.6616 cmd=up key=i
[drop] kind=deadline dt_ms=100.54 cmd=down key=h
[heal] key=10 heal_ms=115.807
[msquic] stream: RECEIVE bytes=52 buffers=1 pending=0
[drop] kind=deadline dt_ms=137.828 cmd=up key=f
[heal] key=15 heal_ms=11.5532
[msquic] stream: RECEIVE bytes=52 buffers=1 pending=0
[drop] kind=deadline dt_ms=142.182 cmd=mup key=f
[lat] dt_ms=95.5587 cmd=down key=i
[drop] kind=deadline dt_ms=110.026 cmd=mup key=h
[watchdog] key=12 age_ms=523.719
[heal] key=16 heal_ms=20.4974
[msquic] stream: RECEIVE bytes=156 buffers=1 pending=0
[lat] dt_ms=81.2984 cmd=down key=k
[lat] dt_ms=8.11737 cmd=up key=n
[watchdog] key=14 age_ms=574.866
[msquic] stream: RECEIVE bytes=52 buffers=1 pending=0
[msquic] stream: RECEIVE bytes=52 buffers=1 pending=0
[msquic] stream: RECEIVE bytes=52 buffers=1 pending=0
[drop] kind=deadline dt_ms=103.462 cmd=mup key=k
[drop] kind=deadline dt_ms=128.8 cmd=mup key=j
[drop] kind=deadline dt_ms=141.641 cmd=down key=j
[msquic] stream: RECEIVE bytes=52 buffers=1 pending=0
[drop] kind=deadline dt_ms=138.193 cmd=up key=j
[stuck] key=18 age_ms=586.664
[lat] dt_ms=98.6208 cmd=up key=l
[lat] dt_ms=36.2365 cmd=down key=p
[heal] key=18 heal_ms=52.3532
[msquic] stream: RECEIVE bytes=156 buffers=1 pending=0
[msquic] stream: RECEIVE bytes=52 buffers=1 pending=0
[msquic] stream: RECEIVE bytes=52 buffers=1 pending=0
[lat] dt_ms=32.7048 cmd=down key=q
[watchdog] key=20 age_ms=579.287
[lat] dt_ms=17.1914 cmd=down key=r
[drop] kind=deadline dt_ms=127.118 cmd=down key=m
[watchdog] key=21 age_ms=492.089
[drop] kind=deadline dt_ms=150.183 cmd=down key=l
[lat] dt_ms=96.1791 cmd=down key=o
[heal] key=17 heal_ms=109.72
[msquic] stream: RECEIVE bytes=52 buffers=1 pending=0
[drop] kind=deadline dt_ms=131.171 cmd=up key=m
[msquic] stream: RECEIVE bytes=52 buffers=1 pending=0
[drop] kind=deadline dt_ms=133.569 cmd=down key=n
[msquic] stream: RECEIVE bytes=52 buffers=1 pending=0
[lat] dt_ms=98.3308 cmd=up key=p
[lat] dt_ms=85.8581 cmd=up key=q
[lat] dt_ms=46.9427 cmd=up key=s
[msquic] stream: RECEIVE bytes=104 buffers=1 pending=0
[drop] kind=deadline dt_ms=148.969 cmd=up key=o
[heal] key=24 heal_ms=25.477
[msquic] stream: RECEIVE bytes=52 buffers=1 pending=0
[msquic] stream: RECEIVE bytes=52 buffers=1 pending=0
[msquic] stream: RECEIVE bytes=52 buffers=1 pending=0
[msquic] stream: RECEIVE bytes=52 buffers=2 pending=0
[msquic] stream: RECEIVE bytes=52 buffers=1 pending=0
[lat] dt_ms=18.7151 cmd=up key=v
[stuck] key=23 age_ms=560.511
[lat] dt_ms=75.3484 cmd=down key=t
[lat] dt_ms=2.1942 cmd=up key=w
[msquic] stream: RECEIVE bytes=52 buffers=1 pending=0
[lat] dt_ms=68.9736 cmd=up key=t
[msquic] stream: RECEIVE bytes=52 buffers=1 pending=0
[drop] kind=deadline dt_ms=109.148 cmd=down key=s
[lat] dt_ms=68.3092 cmd=down key=u
[lat] dt_ms=30.9993 cmd=down key=w
[drop] kind=deadline dt_ms=127.798 cmd=up key=r
[msquic] stream: RECEIVE bytes=104 buffers=1 pending=0
[stuck] key=27 age_ms=561.562
[heal] key=27 heal_ms=15.5815
[msquic] stream: RECEIVE bytes=104 buffers=1 pending=0
[msquic] stream: RECEIVE bytes=52 buffers=1 pending=0
[lat] dt_ms=91.587 cmd=up key=u
[msquic] stream: RECEIVE bytes=104 buffers=1 pending=0
[msquic] stream: RECEIVE bytes=52 buffers=1 pending=0
[stuck] key=28 age_ms=560.898
[msquic] stream: RECEIVE bytes=52 buffers=1 pending=0
[stuck] key=29 age_ms=559.59
[lat] dt_ms=60.3246 cmd=down key=x
[lat] dt_ms=17.8205 cmd=down key=z
[lat] dt_ms=30.8064 cmd=up key=y
[msquic] stream: RECEIVE bytes=52 buffers=1 pending=0
[lat] dt_ms=66.0241 cmd=down key=y
[lat] dt_ms=23.6564 cmd=down key=ENTER
[lat] dt_ms=13.3443 cmd=up key=ENTER
[heal] key=26 heal_ms=98.9839
[msquic] stream: RECEIVE bytes=104 buffers=1 pending=0
[msquic] stream: RECEIVE bytes=52 buffers=1 pending=0
[msquic] stream: RECEIVE bytes=52 buffers=1 pending=0
[lat] dt_ms=7.12522 cmd=down key=b
[lat] dt_ms=17.7422 cmd=up key=a
[drop] kind=deadline dt_ms=158.909 cmd=down key=v
[watchdog] key=5 age_ms=510.367
[heal] key=29 heal_ms=70.0459
[msquic] stream: RECEIVE bytes=156 buffers=1 pending=0
[drop] kind=deadline dt_ms=156.467 cmd=mup key=v
[lat] dt_ms=79.3109 cmd=up key=z
[lat] dt_ms=6.14535 cmd=down key=c
[watchdog] key=6 age_ms=567.387
[msquic] stream: RECEIVE bytes=52 buffers=1 pending=0
[drop] kind=deadline dt_ms=136.261 cmd=up key=x
[heal] key=40 heal_ms=87.7188
[msquic] stream: RECEIVE bytes=104 buffers=1 pending=0
[lat] dt_ms=43.6311 cmd=up key=c
[lat] dt_ms=4.20151 cmd=up key=e
[lat] dt_ms=69.4684 cmd=up key=b
[drop] kind=deadline dt_ms=106.995 cmd=down key=a
[lat] dt_ms=2.1536 cmd=down key=f
[watchdog] key=9 age_ms=527.593
[lat] dt_ms=47.9905 cmd=up key=d
[lat] dt_ms=6.12557 cmd=up key=f
[msquic] stream: RECEIVE bytes=52 buffers=1 pending=0
[lat] dt_ms=57.4826 cmd=down key=e
[lat] dt_ms=9.26744 cmd=up key=g
[heal] key=8 heal_ms=50.4639
[msquic] stream: RECEIVE bytes=52 buffers=1 pending=0
[msquic] stream: RECEIVE bytes=52 buffers=1 pending=0
[msquic] stream: RECEIVE bytes=52 buffers=1 pending=0
[msquic] stream: RECEIVE bytes=52 buffers=1 pending=0
[msquic] stream: RECEIVE bytes=52 buffers=1 pending=0
[msquic] stream: RECEIVE bytes=52 buffers=1 pending=0
[msquic] stream: RECEIVE bytes=52 buffers=1 pending=0
[msquic] stream: RECEIVE bytes=52 buffers=1 pending=0
[lat] dt_ms=60.1405 cmd=down key=g
[lat] dt_ms=28.4226 cmd=up key=h
[lat] dt_ms=47.283 cmd=down key=h
[lat] dt_ms=5.14081 cmd=down key=j
[drop] kind=deadline dt_ms=130.824 cmd=down key=d
[watchdog] key=13 age_ms=567.275
[msquic] stream: RECEIVE bytes=104 buffers=1 pending=0
[msquic] stream: RECEIVE bytes=52 buffers=1 pending=0
[lat] dt_ms=46.9427 cmd=[msquic] stream: RECEIVE bytes=52 buffers=1 pending=0
down key=i
[heal] key=9 heal_ms=103.74
[msquic] stream: RECEIVE bytes=52 buffers=1 pending=0
[msquic] stream: RECEIVE bytes=52 buffers=1 pending=0
[msquic] stream: RECEIVE bytes=52 buffers=1 pending=0
[msquic] stream: RECEIVE bytes=104 buffers=1 pending=0
[drop] kind=deadline dt_ms=102.079 cmd=mup key=g
[lat] dt_ms=30.7111 cmd=down key=k
[lat] dt_ms=41.9649 cmd=up key=j
[msquic] stream: RECEIVE bytes=104 buffers=1 pending=0
[msquic] stream: RECEIVE bytes=52 buffers=1 pending=0
[stuck] key=16 age_ms=1109.43
[msquic] stream: RECEIVE bytes=52 buffers=1 pending=0
[lat] dt_ms=28.956 cmd=up key=m
[lat] dt_ms=8.13133 cmd=up key=n
[msquic] stream: RECEIVE bytes=52 buffers=1 pending=0
[drop] kind=deadline dt_ms=146.295 cmd=mup key=h
[lat] dt_ms=67.4215 cmd=up key=l
[lat] dt_ms=5.11763 cmd=up key=o
[drop] kind=deadline dt_ms=136.593 cmd=mup key=i
[lat] dt_ms=1.13647 cmd=down key=p
[watchdog] key=19 age_ms=421.127
[msquic] stream: RECEIVE bytes=104 buffers=1 pending=0
[drop] kind=deadline dt_ms=150.03 cmd=up key=i
[msquic] stream: RECEIVE bytes=52 buffers=1 pending=0
[lat] dt_ms=9.56006 cmd=up key=p
[lat] dt_ms=62.6965 cmd=down key=n
[watchdog] key=17 age_ms=537.24
[drop] kind=deadline dt_ms=121.082 cmd=mup key=k
[msquic] stream: RECEIVE bytes=52 buffers=1 pending=0
[lat] dt_ms=97.0849 cmd=down key=m
[lat] dt_ms=3.13169 cmd=up key=q
[msquic] stream: RECEIVE bytes=52 buffers=1 pending=0
[drop] kind=deadline dt_ms=148.219 cmd=up key=k
[lat] dt_ms=2.33831 cmd=up key=r
[msquic] stream: RECEIVE bytes=52 buffers=1 pending=0
[drop] kind=deadline dt_ms=150.249 cmd=down key=l
[lat] dt_ms=4.15141 cmd=down key=s
[hidra] snapshot v1 mods=0x0 pressed=0
[msquic] stream: RECEIVE bytes=104 buffers=1 pending=0
[msquic] stream: RECEIVE bytes=52 buffers=1 pending=0
[msquic] stream: RECEIVE bytes=52 buffers=1 pending=0
[heal] key=20 heal_ms=44.4814
[msquic] stream: RECEIVE bytes=52 buffers=1 pending=0
[drop] kind=deadline dt_ms=141.382 cmd=mup key=m
[msquic] stream: RECEIVE bytes=52 buffers=1 pending=0
[lat] dt_ms=7.47284 cmd=down key=t
[watchdog] key=23 age_ms=509.483
[drop] kind=deadline dt_ms=125.922 cmd=down key=o
[msquic] stream: RECEIVE bytes=104 buffers=1 pending=0
[drop] kind=deadline dt_ms=126.684 cmd=mup key=o
[drop] kind=deadline dt_ms=102.505 cmd=down key=q
[heal] key=23 heal_ms=28.8746
[heal] key=21 heal_ms=71.5911
[msquic] stream: RECEIVE bytes=104 buffers=1 pending=0
[lat] dt_ms=9.61636 cmd=up key=u
[lat] dt_ms=68.277 cmd=up key=s
[msquic] stream: RECEIVE bytes=52 buffers=1 pending=0
[msquic] stream: RECEIVE bytes=52 buffers=1 pending=0
[msquic] stream: RECEIVE bytes=104 buffers=1 pending=0
[msquic] stream: RECEIVE bytes=52 buffers=1 pending=0
[drop] kind=deadline dt_ms=134.182 cmd=down key=r
[lat] dt_ms=42.5905 cmd=up key=w
[msquic] stream: RECEIVE bytes=104 buffers=1 pending=0
[lat] dt_ms=95.8315 cmd=down key=u
[lat] dt_ms=24.7904 cmd=up key=x
[watchdog] key=24 age_ms=633.442
[msquic] stream: RECEIVE bytes=52 buffers=1 pending=0
[lat] dt_ms=53.1247 cmd=down key=x
[lat] dt_ms=1.12493 cmd=up key=z
[drop] kind=deadline dt_ms=140.01 cmd=up key=t
[lat] dt_ms=5.10399 cmd=down key=ENTER
[msquic] stream: RECEIVE bytes=52 buffers=1 pending=0
[msquic] stream: RECEIVE bytes=52 buffers=1 pending=0
[drop] kind=deadline dt_ms=110.171 cmd=down key=v
[drop] kind=deadline dt_ms=108.206 cmd=up key=v
[msquic] stream: RECEIVE bytes=52 buffers=1 pending=0
[heal] key=28 heal_ms=58.3641
[msquic] stream: RECEIVE bytes=104 buffers=1 pending=0
[drop] kind=deadline dt_ms=116.273 cmd=down key=w
[lat] dt_ms=54.3262 cmd=down key=z
[watchdog] key=29 age_ms=561.453
[stuck] key=4 age_ms=550.042
[heal] key=4 heal_ms=569.458
[msquic] stream: RECEIVE bytes=52 buffers=1 pending=0
[drop] kind=deadline dt_ms=122.635 cmd=mup key=w
[lat] dt_ms=8.20428 cmd=down key=b
[heal] key=5 heal_ms=561.929
[msquic] stream: RECEIVE bytes=52 buffers=1 pending=0
[msquic] stream: RECEIVE bytes=52 buffers=1 pending=0
[msquic] stream: RECEIVE bytes=52 buffers=2 pending=0
[msquic] stream: RECEIVE bytes=104 buffers=1 pending=0
[drop] kind=deadline dt_ms=120.7 cmd=mup key=x
[drop] kind=deadline dt_ms=100.245 cmd=up key=y
[msquic] stream: RECEIVE bytes=52 buffers=1 pending=0
[msquic] stream: RECEIVE bytes=104 buffers=1 pending=0
[stuck] key=6 age_ms=522.889
[msquic] stream: RECEIVE bytes=52 buffers=1 pending=0
[lat] dt_ms=5.44921 cmd=up key=c
[lat] dt_ms=78.5612 cmd=up key=ENTER
[lat] dt_ms=73.2961 cmd=down key=a
[lat] dt_ms=16.4416 cmd=down key=d
[heal] key=7 heal_ms=7.3424
[heal] key=4 heal_ms=70.2284
[msquic] stream: RECEIVE bytes=104 buffers=1 pending=0
[msquic] stream: RECEIVE bytes=52 buffers=1 pending=0
[drop] kind=deadline dt_ms=152.644 cmd=down key=y
[lat] dt_ms=50.4103 cmd=down key=c
[msquic] stream: RECEIVE bytes=52 buffers=1 pending=0
[msquic] stream: RECEIVE bytes=104 buffers=1 pending=0
[msquic] stream: RECEIVE bytes=52 buffers=1 pending=0
[drop] kind=deadline dt_ms=110.017 cmd=up key=a
[lat] dt_ms=15.8072 cmd=down key=f
[watchdog] key=9 age_ms=474.595
[lat] dt_ms=63.551 cmd=up key=d
[msquic] stream: RECEIVE bytes=104 buffers=1 pending=0
[msquic] stream: RECEIVE bytes=52 buffers=1 pending=0
[drop] kind=deadline dt_ms=158.936 cmd=mup key=ENTER
[msquic] stream: RECEIVE bytes=104 buffers=1 pending=0
[stuck] key=11 age_ms=535.673
[msquic] stream: RECEIVE bytes=52 buffers=1 pending=0
[msquic] stream: RECEIVE bytes=52 buffers=1 pending=0
[stuck] key=12 age_ms=534.975
[lat] dt_ms=11.6342 cmd=up key=i
[drop] kind=deadline dt_ms=158.799 cmd=up key=b
[lat] dt_ms=44.7659 cmd=down key=h
[drop] kind=deadline dt_ms=103.907 cmd=up key=e
[drop] kind=deadline dt_ms=152.135 cmd=mup key=c
[lat] dt_ms=83.125 cmd=down key=g
[watchdog] key=10 age_ms=608.894
[drop] kind=deadline dt_ms=135.239 cmd=down key=e
[lat] dt_ms=26.7692 cmd=up key=j
[lat] dt_ms=6.28101 cmd=up key=k
[drop] kind=deadline dt_ms=104.76 cmd=up key=g
[lat] dt_ms=14.384 cmd=down key=l
[watchdog] key=15 age_ms=421.53
[lat] dt_ms=82.5537 cmd=down key=i
[drop] kind=deadline dt_ms=157.248 cmd=mup key=e
[heal] key=12 heal_ms=76.5356
[msquic] stream: RECEIVE bytes=208 buffers=1 pending=0
[lat] dt_ms=69.0199 cmd=down key=j
[hidra] progress: rx=1154 emits=1418 quic_snapshots=891 socket=connected
[msquic] stream: RECEIVE bytes=52 buffers=1 pending=0
[msquic] stream: RECEIVE bytes=52 buffers=1 pending=0
[drop] kind=deadline dt_ms=114.182 cmd=mup key=h
[drop] kind=deadline dt_ms=156.767 cmd=up key=f
[lat] dt_ms=1.10493 cmd=down key=n
[watchdog] key=17 age_ms=464.544
[drop] kind=deadline dt_ms=124.436 cmd=up key=h
[lat] dt_ms=31.4967 cmd=down key=m
[drop] kind=deadline dt_ms=147.519 cmd=mup key=g
[lat] dt_ms=2.11132 cmd=up key=n
[watchdog] key=16 age_ms=579.263
[msquic] stream: RECEIVE bytes=156 buffers=1 pending=0
[stuck] key=18 age_ms=561.753
[lat] dt_ms=48.2156 cmd=up key=m
[lat] dt_ms=5.25115 cmd=up key=o
[msquic] stream: RECEIVE bytes=52 buffers=1 pending=0
[msquic] stream: RECEIVE bytes=52 buffers=1 pending=0
[msquic] stream: RECEIVE bytes=52 buffers=1 pending=0
[msquic] stream: RECEIVE bytes=104 buffers=1 pending=0
[lat] dt_ms=48.5726 cmd=down key=o
[drop] kind=deadline dt_ms=137.554 cmd=[msquic] stream: RECEIVE bytes=52 buffers=1 pending=0
down key=k
[drop] kind=deadline dt_ms=110.16 cmd=up key=l
[stuck] key=19 age_ms=586.897
[heal] key=19 heal_ms=597.303
[msquic] stream: RECEIVE bytes=104 buffers=1 pending=0
[msquic] stream: RECEIVE bytes=52 buffers=1 pending=0
[drop] kind=deadline dt_ms=101.048 cmd=mup key=m
[lat] dt_ms=5.58604 cmd=down key=r
[msquic] stream: RECEIVE bytes=52 buffers=1 pending=0
[lat] dt_ms=51.5373 cmd=up key=p
[lat] dt_ms=9.20289 cmd=up key=r
[msquic] stream: RECEIVE bytes=104 buffers=1 pending=0
[msquic] stream: RECEIVE bytes=52 buffers=1 pending=0
[msquic] stream: RECEIVE bytes=52 buffers=1 pending=0
[stuck] key=22 age_ms=525.747
[lat] dt_ms=25.9429 cmd=down key=t
[lat] dt_ms=5.20355 cmd=down key=u
[watchdog] key=24 age_ms=468.213
[watchdog] key=23 age_ms=442.401
[lat] dt_ms=81.421 cmd=up key=q
[drop] kind=deadline dt_ms=114.696 cmd=mup key=p
[drop] kind=deadline dt_ms=126.31 cmd=down key=p
[lat] dt_ms=66.2693 cmd=down key=s
[heal] key=21 heal_ms=93.0585
[msquic] stream: RECEIVE bytes=208 buffers=1 pending=0
[msquic] stream: RECEIVE bytes=52 buffers=1 pending=0
[lat] dt_ms=16.7365 cmd=up key=v
[msquic] stream: RECEIVE bytes=104 buffers=1 pending=0
[stuck] key=26 age_ms=527.902
[drop] kind=deadline dt_ms=100.159 cmd=up key=s
[lat] dt_ms=7.24251 cmd=down key=x
[drop] kind=deadline dt_ms=152.79 cmd=down key=q
[heal] key=26 heal_ms=17.765
[msquic] stream: RECEIVE bytes=104 buffers=1 pending=0
[msquic] stream: RECEIVE bytes=52 buffers=1 pending=0
[lat] dt_ms=86.4798 cmd=up key=t
[drop] kind=deadline dt_ms=149.224 cmd=mup key=q
[heal] key=27 heal_ms=6.38892
[msquic] stream: RECEIVE bytes=104 buffers=1 pending=0
[lat] dt_ms=15.7946 cmd=up key=x
[lat] dt_ms=5.14104 cmd=down key=y
[watchdog] key=28 age_ms=500.863
[lat] dt_ms=51.3781 cmd=up key=w
[lat] dt_ms=11.398 cmd=up key=y
[lat] dt_ms=1.12829 cmd=down key=z
[watchdog] key=29 age_ms=498.108
[drop] kind=deadline dt_ms=104.084 cmd=up key=u
[lat] dt_ms=76.4839 cmd=down key=w
[drop] kind=deadline dt_ms=102.186 cmd=down key=v
[drop] kind=deadline dt_ms=118.476 cmd=mup key=u
[msquic] stream: RECEIVE bytes=104 buffers=1 pending=0
[stuck] key=40 age_ms=489.096
[msquic] stream: RECEIVE bytes=104 buffers=1 pending=0
[stuck] key=4 age_ms=504.143
[msquic] stream: RECEIVE bytes=104 buffers=1 pending=0
[heal] key=28 heal_ms=74.494
[msquic] stream: RECEIVE bytes=104 buffers=1 pending=0
[stuck] key=5 age_ms=558.518
[heal] key=5 heal_ms=564.723
[msquic] stream: RECEIVE bytes=52 buffers=1 pending=0
[drop] kind=deadline dt_ms=151.057 cmd=mup key=v
[lat] dt_ms=26.393 cmd=up key=a
[msquic] stream: RECEIVE bytes=104 buffers=1 pending=0
[lat] dt_ms=60.9381 cmd=down key=a
[lat] dt_ms=9.10853 cmd=up key=c
[lat] dt_ms=84.7395 cmd=down key=ENTER
[lat] dt_ms=2.12904 cmd=down key=d
[msquic] stream: RECEIVE bytes=52 buffers=1 pending=0
[lat] dt_ms=27.793 cmd=down key=c
[watchdog] key=6 age_ms=586.32
[drop] kind=deadline dt_ms=108.775 cmd=up key=z
[lat] dt_ms=95.4372 cmd=up key=ENTER
[lat] dt_ms=70.9933 cmd=up key=b
[msquic] stream: RECEIVE bytes=104 buffers=1 pending=0
[stuck] key=8 age_ms=1091.38
[lat] dt_ms=40.0851 cmd=up key=d
[heal] key=8 heal_ms=27.8281
[msquic] stream: RECEIVE bytes=52 buffers=1 pending=0
[heal] key=29 heal_ms=166.512
[msquic] stream: RECEIVE bytes=52 buffers=1 pending=0
[lat] dt_ms=69.9508 cmd=down key=e
[drop] kind=deadline dt_ms=133.114 cmd=down key=b
[msquic] stream: RECEIVE bytes=52 buffers=1 pending=0
[msquic] stream: RECEIVE bytes=104 buffers=1 pending=0
[stuck] key=12 age_ms=488.639
[lat] dt_ms=22.7985 cmd=up key=h
[lat] dt_ms=52.6137 cmd=up key=g
[heal] key=12 heal_ms=14.4759
[msquic] stream: RECEIVE bytes=104 buffers=1 pending=0
[msquic] stream: RECEIVE bytes=104 buffers=1 pending=0
[lat] dt_ms=25.0533 cmd=up key=i
[heal] key=13 heal_ms=568.132
[msquic] stream: RECEIVE bytes=52 buffers=2 pending=0
[msquic] stream: RECEIVE bytes=52 buffers=1 pending=0
[heal] key=6 heal_ms=161.66
[msquic] stream: RECEIVE bytes=156 buffers=1 pending=0
[drop] kind=deadline dt_ms=120.492 cmd=up key=e
[msquic] stream: RECEIVE bytes=104 buffers=1 pending=0
[stuck] key=9 age_ms=668.204
[heal] key=9 heal_ms=111.33
[msquic] stream: RECEIVE bytes=52 buffers=1 pending=0
[drop] kind=deadline dt_ms=122.889 cmd=down key=f
[lat] dt_ms=8.55238 cmd=up key=k
[drop] kind=deadline dt_ms=114.682 cmd=up key=f
[msquic] stream: RECEIVE bytes=52 buffers=1 pending=0
[lat] dt_ms=35.1187 cmd=up key=j
[lat] dt_ms=5.1213 cmd=up key=l
[drop] kind=deadline dt_ms=122.866 cmd=down key=g
[lat] dt_ms=2.09856 cmd=up key=m
[msquic] stream: RECEIVE bytes=104 buffers=1 pending=0
[drop] kind=deadline dt_ms=127.449 cmd=down key=i
[drop] kind=deadline dt_ms=155.269 cmd=down key=h
[msquic] stream: RECEIVE bytes=52 buffers=1 pending=0
[msquic] stream: RECEIVE bytes=52 buffers=1 pending=0
[heal] key=15 heal_ms=69.855
[msquic] stream: RECEIVE bytes=104 buffers=1 pending=0
[heal] key=18 heal_ms=570.406
[hidra] snapshot v1 mods=0x0 pressed=0
[msquic] stream: RECEIVE bytes=52 buffers=1 pending=0
[drop] kind=deadline dt_ms=113.916 cmd=down key=k
[lat] dt_ms=9.21959 cmd=down key=p
[lat] dt_ms=93.8352 cmd=down key=l
[watchdog] key=19 age_ms=542.976
[lat] dt_ms=48.6849 cmd=down key=o
[lat] dt_ms=6.96219 cmd=down key=q
[drop] kind=deadline dt_ms=156.54 cmd=down key=j
[watchdog] key=20 age_ms=435.21
[heal] key=18 heal_ms=51.865
[msquic] stream: RECEIVE bytes=156 buffers=1 pending=0
[msquic] stream: RECEIVE bytes=156 buffers=1 pending=0
[lat] dt_ms=93.2955 cmd=up key=n
[lat] dt_ms=20.9149 cmd=down key=r
[lat] dt_ms=10.7222 cmd=up key=r
[drop] kind=deadline dt_ms=100.409 cmd=mup key=n
[msquic] stream: RECEIVE bytes=52 buffers=1 pending=0
[msquic] stream: RECEIVE bytes=52 buffers=1 pending=0
[drop] kind=deadline dt_ms=151.442 cmd=down key=m
[heal] key=22 heal_ms=582.217
[msquic] stream: RECEIVE bytes=104 buffers=1 pending=0
[stuck] key=23 age_ms=475.41
[lat] dt_ms=86.6613 cmd=up key=p
[drop] kind=deadline dt_ms=143.949 cmd=down key=n
[drop] kind=deadline dt_ms=157.368 cmd=mup key=m
[lat] dt_ms=75.8624 cmd=up key=q
[drop] kind=deadline dt_ms=121.407 cmd=up key=o
[lat] dt_ms=19.8276 cmd=up key=t
[lat] dt_ms=12.5286 cmd=down key=u
[lat] dt_ms=56.1811 cmd=down key=s
[heal] key=22 heal_ms=51.3807
[msquic] stream: RECEIVE bytes=52 buffers=1 pending=0
[msquic] stream: RECEIVE bytes=52 buffers=1 pending=0
[lat] dt_ms=19.6755 cmd=down key=v
[msquic] stream: RECEIVE bytes=52 buffers=1 pending=0
[msquic] stream: RECEIVE bytes=52 buffers=1 pending=0
[lat] dt_ms=75.3265 cmd=down key=t
[heal] key=19 heal_ms=148.675
[msquic] stream: RECEIVE bytes=52 buffers=1 pending=0
[msquic] stream: RECEIVE bytes=52 buffers=1 pending=0
[drop] kind=deadline dt_ms=139.092 cmd=mup key=q
[drop] kind=deadline dt_ms=104.689 cmd=up key=s
[msquic] stream: RECEIVE bytes=104 buffers=1 pending=0
[stuck] key=27 age_ms=553.349
[lat] dt_ms=20.7683 cmd=down key=x
[msquic] stream: RECEIVE bytes=52 buffers=1 pending=0
[msquic] stream: RECEIVE bytes=52 buffers=1 pending=0
[heal] key=26 heal_ms=52.3416
[msquic] stream: RECEIVE bytes=104 buffers=1 pending=0
[msquic] stream: RECEIVE bytes=52 buffers=1 pending=0
[lat] dt_ms=20.8331 cmd=up key=y
[drop] kind=deadline dt_ms=110.044 cmd=mup key=u
[heal] key=25 heal_ms=89.2464
[msquic] stream: RECEIVE bytes=104 buffers=1 pending=0
[msquic] stream: RECEIVE bytes=52 buffers=1 pending=0
[heal] key=28 heal_ms=29.6033
[msquic] stream: RECEIVE bytes=52 buffers=1 pending=0
[lat] dt_ms=95.6726 cmd=down key=w
[lat] dt_ms=1.12632 cmd=up key=ENTER
[msquic] stream: RECEIVE bytes=52 buffers=1 pending=0
[drop] kind=deadline dt_ms=121.752 cmd=up key=v
[drop] kind=deadline dt_ms=144.746 cmd=up key=u
[drop] kind=deadline dt_ms=103.709 cmd=up key=w
[lat] dt_ms=77.6817 cmd=down key=y
[msquic] stream: RECEIVE bytes=156 buffers=1 pending=0
[stuck] key=4 age_ms=526.297
[lat] dt_ms=25.0207 cmd=up key=a
[lat] dt_ms=4.15657 cmd=up key=b
[drop] kind=deadline dt_ms=112.025 cmd=mup key=x
[msquic] stream: RECEIVE bytes=156 buffers=1 pending=0
[msquic] stream: RECEIVE bytes=52 buffers=1 pending=0
[drop] kind=deadline dt_ms=137.998 cmd=up key=x
[stuck] key=6 age_ms=558.055
[heal] key=6 heal_ms=25.9785
[msquic] stream: RECEIVE bytes=52 buffers=1 pending=0
[msquic] stream: RECEIVE bytes=52 buffers=1 pending=0
[drop] kind=deadline dt_ms=132.681 cmd=down key=z
[msquic] stream: RECEIVE bytes=52 buffers=1 pending=0
[drop] kind=deadline dt_ms=128.486 cmd=mup key=z
[drop] kind=deadline dt_ms=133.639 cmd=up key=z
[msquic] stream: RECEIVE bytes=104 buffers=1 pending=0
[lat] dt_ms=40.0314 cmd=up key=d
[msquic] stream: RECEIVE bytes=52 buffers=1 pending=0
[msquic] stream: RECEIVE bytes=52 buffers=1 pending=0
[drop] kind=deadline dt_ms=160.225 cmd=down key=ENTER
[lat] dt_ms=89.7694 cmd=up key=c
[drop] kind=deadline dt_ms=146.966 cmd=down key=a
[lat] dt_ms=67.9197 cmd=down key=e
[heal] key=8 heal_ms=60.5987
[msquic] stream: RECEIVE bytes=156 buffers=1 pending=0
[stuck] key=10 age_ms=531.12
[drop] kind=deadline dt_ms=135.165 cmd=down key=b
[lat] dt_ms=34.0549 cmd=down key=g
[lat] dt_ms=60.3732 cmd=down key=f
[watchdog] key=9 age_ms=508.234
[drop] kind=deadline dt_ms=106.579 cmd=down key=d
[heal] key=10 heal_ms=33.3275
[msquic] stream: RECEIVE bytes=52 buffers=1 pending=0
[lat] dt_ms=58.2604 cmd=up key=f
[drop] kind=deadline dt_ms=140.737 cmd=down key=c
[lat] dt_ms=5.11957 cmd=up key=i
[msquic] stream: RECEIVE bytes=104 buffers=1 pending=0
[stuck] key=13 age_ms=526.765
[drop] kind=deadline dt_ms=124.259 cmd=mup key=d
[drop] kind=deadline dt_ms=135.696 cmd=up key=e
[lat] dt_ms=63.7895 cmd=down key=i
[watchdog] key=12 age_ms=513.08
[lat] dt_ms=91.66 cmd=down key=h
[heal] key=11 heal_ms=87.5057
[heal] key=13 heal_ms=609.379
[msquic] stream: RECEIVE bytes=104 buffers=1 pending=0
[msquic] stream: RECEIVE bytes=52 buffers=1 pending=0
[msquic] stream: RECEIVE bytes=104 buffers=1 pending=0
[msquic] stream: RECEIVE bytes=52 buffers=1 pending=0
[msquic] stream: RECEIVE bytes=52 buffers=1 pending=0
[drop] kind=deadline dt_ms=127.403 cmd=up key=g
[lat] dt_ms=12.6905 cmd=down key=m
[watchdog] key=16 age_ms=520.26
[drop] kind=deadline dt_ms=114.768 cmd=up key=h
[msquic] stream: RECEIVE bytes=52 buffers=1 pending=0
[lat] dt_ms=90.6993 cmd=down key=k
[heal] key=14 heal_ms=644.445
[msquic] stream: RECEIVE bytes=104 buffers=1 pending=0
[msquic] stream: RECEIVE bytes=52 buffers=1 pending=0
[drop] kind=deadline dt_ms=123.198 cmd=down key=j
[lat] dt_ms=8.59081 cmd=up key=o
[heal] key=17 heal_ms=44.5778
[msquic] stream: RECEIVE bytes=104 buffers=1 pending=0
[stuck] key=19 age_ms=[drop] kind=deadline dt_ms=129.229480.373
 cmd=mup key=j
[lat] dt_ms=4.29027 cmd=up key=p
[drop] kind=deadline dt_ms=109.91 cmd=mup key=k
[msquic] stream: RECEIVE bytes=104 buffers=1 pending=0
[lat] dt_ms=75.9514 cmd=up key=m
[drop] kind=deadline dt_ms=110.509 cmd=down key=l
[msquic] stream: RECEIVE bytes=52 buffers=1 pending=0
[drop] kind=deadline dt_ms=147.139 cmd=up key=j
[lat] dt_ms=86.3557 cmd=down key=n
[heal] key=16 heal_ms=97.7812
[msquic] stream: RECEIVE bytes=104 buffers=1 pending=0
[msquic] stream: RECEIVE bytes=52 buffers=1 pending=0
[drop] kind=deadline dt_ms=142.586 cmd=up key=k
[drop] kind=deadline dt_ms=127.648 cmd=up key=l
[lat] dt_ms=2.13283 cmd=up key=r
[msquic] stream: RECEIVE bytes=52 buffers=1 pending=0
[msquic] stream: RECEIVE bytes=52 buffers=1 pending=0
[lat] dt_ms=82.0435 cmd=down key=o
[heal] key=20 heal_ms=29.9274
[msquic] stream: RECEIVE bytes=52 buffers=1 pending=0
[lat] dt_ms=58.2873 cmd=down key=q
[lat] dt_ms=42.4701 cmd=down key=r
[watchdog] key=21 age_ms=590.413
[msquic] stream: RECEIVE bytes=104 buffers=1 pending=0
[lat] dt_ms=61.0367 cmd=up key=q
[stuck] key=22 age_ms=540.003
[msquic] stream: RECEIVE bytes=104 buffers=1 pending=0
[drop] kind=deadline dt_ms=102.909 cmd=down key=p
[drop] kind=deadline dt_ms=147.44 cmd=up key=n
[lat] dt_ms=38.4525 cmd=down key=t
[lat] dt_ms=29.0475 cmd=up key=t
[msquic] stream: RECEIVE bytes=52 buffers=1 pending=0
[lat] dt_ms=68.2846 cmd=up key=s
[lat] dt_ms=82.5826 cmd=down key=s
[lat] dt_ms=31.9614 cmd=up key=u
[heal] key=25 heal_ms=13.5065
[msquic] stream: RECEIVE bytes=156 buffers=1 pending=0
[lat] dt_ms=58.7402 cmd=down key=u
[watchdog] key=24 age_ms=487.246
[lat] dt_ms=43.2842 cmd=up key=v
[lat] dt_ms=12.3017 cmd=down key=x
[msquic] stream: RECEIVE bytes=156 buffers=1 pending=0
[msquic] stream: RECEIVE bytes=52 buffers=1 pending=0
[msquic] stream: RECEIVE bytes=52 buffers=1 pending=0
[msquic] stream: RECEIVE bytes=104 buffers=1 pending=0
[stuck] key=28 age_ms=503.827
[drop] kind=deadline dt_ms=144.106 cmd=mup key=s
[lat] dt_ms=48.0041 cmd=up key=x
[heal] key=28 heal_ms=31.1631
[msquic] stream: RECEIVE bytes=104 buffers=1 pending=0
[lat] dt_ms=78.726 cmd=up key=w
[lat] dt_ms=5.28087 cmd=down key=ENTER
[watchdog] key=40 age_ms=532.782
[msquic] stream: RECEIVE bytes=52 buffers=1 pending=0
[msquic] stream: RECEIVE bytes=52 buffers=1 pending=0
[msquic] stream: RECEIVE bytes=52 buffers=1 pending=0
[drop] kind=deadline dt_ms=107.283 cmd=down key=w
[msquic] stream: RECEIVE bytes=52 buffers=1 pending=0
[stuck] key=29 age_ms=1170.86
[drop] kind=deadline dt_ms=135.103 cmd=down key=v
[msquic] stream: RECEIVE bytes=52 buffers=1 pending=0
[lat] dt_ms=18.1866 cmd=down key=a
[lat] dt_ms=9.49633 cmd=up key=a
[lat] dt_ms=31.8864 cmd=up key=ENTER
[msquic] stream: RECEIVE bytes=104 buffers=1 pending=0
[msquic] stream: RECEIVE bytes=52 buffers=1 pending=0
[heal] key=27 heal_ms=112.176
[msquic] stream: RECEIVE bytes=52 buffers=1 pending=0
[lat] dt_ms=21.9568 cmd=up key=b
[msquic] stream: RECEIVE bytes=104 buffers=1 pending=0
[stuck] key=6 age_ms=477.233
[lat] dt_ms=94.0895 cmd=up key=z
[drop] kind=deadline dt_ms=160.487 cmd=mup key=w
[lat] dt_ms=5.08323 cmd=up key=d
[drop] kind=deadline dt_ms=124.86 cmd=down key=z
[drop] kind=deadline dt_ms=143.605 cmd=up key=y
[lat] dt_ms=8.22418 cmd=down key=e
[drop] kind=deadline dt_ms=155.01 cmd=down key=y
[heal] key=6 heal_ms=42.4961
[msquic] stream: RECEIVE bytes=104 buffers=1 pending=0
[drop] kind=deadline dt_ms=136.264 cmd=mup key=z
[lat] dt_ms=42.19 cmd=down key=d
[lat] dt_ms=1.10641 cmd=down key=f
[watchdog] key=9 age_ms=425.475
[watchdog] key=7 age_ms=474.379
[msquic] stream: RECEIVE bytes=104 buffers=1 pending=0
[msquic] stream: RECEIVE bytes=52 buffers=1 pending=0
[lat] dt_ms=2.13288 cmd=up key=f
[drop] kind=deadline dt_ms=100.923 cmd=down key=c
[lat] dt_ms=2.10519 cmd=down key=h
[lat] dt_ms=26.512 cmd=down key=g
[watchdog] key=10 age_ms=565.31
[watchdog] key=11 age_ms=419.459
[drop] kind=deadline dt_ms=136.412 cmd=down key=b
[drop] kind=deadline dt_ms=116.494 cmd=up key=c
[lat] dt_ms=2.13166 cmd=down key=i
[watchdog] key=12 age_ms=439.635
[heal] key=5 heal_ms=146.809
[msquic] stream: RECEIVE bytes=156 buffers=1 pending=0
[msquic] stream: RECEIVE bytes=52 buffers=1 pending=0
[msquic] stream: RECEIVE bytes=52 buffers=1 pending=0
[msquic] stream: RECEIVE bytes=52 buffers=1 pending=0
[msquic] stream: RECEIVE bytes=52 buffers=1 pending=0
[heal] key=8 heal_ms=102.661
[msquic] stream: RECEIVE bytes=52 buffers=1 pending=0
[msquic] stream: RECEIVE bytes=104 buffers=1 pending=0
[drop] kind=deadline dt_ms=121.288 cmd=up key=e
[msquic] stream: RECEIVE bytes=52 buffers=1 pending=0
[lat] dt_ms=40.2994 cmd=up key=i
[drop] kind=deadline dt_ms=153.441 cmd=mup key=d
[lat] dt_ms=29.9871 cmd=up key=j
[lat] dt_ms=4.10287 cmd=down key=l
[watchdog] key=15 age_ms=552.925
[lat] dt_ms=24.7256 cmd=up key=k
[lat] dt_ms=86.5753 cmd=up key=h
[msquic] stream: RECEIVE bytes=156 buffers=1 pending=0
[stuck] key=16 age_ms=483.478
[lat] dt_ms=4.16298 cmd=up key=m
[msquic] stream: RECEIVE bytes=52 buffers=1 pending=0
[lat] dt_ms=62.5236 cmd=down key=k
[drop] kind=deadline dt_ms=137.406 cmd=up key=g
[lat] dt_ms=6.19313 cmd=down key=n
[watchdog] key=17 age_ms=466.44
[watchdog] key=14 age_ms=480.496
[heal] key=9 heal_ms=163.901
[msquic] stream: RECEIVE bytes=52 buffers=1 pending=0
[drop] kind=deadline dt_ms=148.868 cmd=mup key=g
[lat] dt_ms=4.13725 cmd=up key=n
[hidra] snapshot v1 mods=0x0 pressed=0
[msquic] stream: RECEIVE bytes=52 buffers=1 pending=0
[drop] kind=deadline dt_ms=103.218 cmd=down key=j
[msquic] stream: RECEIVE bytes=52 buffers=1 pending=0
[drop] kind=deadline dt_ms=122.573 cmd=mup key=i
[msquic] stream: RECEIVE bytes=52 buffers=1 pending=0
[msquic] stream: RECEIVE bytes=52 buffers=1 pending=0
[heal] key=15 heal_ms=105.169
[msquic] stream: RECEIVE bytes=52 buffers=1 pending=0
[stuck] key=19 age_ms=583.535
[lat] dt_ms=99.2735 cmd=down key=m
[lat] dt_ms=46.8315 cmd=up key=o
[lat] dt_ms=16.0285 cmd=down key=q
[lat] dt_ms=5.60683 cmd=up key=q
[lat] dt_ms=37.7505 cmd=down key=p
[heal] key=19 heal_ms=594.653
[msquic] stream: RECEIVE bytes=52 buffers=1 pending=0
[msquic] stream: RECEIVE bytes=52 buffers=1 pending=0
[msquic] stream: RECEIVE bytes=52 buffers=1 pending=0
[msquic] stream: RECEIVE bytes=104 buffers=1 pending=0
[msquic] stream: RECEIVE bytes=52 buffers=1 pending=0
[stuck] key=21 age_ms=544.2
[drop] kind=deadline dt_ms=141.972 cmd=up key=l
[lat] dt_ms=27.2772 cmd=down key=r
[drop] kind=deadline dt_ms=122.513 cmd=mup key=m
[drop] kind=deadline dt_ms=104.404 cmd=mup key=n
[heal] key=21 heal_ms=607.069
[msquic] stream: RECEIVE bytes=104 buffers=1 pending=0
[msquic] stream: RECEIVE bytes=52 buffers=1 pending=0
[stuck] key=23 age_ms=556.138
[lat] dt_ms=54.245 cmd=down key=s
[lat] dt_ms=22.8652 cmd=up key=t
[lat] dt_ms=2.14794 cmd=up key=u
[msquic] stream: RECEIVE bytes=52 buffers=1 pending=0
[msquic] stream: RECEIVE bytes=52 buffers=1 pending=0
[msquic] stream: RECEIVE bytes=52 buffers=1 pending=0
[msquic] stream: RECEIVE bytes=52 buffers=1 pending=0
[lat] dt_ms=5.4038 cmd=down key=v
[msquic] stream: RECEIVE bytes=52 buffers=1 pending=0
[drop] kind=deadline dt_ms=156.872 cmd=down key=o
[drop] kind=deadline dt_ms=138.236 cmd=up key=p
[heal] key=22 heal_ms=79.6173
[msquic] stream: RECEIVE bytes=52 buffers=1 pending=0
[lat] dt_ms=55.8176 cmd=down key=u
[lat] dt_ms=26.1202 cmd=up key=v
[drop] kind=deadline dt_ms=131.453 cmd=mup key=q
[drop] kind=deadline dt_ms=111.839 cmd=up key=r
[watchdog] key=24 age_ms=534.955
[lat] dt_ms=26.2901 cmd=down key=w
[msquic] stream: RECEIVE bytes=52 buffers=1 pending=0
[lat] dt_ms=95.9208 cmd=down key=t
[heal] key=23 heal_ms=93.0354
[msquic] stream: RECEIVE bytes=156 buffers=2 pending=0
[msquic] stream: RECEIVE bytes=52 buffers=1 pending=0
[lat] dt_ms=30.1449 cmd=down key=x
[msquic] stream: RECEIVE bytes=104 buffers=1 pending=0
[msquic] stream: RECEIVE bytes=52 buffers=1 pending=0
[msquic] stream: RECEIVE bytes=104 buffers=1 pending=0
[msquic] stream: RECEIVE bytes=52 buffers=1 pending=0
[lat] dt_ms=62.4655 cmd=up key=w
[drop] kind=deadline dt_ms=158.761 cmd=up key=s
[lat] dt_ms=44.4399 cmd=up key=y
[msquic] stream: RECEIVE bytes=104 buffers=1 pending=0
[stuck] key=29 age_ms=496.491
[msquic] stream: RECEIVE bytes=104 buffers=1 pending=0
[msquic] stream: RECEIVE bytes=104 buffers=1 pending=0
[lat] dt_ms=79.9618 cmd=down key=y
[hidra] progress: rx=1441 emits=1775 quic_snapshots=1117 socket=connected
[lat] dt_ms=17.9456 cmd=down key=a
[watchdog] key=4 age_ms=553.851
[lat] dt_ms=46.9072 cmd=down key=ENTER
[lat] dt_ms=8.28391 cmd=down key=b
[heal] key=40 heal_ms=603.601
[msquic] stream: RECEIVE bytes=52 buffers=1 pending=0
[lat] dt_ms=47.252 cmd=up key=ENTER
[lat] dt_ms=5.12046 cmd=up key=b
[drop] kind=deadline dt_ms=116.692 cmd=mup key=x
[drop] kind=deadline dt_ms=141.505 cmd=mup key=w
[lat] dt_ms=44.9303 cmd=up key=a
[heal] key=29 heal_ms=87.5449
[msquic] stream: RECEIVE bytes=52 buffers=1 pending=0
[drop] kind=deadline dt_ms=106.887 cmd=down key=z
[msquic] stream: RECEIVE bytes=52 buffers=1 pending=0
[lat] dt_ms=7.65019 cmd=down key=d
[lat] dt_ms=1.09552 cmd=up key=d
[drop] kind=deadline dt_ms=149.375 cmd=up key=x
[heal] key=40 heal_ms=110.779
[msquic] stream: RECEIVE bytes=104 buffers=1 pending=0
[stuck] key=8 age_ms=577.323
[drop] kind=deadline dt_ms=140.415 cmd=up key=z
[lat] dt_ms=27.7914 cmd=down key=e
[msquic] stream: RECEIVE bytes=52 buffers=1 pending=0
[msquic] stream: RECEIVE bytes=52 buffers=1 pending=0
[lat] dt_ms=70.9487 cmd=up key=c
[heal] key=7 heal_ms=50.9396
[msquic] stream: RECEIVE bytes=104 buffers=1 pending=0
[drop] kind=deadline dt_ms=123.323 cmd=mup key=a
[heal] key=5 heal_ms=105.399
[msquic] stream: RECEIVE bytes=104 buffers=1 pending=0
[lat] dt_ms=27.1572 cmd=up key=f
[stuck] key=10 age_ms=557.81
[msquic] stream: RECEIVE bytes=52 buffers=1 pending=0
[msquic] stream: RECEIVE bytes=52 buffers=1 pending=0
[msquic] stream: RECEIVE bytes=104 buffers=1 pending=0
[msquic] stream: RECEIVE bytes=52 buffers=1 pending=0
[msquic] stream: RECEIVE bytes=52 buffers=1 pending=0
[drop] kind=deadline dt_ms=137.044 cmd=down key=c
[lat] dt_ms=32.7105 cmd=down key=h
[lat] dt_ms=11.8453 cmd=down key=i
[lat] dt_ms=7.44098 cmd=up key=i
[lat] dt_ms=98.3184 cmd=up key=e
[msquic] stream: RECEIVE bytes=104 buffers=1 pending=0
[msquic] stream: RECEIVE bytes=52 buffers=1 pending=0
[drop] kind=deadline dt_ms=119.174 cmd=down key=f
[drop] kind=deadline dt_ms=106.121 cmd=up key=g
[lat] dt_ms=12.3441 cmd=down key=l
[watchdog] key=15 age_ms=470.958
[drop] kind=deadline dt_ms=124.587 cmd=down key=g
[msquic] stream: RECEIVE bytes=156 buffers=1 pending=0
[lat] dt_ms=81.4728 cmd=down key=j
[watchdog] key=13 age_ms=587.506
[msquic] stream: RECEIVE bytes=52 buffers=1 pending=0
[msquic] stream: RECEIVE bytes=52 buffers=1 pending=0
[lat] dt_ms=87.9674 cmd=up key=j
[lat] dt_ms=5.5846 cmd=up key=n
[lat] dt_ms=75.3593 cmd=up key=k
[drop] kind=deadline dt_ms=137.913 cmd=up key=h
[msquic] stream: RECEIVE bytes=52 buffers=1 pending=0
[drop] kind=deadline dt_ms=157.59 cmd=mup key=h
[drop] kind=deadline dt_ms=130.158 cmd=down key=k
[msquic] stream: RECEIVE bytes=104 buffers=1 pending=0
[msquic] stream: RECEIVE bytes=52 buffers=1 pending=0
[drop] kind=deadline dt_ms=143.84 cmd=mup key=j
[heal] key=16 heal_ms=83.2397
[msquic] stream: RECEIVE bytes=52 buffers=1 pending=0
[drop] kind=deadline dt_ms=111.877 cmd=mup key=l
[msquic] stream: RECEIVE bytes=52 buffers=1 pending=0
[drop] kind=deadline dt_ms=105.97 cmd=down key=m
[lat] dt_ms=86.4374 cmd=down key=n
[lat] dt_ms=55.0823 cmd=up key=o
[drop] kind=deadline dt_ms=122.404 cmd=up key=l
[msquic] stream: RECEIVE bytes=52 buffers=1 pending=0
[msquic] stream: RECEIVE bytes=52 buffers=1 pending=0
[msquic] stream: RECEIVE bytes=104 buffers=1 pending=0
[msquic] stream: RECEIVE bytes=52 buffers=1 pending=0
[lat] dt_ms=55.8321 cmd=up key=p
[msquic] stream: RECEIVE bytes=52 buffers=1 pending=0
[lat] dt_ms=75.445 cmd=down key=p
[lat] dt_ms=2.11603 cmd=up key=s
[lat] dt_ms=23.4526 cmd=up key=r
[watchdog] key=19 age_ms=606.504
[msquic] stream: RECEIVE bytes=52 buffers=1 pending=0
[lat] dt_ms=52.8068 cmd=up key=q
[drop] kind=deadline dt_ms=138.006 cmd=up key=m
[msquic] stream: RECEIVE bytes=104 buffers=1 pending=0
[stuck] key=23 age_ms=478.736
[msquic] stream: RECEIVE bytes=52 buffers=1 pending=0
[drop] kind=deadline dt_ms=139.307 cmd=mup key=n
[msquic] stream: RECEIVE bytes=52 buffers=1 pending=0
[msquic] stream: RECEIVE bytes=52 buffers=1 pending=0
[drop] kind=deadline dt_ms=139.252 cmd=down key=o
[heal] key=19 heal_ms=115.55
[msquic] stream: RECEIVE bytes=156 buffers=1 pending=0
[stuck] key=24 age_ms=528.658
[lat] dt_ms=74.3851 cmd=down key=s
[lat] dt_ms=11.3626 cmd=down key=v
[heal] key=25 heal_ms=565.942
[heal] key=24 heal_ms=23.7711
[msquic] stream: RECEIVE bytes=52 buffers=1 pending=0
[lat] dt_ms=46.1618 cmd=up key=t
[lat] dt_ms=56.5678 cmd=down key=t
[drop] kind=deadline dt_ms=122.1 cmd=down key=q
[msquic] stream: RECEIVE bytes=52 buffers=1 pending=0
[msquic] stream: RECEIVE bytes=52 buffers=1 pending=0
[drop] kind=deadline dt_ms=106.483 cmd=mup key=r
[msquic] stream: RECEIVE bytes=104 buffers=1 pending=0
[msquic] stream: RECEIVE bytes=104 buffers=1 pending=0
[lat] dt_ms=68.0977 cmd=up key=u
[drop] kind=deadline dt_ms=143.117 cmd=down key=r
[drop] kind=deadline dt_ms=154.543 cmd=mup key=q
[stuck] key=26 age_ms=529.652
[lat] dt_ms=56.5549 cmd=down key=w
[lat] dt_ms=4.12536 cmd=up key=y
[lat] dt_ms=30.3747 cmd=up key=x
[msquic] stream: RECEIVE bytes=104 buffers=1 pending=0
[msquic] stream: RECEIVE bytes=52 buffers=1 pending=0
[drop] kind=deadline dt_ms=128.583 cmd=down key=u
[lat] dt_ms=24.0631 cmd=down key=z
[lat] dt_ms=13.8061 cmd=up key=z
[lat] dt_ms=77.079 cmd=up key=w
[lat] dt_ms=53.9251 cmd=down key=y
[watchdog] key=28 age_ms=609.76
[drop] kind=deadline dt_ms=115.998 cmd=up key=v
[lat] dt_ms=1.10925 cmd=down key=a
[lat] dt_ms=22.7683 cmd=down key=ENTER
[watchdog] key=40 age_ms=500.1
[watchdog] key=4 age_ms=512.557
[lat] dt_ms=90.2684 cmd=down key=x
[msquic] stream: RECEIVE bytes=52 buffers=1 pending=0
[msquic] stream: RECEIVE bytes=52 buffers=1 pending=0
[lat] dt_ms=35.4853 cmd=up key=ENTER
[lat] dt_ms=14.8377 cmd=up key=a
[msquic] stream: RECEIVE bytes=52 buffers=1 pending=0
[msquic] stream: RECEIVE bytes=52 buffers=1 pending=0
[lat] dt_ms=2.10266 cmd=down key=c
[watchdog] key=6 age_ms=496.496
[msquic] stream: RECEIVE bytes=104 buffers=1 pending=0
[drop] kind=deadline dt_ms=149.158 cmd=mup key=w
[drop] kind=deadline dt_ms=131.682 cmd=mup key=x
[lat] dt_ms=40.7096 cmd=up key=b
[msquic] stream: RECEIVE bytes=156 buffers=2 pending=0
[heal] key=7 heal_ms=7.9584
[msquic] stream: RECEIVE bytes=52 buffers=1 pending=0
[msquic] stream: RECEIVE bytes=52 buffers=1 pending=0
[msquic] stream: RECEIVE bytes=52 buffers=1 pending=0
[lat] dt_ms=31.1626 cmd=down key=d
[lat] dt_ms=1.08923 cmd=up key=e
[lat] dt_ms=22.9881 cmd=up key=d
[msquic] stream: RECEIVE bytes=52 buffers=1 pending=0
[msquic] stream: RECEIVE bytes=52 buffers=1 pending=0
[msquic] stream: RECEIVE bytes=52 buffers=1 pending=0
[heal] key=4 heal_ms=101.828
[msquic] stream: RECEIVE bytes=52 buffers=1 pending=0
[msquic] stream: RECEIVE bytes=104 buffers=1 pending=0
[lat] dt_ms=57.6417 cmd=down key=e
[lat] dt_ms=15.4215 cmd=down key=g
[watchdog] key=8 age_ms=556.501
[heal] key=10 heal_ms=580.749
[msquic] stream: RECEIVE bytes=52 buffers=1 pending=0
[msquic] stream: RECEIVE bytes=52 buffers=1 pending=0
[drop] kind=deadline dt_ms=157.026 cmd=down key=b
[lat] dt_ms=10.2677 cmd=down key=i
[lat] dt_ms=30.9406 cmd=down key=h
[watchdog] key=11 age_ms=464.808
[watchdog] key=12 age_ms=574.914
[drop] kind=deadline dt_ms=136.843 cmd=up key=c
[lat] dt_ms=90.0491 cmd=down key=f
[heal] key=9 heal_ms=79.0979
[msquic] stream: RECEIVE bytes=52 buffers=1 pending=0
[msquic] stream: RECEIVE bytes=52 buffers=1 pending=0
[msquic] stream: RECEIVE bytes=52 buffers=1 pending=0
[drop] kind=deadline dt_ms=103.993 cmd=up key=f
[lat] dt_ms=10.1204 cmd=down key=k
[watchdog] key=14 age_ms=490.576
[lat] dt_ms=30.7949 cmd=up key=j
[msquic] stream: RECEIVE bytes=52 buffers=1 pending=0
[msquic] stream: RECEIVE bytes=52 buffers=1 pending=0
[msquic] stream: RECEIVE bytes=52 buffers=1 pending=0
[heal] key=10 heal_ms=108.722
[msquic] stream: RECEIVE bytes=52 buffers=1 pending=0
[hidra] snapshot v1 mods=0x0 pressed=1
[msquic] stream: RECEIVE bytes=104 buffers=1 pending=0
[lat] dt_ms=27.4696 cmd=down key=l
[lat] dt_ms=16.8578 cmd=up key=l
[stuck] key=16 age_ms=1034.79
[msquic] stream: RECEIVE bytes=104 buffers=1 pending=0
[msquic] stream: RECEIVE bytes=52 buffers=1 pending=0
[lat] dt_ms=90.8383 cmd=up key=i
[lat] dt_ms=82.7915 cmd=down key=j
[drop] kind=deadline dt_ms=100.183 cmd=mup key=i
[lat] dt_ms=6.20743 cmd=down key=n
[lat] dt_ms=59.8689 cmd=up key=k
[watchdog] key=17 age_ms=507.247
[drop] kind=deadline dt_ms=151.682 cmd=up key=g
[lat] dt_ms=6.12341 cmd=up key=n
[drop] kind=deadline dt_ms=148.807 cmd=up key=h
[lat] dt_ms=13.3146 cmd=down key=o
[watchdog] key=18 age_ms=456.097
[msquic] stream: RECEIVE bytes=52 buffers=1 pending=0
[lat] dt_ms=6.19102 cmd=up key=p
[msquic] stream: RECEIVE bytes=104 buffers=1 pending=0
[drop] kind=deadline dt_ms=148.137 cmd=mup key=j
[lat] dt_ms=[msquic] stream: RECEIVE bytes=52 buffers=1 pending=054.932 cmd=up key=o

[lat] dt_ms=16.4145 cmd=down key=r
[drop] kind=deadline dt_ms=109.98 cmd=up key=m
[drop] kind=deadline dt_ms=122.822 cmd=down key=m
[msquic] stream: RECEIVE bytes=208 buffers=1 pending=0
[msquic] stream: RECEIVE bytes=52 buffers=1 pending=0
[msquic] stream: RECEIVE bytes=52 buffers=1 pending=0
[lat] dt_ms=46.7515 cmd=up key=q
[lat] dt_ms=5.12529 cmd=up key=s
[lat] dt_ms=15.6574 cmd=down key=s
[watchdog] key=22 age_ms=509.957
[lat] dt_ms=86.009 cmd=down key=p
[heal] key=15 heal_ms=164.702
[msquic] stream: RECEIVE bytes=52 buffers=1 pending=0
[msquic] stream: RECEIVE bytes=52 buffers=1 pending=0
[msquic] stream: RECEIVE bytes=104 buffers=1 pending=0
[msquic] stream: RECEIVE bytes=52 buffers=1 pending=0
[drop] kind=deadline dt_ms=129.322 cmd=mup key=n
[msquic] stream: RECEIVE bytes=52 buffers=1 pending=0
[msquic] stream: RECEIVE bytes=52 buffers=1 pending=0
[lat] dt_ms=14.6454 cmd=down key=u
[heal] key=24 heal_ms=8.41156
[heal] key=23 heal_ms=29.5614
[msquic] stream: RECEIVE bytes=104 buffers=1 pending=0
[msquic] stream: RECEIVE bytes=52 buffers=1 pending=0
[lat] dt_ms=11.6815 cmd=up key=v
[lat] dt_ms=40.4832 cmd=up key=u
[msquic] stream: RECEIVE bytes=104 buffers=1 pending=0
[drop] kind=deadline dt_ms=147.77 cmd=down key=q
[lat] dt_ms=78.1874 cmd=up key=t
[lat] dt_ms=54.8211 cmd=down key=v
[lat] dt_ms=98.1619 cmd=down key=t
[msquic] stream: RECEIVE bytes=104 buffers=1 pending=0
[msquic] stream: RECEIVE bytes=52 buffers=1 pending=0
[msquic] stream: RECEIVE bytes=52 buffers=1 pending=0
[heal] key=27 heal_ms=22.4383
[msquic] stream: RECEIVE bytes=52 buffers=1 pending=0
[drop] kind=deadline dt_ms=149.704 cmd=up key=r
[msquic] stream: RECEIVE bytes=52 buffers=1 pending=0
[lat] dt_ms=58.7088 cmd=up key=w
[msquic] stream: RECEIVE bytes=104 buffers=1 pending=0
[lat] dt_ms=26.6637 cmd=down key=z
[lat] dt_ms=65.8404 cmd=up key=x
[watchdog] key=29 age_ms=590.333
[lat] dt_ms=61.9853 cmd=down key=y
[heal] key=28 heal_ms=620.427
[msquic] stream: RECEIVE bytes=104 buffers=1 pending=0
[stuck] key=40 age_ms=544.033
[drop] kind=deadline dt_ms=114.093 cmd=down key=w
[heal] key=40 heal_ms=23.609
[msquic] stream: RECEIVE bytes=104 buffers=1 pending=0
[msquic] stream: RECEIVE bytes=52 buffers=1 pending=0
[lat] dt_ms=86.5974 cmd=up key=y
[lat] dt_ms=71.8538 cmd=up key=z
[msquic] stream: RECEIVE bytes=156 buffers=1 pending=0
[lat] dt_ms=75.2894 cmd=down key=ENTER
[drop] kind=deadline dt_ms=145.173 cmd=down key=x
[heal] key=26 heal_ms=160.661
[msquic] stream: RECEIVE bytes=104 buffers=1 pending=0
[msquic] stream: RECEIVE bytes=52 buffers=1 pending=0
[msquic] stream: RECEIVE bytes=104 buffers=1 pending=0
[drop] kind=deadline dt_ms=135.482 cmd=mup key=y
[msquic] stream: RECEIVE bytes=52 buffers=1 pending=0
[msquic] stream: RECEIVE bytes=104 buffers=1 pending=0
[msquic] stream: RECEIVE bytes=52 buffers=1 pending=0
[msquic] stream: RECEIVE bytes=52 buffers=1 pending=0
[drop] kind=deadline dt_ms=141.729 cmd=mup key=z
[drop] kind=deadline dt_ms=147.526 cmd=up key=ENTER
[msquic] stream: RECEIVE bytes=104 buffers=1 pending=0
[msquic] stream: RECEIVE bytes=52 buffers=1 pending=0
[msquic] stream: RECEIVE bytes=52 buffers=1 pending=0
[msquic] stream: RECEIVE bytes=52 buffers=1 pending=0
[msquic] stream: RECEIVE bytes=52 buffers=1 pending=0
[msquic] stream: RECEIVE bytes=52 buffers=1 pending=0
[msquic] stream: RECEIVE bytes=52 buffers=2 pending=0
[msquic] stream: RECEIVE bytes=52 buffers=1 pending=0
[msquic] stream: RECEIVE bytes=52 buffers=1 pending=0
[msquic] stream: RECEIVE bytes=208 buffers=1 pending=0
[msquic] stream: RECEIVE bytes=156 buffers=1 pending=0
[msquic] stream: RECEIVE bytes=52 buffers=1 pending=0
[msquic] stream: RECEIVE bytes=52 buffers=1 pending=0
[msquic] stream: RECEIVE bytes=104 buffers=1 pending=0
[msquic] stream: RECEIVE bytes=52 buffers=1 pending=0
[msquic] stream: RECEIVE bytes=104 buffers=1 pending=0
[msquic] stream: RECEIVE bytes=52 buffers=1 pending=0
[msquic] stream: RECEIVE bytes=52 buffers=1 pending=0
[msquic] stream: RECEIVE bytes=156 buffers=1 pending=0
[msquic] stream: RECEIVE bytes=52 buffers=1 pending=0
[msquic] stream: RECEIVE bytes=52 buffers=1 pending=0
[msquic] stream: RECEIVE bytes=52 buffers=1 pending=0
[msquic] stream: RECEIVE bytes=52 buffers=1 pending=0
[msquic] stream: RECEIVE bytes=52 buffers=1 pending=0
[msquic] stream: RECEIVE bytes=52 buffers=1 pending=0
[msquic] stream: RECEIVE bytes=52 buffers=1 pending=0
[msquic] stream: RECEIVE bytes=52 buffers=1 pending=0
[msquic] stream: RECEIVE bytes=52 buffers=1 pending=0
[msquic] stream: RECEIVE bytes=208 buffers=1 pending=0
[msquic] stream: RECEIVE bytes=52 buffers=1 pending=0
[msquic] stream: RECEIVE bytes=52 buffers=1 pending=0
[msquic] stream: RECEIVE bytes=52 buffers=1 pending=0
[msquic] stream: RECEIVE bytes=104 buffers=1 pending=0
[msquic] stream: RECEIVE bytes=52 buffers=1 pending=0
[msquic] stream: RECEIVE bytes=104 buffers=1 pending=0
[msquic] stream: RECEIVE bytes=52 buffers=1 pending=0
[msquic] stream: RECEIVE bytes=52 buffers=1 pending=0
[msquic] stream: RECEIVE bytes=104 buffers=1 pending=0
[msquic] stream: RECEIVE bytes=156 buffers=1 pending=0
[msquic] stream: RECEIVE bytes=52 buffers=1 pending=0
[msquic] stream: RECEIVE bytes=104 buffers=1 pending=0
[msquic] stream: RECEIVE bytes=52 buffers=1 pending=0
[msquic] stream: RECEIVE bytes=52 buffers=1 pending=0
[msquic] stream: RECEIVE bytes=52 buffers=1 pending=0
[msquic] stream: RECEIVE bytes=52 buffers=1 pending=0
[msquic] stream: RECEIVE bytes=52 buffers=1 pending=0
[msquic] stream: RECEIVE bytes=52 buffers=1 pending=0
[msquic] stream: RECEIVE bytes=52 buffers=1 pending=0
[hidra] snapshot v1 mods=0x0 pressed=0
[msquic] stream: RECEIVE bytes=104 buffers=1 pending=0
[msquic] stream: RECEIVE bytes=52 buffers=1 pending=0
[msquic] stream: RECEIVE bytes=52 buffers=1 pending=0
[msquic] stream: RECEIVE bytes=156 buffers=1 pending=0
[msquic] stream: RECEIVE bytes=52 buffers=1 pending=0
[msquic] stream: RECEIVE bytes=104 buffers=1 pending=0
[msquic] stream: RECEIVE bytes=52 buffers=1 pending=0
[msquic] stream: RECEIVE bytes=156 buffers=1 pending=0
[msquic] stream: RECEIVE bytes=52 buffers=1 pending=0
[msquic] stream: RECEIVE bytes=52 buffers=1 pending=0
[msquic] stream: RECEIVE bytes=52 buffers=1 pending=0
[msquic] stream: RECEIVE bytes=52 buffers=1 pending=0
[msquic] stream: RECEIVE bytes=52 buffers=1 pending=0
[msquic] stream: RECEIVE bytes=52 buffers=2 pending=0
[msquic] stream: RECEIVE bytes=104 buffers=1 pending=0
[msquic] stream: RECEIVE bytes=104 buffers=1 pending=0
[msquic] stream: RECEIVE bytes=52 buffers=1 pending=0
[msquic] stream: RECEIVE bytes=52 buffers=1 pending=0
[msquic] stream: RECEIVE bytes=52 buffers=1 pending=0
[msquic] stream: RECEIVE bytes=52 buffers=1 pending=0
[msquic] stream: RECEIVE bytes=52 buffers=1 pending=0
[msquic] stream: RECEIVE bytes=104 buffers=1 pending=0
[msquic] stream: RECEIVE bytes=52 buffers=1 pending=0
[msquic] stream: RECEIVE bytes=52 buffers=1 pending=0
[msquic] stream: RECEIVE bytes=52 buffers=1 pending=0
[msquic] stream: RECEIVE bytes=52 buffers=1 pending=0
[msquic] stream: RECEIVE bytes=104 buffers=1 pending=0
[msquic] stream: RECEIVE bytes=52 buffers=1 pending=0
[msquic] stream: RECEIVE bytes=52 buffers=1 pending=0
[msquic] stream: RECEIVE bytes=52 buffers=1 pending=0
[msquic] stream: RECEIVE bytes=52 buffers=1 pending=0
[msquic] stream: RECEIVE bytes=52 buffers=1 pending=0
[msquic] stream: RECEIVE bytes=104 buffers=1 pending=0
[msquic] stream: RECEIVE bytes=52 buffers=1 pending=0
[msquic] stream: RECEIVE bytes=52 buffers=1 pending=0
[msquic] stream: RECEIVE bytes=52 buffers=1 pending=0
[msquic] stream: RECEIVE bytes=156 buffers=1 pending=0
[msquic] stream: RECEIVE bytes=52 buffers=1 pending=0
[msquic] stream: RECEIVE bytes=52 buffers=1 pending=0
[msquic] stream: RECEIVE bytes=104 buffers=1 pending=0
[msquic] stream: RECEIVE bytes=52 buffers=1 pending=0
[msquic] stream: RECEIVE bytes=52 buffers=1 pending=0
[msquic] stream: RECEIVE bytes=52 buffers=1 pending=0
[msquic] stream: RECEIVE bytes=52 buffers=1 pending=0
[msquic] stream: RECEIVE bytes=104 buffers=1 pending=0
[msquic] stream: RECEIVE bytes=156 buffers=1 pending=0
[msquic] stream: RECEIVE bytes=104 buffers=1 pending=0
[msquic] stream: RECEIVE bytes=52 buffers=1 pending=0
[msquic] stream: RECEIVE bytes=104 buffers=1 pending=0
[msquic] stream: RECEIVE bytes=52 buffers=1 pending=0
[msquic] stream: RECEIVE bytes=52 buffers=1 pending=0
[msquic] stream: RECEIVE bytes=52 buffers=1 pending=0
[msquic] stream: RECEIVE bytes=52 buffers=1 pending=0
[msquic] stream: RECEIVE bytes=156 buffers=1 pending=0
[msquic] stream: RECEIVE bytes=52 buffers=1 pending=0
[msquic] stream: RECEIVE bytes=52 buffers=1 pending=0
[msquic] stream: RECEIVE bytes=52 buffers=1 pending=0
[msquic] stream: RECEIVE bytes=104 buffers=1 pending=0
[msquic] stream: RECEIVE bytes=52 buffers=1 pending=0
[msquic] stream: RECEIVE bytes=52 buffers=1 pending=0
[msquic] stream: RECEIVE bytes=52 buffers=1 pending=0
[msquic] stream: RECEIVE bytes=52 buffers=1 pending=0
[msquic] stream: RECEIVE bytes=52 buffers=1 pending=0
[msquic] stream: RECEIVE bytes=52 buffers=1 pending=0
[msquic] connection: SHUTDOWN_BY_PEER error_code=0
[msquic] connection: SHUTDOWN_COMPLETE handshake_completed=0 peer_ack=0 app_close_in_progress=0
[msquic] connection: SHUTDOWN_COMPLETE handshake_completed=1 peer_ack=1 app_close_in_progress=1
[msquic] connection: CONNECTED
[msquic] connection: PEER_STREAM_STARTED
[msquic] stream: RECEIVE bytes=52 buffers=1 pending=0
[msquic] stream: RECEIVE bytes=104 buffers=1 pending=0
[msquic] stream: RECEIVE bytes=52 buffers=1 pending=0
[msquic] stream: RECEIVE bytes=364 buffers=1 pending=0
[msquic] stream: RECEIVE bytes=52 buffers=1 pending=0
[msquic] stream: RECEIVE bytes=52 buffers=1 pending=0
[msquic] stream: RECEIVE bytes=52 buffers=1 pending=0
[msquic] stream: RECEIVE bytes=52 buffers=1 pending=0
[msquic] stream: RECEIVE bytes=104 buffers=1 pending=0
[msquic] stream: RECEIVE bytes=52 buffers=1 pending=0
[msquic] stream: RECEIVE bytes=104 buffers=1 pending=0
[msquic] stream: RECEIVE bytes=52 buffers=1 pending=0
[msquic] stream: RECEIVE bytes=104 buffers=1 pending=0
[msquic] stream: RECEIVE bytes=52 buffers=1 pending=0
[msquic] stream: RECEIVE bytes=52 buffers=1 pending=0
[msquic] stream: RECEIVE bytes=52 buffers=1 pending=0
[msquic] stream: RECEIVE bytes=52 buffers=1 pending=0
[msquic] stream: RECEIVE bytes=52 buffers=1 pending=0
[msquic] stream: RECEIVE bytes=52 buffers=1 pending=0
[msquic] stream: RECEIVE bytes=104 buffers=1 pending=0
[msquic] stream: RECEIVE bytes=52 buffers=1 pending=0
[msquic] stream: RECEIVE bytes=52 buffers=1 pending=0
[msquic] stream: RECEIVE bytes=52 buffers=1 pending=0
[hidra] snapshot v1 mods=0x0 pressed=0
[msquic] stream: RECEIVE bytes=52 buffers=1 pending=0
[msquic] connection: SHUTDOWN_BY_PEER error_code=0
[msquic] connection: SHUTDOWN_COMPLETE handshake_completed=0 peer_ack=0 app_close_in_progress=0
[msquic] connection: SHUTDOWN_COMPLETE handshake_completed=1 peer_ack=1 app_close_in_progress=1
