[hidra] daemon starting
  udp edges : 0.0.0.0:4444
  hid socket: /run/user/1000/hidra.kbd (QEMU should be server=on)
  watchdog  : 200 ms
  deadline  : 100 ms
  stuck(ms) : 300 ms
[hidra] msquic snapshot listener on :4445 (ALPN hidra-snp)
[hidra] msquic edge listener on :4446 (ALPN hidra-edg)
[msquic] connection: CONNECTED
[msquic] connection: PEER_STREAM_STARTED
[hidra] snapshot v1 mods=0x0 pressed=1
[hidra] HID socket connect failed (/run/user/1000/hidra.kbd). Waiting for QEMU to listen... (set HID_SOCK or run scripts/run_qemu.sh)
[msquic] stream: RECEIVE bytes=52 buffers=1 pending=0
[lat] dt_ms=78.2551 cmd=down key=a
[hidra] HID socket connect failed (/run/user/1000/hidra.kbd). Waiting for QEMU to listen... (set HID_SOCK or run scripts/run_qemu.sh)
[hidra] progress: rx=1 emits=2 quic_snapshots=1 socket=[hidra] HID socket connect failed (/run/user/1000/hidra.kbd). Waiting for QEMU to listen... (set HID_SOCK or run scripts/run_qemu.sh)
waiting
[lat] dt_ms=68.2605 cmd=up key=a
[hidra] HID socket connect failed (/run/user/1000/hidra.kbd). Waiting for QEMU to listen... (set HID_SOCK or run scripts/run_qemu.sh)
[lat] dt_ms=57.4557 cmd=down key=p
[hidra] HID socket connect failed (/run/user/1000/hidra.kbd). Waiting for QEMU to listen... (set HID_SOCK or run scripts/run_qemu.sh)
[lat] dt_ms=53.3087 cmd=up key=p
[hidra] HID socket connect failed (/run/user/1000/hidra.kbd). Waiting for QEMU to listen... (set HID_SOCK or run scripts/run_qemu.sh)
[hidra] HID socket connect failed (/run/user/1000/hidra.kbd). Waiting for QEMU to listen... (set HID_SOCK or run scripts/run_qemu.sh)
[msquic] stream: RECEIVE bytes=52 buffers=1 pending=0
[hidra] HID socket connect failed (/run/user/1000/hidra.kbd). Waiting for QEMU to listen... (set HID_SOCK or run scripts/run_qemu.sh)
[msquic] stream: RECEIVE bytes=52 buffers=1 pending=0
[lat] dt_ms=46.5876 cmd=up key=t
[hidra] HID socket connect failed (/run/user/1000/hidra.kbd). Waiting for QEMU to listen... (set HID_SOCK or run scripts/run_qemu.sh)
[heal] key=19 heal_ms=73.3265
[hidra] HID socket connect failed (/run/user/1000/hidra.kbd). Waiting for QEMU to listen... (set HID_SOCK or run scripts/run_qemu.sh)
[msquic] stream: RECEIVE bytes=52 buffers=1 pending=0
[hidra] HID socket connect failed (/run/user/1000/hidra.kbd). Waiting for QEMU to listen... (set HID_SOCK or run scripts/run_qemu.sh)
[hidra] HID socket connect failed (/run/user/1000/hidra.kbd). Waiting for QEMU to listen... (set HID_SOCK or run scripts/run_qemu.sh)
[msquic] stream: RECEIVE bytes=104 buffers=1 pending=0
[lat] dt_ms=73.7112 cmd=down key=t
[hidra] HID socket connect failed (/run/user/1000/hidra.kbd). Waiting for QEMU to listen... (set HID_SOCK or run scripts/run_qemu.sh)
[lat] dt_ms=53.378 cmd=down key=ENTER
[hidra] HID socket connect failed (/run/user/1000/hidra.kbd). Waiting for QEMU to listen... (set HID_SOCK or run scripts/run_qemu.sh)
[lat] dt_ms=51.7939 cmd=down key=a
[hidra] HID socket connect failed (/run/user/1000/hidra.kbd). Waiting for QEMU to listen... (set HID_SOCK or run scripts/run_qemu.sh)
[heal] key=4 heal_ms=124.123
[heal] key=23 heal_ms=82.6718
[hidra] HID socket connect failed (/run/user/1000/hidra.kbd). Waiting for QEMU to listen... (set HID_SOCK or run scripts/run_qemu.sh)
[msquic] stream: RECEIVE bytes=52 buffers=1 pending=0
[lat] dt_ms=53.4009 cmd=up key=a
[hidra] HID socket connect failed (/run/user/1000/hidra.kbd). Waiting for QEMU to listen... (set HID_SOCK or run scripts/run_qemu.sh)
[lat] dt_ms=79.5411 cmd=up key=ENTER
[hidra] HID socket connect failed (/run/user/1000/hidra.kbd). Waiting for QEMU to listen... (set HID_SOCK or run scripts/run_qemu.sh)
[hidra] HID socket connect failed (/run/user/1000/hidra.kbd). Waiting for QEMU to listen... (set HID_SOCK or run scripts/run_qemu.sh)
[msquic] stream: RECEIVE bytes=52 buffers=1 pending=0
[hidra] HID socket connect failed (/run/user/1000/hidra.kbd). Waiting for QEMU to listen... (set HID_SOCK or run scripts/run_qemu.sh)
[msquic] stream: RECEIVE bytes=52 buffers=1 pending=0
[lat] dt_ms=43.31 cmd=up key=p
[hidra] HID socket connect failed (/run/user/1000/hidra.kbd). Waiting for QEMU to listen... (set HID_SOCK or run scripts/run_qemu.sh)
[hidra] HID socket connect failed (/run/user/1000/hidra.kbd). Waiting for QEMU to listen... (set HID_SOCK or run scripts/run_qemu.sh)
[msquic] stream: RECEIVE bytes=52 buffers=1 pending=0
[hidra] HID socket connect failed (/run/user/1000/hidra.kbd). Waiting for QEMU to listen... (set HID_SOCK or run scripts/run_qemu.sh)
[msquic] stream: RECEIVE bytes=52 buffers=1 pending=0
[hidra] HID socket connect failed (/run/user/1000/hidra.kbd). Waiting for QEMU to listen... (set HID_SOCK or run scripts/run_qemu.sh)
[hidra] HID socket connect failed (/run/user/1000/hidra.kbd). Waiting for QEMU to listen... (set HID_SOCK or run scripts/run_qemu.sh)
[msquic] stream: RECEIVE bytes=104 buffers=1 pending=0
[lat] dt_ms=62.8022 cmd=down key=p
[hidra] HID socket connect failed (/run/user/1000/hidra.kbd). Waiting for QEMU to listen... (set HID_SOCK or run scripts/run_qemu.sh)
[hidra] HID socket connect failed (/run/user/1000/hidra.kbd). Waiting for QEMU to listen... (set HID_SOCK or run scripts/run_qemu.sh)
[msquic] stream: RECEIVE bytes=52 buffers=1 pending=0
[hidra] HID socket connect failed (/run/user/1000/hidra.kbd). Waiting for QEMU to listen... (set HID_SOCK or run scripts/run_qemu.sh)
[msquic] stream: RECEIVE bytes=52 buffers=1 pending=0
[lat] dt_ms=58.1146 cmd=up key=t
[hidra] HID socket connect failed (/run/user/1000/hidra.kbd). Waiting for QEMU to listen... (set HID_SOCK or run scripts/run_qemu.sh)
[lat] dt_ms=72.3177 cmd=down key=t
[hidra] HID socket connect failed (/run/user/1000/hidra.kbd). Waiting for QEMU to listen... (set HID_SOCK or run scripts/run_qemu.sh)
[heal] key=23 heal_ms=62.4286
[hidra] HID socket connect failed (/run/user/1000/hidra.kbd). Waiting for QEMU to listen... (set HID_SOCK or run scripts/run_qemu.sh)
[msquic] stream: RECEIVE bytes=52 buffers=1 pending=0
[lat] dt_ms=46.7218 cmd=up key=ENTER
[hidra] HID socket connect failed (/run/user/1000/hidra.kbd). Waiting for QEMU to listen... (set HID_SOCK or run scripts/run_qemu.sh)
[lat] dt_ms=58.6232 cmd=down key=ENTER
[hidra] HID socket connect failed (/run/user/1000/hidra.kbd). Waiting for QEMU to listen... (set HID_SOCK or run scripts/run_qemu.sh)
[lat] dt_ms=40.2009 cmd=down key=a
[hidra] HID socket connect failed (/run/user/1000/hidra.kbd). Waiting for QEMU to listen... (set HID_SOCK or run scripts/run_qemu.sh)
[heal] key=40 heal_ms=70.2404
[hidra] HID socket connect failed (/run/user/1000/hidra.kbd). Waiting for QEMU to listen... (set HID_SOCK or run scripts/run_qemu.sh)
[msquic] stream: RECEIVE bytes=52 buffers=1 pending=0
[lat] dt_ms=52.1009 cmd=up key=a
[hidra] HID socket connect failed (/run/user/1000/hidra.kbd). Waiting for QEMU to listen... (set HID_SOCK or run scripts/run_qemu.sh)
[lat] dt_ms=41.4358 cmd=down key=p
[hidra] HID socket connect failed (/run/user/1000/hidra.kbd). Waiting for QEMU to listen... (set HID_SOCK or run scripts/run_qemu.sh)
[heal] key=19 heal_ms=116.858
[hidra] HID socket connect failed (/run/user/1000/hidra.kbd). Waiting for QEMU to listen... (set HID_SOCK or run scripts/run_qemu.sh)
[hidra] HID socket connect failed (/run/user/1000/hidra.kbd). Waiting for QEMU to listen... (set HID_SOCK or run scripts/run_qemu.sh)
[msquic] stream: RECEIVE bytes=104 buffers=1 pending=0
[hidra] HID socket connect failed (/run/user/1000/hidra.kbd). Waiting for QEMU to listen... (set HID_SOCK or run scripts/run_qemu.sh)
[msquic] stream: RECEIVE bytes=52 buffers=1 pending=0
[lat] dt_ms=54.9978 cmd=up key=p
[hidra] HID socket connect failed (/run/user/1000/hidra.kbd). Waiting for QEMU to listen... (set HID_SOCK or run scripts/run_qemu.sh)
[hidra] HID socket connect failed (/run/user/1000/hidra.kbd). Waiting for QEMU to listen... (set HID_SOCK or run scripts/run_qemu.sh)
[msquic] stream: RECEIVE bytes=52 buffers=1 pending=0
[hidra] HID socket connect failed (/run/user/1000/hidra.kbd). Waiting for QEMU to listen... (set HID_SOCK or run scripts/run_qemu.sh)
[msquic] stream: RECEIVE bytes=52 buffers=1 pending=0
[lat] dt_ms=49.9416 cmd=up key=t
[hidra] HID socket connect failed (/run/user/1000/hidra.kbd). Waiting for QEMU to listen... (set HID_SOCK or run scripts/run_qemu.sh)
[hidra] HID socket connect failed (/run/user/1000/hidra.kbd). Waiting for QEMU to listen... (set HID_SOCK or run scripts/run_qemu.sh)
[msquic] stream: RECEIVE bytes=52 buffers=1 pending=0
[hidra] HID socket connect failed (/run/user/1000/hidra.kbd). Waiting for QEMU to listen... (set HID_SOCK or run scripts/run_qemu.sh)
[msquic] stream: RECEIVE bytes=52 buffers=1 pending=0
[lat] dt_ms=75.1383 cmd=down key=t
[hidra] HID socket connect failed (/run/user/1000/hidra.kbd). Waiting for QEMU to listen... (set HID_SOCK or run scripts/run_qemu.sh)
[hidra] HID socket connect failed (/run/user/1000/hidra.kbd). Waiting for QEMU to listen... (set HID_SOCK or run scripts/run_qemu.sh)
[msquic] stream: RECEIVE bytes=52 buffers=1 pending=0
[hidra] HID socket connect failed (/run/user/1000/hidra.kbd). Waiting for QEMU to listen... (set HID_SOCK or run scripts/run_qemu.sh)
[msquic] stream: RECEIVE bytes=52 buffers=1 pending=0
[lat] dt_ms=63.3558 cmd=down key=ENTER
[hidra] HID socket connect failed (/run/user/1000/hidra.kbd). Waiting for QEMU to listen... (set HID_SOCK or run scripts/run_qemu.sh)
[hidra] HID socket connect failed (/run/user/1000/hidra.kbd). Waiting for QEMU to listen... (set HID_SOCK or run scripts/run_qemu.sh)
[msquic] stream: RECEIVE bytes=52 buffers=1 pending=0
[hidra] HID socket connect failed (/run/user/1000/hidra.kbd). Waiting for QEMU to listen... (set HID_SOCK or run scripts/run_qemu.sh)
[msquic] stream: RECEIVE bytes=52 buffers=1 pending=0
[lat] dt_ms=59.1295 cmd=down key=a
[hidra] HID socket connect failed (/run/user/1000/hidra.kbd). Waiting for QEMU to listen... (set HID_SOCK or run scripts/run_qemu.sh)
[lat] dt_ms=76.6724 cmd=up key=ENTER
[hidra] HID socket connect failed (/run/user/1000/hidra.kbd). Waiting for QEMU to listen... (set HID_SOCK or run scripts/run_qemu.sh)
[heal] key=4 heal_ms=57.7503
[hidra] HID socket connect failed (/run/user/1000/hidra.kbd). Waiting for QEMU to listen... (set HID_SOCK or run scripts/run_qemu.sh)
[msquic] stream: RECEIVE bytes=52 buffers=1 pending=0
[lat] dt_ms=59.9846 cmd=up key=a
[hidra] HID socket connect failed (/run/user/1000/hidra.kbd). Waiting for QEMU to listen... (set HID_SOCK or run scripts/run_qemu.sh)
[lat] dt_ms=54.9784 cmd=down key=p
[hidra] HID socket connect failed (/run/user/1000/hidra.kbd). Waiting for QEMU to listen... (set HID_SOCK or run scripts/run_qemu.sh)
[heal] key=19 heal_ms=56.4999
[hidra] HID socket connect failed (/run/user/1000/hidra.kbd). Waiting for QEMU to listen... (set HID_SOCK or run scripts/run_qemu.sh)
[msquic] stream: RECEIVE bytes=52 buffers=1 pending=0
[hidra] HID socket connect failed (/run/user/1000/hidra.kbd). Waiting for QEMU to listen... (set HID_SOCK or run scripts/run_qemu.sh)
[msquic] stream: RECEIVE bytes=52 buffers=1 pending=0
[lat] dt_ms=49.1744 cmd=down key=t
[hidra] HID socket connect failed (/run/user/1000/hidra.kbd). Waiting for QEMU to listen... (set HID_SOCK or run scripts/run_qemu.sh)
[hidra] HID socket connect failed (/run/user/1000/hidra.kbd). Waiting for QEMU to listen... (set HID_SOCK or run scripts/run_qemu.sh)
[msquic] stream: RECEIVE bytes=52 buffers=1 pending=0
[lat] dt_ms=41.8643 cmd=up key=t
[hidra] HID socket connect failed (/run/user/1000/hidra.kbd). Waiting for QEMU to listen... (set HID_SOCK or run scripts/run_qemu.sh)
[hidra] HID socket connect failed (/run/user/1000/hidra.kbd). Waiting for QEMU to listen... (set HID_SOCK or run scripts/run_qemu.sh)
[msquic] stream: RECEIVE bytes=52 buffers=1 pending=0
[lat] dt_ms=69.3831 cmd=up key=p
[hidra] HID socket connect failed (/run/user/1000/hidra.kbd). Waiting for QEMU to listen... (set HID_SOCK or run scripts/run_qemu.sh)
[hidra] HID socket connect failed (/run/user/1000/hidra.kbd). Waiting for QEMU to listen... (set HID_SOCK or run scripts/run_qemu.sh)
[msquic] stream: RECEIVE bytes=52 buffers=1 pending=0
[hidra] HID socket connect failed (/run/user/1000/hidra.kbd). Waiting for QEMU to listen... (set HID_SOCK or run scripts/run_qemu.sh)
[msquic] stream: RECEIVE bytes=52 buffers=1 pending=0
[lat] dt_ms=57.2212 cmd=up key=ENTER
[hidra] HID socket connect failed (/run/user/1000/hidra.kbd). Waiting for QEMU to listen... (set HID_SOCK or run scripts/run_qemu.sh)
[lat] dt_ms=78.3293 cmd=down key=ENTER
[hidra] HID socket connect failed (/run/user/1000/hidra.kbd). Waiting for QEMU to listen... (set HID_SOCK or run scripts/run_qemu.sh)
[heal] key=40 heal_ms=71.9075
[hidra] HID socket connect failed (/run/user/1000/hidra.kbd). Waiting for QEMU to listen... (set HID_SOCK or run scripts/run_qemu.sh)
[msquic] stream: RECEIVE bytes=52 buffers=1 pending=0
[hidra] HID socket connect failed (/run/user/1000/hidra.kbd). Waiting for QEMU to listen... (set HID_SOCK or run scripts/run_qemu.sh)
[msquic] stream: RECEIVE bytes=52 buffers=1 pending=0
[hidra] HID socket connect failed (/run/user/1000/hidra.kbd). Waiting for QEMU to listen... (set HID_SOCK or run scripts/run_qemu.sh)
[msquic] stream: RECEIVE bytes=52 buffers=1 pending=0
[heal] key=4 heal_ms=59.9464
[hidra] HID socket connect failed (/run/user/1000/hidra.kbd). Waiting for QEMU to listen... (set HID_SOCK or run scripts/run_qemu.sh)
[msquic] stream: RECEIVE bytes=52 buffers=1 pending=0
[lat] dt_ms=62.1839 cmd=up key=a
[hidra] HID socket connect failed (/run/user/1000/hidra.kbd). Waiting for QEMU to listen... (set HID_SOCK or run scripts/run_qemu.sh)
[lat] dt_ms=80.0982 cmd=down key=a
[hidra] HID socket connect failed (/run/user/1000/hidra.kbd). Waiting for QEMU to listen... (set HID_SOCK or run scripts/run_qemu.sh)
[hidra] HID socket connect failed (/run/user/1000/hidra.kbd). Waiting for QEMU to listen... (set HID_SOCK or run scripts/run_qemu.sh)
[msquic] stream: RECEIVE bytes=52 buffers=1 pending=0
[lat] dt_ms=67.3293 cmd=down key=p
[hidra] HID socket connect failed (/run/user/1000/hidra.kbd). Waiting for QEMU to listen... (set HID_SOCK or run scripts/run_qemu.sh)
[lat] dt_ms=56.8108 cmd=up key=p
[hidra] HID socket connect failed (/run/user/1000/hidra.kbd). Waiting for QEMU to listen... (set HID_SOCK or run scripts/run_qemu.sh)
[hidra] HID socket connect failed (/run/user/1000/hidra.kbd). Waiting for QEMU to listen... (set HID_SOCK or run scripts/run_qemu.sh)
[msquic] stream: RECEIVE bytes=52 buffers=1 pending=0
[hidra] HID socket connect failed (/run/user/1000/hidra.kbd). Waiting for QEMU to listen... (set HID_SOCK or run scripts/run_qemu.sh)
[heal] key=23 heal_ms=124.159
[hidra] HID socket connect failed (/run/user/1000/hidra.kbd). Waiting for QEMU to listen... (set HID_SOCK or run scripts/run_qemu.sh)
[msquic] stream: RECEIVE bytes=104 buffers=1 pending=0
[hidra] HID socket connect failed (/run/user/1000/hidra.kbd). Waiting for QEMU to listen... (set HID_SOCK or run scripts/run_qemu.sh)
[msquic] stream: RECEIVE bytes=52 buffers=1 pending=0
[lat] dt_ms=59.5311 cmd=up key=t
[hidra] HID socket connect failed (/run/user/1000/hidra.kbd). Waiting for QEMU to listen... (set HID_SOCK or run scripts/run_qemu.sh)
[hidra] HID socket connect failed (/run/user/1000/hidra.kbd). Waiting for QEMU to listen... (set HID_SOCK or run scripts/run_qemu.sh)
[msquic] stream: RECEIVE bytes=52 buffers=1 pending=0
[lat] dt_ms=78.2397 cmd=down key=t
[hidra] HID socket connect failed (/run/user/1000/hidra.kbd). Waiting for QEMU to listen... (set HID_SOCK or run scripts/run_qemu.sh)
[lat] dt_ms=61.4509 cmd=up key=ENTER
[hidra] HID socket connect failed (/run/user/1000/hidra.kbd). Waiting for QEMU to listen... (set HID_SOCK or run scripts/run_qemu.sh)
[hidra] HID socket connect failed (/run/user/1000/hidra.kbd). Waiting for QEMU to listen... (set HID_SOCK or run scripts/run_qemu.sh)
[msquic] stream: RECEIVE bytes=52 buffers=1 pending=0
[lat] dt_ms=45.9933 cmd=down key=p
[hidra] HID socket connect failed (/run/user/1000/hidra.kbd). Waiting for QEMU to listen... (set HID_SOCK or run scripts/run_qemu.sh)
[heal] key=19 heal_ms=122.7
[hidra] HID socket connect failed (/run/user/1000/hidra.kbd). Waiting for QEMU to listen... (set HID_SOCK or run scripts/run_qemu.sh)
[msquic] stream: RECEIVE bytes=52 buffers=1 pending=0
[lat] dt_ms=72.1344 cmd=down key=a
[hidra] HID socket connect failed (/run/user/1000/hidra.kbd). Waiting for QEMU to listen... (set HID_SOCK or run scripts/run_qemu.sh)
[hidra] HID socket connect failed (/run/user/1000/hidra.kbd). Waiting for QEMU to listen... (set HID_SOCK or run scripts/run_qemu.sh)
[msquic] stream: RECEIVE bytes=52 buffers=1 pending=0
[heal] key=19 heal_ms=46.1814
[hidra] HID socket connect failed (/run/user/1000/hidra.kbd). Waiting for QEMU to listen... (set HID_SOCK or run scripts/run_qemu.sh)
[msquic] stream: RECEIVE bytes=52 buffers=1 pending=0
[hidra] HID socket connect failed (/run/user/1000/hidra.kbd). Waiting for QEMU to listen... (set HID_SOCK or run scripts/run_qemu.sh)
[msquic] stream: RECEIVE bytes=52 buffers=1 pending=0
[lat] dt_ms=43.3401 cmd=down key=t
[hidra] HID socket connect failed (/run/user/1000/hidra.kbd). Waiting for QEMU to listen... (set HID_SOCK or run scripts/run_qemu.sh)
[hidra] HID socket connect failed (/run/user/1000/hidra.kbd). Waiting for QEMU to listen... (set HID_SOCK or run scripts/run_qemu.sh)
[msquic] stream: RECEIVE bytes=52 buffers=1 pending=0
[lat] dt_ms=68.0849 cmd=up key=p
[hidra] HID socket connect failed (/run/user/1000/hidra.kbd). Waiting for QEMU to listen... (set HID_SOCK or run scripts/run_qemu.sh)
[lat] dt_ms=54.713 cmd=up key=t
[hidra] HID socket connect failed (/run/user/1000/hidra.kbd). Waiting for QEMU to listen... (set HID_SOCK or run scripts/run_qemu.sh)
[hidra] HID socket connect failed (/run/user/1000/hidra.kbd). Waiting for QEMU to listen... (set HID_SOCK or run scripts/run_qemu.sh)
[msquic] stream: RECEIVE bytes=52 buffers=1 pending=0
[hidra] HID socket connect failed (/run/user/1000/hidra.kbd). Waiting for QEMU to listen... (set HID_SOCK or run scripts/run_qemu.sh)
[msquic] stream: RECEIVE bytes=52 buffers=1 pending=0
[lat] dt_ms=49.6458 cmd=up key=ENTER
[hidra] HID socket connect failed (/run/user/1000/hidra.kbd). Waiting for QEMU to listen... (set HID_SOCK or run scripts/run_qemu.sh)
[lat] dt_ms=64.2999 cmd=down key=ENTER
[hidra] HID socket connect failed (/run/user/1000/hidra.kbd). Waiting for QEMU to listen... (set HID_SOCK or run scripts/run_qemu.sh)
[heal] key=40 heal_ms=53.8917
[hidra] HID socket connect failed (/run/user/1000/hidra.kbd). Waiting for QEMU to listen... (set HID_SOCK or run scripts/run_qemu.sh)
[msquic] stream: RECEIVE bytes=52 buffers=1 pending=0
[hidra] HID socket connect failed (/run/user/1000/hidra.kbd). Waiting for QEMU to listen... (set HID_SOCK or run scripts/run_qemu.sh)
[msquic] stream: RECEIVE bytes=52 buffers=1 pending=0
[lat] dt_ms=55.5574 cmd=down key=a
[hidra] HID socket connect failed (/run/user/1000/hidra.kbd). Waiting for QEMU to listen... (set HID_SOCK or run scripts/run_qemu.sh)
[heal] key=4 heal_ms=129.134
[hidra] HID socket connect failed (/run/user/1000/hidra.kbd). Waiting for QEMU to listen... (set HID_SOCK or run scripts/run_qemu.sh)
[msquic] stream: RECEIVE bytes=52 buffers=1 pending=0
[hidra] HID socket connect failed (/run/user/1000/hidra.kbd). Waiting for QEMU to listen... (set HID_SOCK or run scripts/run_qemu.sh)
[msquic] stream: RECEIVE bytes=52 buffers=1 pending=0
[lat] dt_ms=64.9355 cmd=up key=a
[hidra] HID socket connect failed (/run/user/1000/hidra.kbd). Waiting for QEMU to listen... (set HID_SOCK or run scripts/run_qemu.sh)
[hidra] HID socket connect failed (/run/user/1000/hidra.kbd). Waiting for QEMU to listen... (set HID_SOCK or run scripts/run_qemu.sh)
[msquic] stream: RECEIVE bytes=52 buffers=1 pending=0
[lat] dt_ms=61.0115 cmd=down key=p
[hidra] HID socket connect failed (/run/user/1000/hidra.kbd). Waiting for QEMU to listen... (set HID_SOCK or run scripts/run_qemu.sh)
[hidra] HID socket connect failed (/run/user/1000/hidra.kbd). Waiting for QEMU to listen... (set HID_SOCK or run scripts/run_qemu.sh)
[msquic] stream: RECEIVE bytes=52 buffers=1 pending=0
[lat] dt_ms=52.2582 cmd=down key=t
[hidra] HID socket connect failed (/run/user/1000/hidra.kbd). Waiting for QEMU to listen... (set HID_SOCK or run scripts/run_qemu.sh)
[lat] dt_ms=63.6153 cmd=up key=p
[hidra] HID socket connect failed (/run/user/1000/hidra.kbd). Waiting for QEMU to listen... (set HID_SOCK or run scripts/run_qemu.sh)
[hidra] HID socket connect failed (/run/user/1000/hidra.kbd). Waiting for QEMU to listen... (set HID_SOCK or run scripts/run_qemu.sh)
[hidra] HID socket connect failed (/run/user/1000/hidra.kbd). Waiting for QEMU to listen... (set HID_SOCK or run scripts/run_qemu.sh)
[msquic] stream: RECEIVE bytes=104 buffers=1 pending=0
[hidra] HID socket connect failed (/run/user/1000/hidra.kbd). Waiting for QEMU to listen... (set HID_SOCK or run scripts/run_qemu.sh)
[msquic] stream: RECEIVE bytes=52 buffers=1 pending=0
[lat] dt_ms=52.4155 cmd=up key=t
[hidra] HID socket connect failed (/run/user/1000/hidra.kbd). Waiting for QEMU to listen... (set HID_SOCK or run scripts/run_qemu.sh)
[hidra] HID socket connect failed (/run/user/1000/hidra.kbd). Waiting for QEMU to listen... (set HID_SOCK or run scripts/run_qemu.sh)
[msquic] stream: RECEIVE bytes=52 buffers=1 pending=0
[hidra] HID socket connect failed (/run/user/1000/hidra.kbd). Waiting for QEMU to listen... (set HID_SOCK or run scripts/run_qemu.sh)
[msquic] stream: RECEIVE bytes=52 buffers=1 pending=0
[hidra] HID socket connect failed (/run/user/1000/hidra.kbd). Waiting for QEMU to listen... (set HID_SOCK or run scripts/run_qemu.sh)
[msquic] stream: RECEIVE bytes=52 buffers=1 pending=0
[lat] dt_ms=41.0264 cmd=up key=a
[hidra] HID socket connect failed (/run/user/1000/hidra.kbd). Waiting for QEMU to listen... (set HID_SOCK or run scripts/run_qemu.sh)
[hidra] HID socket connect failed (/run/user/1000/hidra.kbd). Waiting for QEMU to listen... (set HID_SOCK or run scripts/run_qemu.sh)
[msquic] stream: RECEIVE bytes=52 buffers=1 pending=0
[lat] dt_ms=64.3028 cmd=up key=ENTER
[hidra] HID socket connect failed (/run/user/1000/hidra.kbd). Waiting for QEMU to listen... (set HID_SOCK or run scripts/run_qemu.sh)
[lat] dt_ms=80.6044 cmd=down key=ENTER
[hidra] HID socket connect failed (/run/user/1000/hidra.kbd). Waiting for QEMU to listen... (set HID_SOCK or run scripts/run_qemu.sh)
[heal] key=40 heal_ms=80.7691
[hidra] HID socket connect failed (/run/user/1000/hidra.kbd). Waiting for QEMU to listen... (set HID_SOCK or run scripts/run_qemu.sh)
[msquic] stream: RECEIVE bytes=52 buffers=1 pending=0
[lat] dt_ms=72.3818 cmd=down key=a
[hidra] HID socket connect failed (/run/user/1000/hidra.kbd). Waiting for QEMU to listen... (set HID_SOCK or run scripts/run_qemu.sh)
[lat] dt_ms=66.8387 cmd=down key=p
[hidra] HID socket connect failed (/run/user/1000/hidra.kbd). Waiting for QEMU to listen... (set HID_SOCK or run scripts/run_qemu.sh)
[lat] dt_ms=42.5618 cmd=up key=t
[heal] key=4 heal_ms=84.7472
[heal] key=19 heal_ms=147.283
[hidra] send() failed; will retry connect
[hidra] HID socket connect failed (/run/user/1000/hidra.kbd). Waiting for QEMU to listen... (set HID_SOCK or run scripts/run_qemu.sh)
[msquic] stream: RECEIVE bytes=52 buffers=1 pending=0
[hidra] HID socket connect failed (/run/user/1000/hidra.kbd). Waiting for QEMU to listen... (set HID_SOCK or run scripts/run_qemu.sh)
[msquic] stream: RECEIVE bytes=52 buffers=1 pending=0
[lat] dt_ms=67.9664 cmd=up key=p
[hidra] HID socket connect failed (/run/user/1000/hidra.kbd). Waiting for QEMU to listen... (set HID_SOCK or run scripts/run_qemu.sh)
[hidra] HID socket connect failed (/run/user/1000/hidra.kbd). Waiting for QEMU to listen... (set HID_SOCK or run scripts/run_qemu.sh)
[msquic] stream: RECEIVE bytes=52 buffers=1 pending=0
[hidra] HID socket connect failed (/run/user/1000/hidra.kbd). Waiting for QEMU to listen... (set HID_SOCK or run scripts/run_qemu.sh)
[msquic] stream: RECEIVE bytes=52 buffers=1 pending=0
[lat] dt_ms=51.4746 cmd=down key=ENTER
[hidra] HID socket connect failed (/run/user/1000/hidra.kbd). Waiting for QEMU to listen... (set HID_SOCK or run scripts/run_qemu.sh)
[lat] dt_ms=77.8422 cmd=down key=t
[hidra] HID socket connect failed (/run/user/1000/hidra.kbd). Waiting for QEMU to listen... (set HID_SOCK or run scripts/run_qemu.sh)
[heal] key=23 heal_ms=77.3668
[hidra] HID socket connect failed (/run/user/1000/hidra.kbd). Waiting for QEMU to listen... (set HID_SOCK or run scripts/run_qemu.sh)
[msquic] stream: RECEIVE bytes=52 buffers=1 pending=0
[lat] dt_ms=53.5549 cmd=down key=a
[hidra] HID socket connect failed (/run/user/1000/hidra.kbd). Waiting for QEMU to listen... (set HID_SOCK or run scripts/run_qemu.sh)
[hidra] HID socket connect failed (/run/user/1000/hidra.kbd). Waiting for QEMU to listen... (set HID_SOCK or run scripts/run_qemu.sh)
[msquic] stream: RECEIVE bytes=52 buffers=1 pending=0
[heal] key=40 heal_ms=71.353
[hidra] HID socket connect failed (/run/user/1000/hidra.kbd). Waiting for QEMU to listen... (set HID_SOCK or run scripts/run_qemu.sh)
[msquic] stream: RECEIVE bytes=52 buffers=1 pending=0
[heal] key=4 heal_ms=58.1152
[hidra] HID socket connect failed (/run/user/1000/hidra.kbd). Waiting for QEMU to listen... (set HID_SOCK or run scripts/run_qemu.sh)
[msquic] stream: RECEIVE bytes=52 buffers=1 pending=0
[hidra] HID socket connect failed (/run/user/1000/hidra.kbd). Waiting for QEMU to listen... (set HID_SOCK or run scripts/run_qemu.sh)
[msquic] stream: RECEIVE bytes=52 buffers=1 pending=0
[lat] dt_ms=48.1609 cmd=up key=p
[hidra] HID socket connect failed (/run/user/1000/hidra.kbd). Waiting for QEMU to listen... (set HID_SOCK or run scripts/run_qemu.sh)
[lat] dt_ms=60.0382 cmd=down key=p
[hidra] HID socket connect failed (/run/user/1000/hidra.kbd). Waiting for QEMU to listen... (set HID_SOCK or run scripts/run_qemu.sh)
[lat] dt_ms=73.7689 cmd=up key=a
[hidra] HID socket connect failed (/run/user/1000/hidra.kbd). Waiting for QEMU to listen... (set HID_SOCK or run scripts/run_qemu.sh)
[hidra] HID socket connect failed (/run/user/1000/hidra.kbd). Waiting for QEMU to listen... (set HID_SOCK or run scripts/run_qemu.sh)
[msquic] stream: RECEIVE bytes=52 buffers=1 pending=0
[hidra] HID socket connect failed (/run/user/1000/hidra.kbd). Waiting for QEMU to listen... (set HID_SOCK or run scripts/run_qemu.sh)
[msquic] stream: RECEIVE bytes=52 buffers=1 pending=0
[hidra] HID socket connect failed (/run/user/1000/hidra.kbd). Waiting for QEMU to listen... (set HID_SOCK or run scripts/run_qemu.sh)
[msquic] stream: RECEIVE bytes=52 buffers=2 pending=0
[lat] dt_ms=64.0502 cmd=down key=t
[hidra] HID socket connect failed (/run/user/1000/hidra.kbd). Waiting for QEMU to listen... (set HID_SOCK or run scripts/run_qemu.sh)
[lat] dt_ms=56.7364 cmd=up key=t
[hidra] HID socket connect failed (/run/user/1000/hidra.kbd). Waiting for QEMU to listen... (set HID_SOCK or run scripts/run_qemu.sh)
[hidra] HID socket connect failed (/run/user/1000/hidra.kbd). Waiting for QEMU to listen... (set HID_SOCK or run scripts/run_qemu.sh)
[msquic] stream: RECEIVE bytes=52 buffers=1 pending=0
[lat] dt_ms=76.7831 cmd=down key=ENTER
[hidra] HID socket connect failed (/run/user/1000/hidra.kbd). Waiting for QEMU to listen... (set HID_SOCK or run scripts/run_qemu.sh)
[lat] dt_ms=69.41 cmd=up key=ENTER
[hidra] HID socket connect failed (/run/user/1000/hidra.kbd). Waiting for QEMU to listen... (set HID_SOCK or run scripts/run_qemu.sh)
[hidra] HID socket connect failed (/run/user/1000/hidra.kbd). Waiting for QEMU to listen... (set HID_SOCK or run scripts/run_qemu.sh)
[msquic] stream: RECEIVE bytes=52 buffers=1 pending=0
[lat] dt_ms=55.2112 cmd=up key=a
[hidra] HID socket connect failed (/run/user/1000/hidra.kbd). Waiting for QEMU to listen... (set HID_SOCK or run scripts/run_qemu.sh)
[lat] dt_ms=75.0502 cmd=down key=a
[hidra] HID socket connect failed (/run/user/1000/hidra.kbd). Waiting for QEMU to listen... (set HID_SOCK or run scripts/run_qemu.sh)
[hidra] HID socket connect failed (/run/user/1000/hidra.kbd). Waiting for QEMU to listen... (set HID_SOCK or run scripts/run_qemu.sh)
[msquic] stream: RECEIVE bytes=52 buffers=1 pending=0
[hidra] HID socket connect failed (/run/user/1000/hidra.kbd). Waiting for QEMU to listen... (set HID_SOCK or run scripts/run_qemu.sh)
[hidra] HID socket connect failed (/run/user/1000/hidra.kbd). Waiting for QEMU to listen... (set HID_SOCK or run scripts/run_qemu.sh)
[msquic] stream: RECEIVE bytes=104 buffers=1 pending=0
[lat] dt_ms=62.9187 cmd=down key=p
[hidra] HID socket connect failed (/run/user/1000/hidra.kbd). Waiting for QEMU to listen... (set HID_SOCK or run scripts/run_qemu.sh)
[lat] dt_ms=47.4591 cmd=down key=t
[hidra] HID socket connect failed (/run/user/1000/hidra.kbd). Waiting for QEMU to listen... (set HID_SOCK or run scripts/run_qemu.sh)
[lat] dt_ms=59.7879 cmd=up key=p
[hidra] HID socket connect failed (/run/user/1000/hidra.kbd). Waiting for QEMU to listen... (set HID_SOCK or run scripts/run_qemu.sh)
[hidra] HID socket connect failed (/run/user/1000/hidra.kbd). Waiting for QEMU to listen... (set HID_SOCK or run scripts/run_qemu.sh)
[msquic] stream: RECEIVE bytes=52 buffers=1 pending=0
[hidra] HID socket connect failed (/run/user/1000/hidra.kbd). Waiting for QEMU to listen... (set HID_SOCK or run scripts/run_qemu.sh)
[msquic] stream: RECEIVE bytes=52 buffers=1 pending=0
[hidra] HID socket connect failed (/run/user/1000/hidra.kbd). Waiting for QEMU to listen... (set HID_SOCK or run scripts/run_qemu.sh)
[msquic] stream: RECEIVE bytes=52 buffers=1 pending=0
[hidra] HID socket connect failed (/run/user/1000/hidra.kbd). Waiting for QEMU to listen... (set HID_SOCK or run scripts/run_qemu.sh)
[msquic] stream: RECEIVE bytes=52 buffers=1 pending=0
[lat] dt_ms=58.081 cmd=up key=ENTER
[hidra] HID socket connect failed (/run/user/1000/hidra.kbd). Waiting for QEMU to listen... (set HID_SOCK or run scripts/run_qemu.sh)
[lat] dt_ms=73.9831 cmd=down key=ENTER
[hidra] HID socket connect failed (/run/user/1000/hidra.kbd). Waiting for QEMU to listen... (set HID_SOCK or run scripts/run_qemu.sh)
[lat] dt_ms=59.7804 cmd=down key=a
[hidra] HID socket connect failed (/run/user/1000/hidra.kbd). Waiting for QEMU to listen... (set HID_SOCK or run scripts/run_qemu.sh)
[heal] key=4 heal_ms=52.6535
[hidra] HID socket connect failed (/run/user/1000/hidra.kbd). Waiting for QEMU to listen... (set HID_SOCK or run scripts/run_qemu.sh)
[msquic] stream: RECEIVE bytes=52 buffers=1 pending=0
[lat] dt_ms=54.743 cmd=up key=a
[hidra] HID socket connect failed (/run/user/1000/hidra.kbd). Waiting for QEMU to listen... (set HID_SOCK or run scripts/run_qemu.sh)
[hidra] HID socket connect failed (/run/user/1000/hidra.kbd). Waiting for QEMU to listen... (set HID_SOCK or run scripts/run_qemu.sh)
[msquic] stream: RECEIVE bytes=52 buffers=1 pending=0
[hidra] HID socket connect failed (/run/user/1000/hidra.kbd). Waiting for QEMU to listen... (set HID_SOCK or run scripts/run_qemu.sh)
[msquic] stream: RECEIVE bytes=52 buffers=1 pending=0
[lat] dt_ms=41.974 cmd=down key=t
[hidra] HID socket connect failed (/run/user/1000/hidra.kbd). Waiting for QEMU to listen... (set HID_SOCK or run scripts/run_qemu.sh)
[heal] key=23 heal_ms=116.134
[lat] dt_ms=63.1494 cmd=down[hidra] HID socket connect failed (/run/user/1000/hidra.kbd key=p
[hidra] send() failed; will retry connect
). Waiting for QEMU to listen... (set HID_SOCK or run scripts/run_qemu.sh)
[msquic] stream: RECEIVE bytes=52 buffers=1 pending=0
[heal] key=19 heal_ms=144.067
[hidra] HID socket connect failed (/run/user/1000/hidra.kbd). Waiting for QEMU to listen... (set HID_SOCK or run scripts/run_qemu.sh)
[msquic] stream: RECEIVE bytes=52 buffers=1 pending=0
[hidra] HID socket connect failed (/run/user/1000/hidra.kbd). Waiting for QEMU to listen... (set HID_SOCK or run scripts/run_qemu.sh)
[msquic] stream: RECEIVE bytes=52 buffers=1 pending=0
[lat] dt_ms=44.579 cmd=up key=t
[hidra] HID socket connect failed (/run/user/1000/hidra.kbd). Waiting for QEMU to listen... (set HID_SOCK or run scripts/run_qemu.sh)
[hidra] HID socket connect failed (/run/user/1000/hidra.kbd). Waiting for QEMU to listen... (set HID_SOCK or run scripts/run_qemu.sh)
[msquic] stream: RECEIVE bytes=52 buffers=1 pending=0
[lat] dt_ms=74.0011 cmd=up key=p
[hidra] HID socket connect failed (/run/user/1000/hidra.kbd). Waiting for QEMU to listen... (set HID_SOCK or run scripts/run_qemu.sh)
[hidra] HID socket connect failed (/run/user/1000/hidra.kbd). Waiting for QEMU to listen... (set HID_SOCK or run scripts/run_qemu.sh)
[msquic] stream: RECEIVE bytes=52 buffers=1 pending=0
[hidra] HID socket connect failed (/run/user/1000/hidra.kbd). Waiting for QEMU to listen... (set HID_SOCK or run scripts/run_qemu.sh)
[msquic] stream: RECEIVE bytes=52 buffers=1 pending=0
[lat] dt_ms=50.5312 cmd=up key=ENTER
[hidra] HID socket connect failed (/run/user/1000/hidra.kbd). Waiting for QEMU to listen... (set HID_SOCK or run scripts/run_qemu.sh)
[hidra] HID socket connect failed (/run/user/1000/hidra.kbd). Waiting for QEMU to listen... (set HID_SOCK or run scripts/run_qemu.sh)
[msquic] stream: RECEIVE bytes=52 buffers=1 pending=0
[lat] dt_ms=74.2938 cmd=down key=ENTER
[hidra] HID socket connect failed (/run/user/1000/hidra.kbd). Waiting for QEMU to listen... (set HID_SOCK or run scripts/run_qemu.sh)
[lat] dt_ms=63.5996 cmd=down key=a
[hidra] HID socket connect failed (/run/user/1000/hidra.kbd). Waiting for QEMU to listen... (set HID_SOCK or run scripts/run_qemu.sh)
[heal] key=4 heal_ms=52.6787
[hidra] HID socket connect failed (/run/user/1000/hidra.kbd). Waiting for QEMU to listen... (set HID_SOCK or run scripts/run_qemu.sh)
[msquic] stream: RECEIVE bytes=52 buffers=1 pending=0
[lat] dt_ms=60.0032 cmd=up key=a
[hidra] HID socket connect failed (/run/user/1000/hidra.kbd). Waiting for QEMU to listen... (set HID_SOCK or run scripts/run_qemu.sh)
[lat] dt_ms=49.6926 cmd=down key=p
[hidra] HID socket connect failed (/run/user/1000/hidra.kbd). Waiting for QEMU to listen... (set HID_SOCK or run scripts/run_qemu.sh)
[hidra] HID socket connect failed (/run/user/1000/hidra.kbd). Waiting for QEMU to listen... (set HID_SOCK or run scripts/run_qemu.sh)
[msquic] stream: RECEIVE bytes=52 buffers=1 pending=0
[hidra] HID socket connect failed (/run/user/1000/hidra.kbd). Waiting for QEMU to listen... (set HID_SOCK or run scripts/run_qemu.sh)
[msquic] stream: RECEIVE bytes=52 buffers=1 pending=0
[hidra] HID socket connect failed (/run/user/1000/hidra.kbd). Waiting for QEMU to listen... (set HID_SOCK or run scripts/run_qemu.sh)
[msquic] stream: RECEIVE bytes=52 buffers=1 pending=0
[hidra] HID socket connect failed (/run/user/1000/hidra.kbd). Waiting for QEMU to listen... (set HID_SOCK or run scripts/run_qemu.sh)
[msquic] stream: RECEIVE bytes=52 buffers=1 pending=0
[hidra] HID socket connect failed (/run/user/1000/hidra.kbd). Waiting for QEMU to listen... (set HID_SOCK or run scripts/run_qemu.sh)
[msquic] stream: RECEIVE bytes=52 buffers=1 pending=0
[hidra] HID socket connect failed (/run/user/1000/hidra.kbd). Waiting for QEMU to listen... (set HID_SOCK or run scripts/run_qemu.sh)
[msquic] stream: RECEIVE bytes=52 buffers=1 pending=0
[lat] dt_ms=52.8709 cmd=down key=t
[hidra] HID socket connect failed (/run/user/1000/hidra.kbd). Waiting for QEMU to listen... (set HID_SOCK or run scripts/run_qemu.sh)
[hidra] HID socket connect failed (/run/user/1000/hidra.kbd). Waiting for QEMU to listen... (set HID_SOCK or run scripts/run_qemu.sh)
[msquic] stream: RECEIVE bytes=52 buffers=1 pending=0
[lat] dt_ms=77.7911 cmd=up key=p
[hidra] HID socket connect failed (/run/user/1000/hidra.kbd). Waiting for QEMU to listen... (set HID_SOCK or run scripts/run_qemu.sh)
[lat] dt_ms=77.5341 cmd=up key=t
[hidra] HID socket connect failed (/run/user/1000/hidra.kbd). Waiting for QEMU to listen... (set HID_SOCK or run scripts/run_qemu.sh)
[hidra] HID socket connect failed (/run/user/1000/hidra.kbd). Waiting for QEMU to listen... (set HID_SOCK or run scripts/run_qemu.sh)
[msquic] stream: RECEIVE bytes=52 buffers=1 pending=0
[lat] dt_ms=70.4578 cmd=down key=ENTER
[hidra] HID socket connect failed (/run/user/1000/hidra.kbd). Waiting for QEMU to listen... (set HID_SOCK or run scripts/run_qemu.sh)
[hidra] HID socket connect failed (/run/user/1000/hidra.kbd). Waiting for QEMU to listen... (set HID_SOCK or run scripts/run_qemu.sh)
[hidra] HID socket connect failed (/run/user/1000/hidra.kbd). Waiting for QEMU to listen... (set HID_SOCK or run scripts/run_qemu.sh)
[msquic] stream: RECEIVE bytes=104 buffers=1 pending=0
[hidra] HID socket connect failed (/run/user/1000/hidra.kbd). Waiting for QEMU to listen... (set HID_SOCK or run scripts/run_qemu.sh)
[msquic] stream: RECEIVE bytes=52 buffers=1 pending=0
[lat] dt_ms=73.8684 cmd=up key=ENTER
[hidra] HID socket connect failed (/run/user/1000/hidra.kbd). Waiting for QEMU to listen... (set HID_SOCK or run scripts/run_qemu.sh)
[lat] dt_ms=43.7152 cmd=down key=p
[hidra] HID socket connect failed (/run/user/1000/hidra.kbd). Waiting for QEMU to listen... (set HID_SOCK or run scripts/run_qemu.sh)
[lat] dt_ms=79.6634 cmd=down key=a
[hidra] HID socket connect failed (/run/user/1000/hidra.kbd). Waiting for QEMU to listen... (set HID_SOCK or run scripts/run_qemu.sh)
[hidra] HID socket connect failed (/run/user/1000/hidra.kbd). Waiting for QEMU to listen... (set HID_SOCK or run scripts/run_qemu.sh)
[msquic] stream: RECEIVE bytes=52 buffers=1 pending=0
[lat] dt_ms=70.8898 cmd=up key=a
[hidra] HID socket connect failed (/run/user/1000/hidra.kbd). Waiting for QEMU to listen... (set HID_SOCK or run scripts/run_qemu.sh)
[lat] dt_ms=43.2462 cmd=down key=t
[hidra] HID socket connect failed (/run/user/1000/hidra.kbd). Waiting for QEMU to listen... (set HID_SOCK or run scripts/run_qemu.sh)
[lat] dt_ms=54.4592 cmd=up key=p
[hidra] HID socket connect failed (/run/user/1000/hidra.kbd). Waiting for QEMU to listen... (set HID_SOCK or run scripts/run_qemu.sh)
[hidra] HID socket connect failed (/run/user/1000/hidra.kbd). Waiting for QEMU to listen... (set HID_SOCK or run scripts/run_qemu.sh)
[msquic] stream: RECEIVE bytes=52 buffers=1 pending=0
[hidra] HID socket connect failed (/run/user/1000/hidra.kbd). Waiting for QEMU to listen... (set HID_SOCK or run scripts/run_qemu.sh)
[msquic] stream: RECEIVE bytes=52 buffers=1 pending=0
[hidra] HID socket connect failed (/run/user/1000/hidra.kbd). Waiting for QEMU to listen... (set HID_SOCK or run scripts/run_qemu.sh)
[msquic] stream: RECEIVE bytes=52 buffers=1 pending=0
[hidra] HID socket connect failed (/run/user/1000/hidra.kbd). Waiting for QEMU to listen... (set HID_SOCK or run scripts/run_qemu.sh)
[msquic] stream: RECEIVE bytes=52 buffers=1 pending=0
[lat] dt_ms=47.498 cmd=down key=ENTER
[hidra] HID socket connect failed (/run/user/1000/hidra.kbd). Waiting for QEMU to listen... (set HID_SOCK or run scripts/run_qemu.sh)
[lat] dt_ms=65.6092 cmd=up key=t
[hidra] HID socket connect failed (/run/user/1000/hidra.kbd). Waiting for QEMU to listen... (set HID_SOCK or run scripts/run_qemu.sh)
[heal] key=19 heal_ms=88.1867
[hidra] HID socket connect failed (/run/user/1000/hidra.kbd). Waiting for QEMU to listen... (set HID_SOCK or run scripts/run_qemu.sh)
[msquic] stream: RECEIVE bytes=52 buffers=1 pending=0
[hidra] HID socket connect failed (/run/user/1000/hidra.kbd). Waiting for QEMU to listen... (set HID_SOCK or run scripts/run_qemu.sh)
[msquic] stream: RECEIVE bytes=52 buffers=1 pending=0
[heal] key=40 heal_ms=61.4469
[hidra] HID socket connect failed (/run/user/1000/hidra.kbd). Waiting for QEMU to listen... (set HID_SOCK or run scripts/run_qemu.sh)
[msquic] stream: RECEIVE bytes=52 buffers=1 pending=0
[lat] dt_ms=42.0293 cmd=up key=a
[hidra] HID socket connect failed (/run/user/1000/hidra.kbd). Waiting for QEMU to listen... (set HID_SOCK or run scripts/run_qemu.sh)
[lat] dt_ms=63.6234 cmd=up key=ENTER
[hidra] HID socket connect failed (/run/user/1000/hidra.kbd). Waiting for QEMU to listen... (set HID_SOCK or run scripts/run_qemu.sh)
[hidra] HID socket connect failed (/run/user/1000/hidra.kbd). Waiting for QEMU to listen... (set HID_SOCK or run scripts/run_qemu.sh)
[msquic] stream: RECEIVE bytes=52 buffers=1 pending=0
[lat] dt_ms=67.5042 cmd=down key=a
[hidra] HID socket connect failed (/run/user/1000/hidra.kbd). Waiting for QEMU to listen... (set HID_SOCK or run scripts/run_qemu.sh)
[hidra] HID socket connect failed (/run/user/1000/hidra.kbd). Waiting for QEMU to listen... (set HID_SOCK or run scripts/run_qemu.sh)
[msquic] stream: RECEIVE bytes=52 buffers=1 pending=0
[lat] dt_ms=62.5477 cmd=down key=p
[hidra] HID socket connect failed (/run/user/1000/hidra.kbd). Waiting for QEMU to listen... (set HID_SOCK or run scripts/run_qemu.sh)
[hidra] snapshot v1 mods=0x0 pressed=1
[hidra] HID socket connect failed (/run/user/1000/hidra.kbd). Waiting for QEMU to listen... (set HID_SOCK or run scripts/run_qemu.sh)
[msquic] stream: RECEIVE bytes=52 buffers=1 pending=0
[lat] dt_ms=48.246 cmd=down key=t
[hidra] HID socket connect failed (/run/user/1000/hidra.kbd). Waiting for QEMU to listen... (set HID_SOCK or run scripts/run_qemu.sh)
[heal] key=23 heal_ms=131.71
[hidra] HID socket connect failed (/run/user/1000/hidra.kbd). Waiting for QEMU to listen... (set HID_SOCK or run scripts/run_qemu.sh)
[hidra] HID socket connect failed (/run/user/1000/hidra.kbd). Waiting for QEMU to listen... (set HID_SOCK or run scripts/run_qemu.sh)
[msquic] stream: RECEIVE bytes=104 buffers=1 pending=0
[lat] dt_ms=47.9799 cmd=up key=t
[hidra] HID socket connect failed (/run/user/1000/hidra.kbd). Waiting for QEMU to listen... (set HID_SOCK or run scripts/run_qemu.sh)
[lat] dt_ms=41.6535 cmd=down key=ENTER
[hidra] HID socket connect failed (/run/user/1000/hidra.kbd). Waiting for QEMU to listen... (set HID_SOCK or run scripts/run_qemu.sh)
[heal] key=19 heal_ms=76.5022
[hidra] HID socket connect failed (/run/user/1000/hidra.kbd). Waiting for QEMU to listen... (set HID_SOCK or run scripts/run_qemu.sh)
[msquic] stream: RECEIVE bytes=52 buffers=1 pending=0
[hidra] HID socket connect failed (/run/user/1000/hidra.kbd). Waiting for QEMU to listen... (set HID_SOCK or run scripts/run_qemu.sh)
[msquic] stream: RECEIVE bytes=52 buffers=1 pending=0
[heal] key=23 heal_ms=70.9484
[hidra] HID socket connect failed (/run/user/1000/hidra.kbd). Waiting for QEMU to listen... (set HID_SOCK or run scripts/run_qemu.sh)
[msquic] stream: RECEIVE bytes=52 buffers=1 pending=0
[hidra] HID socket connect failed (/run/user/1000/hidra.kbd). Waiting for QEMU to listen... (set HID_SOCK or run scripts/run_qemu.sh)
[msquic] stream: RECEIVE bytes=52 buffers=1 pending=0
[lat] dt_ms=52.5768 cmd=down key=a
[hidra] HID socket connect failed (/run/user/1000/hidra.kbd). Waiting for QEMU to listen... (set HID_SOCK or run scripts/run_qemu.sh)
[heal] key=40 heal_ms=65.1483
[hidra] HID socket connect failed (/run/user/1000/hidra.kbd). Waiting for QEMU to listen... (set HID_SOCK or run scripts/run_qemu.sh)
[msquic] stream: RECEIVE bytes=52 buffers=1 pending=0
[lat] dt_ms=47.4861 cmd=up key=a
[hidra] HID socket connect failed (/run/user/1000/hidra.kbd). Waiting for QEMU to listen... (set HID_SOCK or run scripts/run_qemu.sh)
[hidra] HID socket connect failed (/run/user/1000/hidra.kbd). Waiting for QEMU to listen... (set HID_SOCK or run scripts/run_qemu.sh)
[msquic] stream: RECEIVE bytes=52 buffers=1 pending=0
[lat] dt_ms=72.6543 cmd=up key=ENTER
[hidra] HID socket connect failed (/run/user/1000/hidra.kbd). Waiting for QEMU to listen... (set HID_SOCK or run scripts/run_qemu.sh)
[hidra] HID socket connect failed (/run/user/1000/hidra.kbd). Waiting for QEMU to listen... (set HID_SOCK or run scripts/run_qemu.sh)
[msquic] stream: RECEIVE bytes=52 buffers=1 pending=0
[lat] dt_ms=49.4035 cmd=up key=p
[hidra] HID socket connect failed (/run/user/1000/hidra.kbd). Waiting for QEMU to listen... (set HID_SOCK or run scripts/run_qemu.sh)
[lat] dt_ms=63.1008 cmd=down key=p
[hidra] HID socket connect failed (/run/user/1000/hidra.kbd). Waiting for QEMU to listen... (set HID_SOCK or run scripts/run_qemu.sh)
[heal] key=19 heal_ms=59.7104
[hidra] HID socket connect failed (/run/user/1000/hidra.kbd). Waiting for QEMU to listen... (set HID_SOCK or run scripts/run_qemu.sh)
[msquic] stream: RECEIVE bytes=52 buffers=1 pending=0
[hidra] HID socket connect failed (/run/user/1000/hidra.kbd). Waiting for QEMU to listen... (set HID_SOCK or run scripts/run_qemu.sh)
[msquic] stream: RECEIVE bytes=52 buffers=1 pending=0
[hidra] HID socket connect failed (/run/user/1000/hidra.kbd). Waiting for QEMU to listen... (set HID_SOCK or run scripts/run_qemu.sh)
[msquic] stream: RECEIVE bytes=52 buffers=1 pending=0
[lat] dt_ms=61.5435 cmd=up key=t
[hidra] HID socket connect failed (/run/user/1000/hidra.kbd). Waiting for QEMU to listen... (set HID_SOCK or run scripts/run_qemu.sh)
[hidra] HID socket connect failed (/run/user/1000/hidra.kbd). Waiting for QEMU to listen... (set HID_SOCK or run scripts/run_qemu.sh)
[msquic] stream: RECEIVE bytes=52 buffers=1 pending=0
[lat] dt_ms=74.2709 cmd=down key=t
[hidra] HID socket connect failed (/run/user/1000/hidra.kbd). Waiting for QEMU to listen... (set HID_SOCK or run scripts/run_qemu.sh)
[lat] dt_ms=60.2553 cmd=down key=ENTER
[hidra] HID socket connect failed (/run/user/1000/hidra.kbd). Waiting for QEMU to listen... (set HID_SOCK or run scripts/run_qemu.sh)
[heal] key=40 heal_ms=58.9461
[heal] key=23 heal_ms=80.2553
[hidra] HID socket connect failed (/run/user/1000/hidra.kbd). Waiting for QEMU to listen... (set HID_SOCK or run scripts/run_qemu.sh)
[msquic] stream: RECEIVE bytes=52 buffers=1 pending=0
[lat] dt_ms=63.0908 cmd=up key=ENTER
[hidra] HID socket connect failed (/run/user/1000/hidra.kbd). Waiting for QEMU to listen... (set HID_SOCK or run scripts/run_qemu.sh)
[lat] dt_ms=52.8858 cmd=down key=a
[hidra] HID socket connect failed (/run/user/1000/hidra.kbd). Waiting for QEMU to listen... (set HID_SOCK or run scripts/run_qemu.sh)
[hidra] HID socket connect failed (/run/user/1000/hidra.kbd). Waiting for QEMU to listen... (set HID_SOCK or run scripts/run_qemu.sh)
[msquic] stream: RECEIVE bytes=52 buffers=1 pending=0
[lat] dt_ms=48.1345 cmd=down key=p
[hidra] HID socket connect failed (/run/user/1000/hidra.kbd). Waiting for QEMU to listen... (set HID_SOCK or run scripts/run_qemu.sh)
[lat] dt_ms=59.3404 cmd=up key=a
[hidra] HID socket connect failed (/run/user/1000/hidra.kbd). Waiting for QEMU to listen... (set HID_SOCK or run scripts/run_qemu.sh)
[hidra] HID socket connect failed (/run/user/1000/hidra.kbd). Waiting for QEMU to listen... (set HID_SOCK or run scripts/run_qemu.sh)
[msquic] stream: RECEIVE bytes=52 buffers=1 pending=0
[hidra] HID socket connect failed (/run/user/1000/hidra.kbd). Waiting for QEMU to listen... (set HID_SOCK or run scripts/run_qemu.sh)
[msquic] stream: RECEIVE bytes=52 buffers=1 pending=0
[lat] dt_ms=46.0119 cmd=up key=p
[hidra] HID socket connect failed (/run/user/1000/hidra.kbd). Waiting for QEMU to listen... (set HID_SOCK or run scripts/run_qemu.sh)
[hidra] HID socket connect failed (/run/user/1000/hidra.kbd). Waiting for QEMU to listen... (set HID_SOCK or run scripts/run_qemu.sh)
[msquic] stream: RECEIVE bytes=52 buffers=1 pending=0
[hidra] HID socket connect failed (/run/user/1000/hidra.kbd). Waiting for QEMU to listen... (set HID_SOCK or run scripts/run_qemu.sh)
[msquic] stream: RECEIVE bytes=52 buffers=1 pending=0
[lat] dt_ms=46.4655 cmd=up key=t
[hidra] HID socket connect failed (/run/user/1000/hidra.kbd). Waiting for QEMU to listen... (set HID_SOCK or run scripts/run_qemu.sh)
[lat] dt_ms=57.7926 cmd=down key=t
[hidra] HID socket connect failed (/run/user/1000/hidra.kbd). Waiting for QEMU to listen... (set HID_SOCK or run scripts/run_qemu.sh)
[hidra] HID socket connect failed (/run/user/1000/hidra.kbd). Waiting for QEMU to listen... (set HID_SOCK or run scripts/run_qemu.sh)
[msquic] stream: RECEIVE bytes=52 buffers=1 pending=0
[lat] dt_ms=44.3228 cmd=down key=ENTER
[hidra] HID socket connect failed (/run/user/1000/hidra.kbd). Waiting for QEMU to listen... (set HID_SOCK or run scripts/run_qemu.sh)
[hidra] HID socket connect failed (/run/user/1000/hidra.kbd). Waiting for QEMU to listen... (set HID_SOCK or run scripts/run_qemu.sh)
[msquic] stream: RECEIVE bytes=52 buffers=1 pending=0
[hidra] HID socket connect failed (/run/user/1000/hidra.kbd). Waiting for QEMU to listen... (set HID_SOCK or run scripts/run_qemu.sh)
[msquic] stream: RECEIVE bytes=52 buffers=1 pending=0
[hidra] HID socket connect failed (/run/user/1000/hidra.kbd). Waiting for QEMU to listen... (set HID_SOCK or run scripts/run_qemu.sh)
[msquic] stream: RECEIVE bytes=52 buffers=1 pending=0
[hidra] HID socket connect failed (/run/user/1000/hidra.kbd). Waiting for QEMU to listen... (set HID_SOCK or run scripts/run_qemu.sh)
[msquic] stream: RECEIVE bytes=52 buffers=1 pending=0
[lat] dt_ms=59.1775 cmd=up key=ENTER
[hidra] HID socket connect failed (/run/user/1000/hidra.kbd). Waiting for QEMU to listen... (set HID_SOCK or run scripts/run_qemu.sh)
[hidra] HID socket connect failed (/run/user/1000/hidra.kbd). Waiting for QEMU to listen... (set HID_SOCK or run scripts/run_qemu.sh)
[msquic] stream: RECEIVE bytes=52 buffers=1 pending=0
[hidra] HID socket connect failed (/run/user/1000/hidra.kbd). Waiting for QEMU to listen... (set HID_SOCK or run scripts/run_qemu.sh)
[msquic] stream: RECEIVE bytes=52 buffers=1 pending=0
[lat] dt_ms=58.4588 cmd=down key=a
[hidra] HID socket connect failed (/run/user/1000/hidra.kbd). Waiting for QEMU to listen... (set HID_SOCK or run scripts/run_qemu.sh)
[lat] dt_ms=52.945 cmd=up key=a
[hidra] HID socket connect failed (/run/user/1000/hidra.kbd). Waiting for QEMU to listen... (set HID_SOCK or run scripts/run_qemu.sh)
[hidra] HID socket connect failed (/run/user/1000/hidra.kbd). Waiting for QEMU to listen... (set HID_SOCK or run scripts/run_qemu.sh)
[msquic] stream: RECEIVE bytes=52 buffers=1 pending=0
[heal] key=19 heal_ms=45.5014
[hidra] HID socket connect failed (/run/user/1000/hidra.kbd). Waiting for QEMU to listen... (set HID_SOCK or run scripts/run_qemu.sh)
[msquic] stream: RECEIVE bytes=52 buffers=1 pending=0
[hidra] HID socket connect failed (/run/user/1000/hidra.kbd). Waiting for QEMU to listen... (set HID_SOCK or run scripts/run_qemu.sh)
[msquic] stream: RECEIVE bytes=52 buffers=1 pending=0
[lat] dt_ms=79.1759 cmd=down key=p
[hidra] HID socket connect failed (/run/user/1000/hidra.kbd). Waiting for QEMU to listen... (set HID_SOCK or run scripts/run_qemu.sh)
[heal] key=23 heal_ms=132.053
[hidra] HID socket connect failed (/run/user/1000/hidra.kbd). Waiting for QEMU to listen... (set HID_SOCK or run scripts/run_qemu.sh)
[msquic] stream: RECEIVE bytes=52 buffers=1 pending=0
[hidra] HID socket connect failed (/run/user/1000/hidra.kbd). Waiting for QEMU to listen... (set HID_SOCK or run scripts/run_qemu.sh)
[msquic] stream: RECEIVE bytes=52 buffers=1 pending=0
[lat] dt_ms=74.7982 cmd=up key=p
[hidra] HID socket connect failed (/run/user/1000/hidra.kbd). Waiting for QEMU to listen... (set HID_SOCK or run scripts/run_qemu.sh)
[hidra] HID socket connect failed (/run/user/1000/hidra.kbd). Waiting for QEMU to listen... (set HID_SOCK or run scripts/run_qemu.sh)
[msquic] stream: RECEIVE bytes=52 buffers=1 pending=0
[lat] dt_ms=57.9761 cmd=up key=t
[hidra] HID socket connect failed (/run/user/1000/hidra.kbd). Waiting for QEMU to listen... (set HID_SOCK or run scripts/run_qemu.sh)
[lat] dt_ms=80.6434 cmd=down key=t
[hidra] HID socket connect failed (/run/user/1000/hidra.kbd). Waiting for QEMU to listen... (set HID_SOCK or run scripts/run_qemu.sh)
[lat] dt_ms=50.1151 cmd=up key=ENTER
[hidra] HID socket connect failed (/run/user/1000/hidra.kbd). Waiting for QEMU to listen... (set HID_SOCK or run scripts/run_qemu.sh)
[heal] key=23 heal_ms=75.6699
[hidra] HID socket connect failed (/run/user/1000/hidra.kbd). Waiting for QEMU to listen... (set HID_SOCK or run scripts/run_qemu.sh)
[msquic] stream: RECEIVE bytes=52 buffers=1 pending=0
[lat] dt_ms=69.2911 cmd=down key=ENTER
[hidra] HID socket connect failed (/run/user/1000/hidra.kbd). Waiting for QEMU to listen... (set HID_SOCK or run scripts/run_qemu.sh)
[heal] key=40 heal_ms=68.2448
[hidra] HID socket connect failed (/run/user/1000/hidra.kbd). Waiting for QEMU to listen... (set HID_SOCK or run scripts/run_qemu.sh)
[msquic] stream: RECEIVE bytes=52 buffers=1 pending=0
[heal] key=4 heal_ms=140.981
[hidra] HID socket connect failed (/run/user/1000/hidra.kbd). Waiting for QEMU to listen... (set HID_SOCK or run scripts/run_qemu.sh)
[msquic] stream: RECEIVE bytes=52 buffers=1 pending=0
[hidra] HID socket connect failed (/run/user/1000/hidra.kbd). Waiting for QEMU to listen... (set HID_SOCK or run scripts/run_qemu.sh)
[msquic] stream: RECEIVE bytes=52 buffers=1 pending=0
[lat] dt_ms=73.4344 cmd=down key=a
[hidra] HID socket connect failed (/run/user/1000/hidra.kbd). Waiting for QEMU to listen... (set HID_SOCK or run scripts/run_qemu.sh)
[lat] dt_ms=64.2475 cmd=up key=a
[hidra] HID socket connect failed (/run/user/1000/hidra.kbd). Waiting for QEMU to listen... (set HID_SOCK or run scripts/run_qemu.sh)
[lat] dt_ms=46.1878 cmd=up key=p
[hidra] HID socket connect failed (/run/user/1000/hidra.kbd). Waiting for QEMU to listen... (set HID_SOCK or run scripts/run_qemu.sh)
[hidra] HID socket connect failed (/run/user/1000/hidra.kbd). Waiting for QEMU to listen... (set HID_SOCK or run scripts/run_qemu.sh)
[msquic] stream: RECEIVE bytes=52 buffers=2 pending=0
[hidra] HID socket connect failed (/run/user/1000/hidra.kbd). Waiting for QEMU to listen... (set HID_SOCK or run scripts/run_qemu.sh)
[msquic] stream: RECEIVE bytes=52 buffers=1 pending=0
[lat] dt_ms=69.4614 cmd=down key=p
[hidra] HID socket connect failed (/run/user/1000/hidra.kbd). Waiting for QEMU to listen... (set HID_SOCK or run scripts/run_qemu.sh)
[heal] key=19 heal_ms=67.2246
[hidra] HID socket connect failed (/run/user/1000/hidra.kbd). Waiting for QEMU to listen... (set HID_SOCK or run scripts/run_qemu.sh)
[msquic] stream: RECEIVE bytes=52 buffers=1 pending=0
[lat] dt_ms=62.1946 cmd=down key=t
[hidra] HID socket connect failed (/run/user/1000/hidra.kbd). Waiting for QEMU to listen... (set HID_SOCK or run scripts/run_qemu.sh)
[heal] key=23 heal_ms=56.7783
[hidra] HID socket connect failed (/run/user/1000/hidra.kbd). Waiting for QEMU to listen... (set HID_SOCK or run scripts/run_qemu.sh)
[msquic] stream: RECEIVE bytes=52 buffers=1 pending=0
[lat] dt_ms=57.7866 cmd=up key=t
[hidra] HID socket connect failed (/run/user/1000/hidra.kbd). Waiting for QEMU to listen... (set HID_SOCK or run scripts/run_qemu.sh)
[hidra] HID socket connect failed (/run/user/1000/hidra.kbd). Waiting for QEMU to listen... (set HID_SOCK or run scripts/run_qemu.sh)
[msquic] stream: RECEIVE bytes=52 buffers=1 pending=0
[lat] dt_ms=53.8835 cmd=down key=ENTER
[hidra] HID socket connect failed (/run/user/1000/hidra.kbd). Waiting for QEMU to listen... (set HID_SOCK or run scripts/run_qemu.sh)
[lat] dt_ms=49.516 cmd=up key=ENTER
[hidra] HID socket connect failed (/run/user/1000/hidra.kbd). Waiting for QEMU to listen... (set HID_SOCK or run scripts/run_qemu.sh)
[lat] dt_ms=43.82 cmd=up key=a
[hidra] HID socket connect failed (/run/user/1000/hidra.kbd). Waiting for QEMU to listen... (set HID_SOCK or run scripts/run_qemu.sh)
[hidra] HID socket connect failed (/run/user/1000/hidra.kbd). Waiting for QEMU to listen... (set HID_SOCK or run scripts/run_qemu.sh)
[hidra] HID socket connect failed (/run/user/1000/hidra.kbd). Waiting for QEMU to listen... (set HID_SOCK or run scripts/run_qemu.sh)
[msquic] stream: RECEIVE bytes=104 buffers=1 pending=0
[lat] dt_ms=58.292 cmd=down key=a
[hidra] HID socket connect failed (/run/user/1000/hidra.kbd). Waiting for QEMU to listen... (set HID_SOCK or run scripts/run_qemu.sh)
[hidra] HID socket connect failed (/run/user/1000/hidra.kbd). Waiting for QEMU to listen... (set HID_SOCK or run scripts/run_qemu.sh)
[msquic] stream: RECEIVE bytes=52 buffers=1 pending=0
[hidra] HID socket connect failed (/run/user/1000/hidra.kbd). Waiting for QEMU to listen... (set HID_SOCK or run scripts/run_qemu.sh)
[msquic] stream: RECEIVE bytes=52 buffers=1 pending=0
[hidra] HID socket connect failed (/run/user/1000/hidra.kbd). Waiting for QEMU to listen... (set HID_SOCK or run scripts/run_qemu.sh)
[msquic] stream: RECEIVE bytes=52 buffers=1 pending=0
[lat] dt_ms=66.7572 cmd=down key=p
[hidra] HID socket connect failed (/run/user/1000/hidra.kbd). Waiting for QEMU to listen... (set HID_SOCK or run scripts/run_qemu.sh)
[hidra] HID socket connect failed (/run/user/1000/hidra.kbd). Waiting for QEMU to listen... (set HID_SOCK or run scripts/run_qemu.sh)
[msquic] stream: RECEIVE bytes=52 buffers=1 pending=0
[heal] key=19 heal_ms=65.707
[hidra] HID socket connect failed (/run/user/1000/hidra.kbd). Waiting for QEMU to listen... (set HID_SOCK or run scripts/run_qemu.sh)
[msquic] stream: RECEIVE bytes=52 buffers=1 pending=0
[hidra] HID socket connect failed (/run/user/1000/hidra.kbd). Waiting for QEMU to listen... (set HID_SOCK or run scripts/run_qemu.sh)
[msquic] stream: RECEIVE bytes=52 buffers=1 pending=0
[lat] dt_ms=52.6681 cmd=up key=t
[hidra] HID socket connect failed (/run/user/1000/hidra.kbd). Waiting for QEMU to listen... (set HID_SOCK or run scripts/run_qemu.sh)
[lat] dt_ms=78.3009 cmd=up key=p
[hidra] HID socket connect failed (/run/user/1000/hidra.kbd). Waiting for QEMU to listen... (set HID_SOCK or run scripts/run_qemu.sh)
[lat] dt_ms=76.2233 cmd=down key=t
[hidra] HID socket connect failed (/run/user/1000/hidra.kbd). Waiting for QEMU to listen... (set HID_SOCK or run scripts/run_qemu.sh)
[hidra] HID socket connect failed (/run/user/1000/hidra.kbd). Waiting for QEMU to listen... (set HID_SOCK or run scripts/run_qemu.sh)
[msquic] stream: RECEIVE bytes=52 buffers=1 pending=0
[heal] key=40 heal_ms=130.195
[hidra] HID socket connect failed (/run/user/1000/hidra.kbd). Waiting for QEMU to listen... (set HID_SOCK or run scripts/run_qemu.sh)
[msquic] stream: RECEIVE bytes=52 buffers=1 pending=0
[lat] dt_ms=47.4899 cmd=up key=ENTER
[hidra] HID socket connect failed (/run/user/1000/hidra.kbd). Waiting for QEMU to listen... (set HID_SOCK or run scripts/run_qemu.sh)
[lat] dt_ms=68.0749 cmd=down key=ENTER
[hidra] HID socket connect failed (/run/user/1000/hidra.kbd). Waiting for QEMU to listen... (set HID_SOCK or run scripts/run_qemu.sh)
[heal] key=40 heal_ms=66.2648
[hidra] HID socket connect failed (/run/user/1000/hidra.kbd). Waiting for QEMU to listen... (set HID_SOCK or run scripts/run_qemu.sh)
[msquic] stream: RECEIVE bytes=52 buffers=1 pending=0
[hidra] HID socket connect failed (/run/user/1000/hidra.kbd). Waiting for QEMU to listen... (set HID_SOCK or run scripts/run_qemu.sh)
[msquic] stream: RECEIVE bytes=52 buffers=1 pending=0
[lat] dt_ms=59.4244 cmd=down key=a
[hidra] HID socket connect failed (/run/user/1000/hidra.kbd). Waiting for QEMU to listen... (set HID_SOCK or run scripts/run_qemu.sh)
[lat] dt_ms=50.9475 cmd=up key=a
[hidra] HID socket connect failed (/run/user/1000/hidra.kbd). Waiting for QEMU to listen... (set HID_SOCK or run scripts/run_qemu.sh)
[hidra] HID socket connect failed (/run/user/1000/hidra.kbd). Waiting for QEMU to listen... (set HID_SOCK or run scripts/run_qemu.sh)
[msquic] stream: RECEIVE bytes=52 buffers=1 pending=0
[hidra] HID socket connect failed (/run/user/1000/hidra.kbd). Waiting for QEMU to listen... (set HID_SOCK or run scripts/run_qemu.sh)
[msquic] stream: RECEIVE bytes=52 buffers=1 pending=0
[lat] dt_ms=49.7905 cmd=down key=p
[hidra] HID socket connect failed (/run/user/1000/hidra.kbd). Waiting for QEMU to listen... (set HID_SOCK or run scripts/run_qemu.sh)
[hidra] HID socket connect failed (/run/user/1000/hidra.kbd). Waiting for QEMU to listen... (set HID_SOCK or run scripts/run_qemu.sh)
[msquic] stream: RECEIVE bytes=52 buffers=1 pending=0
[lat] dt_ms=50.0221 cmd=up key=p
[hidra] HID socket connect failed (/run/user/1000/hidra.kbd). Waiting for QEMU to listen... (set HID_SOCK or run scripts/run_qemu.sh)
[hidra] HID socket connect failed (/run/user/1000/hidra.kbd). Waiting for QEMU to listen... (set HID_SOCK or run scripts/run_qemu.sh)
[msquic] stream: RECEIVE bytes=52 buffers=1 pending=0
[lat] dt_ms=50.6386 cmd=down key=t
[hidra] HID socket connect failed (/run/user/1000/hidra.kbd). Waiting for QEMU to listen... (set HID_SOCK or run scripts/run_qemu.sh)
[heal] key=23 heal_ms=49.6518
[hidra] HID socket connect failed (/run/user/1000/hidra.kbd). Waiting for QEMU to listen... (set HID_SOCK or run scripts/run_qemu.sh)
[msquic] stream: RECEIVE bytes=52 buffers=1 pending=0
[hidra] HID socket connect failed (/run/user/1000/hidra.kbd). Waiting for QEMU to listen... (set HID_SOCK or run scripts/run_qemu.sh)
[msquic] stream: RECEIVE bytes=52 buffers=1 pending=0
[lat] dt_ms=43.331 cmd=down key=ENTER
[hidra] HID socket connect failed (/run/user/1000/hidra.kbd). Waiting for QEMU to listen... (set HID_SOCK or run scripts/run_qemu.sh)
[lat] dt_ms=63.3451 cmd=up key=t
[hidra] HID socket connect failed (/run/user/1000/hidra.kbd). Waiting for QEMU to listen... (set HID_SOCK or run scripts/run_qemu.sh)
[hidra] HID socket connect failed (/run/user/1000/hidra.kbd). Waiting for QEMU to listen... (set HID_SOCK or run scripts/run_qemu.sh)
[msquic] stream: RECEIVE bytes=52 buffers=1 pending=0
[heal] key=40 heal_ms=51.2362
[hidra] HID socket connect failed (/run/user/1000/hidra.kbd). Waiting for QEMU to listen... (set HID_SOCK or run scripts/run_qemu.sh)
[msquic] stream: RECEIVE bytes=52 buffers=1 pending=0
[hidra] HID socket connect failed (/run/user/1000/hidra.kbd). Waiting for QEMU to listen... (set HID_SOCK or run scripts/run_qemu.sh)
[msquic] stream: RECEIVE bytes=52 buffers=1 pending=0
[lat] dt_ms=71.9902 cmd=up key=ENTER
[hidra] HID socket connect failed (/run/user/1000/hidra.kbd). Waiting for QEMU to listen... (set HID_SOCK or run scripts/run_qemu.sh)
[heal] key=4 heal_ms=58.6031
[hidra] HID socket connect failed (/run/user/1000/hidra.kbd). Waiting for QEMU to listen... (set HID_SOCK or run scripts/run_qemu.sh)
[msquic] stream: RECEIVE bytes=52 buffers=1 pending=0
[heal] key=19 heal_ms=125.312
[hidra] HID socket connect failed (/run/user/1000/hidra.kbd). Waiting for QEMU to listen... (set HID_SOCK or run scripts/run_qemu.sh)
[msquic] stream: RECEIVE bytes=52 buffers=1 pending=0
[lat] dt_ms=76.4627 cmd=down key=a
[hidra] HID socket connect failed (/run/user/1000/hidra.kbd). Waiting for QEMU to listen... (set HID_SOCK or run scripts/run_qemu.sh)
[hidra] HID socket connect failed (/run/user/1000/hidra.kbd). Waiting for QEMU to listen... (set HID_SOCK or run scripts/run_qemu.sh)
[msquic] stream: RECEIVE bytes=52 buffers=1 pending=0
[lat] dt_ms=78.6782 cmd=up key=a
[hidra] HID socket connect failed (/run/user/1000/hidra.kbd). Waiting for QEMU to listen... (set HID_SOCK or run scripts/run_qemu.sh)
[lat] dt_ms=72.095 cmd=down key=p
[hidra] HID socket connect failed (/run/user/1000/hidra.kbd). Waiting for QEMU to listen... (set HID_SOCK or run scripts/run_qemu.sh)
[lat] dt_ms=52.2361 cmd=down key=t
[hidra] HID socket connect failed (/run/user/1000/hidra.kbd). Waiting for QEMU to listen... (set HID_SOCK or run scripts/run_qemu.sh)
[lat] dt_ms=42.2501 cmd=down key=ENTER
[hidra] HID socket connect failed (/run/user/1000/hidra.kbd). Waiting for QEMU to listen... (set HID_SOCK or run scripts/run_qemu.sh)
[lat] dt_ms=67.2471 cmd=up key=t
[hidra] HID socket connect failed (/run/user/1000/hidra.kbd). Waiting for QEMU to listen... (set HID_SOCK or run scripts/run_qemu.sh)
[heal] key=40 heal_ms=53.2064
[heal] key=19 heal_ms=95.3963
[hidra] HID socket connect failed (/run/user/1000/hidra.kbd). Waiting for QEMU to listen... (set HID_SOCK or run scripts/run_qemu.sh)
[hidra] HID socket connect failed (/run/user/1000/hidra.kbd). Waiting for QEMU to listen... (set HID_SOCK or run scripts/run_qemu.sh)
[msquic] stream: RECEIVE bytes=104 buffers=1 pending=0
[hidra] HID socket connect failed (/run/user/1000/hidra.kbd). Waiting for QEMU to listen... (set HID_SOCK or run scripts/run_qemu.sh)
[msquic] stream: RECEIVE bytes=52 buffers=1 pending=0
[lat] dt_ms=55.5604 cmd=down key=a
[hidra] HID socket connect failed (/run/user/1000/hidra.kbd). Waiting for QEMU to listen... (set HID_SOCK or run scripts/run_qemu.sh)
[lat] dt_ms=45.2101 cmd=up key=a
[hidra] HID socket connect failed (/run/user/1000/hidra.kbd). Waiting for QEMU to listen... (set HID_SOCK or run scripts/run_qemu.sh)
[lat] dt_ms=70.0231 cmd=up key=ENTER
[hidra] HID socket connect failed (/run/user/1000/hidra.kbd). Waiting for QEMU to listen... (set HID_SOCK or run scripts/run_qemu.sh)
[hidra] HID socket connect failed (/run/user/1000/hidra.kbd). Waiting for QEMU to listen... (set HID_SOCK or run scripts/run_qemu.sh)
[msquic] stream: RECEIVE bytes=52 buffers=1 pending=0
[lat] dt_ms=44.7326 cmd=down key=p
[hidra] HID socket connect failed (/run/user/1000/hidra.kbd). Waiting for QEMU to listen... (set HID_SOCK or run scripts/run_qemu.sh)
[hidra] HID socket connect failed (/run/user/1000/hidra.kbd). Waiting for QEMU to listen... (set HID_SOCK or run scripts/run_qemu.sh)
[msquic] stream: RECEIVE bytes=52 buffers=1 pending=0
[hidra] HID socket connect failed (/run/user/1000/hidra.kbd). Waiting for QEMU to listen... (set HID_SOCK or run scripts/run_qemu.sh)
[msquic] stream: RECEIVE bytes=52 buffers=1 pending=0
[lat] dt_ms=50.1051 cmd=down key=t
[hidra] HID socket connect failed (/run/user/1000/hidra.kbd). Waiting for QEMU to listen... (set HID_SOCK or run scripts/run_qemu.sh)
[lat] dt_ms=41.496 cmd=up key=t
[hidra] HID socket connect failed (/run/user/1000/hidra.kbd). Waiting for QEMU to listen... (set HID_SOCK or run scripts/run_qemu.sh)
[hidra] HID socket connect failed (/run/user/1000/hidra.kbd). Waiting for QEMU to listen... (set HID_SOCK or run scripts/run_qemu.sh)
[msquic] stream: RECEIVE bytes=52 buffers=1 pending=0
[lat] dt_ms=75.062 cmd=up key=p
[hidra] HID socket connect failed (/run/user/1000/hidra.kbd). Waiting for QEMU to listen... (set HID_SOCK or run scripts/run_qemu.sh)
[hidra] HID socket connect failed (/run/user/1000/hidra.kbd). Waiting for QEMU to listen... (set HID_SOCK or run scripts/run_qemu.sh)
[msquic] stream: RECEIVE bytes=52 buffers=1 pending=0
[lat] dt_ms=46.862 cmd=down key=ENTER
[hidra] HID socket connect failed (/run/user/1000/hidra.kbd). Waiting for QEMU to listen... (set HID_SOCK or run scripts/run_qemu.sh)
[hidra] HID socket connect failed (/run/user/1000/hidra.kbd). Waiting for QEMU to listen... (set HID_SOCK or run scripts/run_qemu.sh)
[msquic] stream: RECEIVE bytes=52 buffers=1 pending=0
[hidra] HID socket connect failed (/run/user/1000/hidra.kbd). Waiting for QEMU to listen... (set HID_SOCK or run scripts/run_qemu.sh)
[msquic] stream: RECEIVE bytes=52 buffers=1 pending=0
[lat] dt_ms=58.2308 cmd=up key=ENTER
[hidra] HID socket connect failed (/run/user/1000/hidra.kbd). Waiting for QEMU to listen... (set HID_SOCK or run scripts/run_qemu.sh)
[heal] key=23 heal_ms=80.3863
[hidra] HID socket connect failed (/run/user/1000/hidra.kbd). Waiting for QEMU to listen... (set HID_SOCK or run scripts/run_qemu.sh)
[msquic] stream: RECEIVE bytes=52 buffers=1 pending=0
[lat] dt_ms=50.5549 cmd=down key=a
[hidra] HID socket connect failed (/run/user/1000/hidra.kbd). Waiting for QEMU to listen... (set HID_SOCK or run scripts/run_qemu.sh)
[hidra] HID socket connect failed (/run/user/1000/hidra.kbd). Waiting for QEMU to listen... (set HID_SOCK or run scripts/run_qemu.sh)
[msquic] stream: RECEIVE bytes=52 buffers=1 pending=0
[hidra] HID socket connect failed (/run/user/1000/hidra.kbd). Waiting for QEMU to listen... (set HID_SOCK or run scripts/run_qemu.sh)
[msquic] stream: RECEIVE bytes=52 buffers=1 pending=0
[hidra] HID socket connect failed (/run/user/1000/hidra.kbd). Waiting for QEMU to listen... (set HID_SOCK or run scripts/run_qemu.sh)
[msquic] stream: RECEIVE bytes=52 buffers=1 pending=0
[lat] dt_ms=45.2619 cmd=up key=p
[hidra] HID socket connect failed (/run/user/1000/hidra.kbd). Waiting for QEMU to listen... (set HID_SOCK or run scripts/run_qemu.sh)
[lat] dt_ms=67.5122 cmd=up key=a
[hidra] HID socket connect failed (/run/user/1000/hidra.kbd). Waiting for QEMU to listen... (set HID_SOCK or run scripts/run_qemu.sh)
[hidra] HID socket connect failed (/run/user/1000/hidra.kbd). Waiting for QEMU to listen... (set HID_SOCK or run scripts/run_qemu.sh)
[msquic] stream: RECEIVE bytes=52 buffers=1 pending=0
[hidra] HID socket connect failed (/run/user/1000/hidra.kbd). Waiting for QEMU to listen... (set HID_SOCK or run scripts/run_qemu.sh)
[msquic] stream: RECEIVE bytes=52 buffers=1 pending=0
[hidra] HID socket connect failed (/run/user/1000/hidra.kbd). Waiting for QEMU to listen... (set HID_SOCK or run scripts/run_qemu.sh)
[msquic] stream: RECEIVE bytes=52 buffers=1 pending=0
[lat] dt_ms=76.0517 cmd=down key=p
[hidra] HID socket connect failed (/run/user/1000/hidra.kbd). Waiting for QEMU to listen... (set HID_SOCK or run scripts/run_qemu.sh)
[hidra] HID socket connect failed (/run/user/1000/hidra.kbd). Waiting for QEMU to listen... (set HID_SOCK or run scripts/run_qemu.sh)
[msquic] stream: RECEIVE bytes=52 buffers=1 pending=0
[lat] dt_ms=67.3727 cmd=down key=t
[hidra] HID socket connect failed (/run/user/1000/hidra.kbd). Waiting for QEMU to listen... (set HID_SOCK or run scripts/run_qemu.sh)
[hidra] HID socket connect failed (/run/user/1000/hidra.kbd). Waiting for QEMU to listen... (set HID_SOCK or run scripts/run_qemu.sh)
[msquic] stream: RECEIVE bytes=52 buffers=1 pending=0
[hidra] HID socket connect failed (/run/user/1000/hidra.kbd). Waiting for QEMU to listen... (set HID_SOCK or run scripts/run_qemu.sh)
[msquic] stream: RECEIVE bytes=52 buffers=1 pending=0
[lat] dt_ms=77.6488 cmd=up key=t
[hidra] HID socket connect failed (/run/user/1000/hidra.kbd). Waiting for QEMU to listen... (set HID_SOCK or run scripts/run_qemu.sh)
[hidra] HID socket connect failed (/run/user/1000/hidra.kbd). Waiting for QEMU to listen... (set HID_SOCK or run scripts/run_qemu.sh)
[msquic] stream: RECEIVE bytes=52 buffers=1 pending=0
[lat] dt_ms=52.26 cmd=down key=a
[hidra] HID socket connect failed (/run/user/1000/hidra.kbd). Waiting for QEMU to listen... (set HID_SOCK or run scripts/run_qemu.sh)
[lat] dt_ms=77.5531 cmd=down key=ENTER
[hidra] HID socket connect failed (/run/user/1000/hidra.kbd). Waiting for QEMU to listen... (set HID_SOCK or run scripts/run_qemu.sh)
[hidra] HID socket connect failed (/run/user/1000/hidra.kbd). Waiting for QEMU to listen... (set HID_SOCK or run scripts/run_qemu.sh)
[msquic] stream: RECEIVE bytes=52 buffers=1 pending=0
[hidra] HID socket connect failed (/run/user/1000/hidra.kbd). Waiting for QEMU to listen... (set HID_SOCK or run scripts/run_qemu.sh)
[msquic] stream: RECEIVE bytes=52 buffers=1 pending=0
[lat] dt_ms=48.3894 cmd=down key=p
[hidra] HID socket connect failed (/run/user/1000/hidra.kbd). Waiting for QEMU to listen... (set HID_SOCK or run scripts/run_qemu.sh)
[lat] dt_ms=61.7772 cmd=up key=a
[hidra] HID socket connect failed (/run/user/1000/hidra.kbd). Waiting for QEMU to listen... (set HID_SOCK or run scripts/run_qemu.sh)
[heal] key=40 heal_ms=86.0997
[hidra] HID socket connect failed (/run/user/1000/hidra.kbd). Waiting for QEMU to listen... (set HID_SOCK or run scripts/run_qemu.sh)
[msquic] stream: RECEIVE bytes=52 buffers=1 pending=0
[lat] dt_ms=45.3895 cmd=up key=p
[hidra] HID socket connect failed (/run/user/1000/hidra.kbd). Waiting for QEMU to listen... (set HID_SOCK or run scripts/run_qemu.sh)
[hidra] HID socket connect failed (/run/user/1000/hidra.kbd). Waiting for QEMU to listen... (set HID_SOCK or run scripts/run_qemu.sh)
[msquic] stream: RECEIVE bytes=52 buffers=1 pending=0
[hidra] HID socket connect failed (/run/user/1000/hidra.kbd). Waiting for QEMU to listen... (set HID_SOCK or run scripts/run_qemu.sh)
[msquic] stream: RECEIVE bytes=52 buffers=1 pending=0
[hidra] HID socket connect failed (/run/user/1000/hidra.kbd). Waiting for QEMU to listen... (set HID_SOCK or run scripts/run_qemu.sh)
[msquic] stream: RECEIVE bytes=52 buffers=1 pending=0
[hidra] HID socket connect failed (/run/user/1000/hidra.kbd). Waiting for QEMU to listen... (set HID_SOCK or run scripts/run_qemu.sh)
[msquic] stream: RECEIVE bytes=52 buffers=1 pending=0
[lat] dt_ms=52.5564 cmd=down key=ENTER
[hidra] HID socket connect failed (/run/user/1000/hidra.kbd). Waiting for QEMU to listen... (set HID_SOCK or run scripts/run_qemu.sh)
[lat] dt_ms=75.5707 cmd=down key=t
[hidra] HID socket connect failed (/run/user/1000/hidra.kbd). Waiting for QEMU to listen... (set HID_SOCK or run scripts/run_qemu.sh)
[heal] key=23 heal_ms=67.183
[hidra] HID socket connect failed (/run/user/1000/hidra.kbd). Waiting for QEMU to listen... (set HID_SOCK or run scripts/run_qemu.sh)
[msquic] stream: RECEIVE bytes=52 buffers=1 pending=0
[hidra] HID socket connect failed (/run/user/1000/hidra.kbd). Waiting for QEMU to listen... (set HID_SOCK or run scripts/run_qemu.sh)
[msquic] stream: RECEIVE bytes=52 buffers=1 pending=0
[lat] dt_ms=70.5856 cmd=up key=t
[hidra] HID socket connect failed (/run/user/1000/hidra.kbd). Waiting for QEMU to listen... (set HID_SOCK or run scripts/run_qemu.sh)
[lat] dt_ms=43.4363 cmd=down key=a
[hidra] HID socket connect failed (/run/user/1000/hidra.kbd). Waiting for QEMU to listen... (set HID_SOCK or run scripts/run_qemu.sh)
[hidra] HID socket connect failed (/run/user/1000/hidra.kbd). Waiting for QEMU to listen... (set HID_SOCK or run scripts/run_qemu.sh)
[msquic] stream: RECEIVE bytes=52 buffers=1 pending=0
[lat] dt_ms=50.706 cmd=up key=a
[hidra] HID socket connect failed (/run/user/1000/hidra.kbd). Waiting for QEMU to listen... (set HID_SOCK or run scripts/run_qemu.sh)
[lat] dt_ms=73.7705 cmd=up key=ENTER
[hidra] HID socket connect failed (/run/user/1000/hidra.kbd). Waiting for QEMU to listen... (set HID_SOCK or run scripts/run_qemu.sh)
[hidra] progress: rx=284 emits=404 quic_snapshots=217 socket=[hidra] HID socket connect failed (/run/user/1000/hidra.kbd). Waiting for QEMU to listen... (set HID_SOCK or run scripts/run_qemu.sh)
waiting
[lat] dt_ms=45.6993 cmd=down key=p
[hidra] HID socket connect failed (/run/user/1000/hidra.kbd). Waiting for QEMU to listen... (set HID_SOCK or run scripts/run_qemu.sh)
[heal] key=19 heal_ms=121.238
[hidra] HID socket connect failed (/run/user/1000/hidra.kbd). Waiting for QEMU to listen... (set HID_SOCK or run scripts/run_qemu.sh)
[msquic] stream: RECEIVE bytes=52 buffers=1 pending=0
[lat] dt_ms=54.5314 cmd=up key=p
[hidra] HID socket connect failed (/run/user/1000/hidra.kbd). Waiting for QEMU to listen... (set HID_SOCK or run scripts/run_qemu.sh)
[hidra] HID socket connect failed (/run/user/1000/hidra.kbd). Waiting for QEMU to listen... (set HID_SOCK or run scripts/run_qemu.sh)
[msquic] stream: RECEIVE bytes=52 buffers=1 pending=0
[hidra] HID socket connect failed (/run/user/1000/hidra.kbd). Waiting for QEMU to listen... (set HID_SOCK or run scripts/run_qemu.sh)
[msquic] stream: RECEIVE bytes=52 buffers=1 pending=0
[lat] dt_ms=61.4825 cmd=down key=[hidra] HID socket connect failed (/run/user/1000/hidra.kbd). Waiting for QEMU to listen... (set HID_SOCK or run scripts/run_qemu.sh)
[msquic] stream: RECEIVE bytes=52 buffers=1 pending=0
t
[hidra] HID socket connect failed (/run/user/1000/hidra.kbd). Waiting for QEMU to listen... (set HID_SOCK or run scripts/run_qemu.sh)
[lat] dt_ms=59.3122 cmd=up key=t
[hidra] HID socket connect failed (/run/user/1000/hidra.kbd). Waiting for QEMU to listen... (set HID_SOCK or run scripts/run_qemu.sh)
[hidra] HID socket connect failed (/run/user/1000/hidra.kbd). Waiting for QEMU to listen... (set HID_SOCK or run scripts/run_qemu.sh)
[msquic] stream: RECEIVE bytes=52 buffers=1 pending=0
[lat] dt_ms=50.7914 cmd=down key=ENTER
[hidra] HID socket connect failed (/run/user/1000/hidra.kbd). Waiting for QEMU to listen... (set HID_SOCK or run scripts/run_qemu.sh)
[hidra] HID socket connect failed (/run/user/1000/hidra.kbd). Waiting for QEMU to listen... (set HID_SOCK or run scripts/run_qemu.sh)
[msquic] stream: RECEIVE bytes=52 buffers=1 pending=0
[hidra] HID socket connect failed (/run/user/1000/hidra.kbd). Waiting for QEMU to listen... (set HID_SOCK or run scripts/run_qemu.sh)
[msquic] stream: RECEIVE bytes=52 buffers=1 pending=0
[hidra] HID socket connect failed (/run/user/1000/hidra.kbd). Waiting for QEMU to listen... (set HID_SOCK or run scripts/run_qemu.sh)
[msquic] stream: RECEIVE bytes=52 buffers=1 pending=0
[lat] dt_ms=56.3534 cmd=down key=a
[hidra] HID socket connect failed (/run/user/1000/hidra.kbd). Waiting for QEMU to listen... (set HID_SOCK or run scripts/run_qemu.sh)
[lat] dt_ms=74.7685 cmd=up key=ENTER
[hidra] HID socket connect failed (/run/user/1000/hidra.kbd). Waiting for QEMU to listen... (set HID_SOCK or run scripts/run_qemu.sh)
[heal] key=4 heal_ms=54.0049
[hidra] HID socket connect failed (/run/user/1000/hidra.kbd). Waiting for QEMU to listen... (set HID_SOCK or run scripts/run_qemu.sh)
[msquic] stream: RECEIVE bytes=52 buffers=1 pending=0
[hidra] HID socket connect failed (/run/user/1000/hidra.kbd). Waiting for QEMU to listen... (set HID_SOCK or run scripts/run_qemu.sh)
[msquic] stream: RECEIVE bytes=52 buffers=1 pending=0
[lat] dt_ms=53.0436 cmd=down key=p
[hidra] HID socket connect failed (/run/user/1000/hidra.kbd). Waiting for QEMU to listen... (set HID_SOCK or run scripts/run_qemu.sh)
[lat] dt_ms=43.7804 cmd=up key=p
[hidra] HID socket connect failed (/run/user/1000/hidra.kbd). Waiting for QEMU to listen... (set HID_SOCK or run scripts/run_qemu.sh)
[hidra] HID socket connect failed (/run/user/1000/hidra.kbd). Waiting for QEMU to listen... (set HID_SOCK or run scripts/run_qemu.sh)
[msquic] stream: RECEIVE bytes=52 buffers=1 pending=0
[lat] dt_ms=77.8777 cmd=up key=a
[hidra] HID socket connect failed (/run/user/1000/hidra.kbd). Waiting for QEMU to listen... (set HID_SOCK or run scripts/run_qemu.sh)
[hidra] HID socket connect failed (/run/user/1000/hidra.kbd). Waiting for QEMU to listen... (set HID_SOCK or run scripts/run_qemu.sh)
[msquic] stream: RECEIVE bytes=52 buffers=1 pending=0
[hidra] HID socket connect failed (/run/user/1000/hidra.kbd). Waiting for QEMU to listen... (set HID_SOCK or run scripts/run_qemu.sh)
[msquic] stream: RECEIVE bytes=52 buffers=1 pending=0
[heal] key=19 heal_ms=65.8623
[hidra] HID socket connect failed (/run/user/1000/hidra.kbd). Waiting for QEMU to listen... (set HID_SOCK or run scripts/run_qemu.sh)
[msquic] stream: RECEIVE bytes=52 buffers=1 pending=0
[lat] dt_ms=58.4729 cmd=down key=t
[hidra] HID socket connect failed (/run/user/1000/hidra.kbd). Waiting for QEMU to listen... (set HID_SOCK or run scripts/run_qemu.sh)
[lat] dt_ms=55.4711 cmd=up key=t
[hidra] HID socket connect failed (/run/user/1000/hidra.kbd). Waiting for QEMU to listen... (set HID_SOCK or run scripts/run_qemu.sh)
[hidra] HID socket connect failed (/run/user/1000/hidra.kbd). Waiting for QEMU to listen... (set HID_SOCK or run scripts/run_qemu.sh)
[msquic] stream: RECEIVE bytes=52 buffers=1 pending=0
[hidra] HID socket connect failed (/run/user/1000/hidra.kbd). Waiting for QEMU to listen... (set HID_SOCK or run scripts/run_qemu.sh)
[msquic] stream: RECEIVE bytes=52 buffers=1 pending=0
[lat] dt_ms=47.6147 cmd=up key=ENTER
[hidra] HID socket connect failed (/run/user/1000/hidra.kbd). Waiting for QEMU to listen... (set HID_SOCK or run scripts/run_qemu.sh)
[lat] dt_ms=72.0948 cmd=down key=ENTER
[hidra] HID socket connect failed (/run/user/1000/hidra.kbd). Waiting for QEMU to listen... (set HID_SOCK or run scripts/run_qemu.sh)
[hidra] HID socket connect failed (/run/user/1000/hidra.kbd). Waiting for QEMU to listen... (set HID_SOCK or run scripts/run_qemu.sh)
[msquic] stream: RECEIVE bytes=52 buffers=1 pending=0
[heal] key=4 heal_ms=49.9649
[hidra] HID socket connect failed (/run/user/1000/hidra.kbd). Waiting for QEMU to listen... (set HID_SOCK or run scripts/run_qemu.sh)
[msquic] stream: RECEIVE bytes=52 buffers=1 pending=0
[lat] dt_ms=52.2085 cmd=up key=a
[hidra] HID socket connect failed (/run/user/1000/hidra.kbd). Waiting for QEMU to listen... (set HID_SOCK or run scripts/run_qemu.sh)
[heal] key=40 heal_ms=85.9158
[hidra] HID socket connect failed (/run/user/1000/hidra.kbd). Waiting for QEMU to listen... (set HID_SOCK or run scripts/run_qemu.sh)
[msquic] stream: RECEIVE bytes=52 buffers=1 pending=0
[lat] dt_ms=79.2455 cmd=down key=a
[hidra] HID socket connect failed (/run/user/1000/hidra.kbd). Waiting for QEMU to listen... (set HID_SOCK or run scripts/run_qemu.sh)
[hidra] HID socket connect failed (/run/user/1000/hidra.kbd). Waiting for QEMU to listen... (set HID_SOCK or run scripts/run_qemu.sh)
[msquic] stream: RECEIVE bytes=52 buffers=2 pending=0
[hidra] HID socket connect failed (/run/user/1000/hidra.kbd). Waiting for QEMU to listen... (set HID_SOCK or run scripts/run_qemu.sh)
[msquic] stream: RECEIVE bytes=52 buffers=1 pending=0
[lat] dt_ms=72.8618 cmd=down key=p
[hidra] HID socket connect failed (/run/user/1000/hidra.kbd). Waiting for QEMU to listen... (set HID_SOCK or run scripts/run_qemu.sh)
[hidra] HID socket connect failed (/run/user/1000/hidra.kbd). Waiting for QEMU to listen... (set HID_SOCK or run scripts/run_qemu.sh)
[msquic] stream: RECEIVE bytes=52 buffers=1 pending=0
[heal] key=19 heal_ms=68.0051
[hidra] HID socket connect failed (/run/user/1000/hidra.kbd). Waiting for QEMU to listen... (set HID_SOCK or run scripts/run_qemu.sh)
[msquic] stream: RECEIVE bytes=52 buffers=1 pending=0
[lat] dt_ms=49.2074 cmd=up key=t
[hidra] HID socket connect failed (/run/user/1000/hidra.kbd). Waiting for QEMU to listen... (set HID_SOCK or run scripts/run_qemu.sh)
[lat] dt_ms=61.531 cmd=down key=t
[hidra] HID socket connect failed (/run/user/1000/hidra.kbd). Waiting for QEMU to listen... (set HID_SOCK or run scripts/run_qemu.sh)
[hidra] snapshot v1 mods=0x0 pressed=0
[hidra] HID socket connect failed (/run/user/1000/hidra.kbd). Waiting for QEMU to listen... (set HID_SOCK or run scripts/run_qemu.sh)
[msquic] stream: RECEIVE bytes=52 buffers=1 pending=0
[lat] dt_ms=78.5696 cmd=up key=p
[hidra] HID socket connect failed (/run/user/1000/hidra.kbd). Waiting for QEMU to listen... (set HID_SOCK or run scripts/run_qemu.sh)
[lat] dt_ms=43.0525 cmd=up key=ENTER
[hidra] HID socket connect failed (/run/user/1000/hidra.kbd). Waiting for QEMU to listen... (set HID_SOCK or run scripts/run_qemu.sh)
[lat] dt_ms=58.3496 cmd=down key=ENTER
[hidra] HID socket connect failed (/run/user/1000/hidra.kbd). Waiting for QEMU to listen... (set HID_SOCK or run scripts/run_qemu.sh)
[hidra] HID socket connect failed (/run/user/1000/hidra.kbd). Waiting for QEMU to listen... (set HID_SOCK or run scripts/run_qemu.sh)
[msquic] stream: RECEIVE bytes=52 buffers=1 pending=0
[lat] dt_ms=50.1328 cmd=down key=a
[hidra] HID socket connect failed (/run/user/1000/hidra.kbd). Waiting for QEMU to listen... (set HID_SOCK or run scripts/run_qemu.sh)
[hidra] HID socket connect failed (/run/user/1000/hidra.kbd). Waiting for QEMU to listen... (set HID_SOCK or run scripts/run_qemu.sh)
[msquic] stream: RECEIVE bytes=52 buffers=1 pending=0
[hidra] HID socket connect failed (/run/user/1000/hidra.kbd). Waiting for QEMU to listen... (set HID_SOCK or run scripts/run_qemu.sh)
[msquic] stream: RECEIVE bytes=52 buffers=1 pending=0
[hidra] HID socket connect failed (/run/user/1000/hidra.kbd). Waiting for QEMU to listen... (set HID_SOCK or run scripts/run_qemu.sh)
[msquic] stream: RECEIVE bytes=52 buffers=1 pending=0
[hidra] HID socket connect failed (/run/user/1000/hidra.kbd). Waiting for QEMU to listen... (set HID_SOCK or run scripts/run_qemu.sh)
[msquic] stream: RECEIVE bytes=52 buffers=1 pending=0
[lat] dt_ms=64.8264 cmd=up key=a
[hidra] HID socket connect failed (/run/user/1000/hidra.kbd). Waiting for QEMU to listen... (set HID_SOCK or run scripts/run_qemu.sh)
[hidra] HID socket connect failed (/run/user/1000/hidra.kbd). Waiting for QEMU to listen... (set HID_SOCK or run scripts/run_qemu.sh)
[msquic] stream: RECEIVE bytes=52 buffers=1 pending=0
[lat] dt_ms=45.0873 cmd=down key=t
[hidra] HID socket connect failed (/run/user/1000/hidra.kbd). Waiting for QEMU to listen... (set HID_SOCK or run scripts/run_qemu.sh)
[lat] dt_ms=68.9487 cmd=down key=p
[hidra] HID socket connect failed (/run/user/1000/hidra.kbd). Waiting for QEMU to listen... (set HID_SOCK or run scripts/run_qemu.sh)
[lat] dt_ms=62.6303 cmd=up key=p
[hidra] HID socket connect failed (/run/user/1000/hidra.kbd). Waiting for QEMU to listen... (set HID_SOCK or run scripts/run_qemu.sh)
[lat] dt_ms=52.0975 cmd=up key=t
[hidra] HID socket connect failed (/run/user/1000/hidra.kbd). Waiting for QEMU to listen... (set HID_SOCK or run scripts/run_qemu.sh)
[lat] dt_ms=44.9261 cmd=down key=ENTER
[hidra] HID socket connect failed (/run/user/1000/hidra.kbd). Waiting for QEMU to listen... (set HID_SOCK or run scripts/run_qemu.sh)
[heal] key=40 heal_ms=118.037
[hidra] HID socket connect failed (/run/user/1000/hidra.kbd). Waiting for QEMU to listen... (set HID_SOCK or run scripts/run_qemu.sh)
[msquic] stream: RECEIVE bytes=52 buffers=1 pending=0
[hidra] HID socket connect failed (/run/user/1000/hidra.kbd). Waiting for QEMU to listen... (set HID_SOCK or run scripts/run_qemu.sh)
[hidra] HID socket connect failed (/run/user/1000/hidra.kbd). Waiting for QEMU to listen... (set HID_SOCK or run scripts/run_qemu.sh)
[msquic] stream: RECEIVE bytes=104 buffers=1 pending=0
[hidra] HID socket connect failed (/run/user/1000/hidra.kbd). Waiting for QEMU to listen... (set HID_SOCK or run scripts/run_qemu.sh)
[msquic] stream: RECEIVE bytes=52 buffers=1 pending=0
[hidra] HID socket connect failed (/run/user/1000/hidra.kbd). Waiting for QEMU to listen... (set HID_SOCK or run scripts/run_qemu.sh)
[msquic] stream: RECEIVE bytes=52 buffers=1 pending=0
[lat] dt_ms=50.8596 cmd=down key=a
[hidra] HID socket connect failed (/run/user/1000/hidra.kbd). Waiting for QEMU to listen... (set HID_SOCK or run scripts/run_qemu.sh)
[lat] dt_ms=66.624 cmd=up key=ENTER
[hidra] HID socket connect failed (/run/user/1000/hidra.kbd). Waiting for QEMU to listen... (set HID_SOCK or run scripts/run_qemu.sh)
[lat] dt_ms=48.7249 cmd=up key=a
[hidra] HID socket connect failed (/run/user/1000/hidra.kbd). Waiting for QEMU to listen... (set HID_SOCK or run scripts/run_qemu.sh)
[lat] dt_ms=49.6796 cmd=down key=p
[hidra] HID socket connect failed (/run/user/1000/hidra.kbd). Waiting for QEMU to listen... (set HID_SOCK or run scripts/run_qemu.sh)
[hidra] HID socket connect failed (/run/user/1000/hidra.kbd). Waiting for QEMU to listen... (set HID_SOCK or run scripts/run_qemu.sh)
[msquic] stream: RECEIVE bytes=52 buffers=1 pending=0
[hidra] HID socket connect failed (/run/user/1000/hidra.kbd). Waiting for QEMU to listen... (set HID_SOCK or run scripts/run_qemu.sh)
[msquic] stream: RECEIVE bytes=52 buffers=1 pending=0
[heal] key=4 heal_ms=81.7864
[hidra] HID socket connect failed (/run/user/1000/hidra.kbd). Waiting for QEMU to listen... (set HID_SOCK or run scripts/run_qemu.sh)
[msquic] stream: RECEIVE bytes=52 buffers=1 pending=0
[hidra] HID socket connect failed (/run/user/1000/hidra.kbd). Waiting for QEMU to listen... (set HID_SOCK or run scripts/run_qemu.sh)
[msquic] stream: RECEIVE bytes=52 buffers=1 pending=0
[hidra] HID socket connect failed (/run/user/1000/hidra.kbd). Waiting for QEMU to listen... (set HID_SOCK or run scripts/run_qemu.sh)
[msquic] stream: RECEIVE bytes=52 buffers=1 pending=0
[hidra] HID socket connect failed (/run/user/1000/hidra.kbd). Waiting for QEMU to listen... (set HID_SOCK or run scripts/run_qemu.sh)
[msquic] stream: RECEIVE bytes=52 buffers=1 pending=0
[lat] dt_ms=73.2617 cmd=up key=p
[hidra] HID socket connect failed (/run/user/1000/hidra.kbd). Waiting for QEMU to listen... (set HID_SOCK or run scripts/run_qemu.sh)
[hidra] HID socket connect failed (/run/user/1000/hidra.kbd). Waiting for QEMU to listen... (set HID_SOCK or run scripts/run_qemu.sh)
[msquic] stream: RECEIVE bytes=52 buffers=1 pending=0
[lat] dt_ms=67.9348 cmd=down key=t
[hidra] HID socket connect failed (/run/user/1000/hidra.kbd). Waiting for QEMU to listen... (set HID_SOCK or run scripts/run_qemu.sh)
[lat] dt_ms=61.5174 cmd=up key=t
[hidra] HID socket connect failed (/run/user/1000/hidra.kbd). Waiting for QEMU to listen... (set HID_SOCK or run scripts/run_qemu.sh)
[lat] dt_ms=45.1934 cmd=up key=ENTER
[hidra] HID socket connect failed (/run/user/1000/hidra.kbd). Waiting for QEMU to listen... (set HID_SOCK or run scripts/run_qemu.sh)
[lat] dt_ms=56.5005 cmd=down key=ENTER
[hidra] HID socket connect failed (/run/user/1000/hidra.kbd). Waiting for QEMU to listen... (set HID_SOCK or run scripts/run_qemu.sh)
[hidra] HID socket connect failed (/run/user/1000/hidra.kbd). Waiting for QEMU to listen... (set HID_SOCK or run scripts/run_qemu.sh)
[msquic] stream: RECEIVE bytes=52 buffers=1 pending=0
[lat] dt_ms=52.5581 cmd=down key=a
[hidra] HID socket connect failed (/run/user/1000/hidra.kbd). Waiting for QEMU to listen... (set HID_SOCK or run scripts/run_qemu.sh)
[lat] dt_ms=43.2868 cmd=up key=a
[hidra] HID socket connect failed (/run/user/1000/hidra.kbd). Waiting for QEMU to listen... (set HID_SOCK or run scripts/run_qemu.sh)
[heal] key=40 heal_ms=70.4124
[hidra] HID socket connect failed (/run/user/1000/hidra.kbd). Waiting for QEMU to listen... (set HID_SOCK or run scripts/run_qemu.sh)
[hidra] HID socket connect failed (/run/user/1000/hidra.kbd). Waiting for QEMU to listen... (set HID_SOCK or run scripts/run_qemu.sh)
[msquic] stream: RECEIVE bytes=104 buffers=1 pending=0
[hidra] HID socket connect failed (/run/user/1000/hidra.kbd). Waiting for QEMU to listen... (set HID_SOCK or run scripts/run_qemu.sh)
[heal] key=4 heal_ms=55.8035
[hidra] HID socket connect failed (/run/user/1000/hidra.kbd). Waiting for QEMU to listen... (set HID_SOCK or run scripts/run_qemu.sh)
[msquic] stream: RECEIVE bytes=104 buffers=1 pending=0
[lat] dt_ms=66.5917 cmd=down key=p
[hidra] HID socket connect failed (/run/user/1000/hidra.kbd). Waiting for QEMU to listen... (set HID_SOCK or run scripts/run_qemu.sh)
[lat] dt_ms=45.6258 cmd=down key=t
[hidra] HID socket connect failed (/run/user/1000/hidra.kbd). Waiting for QEMU to listen... (set HID_SOCK or run scripts/run_qemu.sh)
[heal] key=23 heal_ms=126.207
[hidra] HID socket connect failed (/run/user/1000/hidra.kbd). Waiting for QEMU to listen... (set HID_SOCK or run scripts/run_qemu.sh)
[msquic] stream: RECEIVE bytes=52 buffers=1 pending=0
[hidra] HID socket connect failed (/run/user/1000/hidra.kbd). Waiting for QEMU to listen... (set HID_SOCK or run scripts/run_qemu.sh)
[msquic] stream: RECEIVE bytes=52 buffers=1 pending=0
[lat] dt_ms=76.2024 cmd=up key=p
[hidra] HID socket connect failed (/run/user/1000/hidra.kbd). Waiting for QEMU to listen... (set HID_SOCK or run scripts/run_qemu.sh)
[lat] dt_ms=58.3644 cmd=up key=t
[hidra] HID socket connect failed (/run/user/1000/hidra.kbd). Waiting for QEMU to listen... (set HID_SOCK or run scripts/run_qemu.sh)
[hidra] HID socket connect failed (/run/user/1000/hidra.kbd). Waiting for QEMU to listen... (set HID_SOCK or run scripts/run_qemu.sh)
[msquic] stream: RECEIVE bytes=52 buffers=1 pending=0
[hidra] HID socket connect failed (/run/user/1000/hidra.kbd). Waiting for QEMU to listen... (set HID_SOCK or run scripts/run_qemu.sh)
[msquic] stream: RECEIVE bytes=52 buffers=1 pending=0
[lat] dt_ms=70.0031 cmd=down key=ENTER
[hidra] HID socket connect failed (/run/user/1000/hidra.kbd). Waiting for QEMU to listen... (set HID_SOCK or run scripts/run_qemu.sh)
[hidra] HID socket connect failed (/run/user/1000/hidra.kbd). Waiting for QEMU to listen... (set HID_SOCK or run scripts/run_qemu.sh)
[msquic] stream: RECEIVE bytes=52 buffers=1 pending=0
[lat] dt_ms=60.5465 cmd=up key=ENTER
[hidra] HID socket connect failed (/run/user/1000/hidra.kbd). Waiting for QEMU to listen... (set HID_SOCK or run scripts/run_qemu.sh)
[hidra] HID socket connect failed (/run/user/1000/hidra.kbd). Waiting for QEMU to listen... (set HID_SOCK or run scripts/run_qemu.sh)
[msquic] stream: RECEIVE bytes=52 buffers=1 pending=0
[lat] dt_ms=59.0546 cmd=down key=a
[hidra] HID socket connect failed (/run/user/1000/hidra.kbd). Waiting for QEMU to listen... (set HID_SOCK or run scripts/run_qemu.sh)
[hidra] HID socket connect failed (/run/user/1000/hidra.kbd). Waiting for QEMU to listen... (set HID_SOCK or run scripts/run_qemu.sh)
[msquic] stream: RECEIVE bytes=52 buffers=1 pending=0
[hidra] HID socket connect failed (/run/user/1000/hidra.kbd). Waiting for QEMU to listen... (set HID_SOCK or run scripts/run_qemu.sh)
[msquic] stream: RECEIVE bytes=52 buffers=1 pending=0
[lat] dt_ms=43.6122 cmd=up key=p
[hidra] HID socket connect failed (/run/user/1000/hidra.kbd). Waiting for QEMU to listen... (set HID_SOCK or run scripts/run_qemu.sh)
[lat] dt_ms=57.2442 cmd=down key=p
[hidra] send() failed; will retry connect
[hidra] HID socket connect failed (/run/user/1000/hidra.kbd). Waiting for QEMU to listen... (set HID_SOCK or run scripts/run_qemu.sh)
[msquic] stream: RECEIVE bytes=52 buffers=1 pending=0
[heal] key=4 heal_ms=70.114
[hidra] HID socket connect failed (/run/user/1000/hidra.kbd). Waiting for QEMU to listen... (set HID_SOCK or run scripts/run_qemu.sh)
[msquic] stream: RECEIVE bytes=52 buffers=1 pending=0
[lat] dt_ms=73.4431 cmd=up key=a
[hidra] HID socket connect failed (/run/user/1000/hidra.kbd). Waiting for QEMU to listen... (set HID_SOCK or run scripts/run_qemu.sh)
[lat] dt_ms=55.5783 cmd=down key=t
[hidra] HID socket connect failed (/run/user/1000/hidra.kbd). Waiting for QEMU to listen... (set HID_SOCK or run scripts/run_qemu.sh)
[hidra] HID socket connect failed (/run/user/1000/hidra.kbd). Waiting for QEMU to listen... (set HID_SOCK or run scripts/run_qemu.sh)
[msquic] stream: RECEIVE bytes=52 buffers=1 pending=0
[heal] key=23 heal_ms=135.618
[hidra] HID socket connect failed (/run/user/1000/hidra.kbd). Waiting for QEMU to listen... (set HID_SOCK or run scripts/run_qemu.sh)
[msquic] stream: RECEIVE bytes=52 buffers=1 pending=0
[lat] dt_ms=55.4225 cmd=up key=t
[hidra] HID socket connect failed (/run/user/1000/hidra.kbd). Waiting for QEMU to listen... (set HID_SOCK or run scripts/run_qemu.sh)
[hidra] HID socket connect failed (/run/user/1000/hidra.kbd). Waiting for QEMU to listen... (set HID_SOCK or run scripts/run_qemu.sh)
[msquic] stream: RECEIVE bytes=52 buffers=1 pending=0
[lat] dt_ms=48.9407 cmd=down key=ENTER
[hidra] HID socket connect failed (/run/user/1000/hidra.kbd). Waiting for QEMU to listen... (set HID_SOCK or run scripts/run_qemu.sh)
[hidra] HID socket connect failed (/run/user/1000/hidra.kbd). Waiting for QEMU to listen... (set HID_SOCK or run scripts/run_qemu.sh)
[msquic] stream: RECEIVE bytes=52 buffers=1 pending=0
[lat] dt_ms=41.8842 cmd=down key=a
[hidra] HID socket connect failed (/run/user/1000/hidra.kbd). Waiting for QEMU to listen... (set HID_SOCK or run scripts/run_qemu.sh)
[heal] key=23 heal_ms=89.7653
[hidra] HID socket connect failed (/run/user/1000/hidra.kbd). Waiting for QEMU to listen... (set HID_SOCK or run scripts/run_qemu.sh)
[hidra] HID socket connect failed (/run/user/1000/hidra.kbd). Waiting for QEMU to listen... (set HID_SOCK or run scripts/run_qemu.sh)
[msquic] stream: RECEIVE bytes=104 buffers=1 pending=0
[lat] dt_ms=47.2284 cmd=up key=a
[hidra] HID socket connect failed (/run/user/1000/hidra.kbd). Waiting for QEMU to listen... (set HID_SOCK or run scripts/run_qemu.sh)
[hidra] HID socket connect failed (/run/user/1000/hidra.kbd). Waiting for QEMU to listen... (set HID_SOCK or run scripts/run_qemu.sh)
[msquic] stream: RECEIVE bytes=52 buffers=1 pending=0
[lat] dt_ms=42.998 cmd=down key=p
[hidra] HID socket connect failed (/run/user/1000/hidra.kbd). Waiting for QEMU to listen... (set HID_SOCK or run scripts/run_qemu.sh)
[lat] dt_ms=76.9927 cmd=up key=ENTER
[hidra] HID socket connect failed (/run/user/1000/hidra.kbd). Waiting for QEMU to listen... (set HID_SOCK or run scripts/run_qemu.sh)
[heal] key=19 heal_ms=127.847
[hidra] HID socket connect failed (/run/user/1000/hidra.kbd). Waiting for QEMU to listen... (set HID_SOCK or run scripts/run_qemu.sh)
[msquic] stream: RECEIVE bytes=52 buffers=1 pending=0
[hidra] HID socket connect failed (/run/user/1000/hidra.kbd). Waiting for QEMU to listen... (set HID_SOCK or run scripts/run_qemu.sh)
[hidra] HID socket connect failed (/run/user/1000/hidra.kbd). Waiting for QEMU to listen... (set HID_SOCK or run scripts/run_qemu.sh)
[msquic] stream: RECEIVE bytes=104 buffers=1 pending=0
[lat] dt_ms=43.9779 cmd=up key=t
[hidra] HID socket connect failed (/run/user/1000/hidra.kbd). Waiting for QEMU to listen... (set HID_SOCK or run scripts/run_qemu.sh)
[heal] key=4 heal_ms=89.1205
[hidra] HID socket connect failed (/run/user/1000/hidra.kbd). Waiting for QEMU to listen... (set HID_SOCK or run scripts/run_qemu.sh)
[msquic] stream: RECEIVE bytes=52 buffers=1 pending=0
[lat] dt_ms=74.007 cmd=up key=p
[hidra] HID socket connect failed (/run/user/1000/hidra.kbd). Waiting for QEMU to listen... (set HID_SOCK or run scripts/run_qemu.sh)
[hidra] HID socket connect failed (/run/user/1000/hidra.kbd). Waiting for QEMU to listen... (set HID_SOCK or run scripts/run_qemu.sh)
[msquic] stream: RECEIVE bytes=52 buffers=1 pending=0
[hidra] HID socket connect failed (/run/user/1000/hidra.kbd). Waiting for QEMU to listen... (set HID_SOCK or run scripts/run_qemu.sh)
[msquic] stream: RECEIVE bytes=52 buffers=1 pending=0
[lat] dt_ms=44.9634 cmd=up key=ENTER
[hidra] HID socket connect failed (/run/user/1000/hidra.kbd). Waiting for QEMU to listen... (set HID_SOCK or run scripts/run_qemu.sh)
[lat] dt_ms=58.4324 cmd=down key=ENTER
[hidra] HID socket connect failed (/run/user/1000/hidra.kbd). Waiting for QEMU to listen... (set HID_SOCK or run scripts/run_qemu.sh)
[heal] key=23 heal_ms=72.3814
[hidra] HID socket connect failed (/run/user/1000/hidra.kbd). Waiting for QEMU to listen... (set HID_SOCK or run scripts/run_qemu.sh)
[msquic] stream: RECEIVE bytes=52 buffers=1 pending=0
[hidra] HID socket connect failed (/run/user/1000/hidra.kbd). Waiting for QEMU to listen... (set HID_SOCK or run scripts/run_qemu.sh)
[msquic] stream: RECEIVE bytes=52 buffers=1 pending=0
[lat] dt_ms=55.735 cmd=down key=a
[hidra] HID socket connect failed (/run/user/1000/hidra.kbd). Waiting for QEMU to listen... (set HID_SOCK or run scripts/run_qemu.sh)
[hidra] HID socket connect failed (/run/user/1000/hidra.kbd). Waiting for QEMU to listen... (set HID_SOCK or run scripts/run_qemu.sh)
[msquic] stream: RECEIVE bytes=52 buffers=1 pending=0
[lat] dt_ms=46.4073 cmd=down key=p
[hidra] HID socket connect failed (/run/user/1000/hidra.kbd). Waiting for QEMU to listen... (set HID_SOCK or run scripts/run_qemu.sh)
[heal] key=40 heal_ms=77.6024
[hidra] HID socket connect failed (/run/user/1000/hidra.kbd). Waiting for QEMU to listen... (set HID_SOCK or run scripts/run_qemu.sh)
[msquic] stream: RECEIVE bytes=52 buffers=1 pending=0
[lat] dt_ms=61.9032 cmd=up key=a
[hidra] HID socket connect failed (/run/user/1000/hidra.kbd). Waiting for QEMU to listen... (set HID_SOCK or run scripts/run_qemu.sh)
[hidra] HID socket connect failed (/run/user/1000/hidra.kbd). Waiting for QEMU to listen... (set HID_SOCK or run scripts/run_qemu.sh)
[msquic] stream: RECEIVE bytes=52 buffers=1 pending=0
[heal] key=4 heal_ms=72.5618
[hidra] HID socket connect failed (/run/user/1000/hidra.kbd). Waiting for QEMU to listen... (set HID_SOCK or run scripts/run_qemu.sh)
[msquic] stream: RECEIVE bytes=52 buffers=1 pending=0
[lat] dt_ms=60.7815 cmd=up key=p
[hidra] HID socket connect failed (/run/user/1000/hidra.kbd). Waiting for QEMU to listen... (set HID_SOCK or run scripts/run_qemu.sh)
[hidra] HID socket connect failed (/run/user/1000/hidra.kbd). Waiting for QEMU to listen... (set HID_SOCK or run scripts/run_qemu.sh)
[msquic] stream: RECEIVE bytes=52 buffers=1 pending=0
[hidra] HID socket connect failed (/run/user/1000/hidra.kbd). Waiting for QEMU to listen... (set HID_SOCK or run scripts/run_qemu.sh)
[hidra] HID socket connect failed (/run/user/1000/hidra.kbd). Waiting for QEMU to listen... (set HID_SOCK or run scripts/run_qemu.sh)
[msquic] stream: RECEIVE bytes=104 buffers=1 pending=0
[hidra] HID socket connect failed (/run/user/1000/hidra.kbd). Waiting for QEMU to listen... (set HID_SOCK or run scripts/run_qemu.sh)
[msquic] stream: RECEIVE bytes=52 buffers=1 pending=0
[lat] dt_ms=71.2832 cmd=down key=t
[hidra] HID socket connect failed (/run/user/1000/hidra.kbd). Waiting for QEMU to listen... (set HID_SOCK or run scripts/run_qemu.sh)
[lat] dt_ms=64.1128 cmd=up key=t
[hidra] HID socket connect failed (/run/user/1000/hidra.kbd). Waiting for QEMU to listen... (set HID_SOCK or run scripts/run_qemu.sh)
[hidra] HID socket connect failed (/run/user/1000/hidra.kbd). Waiting for QEMU to listen... (set HID_SOCK or run scripts/run_qemu.sh)
[msquic] stream: RECEIVE bytes=52 buffers=1 pending=0
[lat] dt_ms=57.6184 cmd=down key=a
[hidra] HID socket connect failed (/run/user/1000/hidra.kbd). Waiting for QEMU to listen... (set HID_SOCK or run scripts/run_qemu.sh)
[lat] dt_ms=79.9503 cmd=down key=ENTER
[hidra] HID socket connect failed (/run/user/1000/hidra.kbd). Waiting for QEMU to listen... (set HID_SOCK or run scripts/run_qemu.sh)
[lat] dt_ms=75.4394 cmd=up key=ENTER
[hidra] HID socket connect failed (/run/user/1000/hidra.kbd). Waiting for QEMU to listen... (set HID_SOCK or run scripts/run_qemu.sh)
[hidra] HID socket connect failed (/run/user/1000/hidra.kbd). Waiting for QEMU to listen... (set HID_SOCK or run scripts/run_qemu.sh)
[msquic] stream: RECEIVE bytes=52 buffers=1 pending=0
[hidra] HID socket connect failed (/run/user/1000/hidra.kbd). Waiting for QEMU to listen... (set HID_SOCK or run scripts/run_qemu.sh)
[msquic] stream: RECEIVE bytes=52 buffers=1 pending=0
[lat] dt_ms=72.9831 cmd=up key=a
[hidra] HID socket connect failed (/run/user/1000/hidra.kbd). Waiting for QEMU to listen... (set HID_SOCK or run scripts/run_qemu.sh)
[lat] dt_ms=63.4792 cmd=down key=p
[hidra] HID socket connect failed (/run/user/1000/hidra.kbd). Waiting for QEMU to listen... (set HID_SOCK or run scripts/run_qemu.sh)
[hidra] HID socket connect failed (/run/user/1000/hidra.kbd). Waiting for QEMU to listen... (set HID_SOCK or run scripts/run_qemu.sh)
[msquic] stream: RECEIVE bytes=52 buffers=1 pending=0
[hidra] HID socket connect failed (/run/user/1000/hidra.kbd). Waiting for QEMU to listen... (set HID_SOCK or run scripts/run_qemu.sh)
[msquic] stream: RECEIVE bytes=52 buffers=1 pending=0
[hidra] HID socket connect failed (/run/user/1000/hidra.kbd). Waiting for QEMU to listen... (set HID_SOCK or run scripts/run_qemu.sh)
[msquic] stream: RECEIVE bytes=52 buffers=1 pending=0
[lat] dt_ms=50.4519 cmd=up key=t
[hidra] HID socket connect failed (/run/user/1000/hidra.kbd). Waiting for QEMU to listen... (set HID_SOCK or run scripts/run_qemu.sh)
[heal] key=19 heal_ms=71.086
[hidra] HID socket connect failed (/run/user/1000/hidra.kbd). Waiting for QEMU to listen... (set HID_SOCK or run scripts/run_qemu.sh)
[msquic] stream: RECEIVE bytes=52 buffers=1 pending=0
[lat] dt_ms=40.9166 cmd=down key=ENTER
[hidra] HID socket connect failed (/run/user/1000/hidra.kbd). Waiting for QEMU to listen... (set HID_SOCK or run scripts/run_qemu.sh)
[lat] dt_ms=77.2805 cmd=up key=p
[hidra] HID socket connect failed (/run/user/1000/hidra.kbd). Waiting for QEMU to listen... (set HID_SOCK or run scripts/run_qemu.sh)
[heal] key=40 heal_ms=52.3156
[hidra] HID socket connect failed (/run/user/1000/hidra.kbd). Waiting for QEMU to listen... (set HID_SOCK or run scripts/run_qemu.sh)
[msquic] stream: RECEIVE bytes=52 buffers=1 pending=0
[hidra] HID socket connect failed (/run/user/1000/hidra.kbd). Waiting for QEMU to listen... (set HID_SOCK or run scripts/run_qemu.sh)
[msquic] stream: RECEIVE bytes=52 buffers=1 pending=0
[heal] key=23 heal_ms=76.7801
[hidra] HID socket connect failed (/run/user/1000/hidra.kbd). Waiting for QEMU to listen... (set HID_SOCK or run scripts/run_qemu.sh)
[msquic] stream: RECEIVE bytes=52 buffers=1 pending=0
[lat] dt_ms=65.1286 cmd=up key=ENTER
[hidra] HID socket connect failed (/run/user/1000/hidra.kbd). Waiting for QEMU to listen... (set HID_SOCK or run scripts/run_qemu.sh)
[hidra] HID socket connect failed (/run/user/1000/hidra.kbd). Waiting for QEMU to listen... (set HID_SOCK or run scripts/run_qemu.sh)
[heal] key=4 heal_ms=50.802
[hidra] HID socket connect failed (/run/user/1000/hidra.kbd). Waiting for QEMU to listen... (set HID_SOCK or run scripts/run_qemu.sh)
[msquic] stream: RECEIVE bytes=104 buffers=1 pending=0
[hidra] HID socket connect failed (/run/user/1000/hidra.kbd). Waiting for QEMU to listen... (set HID_SOCK or run scripts/run_qemu.sh)
[msquic] stream: RECEIVE bytes=52 buffers=1 pending=0
[hidra] HID socket connect failed (/run/user/1000/hidra.kbd). Waiting for QEMU to listen... (set HID_SOCK or run scripts/run_qemu.sh)
[hidra] HID socket connect failed (/run/user/1000/hidra.kbd). Waiting for QEMU to listen... (set HID_SOCK or run scripts/run_qemu.sh)
[msquic] stream: RECEIVE bytes=104 buffers=1 pending=0
[lat] dt_ms=52.6257 cmd=down key=p
[hidra] HID socket connect failed (/run/user/1000/hidra.kbd). Waiting for QEMU to listen... (set HID_SOCK or run scripts/run_qemu.sh)
[lat] dt_ms=71.6776 cmd=up key=a
[hidra] HID socket connect failed (/run/user/1000/hidra.kbd). Waiting for QEMU to listen... (set HID_SOCK or run scripts/run_qemu.sh)
[lat] dt_ms=52.583 cmd=up key=p
[hidra] HID socket connect failed (/run/user/1000/hidra.kbd). Waiting for QEMU to listen... (set HID_SOCK or run scripts/run_qemu.sh)
[lat] dt_ms=43.1981 cmd=down key=t
[hidra] HID socket connect failed (/run/user/1000/hidra.kbd). Waiting for QEMU to listen... (set HID_SOCK or run scripts/run_qemu.sh)
[hidra] HID socket connect failed (/run/user/1000/hidra.kbd). Waiting for QEMU to listen... (set HID_SOCK or run scripts/run_qemu.sh)
[msquic] stream: RECEIVE bytes=52 buffers=1 pending=0
[hidra] HID socket connect failed (/run/user/1000/hidra.kbd). Waiting for QEMU to listen... (set HID_SOCK or run scripts/run_qemu.sh)
[msquic] stream: RECEIVE bytes=52 buffers=1 pending=0
[hidra] HID socket connect failed (/run/user/1000/hidra.kbd). Waiting for QEMU to listen... (set HID_SOCK or run scripts/run_qemu.sh)
[msquic] stream: RECEIVE bytes=52 buffers=1 pending=0
[lat] dt_ms=46.5762 cmd=down key=ENTER
[hidra] HID socket connect failed (/run/user/1000/hidra.kbd). Waiting for QEMU to listen... (set HID_SOCK or run scripts/run_qemu.sh)
[lat] dt_ms=63.1636 cmd=up key=t
[hidra] HID socket connect failed (/run/user/1000/hidra.kbd). Waiting for QEMU to listen... (set HID_SOCK or run scripts/run_qemu.sh)
[hidra] HID socket connect failed (/run/user/1000/hidra.kbd). Waiting for QEMU to listen... (set HID_SOCK or run scripts/run_qemu.sh)
[msquic] stream: RECEIVE bytes=52 buffers=2 pending=0
[lat] dt_ms=60.8843 cmd=up key=ENTER
[hidra] HID socket connect failed (/run/user/1000/hidra.kbd). Waiting for QEMU to listen... (set HID_SOCK or run scripts/run_qemu.sh)
[hidra] HID socket connect failed (/run/user/1000/hidra.kbd). Waiting for QEMU to listen... (set HID_SOCK or run scripts/run_qemu.sh)
[msquic] stream: RECEIVE bytes=52 buffers=1 pending=0
[hidra] HID socket connect failed (/run/user/1000/hidra.kbd). Waiting for QEMU to listen... (set HID_SOCK or run scripts/run_qemu.sh)
[msquic] stream: RECEIVE bytes=52 buffers=1 pending=0
[lat] dt_ms=61.6213 cmd=down key=a
[hidra] HID socket connect failed (/run/user/1000/hidra.kbd). Waiting for QEMU to listen... (set HID_SOCK or run scripts/run_qemu.sh)
[hidra] HID socket connect failed (/run/user/1000/hidra.kbd). Waiting for QEMU to listen... (set HID_SOCK or run scripts/run_qemu.sh)
[msquic] stream: RECEIVE bytes=52 buffers=1 pending=0
[lat] dt_ms=52.7599 cmd=up key=a
[hidra] HID socket connect failed (/run/user/1000/hidra.kbd). Waiting for QEMU to listen... (set HID_SOCK or run scripts/run_qemu.sh)
[lat] dt_ms=42.3628 cmd=down key=p
[hidra] HID socket connect failed (/run/user/1000/hidra.kbd). Waiting for QEMU to listen... (set HID_SOCK or run scripts/run_qemu.sh)
[hidra] HID socket connect failed (/run/user/1000/hidra.kbd). Waiting for QEMU to listen... (set HID_SOCK or run scripts/run_qemu.sh)
[msquic] stream: RECEIVE bytes=52 buffers=1 pending=0
[lat] dt_ms=46.6733 cmd=up key=p
[hidra] HID socket connect failed (/run/user/1000/hidra.kbd). Waiting for QEMU to listen... (set HID_SOCK or run scripts/run_qemu.sh)
[hidra] HID socket connect failed (/run/user/1000/hidra.kbd). Waiting for QEMU to listen... (set HID_SOCK or run scripts/run_qemu.sh)
[msquic] stream: RECEIVE bytes=52 buffers=1 pending=0
[lat] dt_ms=61.6829 cmd=down key=t
[hidra] HID socket connect failed (/run/user/1000/hidra.kbd). Waiting for QEMU to listen... (set HID_SOCK or run scripts/run_qemu.sh)
[heal] key=23 heal_ms=51.3977
[hidra] HID socket connect failed (/run/user/1000/hidra.kbd). Waiting for QEMU to listen... (set HID_SOCK or run scripts/run_qemu.sh)
[msquic] stream: RECEIVE bytes=52 buffers=1 pending=0
[hidra] HID socket connect failed (/run/user/1000/hidra.kbd). Waiting for QEMU to listen... (set HID_SOCK or run scripts/run_qemu.sh)
[msquic] stream: RECEIVE bytes=52 buffers=1 pending=0
[hidra] HID socket connect failed (/run/user/1000/hidra.kbd). Waiting for QEMU to listen... (set HID_SOCK or run scripts/run_qemu.sh)
[msquic] stream: RECEIVE bytes=52 buffers=1 pending=0
[hidra] HID socket connect failed (/run/user/1000/hidra.kbd). Waiting for QEMU to listen... (set HID_SOCK or run scripts/run_qemu.sh)
[msquic] stream: RECEIVE bytes=52 buffers=1 pending=0
[lat] dt_ms=68.4881 cmd=up key=t
[hidra] HID socket connect failed (/run/user/1000/hidra.kbd). Waiting for QEMU to listen... (set HID_SOCK or run scripts/run_qemu.sh)
[lat] dt_ms=51.1011 cmd=up key=ENTER
[hidra] HID socket connect failed (/run/user/1000/hidra.kbd). Waiting for QEMU to listen... (set HID_SOCK or run scripts/run_qemu.sh)
[lat] dt_ms=41.9715 cmd=down key=a
[hidra] HID socket connect failed (/run/user/1000/hidra.kbd). Waiting for QEMU to listen... (set HID_SOCK or run scripts/run_qemu.sh)
[hidra] HID socket connect failed (/run/user/1000/hidra.kbd). Waiting for QEMU to listen... (set HID_SOCK or run scripts/run_qemu.sh)
[msquic] stream: RECEIVE bytes=52 buffers=1 pending=0
[hidra] HID socket connect failed (/run/user/1000/hidra.kbd). Waiting for QEMU to listen... (set HID_SOCK or run scripts/run_qemu.sh)
[msquic] stream: RECEIVE bytes=52 buffers=1 pending=0
[lat] dt_ms=76.5991 cmd=down key=ENTER
[hidra] HID socket connect failed (/run/user/1000/hidra.kbd). Waiting for QEMU to listen... (set HID_SOCK or run scripts/run_qemu.sh)
[hidra] HID socket connect failed (/run/user/1000/hidra.kbd). Waiting for QEMU to listen... (set HID_SOCK or run scripts/run_qemu.sh)
[msquic] stream: RECEIVE bytes=52 buffers=1 pending=0
[lat] dt_ms=60.2265 cmd=up key=a
[hidra] HID socket connect failed (/run/user/1000/hidra.kbd). Waiting for QEMU to listen... (set HID_SOCK or run scripts/run_qemu.sh)
[hidra] send() failed; will retry connect
[msquic] stream: RECEIVE bytes=52 buffers=1 pending=0
[lat] dt_ms=42.0788 cmd=up key=p
[hidra] HID socket connect failed (/run/user/1000/hidra.kbd). Waiting for QEMU to listen... (set HID_SOCK or run scripts/run_qemu.sh)
[lat] dt_ms=54.8721 cmd=down key=p
[hidra] HID socket connect failed (/run/user/1000/hidra.kbd). Waiting for QEMU to listen... (set HID_SOCK or run scripts/run_qemu.sh)
[hidra] HID socket connect failed (/run/user/1000/hidra.kbd). Waiting for QEMU to listen... (set HID_SOCK or run scripts/run_qemu.sh)
[msquic] stream: RECEIVE bytes=52 buffers=1 pending=0
[heal] key=19 heal_ms=64.1661
[hidra] HID socket connect failed (/run/user/1000/hidra.kbd). Waiting for QEMU to listen... (set HID_SOCK or run scripts/run_qemu.sh)
[msquic] stream: RECEIVE bytes=52 buffers=1 pending=0
[lat] dt_ms=56.8256 cmd=down key=t
[hidra] HID socket connect failed (/run/user/1000/hidra.kbd). Waiting for QEMU to listen... (set HID_SOCK or run scripts/run_qemu.sh)
[hidra] HID socket connect failed (/run/user/1000/hidra.kbd). Waiting for QEMU to listen... (set HID_SOCK or run scripts/run_qemu.sh)
[msquic] stream: RECEIVE bytes=52 buffers=1 pending=0
[lat] dt_ms=47.9414 cmd=down key=ENTER
[hidra] HID socket connect failed (/run/user/1000/hidra.kbd). Waiting for QEMU to listen... (set HID_SOCK or run scripts/run_qemu.sh)
[lat] dt_ms=62.7203 cmd=up key=t
[hidra] HID socket connect failed (/run/user/1000/hidra.kbd). Waiting for QEMU to listen... (set HID_SOCK or run scripts/run_qemu.sh)
[heal] key=40 heal_ms=53.1054
[hidra] HID socket connect failed (/run/user/1000/hidra.kbd). Waiting for QEMU to listen... (set HID_SOCK or run scripts/run_qemu.sh)
[msquic] stream: RECEIVE bytes=52 buffers=1 pending=0
[hidra] HID socket connect failed (/run/user/1000/hidra.kbd). Waiting for QEMU to listen... (set HID_SOCK or run scripts/run_qemu.sh)
[msquic] stream: RECEIVE bytes=52 buffers=1 pending=0
[hidra] HID socket connect failed (/run/user/1000/hidra.kbd). Waiting for QEMU to listen... (set HID_SOCK or run scripts/run_qemu.sh)
[msquic] stream: RECEIVE bytes=52 buffers=1 pending=0
[lat] dt_ms=61.5736 cmd=down key=a
[hidra] HID socket connect failed (/run/user/1000/hidra.kbd). Waiting for QEMU to listen... (set HID_SOCK or run scripts/run_qemu.sh)
[hidra] HID socket connect failed (/run/user/1000/hidra.kbd). Waiting for QEMU to listen... (set HID_SOCK or run scripts/run_qemu.sh)
[msquic] stream: RECEIVE bytes=52 buffers=1 pending=0
[lat] dt_ms=80.4651 cmd=up key=ENTER
[hidra] HID socket connect failed (/run/user/1000/hidra.kbd). Waiting for QEMU to listen... (set HID_SOCK or run scripts/run_qemu.sh)
[lat] dt_ms=51.3458 cmd=down key=p
[hidra] HID socket connect failed (/run/user/1000/hidra.kbd). Waiting for QEMU to listen... (set HID_SOCK or run scripts/run_qemu.sh)
[heal] key=4 heal_ms=151.267
[hidra] HID socket connect failed (/run/user/1000/hidra.kbd). Waiting for QEMU to listen... (set HID_SOCK or run scripts/run_qemu.sh)
[msquic] stream: RECEIVE bytes=52 buffers=1 pending=0
[hidra] HID socket connect failed (/run/user/1000/hidra.kbd). Waiting for QEMU to listen... (set HID_SOCK or run scripts/run_qemu.sh)
[msquic] stream: RECEIVE bytes=52 buffers=1 pending=0
[lat] dt_ms=71.3257 cmd=up key=a
[hidra] HID socket connect failed (/run/user/1000/hidra.kbd). Waiting for QEMU to listen... (set HID_SOCK or run scripts/run_qemu.sh)
[hidra] HID socket connect failed (/run/user/1000/hidra.kbd). Waiting for QEMU to listen... (set HID_SOCK or run scripts/run_qemu.sh)
[msquic] stream: RECEIVE bytes=52 buffers=1 pending=0
[lat] dt_ms=45.5789 cmd=down key=t
[hidra] HID socket connect failed (/run/user/1000/hidra.kbd). Waiting for QEMU to listen... (set HID_SOCK or run scripts/run_qemu.sh)
[heal] key=23 heal_ms=47.3962
[heal] key=19 heal_ms=68.1859
[hidra] HID socket connect failed (/run/user/1000/hidra.kbd). Waiting for QEMU to listen... (set HID_SOCK or run scripts/run_qemu.sh)
[msquic] stream: RECEIVE bytes=52 buffers=1 pending=0
[hidra] HID socket connect failed (/run/user/1000/hidra.kbd). Waiting for QEMU to listen... (set HID_SOCK or run scripts/run_qemu.sh)
[msquic] stream: RECEIVE bytes=52 buffers=1 pending=0
[lat] dt_ms=71.6443 cmd=up key=p
[hidra] HID socket connect failed (/run/user/1000/hidra.kbd). Waiting for QEMU to listen... (set HID_SOCK or run scripts/run_qemu.sh)
[lat] dt_ms=41.5766 cmd=down key=ENTER
[hidra] HID socket connect failed (/run/user/1000/hidra.kbd). Waiting for QEMU to listen... (set HID_SOCK or run scripts/run_qemu.sh)
[lat] dt_ms=56.113 cmd=up key=t
[hidra] HID socket connect failed (/run/user/1000/hidra.kbd). Waiting for QEMU to listen... (set HID_SOCK or run scripts/run_qemu.sh)
[heal] key=40 heal_ms=45.492
[hidra] HID socket connect failed (/run/user/1000/hidra.kbd). Waiting for QEMU to listen... (set HID_SOCK or run scripts/run_qemu.sh)
[msquic] stream: RECEIVE bytes=52 buffers=1 pending=0
[lat] dt_ms=45.2518 cmd=down key=a
[hidra] HID socket connect failed (/run/user/1000/hidra.kbd). Waiting for QEMU to listen... (set HID_SOCK or run scripts/run_qemu.sh)
[heal] key=4 heal_ms=121.891
[hidra] HID socket connect failed (/run/user/1000/hidra.kbd). Waiting for QEMU to listen... (set HID_SOCK or run scripts/run_qemu.sh)
[msquic] stream: RECEIVE bytes=52 buffers=1 pending=0
[hidra] HID socket connect failed (/run/user/1000/hidra.kbd). Waiting for QEMU to listen... (set HID_SOCK or run scripts/run_qemu.sh)
[msquic] stream: RECEIVE bytes=52 buffers=1 pending=0
[hidra] HID socket connect failed (/run/user/1000/hidra.kbd). Waiting for QEMU to listen... (set HID_SOCK or run scripts/run_qemu.sh)
[msquic] stream: RECEIVE bytes=52 buffers=1 pending=0
[lat] dt_ms=63.6522 cmd=up key=ENTER
[hidra] HID socket connect failed (/run/user/1000/hidra.kbd). Waiting for QEMU to listen... (set HID_SOCK or run scripts/run_qemu.sh)
[hidra] HID socket connect failed (/run/user/1000/hidra.kbd). Waiting for QEMU to listen... (set HID_SOCK or run scripts/run_qemu.sh)
[msquic] stream: RECEIVE bytes=52 buffers=1 pending=0
[lat] dt_ms=44.8985 cmd=up key=a
[hidra] HID socket connect failed (/run/user/1000/hidra.kbd). Waiting for QEMU to listen... (set HID_SOCK or run scripts/run_qemu.sh)
[lat] dt_ms=46.2645 cmd=down key=p
[hidra] HID socket connect failed (/run/user/1000/hidra.kbd). Waiting for QEMU to listen... (set HID_SOCK or run scripts/run_qemu.sh)
[hidra] HID socket connect failed (/run/user/1000/hidra.kbd). Waiting for QEMU to listen... (set HID_SOCK or run scripts/run_qemu.sh)
[msquic] stream: RECEIVE bytes=52 buffers=1 pending=0
[lat] dt_ms=53.5766 cmd=up key=p
[hidra] HID socket connect failed (/run/user/1000/hidra.kbd). Waiting for QEMU to listen... (set HID_SOCK or run scripts/run_qemu.sh)
[lat] dt_ms=46.093 cmd=down key=t
[hidra] HID socket connect failed (/run/user/1000/hidra.kbd). Waiting for QEMU to listen... (set HID_SOCK or run scripts/run_qemu.sh)
[hidra] HID socket connect failed (/run/user/1000/hidra.kbd). Waiting for QEMU to listen... (set HID_SOCK or run scripts/run_qemu.sh)
[msquic] stream: RECEIVE bytes=52 buffers=1 pending=0
[hidra] HID socket connect failed (/run/user/1000/hidra.kbd). Waiting for QEMU to listen... (set HID_SOCK or run scripts/run_qemu.sh)
[msquic] stream: RECEIVE bytes=52 buffers=1 pending=0
[hidra] HID socket connect failed (/run/user/1000/hidra.kbd). Waiting for QEMU to listen... (set HID_SOCK or run scripts/run_qemu.sh)
[msquic] stream: RECEIVE bytes=52 buffers=1 pending=0
[hidra] HID socket connect failed (/run/user/1000/hidra.kbd). Waiting for QEMU to listen... (set HID_SOCK or run scripts/run_qemu.sh)
[msquic] stream: RECEIVE bytes=52 buffers=1 pending=0
[lat] dt_ms=72.937 cmd=up key=t
[hidra] HID socket connect failed (/run/user/1000/hidra.kbd). Waiting for QEMU to listen... (set HID_SOCK or run scripts/run_qemu.sh)
[hidra] HID socket connect failed (/run/user/1000/hidra.kbd). Waiting for QEMU to listen... (set HID_SOCK or run scripts/run_qemu.sh)
[msquic] stream: RECEIVE bytes=52 buffers=1 pending=0
[hidra] HID socket connect failed (/run/user/1000/hidra.kbd). Waiting for QEMU to listen... (set HID_SOCK or run scripts/run_qemu.sh)
[msquic] stream: RECEIVE bytes=52 buffers=1 pending=0
[lat] dt_ms=54.9786 cmd=down key=a
[hidra] HID socket connect failed (/run/user/1000/hidra.kbd). Waiting for QEMU to listen... (set HID_SOCK or run scripts/run_qemu.sh)
[lat] dt_ms=77.5771 cmd=down key=ENTER
[hidra] HID socket connect failed (/run/user/1000/hidra.kbd). Waiting for QEMU to listen... (set HID_SOCK or run scripts/run_qemu.sh)
[lat] dt_ms=41.9576 cmd=down key=p
[hidra] HID socket connect failed (/run/user/1000/hidra.kbd). Waiting for QEMU to listen... (set HID_SOCK or run scripts/run_qemu.sh)
[lat] dt_ms=53.6172 cmd=up key=a
[hidra] HID socket connect failed (/run/user/1000/hidra.kbd). Waiting for QEMU to listen... (set HID_SOCK or run scripts/run_qemu.sh)
[lat] dt_ms=79.6688 cmd=up key=ENTER
[hidra] HID socket connect failed (/run/user/1000/hidra.kbd). Waiting for QEMU to listen... (set HID_SOCK or run scripts/run_qemu.sh)
[heal] key=19 heal_ms=123.1
[hidra] HID socket connect failed (/run/user/1000/hidra.kbd). Waiting for QEMU to listen... (set HID_SOCK or run scripts/run_qemu.sh)
[msquic] stream: RECEIVE bytes=52 buffers=1 pending=0
[hidra] HID socket connect failed (/run/user/1000/hidra.kbd). Waiting for QEMU to listen... (set HID_SOCK or run scripts/run_qemu.sh)
[msquic] stream: RECEIVE bytes=52 buffers=1 pending=0
[hidra] HID socket connect failed (/run/user/1000/hidra.kbd). Waiting for QEMU to listen... (set HID_SOCK or run scripts/run_qemu.sh)
[msquic] stream: RECEIVE bytes=52 buffers=1 pending=0
[hidra] HID socket connect failed (/run/user/1000/hidra.kbd). Waiting for QEMU to listen... (set HID_SOCK or run scripts/run_qemu.sh)
[msquic] stream: RECEIVE bytes=52 buffers=1 pending=0
[hidra] HID socket connect failed (/run/user/1000/hidra.kbd). Waiting for QEMU to listen... (set HID_SOCK or run scripts/run_qemu.sh)
[msquic] stream: RECEIVE bytes=52 buffers=1 pending=0
[lat] dt_ms=42.3182 cmd=up key=t
[hidra] HID socket connect failed (/run/user/1000/hidra.kbd). Waiting for QEMU to listen... (set HID_SOCK or run scripts/run_qemu.sh)
[hidra] HID socket connect failed (/run/user/1000/hidra.kbd). Waiting for QEMU to listen... (set HID_SOCK or run scripts/run_qemu.sh)
[msquic] stream: RECEIVE bytes=52 buffers=1 pending=0
[lat] dt_ms=70.8717 cmd=up key=p
[hidra] HID socket connect failed (/run/user/1000/hidra.kbd). Waiting for QEMU to listen... (set HID_SOCK or run scripts/run_qemu.sh)
[lat] dt_ms=79.1273 cmd=down key=t
[hidra] HID socket connect failed (/run/user/1000/hidra.kbd). Waiting for QEMU to listen... (set HID_SOCK or run scripts/run_qemu.sh)
[heal] key=23 heal_ms=68.3264
[hidra] HID socket connect failed (/run/user/1000/hidra.kbd). Waiting for QEMU to listen... (set HID_SOCK or run scripts/run_qemu.sh)
[msquic] stream: RECEIVE bytes=52 buffers=1 pending=0
[hidra] snapshot v1 mods=0x0 pressed=0
[hidra] HID socket connect failed (/run/user/1000/hidra.kbd). Waiting for QEMU to listen... (set HID_SOCK or run scripts/run_qemu.sh)
[hidra] HID socket connect failed (/run/user/1000/hidra.kbd). Waiting for QEMU to listen... (set HID_SOCK or run scripts/run_qemu.sh)
[msquic] stream: RECEIVE bytes=104 buffers=1 pending=0
[hidra] HID socket connect failed (/run/user/1000/hidra.kbd). Waiting for QEMU to listen... (set HID_SOCK or run scripts/run_qemu.sh)
[msquic] stream: RECEIVE bytes=52 buffers=1 pending=0
[lat] dt_ms=66.1652 cmd=up key=ENTER
[hidra] HID socket connect failed (/run/user/1000/hidra.kbd). Waiting for QEMU to listen... (set HID_SOCK or run scripts/run_qemu.sh)
[lat] dt_ms=80.0882 cmd=down key=ENTER
[hidra] HID socket connect failed (/run/user/1000/hidra.kbd). Waiting for QEMU to listen... (set HID_SOCK or run scripts/run_qemu.sh)
[lat] dt_ms=64.9398 cmd=down key=a
[hidra] HID socket connect failed (/run/user/1000/hidra.kbd). Waiting for QEMU to listen... (set HID_SOCK or run scripts/run_qemu.sh)
[hidra] HID socket connect failed (/run/user/1000/hidra.kbd). Waiting for QEMU to listen... (set HID_SOCK or run scripts/run_qemu.sh)
[msquic] stream: RECEIVE bytes=52 buffers=1 pending=0
[lat] dt_ms=65.6832 cmd=up key=a
[hidra] HID socket connect failed (/run/user/1000/hidra.kbd). Waiting for QEMU to listen... (set HID_SOCK or run scripts/run_qemu.sh)
[lat] dt_ms=57.2448 cmd=down key=p
[hidra] HID socket connect failed (/run/user/1000/hidra.kbd). Waiting for QEMU to listen... (set HID_SOCK or run scripts/run_qemu.sh)
[heal] key=19 heal_ms=59.4244
[hidra] HID socket connect failed (/run/user/1000/hidra.kbd). Waiting for QEMU to listen... (set HID_SOCK or run scripts/run_qemu.sh)
[msquic] stream: RECEIVE bytes=52 buffers=1 pending=0
[hidra] HID socket connect failed (/run/user/1000/hidra.kbd). Waiting for QEMU to listen... (set HID_SOCK or run scripts/run_qemu.sh)
[msquic] stream: RECEIVE bytes=52 buffers=1 pending=0
[hidra] HID socket connect failed (/run/user/1000/hidra.kbd). Waiting for QEMU to listen... (set HID_SOCK or run scripts/run_qemu.sh)
[msquic] stream: RECEIVE bytes=52 buffers=1 pending=0
[hidra] HID socket connect failed (/run/user/1000/hidra.kbd). Waiting for QEMU to listen... (set HID_SOCK or run scripts/run_qemu.sh)
[msquic] stream: RECEIVE bytes=52 buffers=1 pending=0
[lat] dt_ms=73.6222 cmd=up key=p
[hidra] HID socket connect failed (/run/user/1000/hidra.kbd). Waiting for QEMU to listen... (set HID_SOCK or run scripts/run_qemu.sh)
[hidra] HID socket connect failed (/run/user/1000/hidra.kbd). Waiting for QEMU to listen... (set HID_SOCK or run scripts/run_qemu.sh)
[msquic] stream: RECEIVE bytes=52 buffers=1 pending=0
[lat] dt_ms=69.5184 cmd=down key=t
[hidra] HID socket connect failed (/run/user/1000/hidra.kbd). Waiting for QEMU to listen... (set HID_SOCK or run scripts/run_qemu.sh)
[lat] dt_ms=49.6355 cmd=down key=ENTER
[hidra] HID socket connect failed (/run/user/1000/hidra.kbd). Waiting for QEMU to listen... (set HID_SOCK or run scripts/run_qemu.sh)
[heal] key=23 heal_ms=69.4384
[hidra] HID socket connect failed (/run/user/1000/hidra.kbd). Waiting for QEMU to listen... (set HID_SOCK or run scripts/run_qemu.sh)
[msquic] stream: RECEIVE bytes=52 buffers=1 pending=0
[lat] dt_ms=75.5761 cmd=up key=t
[hidra] HID socket connect failed (/run/user/1000/hidra.kbd). Waiting for QEMU to listen... (set HID_SOCK or run scripts/run_qemu.sh)
[heal] key=40 heal_ms=63.1398
[hidra] HID socket connect failed (/run/user/1000/hidra.kbd). Waiting for QEMU to listen... (set HID_SOCK or run scripts/run_qemu.sh)
[hidra] HID socket connect failed (/run/user/1000/hidra.kbd). Waiting for QEMU to listen... (set HID_SOCK or run scripts/run_qemu.sh)
[msquic] stream: RECEIVE bytes=104 buffers=1 pending=0
[lat] dt_ms=44.4944 cmd=up key=a
[hidra] HID socket connect failed (/run/user/1000/hidra.kbd). Waiting for QEMU to listen... (set HID_SOCK or run scripts/run_qemu.sh)
[hidra] HID socket connect failed (/run/user/1000/hidra.kbd). Waiting for QEMU to listen... (set HID_SOCK or run scripts/run_qemu.sh)
[msquic] stream: RECEIVE bytes=52 buffers=1 pending=0
[lat] dt_ms=66.608 cmd=up key=ENTER
[hidra] HID socket connect failed (/run/user/1000/hidra.kbd). Waiting for QEMU to listen... (set HID_SOCK or run scripts/run_qemu.sh)
[hidra] HID socket connect failed (/run/user/1000/hidra.kbd). Waiting for QEMU to listen... (set HID_SOCK or run scripts/run_qemu.sh)
[msquic] stream: RECEIVE bytes=52 buffers=1 pending=0
[lat] dt_ms=52.4649 cmd=down key=p
[hidra] HID socket connect failed (/run/user/1000/hidra.kbd). Waiting for QEMU to listen... (set HID_SOCK or run scripts/run_qemu.sh)
[lat] dt_ms=73.9642 cmd=down key=a
[hidra] HID socket connect failed (/run/user/1000/hidra.kbd). Waiting for QEMU to listen... (set HID_SOCK or run scripts/run_qemu.sh)
[hidra] HID socket connect failed (/run/user/1000/hidra.kbd). Waiting for QEMU to listen... (set HID_SOCK or run scripts/run_qemu.sh)
[msquic] stream: RECEIVE bytes=52 buffers=1 pending=0
[lat] dt_ms=57.369 cmd=up key=p
[hidra] HID socket connect failed (/run/user/1000/hidra.kbd). Waiting for QEMU to listen... (set HID_SOCK or run scripts/run_qemu.sh)
[lat] dt_ms=51.0517 cmd=down key=t
[hidra] HID socket connect failed (/run/user/1000/hidra.kbd). Waiting for QEMU to listen... (set HID_SOCK or run scripts/run_qemu.sh)
[heal] key=23 heal_ms=45.1234
[hidra] HID socket connect failed (/run/user/1000/hidra.kbd). Waiting for QEMU to listen... (set HID_SOCK or run scripts/run_qemu.sh)
[msquic] stream: RECEIVE bytes=52 buffers=1 pending=0
[heal] key=19 heal_ms=69.2619
[hidra] HID socket connect failed (/run/user/1000/hidra.kbd). Waiting for QEMU to listen... (set HID_SOCK or run scripts/run_qemu.sh)
[msquic] stream: RECEIVE bytes=52 buffers=1 pending=0
[lat] dt_ms=43.7647 cmd=down key=ENTER
[hidra] HID socket connect failed (/run/user/1000/hidra.kbd). Waiting for QEMU to listen... (set HID_SOCK or run scripts/run_qemu.sh)
[lat] dt_ms=62.8084 cmd=up key=t
[hidra] HID socket connect failed (/run/user/1000/hidra.kbd). Waiting for QEMU to listen... (set HID_SOCK or run scripts/run_qemu.sh)
[hidra] HID socket connect failed (/run/user/1000/hidra.kbd). Waiting for QEMU to listen... (set HID_SOCK or run scripts/run_qemu.sh)
[msquic] stream: RECEIVE bytes=52 buffers=1 pending=0
[hidra] HID socket connect failed (/run/user/1000/hidra.kbd). Waiting for QEMU to listen... (set HID_SOCK or run scripts/run_qemu.sh)
[msquic] stream: RECEIVE bytes=52 buffers=1 pending=0
[lat] dt_ms=58.3154 cmd=up key=ENTER
[hidra] HID socket connect failed (/run/user/1000/hidra.kbd). Waiting for QEMU to listen... (set HID_SOCK or run scripts/run_qemu.sh)
[lat] dt_ms=54.3881 cmd=down key=a
[hidra] HID socket connect failed (/run/user/1000/hidra.kbd). Waiting for QEMU to listen... (set HID_SOCK or run scripts/run_qemu.sh)
[lat] dt_ms=50.7327 cmd=up key=a
[hidra] HID socket connect failed (/run/user/1000/hidra.kbd). Waiting for QEMU to listen... (set HID_SOCK or run scripts/run_qemu.sh)
[hidra] HID socket connect failed (/run/user/1000/hidra.kbd). Waiting for QEMU to listen... (set HID_SOCK or run scripts/run_qemu.sh)
[msquic] stream: RECEIVE bytes=52 buffers=1 pending=0
[hidra] HID socket connect failed (/run/user/1000/hidra.kbd). Waiting for QEMU to listen... (set HID_SOCK or run scripts/run_qemu.sh)
[msquic] stream: RECEIVE bytes=52 buffers=1 pending=0
[heal] key=40 heal_ms=83.1684
[hidra] HID socket connect failed (/run/user/1000/hidra.kbd). Waiting for QEMU to listen... (set HID_SOCK or run scripts/run_qemu.sh)
[hidra] HID socket connect failed (/run/user/1000/hidra.kbd). Waiting for QEMU to listen... (set HID_SOCK or run scripts/run_qemu.sh)
[msquic] stream: RECEIVE bytes=104 buffers=1 pending=0
[lat] dt_ms=52.7976 cmd=down key=p
[hidra] HID socket connect failed (/run/user/1000/hidra.kbd). Waiting for QEMU to listen... (set HID_SOCK or run scripts/run_qemu.sh)
[hidra] HID socket connect failed (/run/user/1000/hidra.kbd). Waiting for QEMU to listen... (set HID_SOCK or run scripts/run_qemu.sh)
[hidra] HID socket connect failed (/run/user/1000/hidra.kbd). Waiting for QEMU to listen... (set HID_SOCK or run scripts/run_qemu.sh)
[msquic] stream: RECEIVE bytes=104 buffers=1 pending=0
[lat] dt_ms=61.2709 cmd=up key=p
[hidra] HID socket connect failed (/run/user/1000/hidra.kbd). Waiting for QEMU to listen... (set HID_SOCK or run scripts/run_qemu.sh)
[lat] dt_ms=50.7207 cmd=up key=t
[hidra] HID socket connect failed (/run/user/1000/hidra.kbd). Waiting for QEMU to listen... (set HID_SOCK or run scripts/run_qemu.sh)
[lat] dt_ms=42.8787 cmd=down key=ENTER
[hidra] HID socket connect failed (/run/user/1000/hidra.kbd). Waiting for QEMU to listen... (set HID_SOCK or run scripts/run_qemu.sh)
[lat] dt_ms=72.4267 cmd=down key=t
[hidra] HID socket connect failed (/run/user/1000/hidra.kbd). Waiting for QEMU to listen... (set HID_SOCK or run scripts/run_qemu.sh)
[heal] key=23 heal_ms=67.3889
[hidra] HID socket connect failed (/run/user/1000/hidra.kbd). Waiting for QEMU to listen... (set HID_SOCK or run scripts/run_qemu.sh)
[msquic] stream: RECEIVE bytes=52 buffers=1 pending=0
[hidra] HID socket connect failed (/run/user/1000/hidra.kbd). Waiting for QEMU to listen... (set HID_SOCK or run scripts/run_qemu.sh)
[msquic] stream: RECEIVE bytes=52 buffers=1 pending=0
[lat] dt_ms=42.4145 cmd=up key=a
[hidra] HID socket connect failed (/run/user/1000/hidra.kbd). Waiting for QEMU to listen... (set HID_SOCK or run scripts/run_qemu.sh)
[hidra] HID socket connect failed (/run/user/1000/hidra.kbd). Waiting for QEMU to listen... (set HID_SOCK or run scripts/run_qemu.sh)
[msquic] stream: RECEIVE bytes=52 buffers=1 pending=0
[hidra] HID socket connect failed (/run/user/1000/hidra.kbd). Waiting for QEMU to listen... (set HID_SOCK or run scripts/run_qemu.sh)
[msquic] stream: RECEIVE bytes=52 buffers=1 pending=0
[hidra] HID socket connect failed (/run/user/1000/hidra.kbd). Waiting for QEMU to listen... (set HID_SOCK or run scripts/run_qemu.sh)
[msquic] stream: RECEIVE bytes=52 buffers=1 pending=0
[lat] dt_ms=60.2712 cmd=down key=a
[hidra] HID socket connect failed (/run/user/1000/hidra.kbd). Waiting for QEMU to listen... (set HID_SOCK or run scripts/run_qemu.sh)
[lat] dt_ms=72.9999 cmd=up key=ENTER
[hidra] HID socket connect failed (/run/user/1000/hidra.kbd). Waiting for QEMU to listen... (set HID_SOCK or run scripts/run_qemu.sh)
[heal] key=4 heal_ms=60.3266
[hidra] HID socket connect failed (/run/user/1000/hidra.kbd). Waiting for QEMU to listen... (set HID_SOCK or run scripts/run_qemu.sh)
[msquic] stream: RECEIVE bytes=52 buffers=1 pending=0
[lat] dt_ms=45.1049 cmd=up key=p
[hidra] HID socket connect failed (/run/user/1000/hidra.kbd). Waiting for QEMU to listen... (set HID_SOCK or run scripts/run_qemu.sh)
[hidra] HID socket connect failed (/run/user/1000/hidra.kbd). Waiting for QEMU to listen... (set HID_SOCK or run scripts/run_qemu.sh)
[msquic] stream: RECEIVE bytes=52 buffers=1 pending=0
[heal] key=19 heal_ms=55.4725
[hidra] HID socket connect failed (/run/user/1000/hidra.kbd). Waiting for QEMU to listen... (set HID_SOCK or run scripts/run_qemu.sh)
[hidra] HID socket connect failed (/run/user/1000/hidra.kbd). Waiting for QEMU to listen... (set HID_SOCK or run scripts/run_qemu.sh)
[msquic] stream: RECEIVE bytes=104 buffers=2 pending=0
[lat] dt_ms=48.1772 cmd=up key=t
[hidra] HID socket connect failed (/run/user/1000/hidra.kbd). Waiting for QEMU to listen... (set HID_SOCK or run scripts/run_qemu.sh)
[lat] dt_ms=59.435 cmd=down key=t
[hidra] HID socket connect failed (/run/user/1000/hidra.kbd). Waiting for QEMU to listen... (set HID_SOCK or run scripts/run_qemu.sh)
[hidra] HID socket connect failed (/run/user/1000/hidra.kbd). Waiting for QEMU to listen... (set HID_SOCK or run scripts/run_qemu.sh)
[msquic] stream: RECEIVE bytes=52 buffers=1 pending=0
[hidra] HID socket connect failed (/run/user/1000/hidra.kbd). Waiting for QEMU to listen... (set HID_SOCK or run scripts/run_qemu.sh)
[msquic] stream: RECEIVE bytes=52 buffers=1 pending=0
[lat] dt_ms=60.2941 cmd=down key=ENTER
[hidra] HID socket connect failed (/run/user/1000/hidra.kbd). Waiting for QEMU to listen... (set HID_SOCK or run scripts/run_qemu.sh)
[hidra] HID socket connect failed (/run/user/1000/hidra.kbd). Waiting for QEMU to listen... (set HID_SOCK or run scripts/run_qemu.sh)
[msquic] stream: RECEIVE bytes=52 buffers=1 pending=0
[hidra] HID socket connect failed (/run/user/1000/hidra.kbd). Waiting for QEMU to listen... (set HID_SOCK or run scripts/run_qemu.sh)
[msquic] stream: RECEIVE bytes=52 buffers=1 pending=0
[heal] key=40 heal_ms=60.4721
[hidra] HID socket connect failed (/run/user/1000/hidra.kbd). Waiting for QEMU to listen... (set HID_SOCK or run scripts/run_qemu.sh)
[msquic] stream: RECEIVE bytes=52 buffers=1 pending=0
[lat] dt_ms=53.0156 cmd=up key=a
[hidra] HID socket connect failed (/run/user/1000/hidra.kbd). Waiting for QEMU to listen... (set HID_SOCK or run scripts/run_qemu.sh)
[hidra] HID socket connect failed (/run/user/1000/hidra.kbd). Waiting for QEMU to listen... (set HID_SOCK or run scripts/run_qemu.sh)
[msquic] stream: RECEIVE bytes=52 buffers=1 pending=0
[lat] dt_ms=80.3265 cmd=up key=ENTER
[hidra] HID socket connect failed (/run/user/1000/hidra.kbd). Waiting for QEMU to listen... (set HID_SOCK or run scripts/run_qemu.sh)
[lat] dt_ms=71.0687 cmd=down key=a
[hidra] HID socket connect failed (/run/user/1000/hidra.kbd). Waiting for QEMU to listen... (set HID_SOCK or run scripts/run_qemu.sh)
[hidra] HID socket connect failed (/run/user/1000/hidra.kbd). Waiting for QEMU to listen... (set HID_SOCK or run scripts/run_qemu.sh)
[msquic] stream: RECEIVE bytes=52 buffers=1 pending=0
[hidra] HID socket connect failed (/run/user/1000/hidra.kbd). Waiting for QEMU to listen... (set HID_SOCK or run scripts/run_qemu.sh)
[msquic] stream: RECEIVE bytes=52 buffers=1 pending=0
[heal] key=19 heal_ms=52.5933
[hidra] HID socket connect failed (/run/user/1000/hidra.kbd). Waiting for QEMU to listen... (set HID_SOCK or run scripts/run_qemu.sh)
[msquic] stream: RECEIVE bytes=52 buffers=1 pending=0
[hidra] HID socket connect failed (/run/user/1000/hidra.kbd). Waiting for QEMU to listen... (set HID_SOCK or run scripts/run_qemu.sh)
[msquic] stream: RECEIVE bytes=52 buffers=1 pending=0
[lat] dt_ms=66.169 cmd=up key=p
[hidra] HID socket connect failed (/run/user/1000/hidra.kbd). Waiting for QEMU to listen... (set HID_SOCK or run scripts/run_qemu.sh)
[lat] dt_ms=78.5196 cmd=down key=p
[hidra] HID socket connect failed (/run/user/1000/hidra.kbd). Waiting for QEMU to listen... (set HID_SOCK or run scripts/run_qemu.sh)
[lat] dt_ms=52.3806 cmd=up key=t
[hidra] HID socket connect failed (/run/user/1000/hidra.kbd). Waiting for QEMU to listen... (set HID_SOCK or run scripts/run_qemu.sh)
[hidra] HID socket connect failed (/run/user/1000/hidra.kbd). Waiting for QEMU to listen... (set HID_SOCK or run scripts/run_qemu.sh)
[msquic] stream: RECEIVE bytes=52 buffers=1 pending=0
[hidra] HID socket connect failed (/run/user/1000/hidra.kbd). Waiting for QEMU to listen... (set HID_SOCK or run scripts/run_qemu.sh)
[msquic] stream: RECEIVE bytes=52 buffers=1 pending=0
[lat] dt_ms=77.9486 cmd=down key=t
[hidra] HID socket connect failed (/run/user/1000/hidra.kbd). Waiting for QEMU to listen... (set HID_SOCK or run scripts/run_qemu.sh)
[lat] dt_ms=47.0983 cmd=down key=a
[hidra] HID socket connect failed (/run/user/1000/hidra.kbd). Waiting for QEMU to listen... (set HID_SOCK or run scripts/run_qemu.sh)
[lat] dt_ms=60.7946 cmd=up key=ENTER
[hidra] HID socket connect failed (/run/user/1000/hidra.kbd). Waiting for QEMU to listen... (set HID_SOCK or run scripts/run_qemu.sh)
[lat] dt_ms=79.905 cmd=down key=ENTER
[hidra] HID socket connect failed (/run/user/1000/hidra.kbd). Waiting for QEMU to listen... (set HID_SOCK or run scripts/run_qemu.sh)
[heal] key=4 heal_ms=131.91
[heal] key=23 heal_ms=90.1725
[hidra] HID socket connect failed (/run/user/1000/hidra.kbd). Waiting for QEMU to listen... (set HID_SOCK or run scripts/run_qemu.sh)
[msquic] stream: RECEIVE bytes=52 buffers=1 pending=0
[lat] dt_ms=49.1818 cmd=up key=a
[hidra] HID socket connect failed (/run/user/1000/hidra.kbd). Waiting for QEMU to listen... (set HID_SOCK or run scripts/run_qemu.sh)
[hidra] HID socket connect failed (/run/user/1000/hidra.kbd). Waiting for QEMU to listen... (set HID_SOCK or run scripts/run_qemu.sh)
[msquic] stream: RECEIVE bytes=52 buffers=1 pending=0
[hidra] HID socket connect failed (/run/user/1000/hidra.kbd). Waiting for QEMU to listen... (set HID_SOCK or run scripts/run_qemu.sh)
[msquic] stream: RECEIVE bytes=52 buffers=1 pending=0
[hidra] HID socket connect failed (/run/user/1000/hidra.kbd). Waiting for QEMU to listen... (set HID_SOCK or run scripts/run_qemu.sh)
[msquic] stream: RECEIVE bytes=52 buffers=1 pending=0
[lat] dt_ms=58.0874 cmd=down key=p
[hidra] HID socket connect failed (/run/user/1000/hidra.kbd). Waiting for QEMU to listen... (set HID_SOCK or run scripts/run_qemu.sh)
[lat] dt_ms=49.4729 cmd=up key=p
[hidra] HID socket connect failed (/run/user/1000/hidra.kbd). Waiting for QEMU to listen... (set HID_SOCK or run scripts/run_qemu.sh)
[lat] dt_ms=43.3303 cmd=down key=t
[hidra] HID socket connect failed (/run/user/1000/hidra.kbd). Waiting for QEMU to listen... (set HID_SOCK or run scripts/run_qemu.sh)
[hidra] HID socket connect failed (/run/user/1000/hidra.kbd). Waiting for QEMU to listen... (set HID_SOCK or run scripts/run_qemu.sh)
[msquic] stream: RECEIVE bytes=52 buffers=1 pending=0
[hidra] HID socket connect failed (/run/user/1000/hidra.kbd). Waiting for QEMU to listen... (set HID_SOCK or run scripts/run_qemu.sh)
[msquic] stream: RECEIVE bytes=52 buffers=1 pending=0
[lat] dt_ms=49.4581 cmd=up key=t
[hidra] HID socket connect failed (/run/user/1000/hidra.kbd). Waiting for QEMU to listen... (set HID_SOCK or run scripts/run_qemu.sh)
[hidra] HID socket connect failed (/run/user/1000/hidra.kbd). Waiting for QEMU to listen... (set HID_SOCK or run scripts/run_qemu.sh)
[msquic] stream: RECEIVE bytes=52 buffers=1 pending=0
[lat] dt_ms=42.846 cmd=up key=ENTER
[hidra] HID socket connect failed (/run/user/1000/hidra.kbd). Waiting for QEMU to listen... (set HID_SOCK or run scripts/run_qemu.sh)
[lat] dt_ms=56.2698 cmd=down key=ENTER
[hidra] HID socket connect failed (/run/user/1000/hidra.kbd). Waiting for QEMU to listen... (set HID_SOCK or run scripts/run_qemu.sh)
[hidra] HID socket connect failed (/run/user/1000/hidra.kbd). Waiting for QEMU to listen... (set HID_SOCK or run scripts/run_qemu.sh)
[msquic] stream: RECEIVE bytes=52 buffers=1 pending=0
[hidra] HID socket connect failed (/run/user/1000/hidra.kbd). Waiting for QEMU to listen... (set HID_SOCK or run scripts/run_qemu.sh)
[msquic] stream: RECEIVE bytes=52 buffers=1 pending=0
[hidra] HID socket connect failed (/run/user/1000/hidra.kbd). Waiting for QEMU to listen... (set HID_SOCK or run scripts/run_qemu.sh)
[msquic] stream: RECEIVE bytes=52 buffers=1 pending=0
[hidra] HID socket connect failed (/run/user/1000/hidra.kbd). Waiting for QEMU to listen... (set HID_SOCK or run scripts/run_qemu.sh)
[msquic] stream: RECEIVE bytes=52 buffers=1 pending=0
[lat] dt_ms=46.3932 cmd=up key=a
[hidra] HID socket connect failed (/run/user/1000/hidra.kbd). Waiting for QEMU to listen... (set HID_SOCK or run scripts/run_qemu.sh)
[lat] dt_ms=46.9509 cmd=down key=p
[hidra] HID socket connect failed (/run/user/1000/hidra.kbd). Waiting for QEMU to listen... (set HID_SOCK or run scripts/run_qemu.sh)
[lat] dt_ms=69.9009 cmd=down key=a
[hidra] HID socket connect failed (/run/user/1000/hidra.kbd). Waiting for QEMU to listen... (set HID_SOCK or run scripts/run_qemu.sh)
[lat] dt_ms=40.8165 cmd=up key=p
[hidra] HID socket connect failed (/run/user/1000/hidra.kbd). Waiting for QEMU to listen... (set HID_SOCK or run scripts/run_qemu.sh)
[hidra] HID socket connect failed (/run/user/1000/hidra.kbd). Waiting for QEMU to listen... (set HID_SOCK or run scripts/run_qemu.sh)
[msquic] stream: RECEIVE bytes=52 buffers=1 pending=0
[heal] key=4 heal_ms=67.3861
[hidra] HID socket connect failed (/run/user/1000/hidra.kbd). Waiting for QEMU to listen... (set HID_SOCK or run scripts/run_qemu.sh)
[msquic] stream: RECEIVE bytes=52 buffers=1 pending=0
[hidra] HID socket connect failed (/run/user/1000/hidra.kbd). Waiting for QEMU to listen... (set HID_SOCK or run scripts/run_qemu.sh)
[msquic] stream: RECEIVE bytes=52 buffers=1 pending=0
[lat] dt_ms=50.3434 cmd=down key=t
[hidra] HID socket connect failed (/run/user/1000/hidra.kbd). Waiting for QEMU to listen... (set HID_SOCK or run scripts/run_qemu.sh)
[hidra] HID socket connect failed (/run/user/1000/hidra.kbd). Waiting for QEMU to listen... (set HID_SOCK or run scripts/run_qemu.sh)
[msquic] stream: RECEIVE bytes=52 buffers=1 pending=0
[heal] key=23 heal_ms=129.154
[hidra] HID socket connect failed (/run/user/1000/hidra.kbd). Waiting for QEMU to listen... (set HID_SOCK or run scripts/run_qemu.sh)
[msquic] stream: RECEIVE bytes=52 buffers=1 pending=0
[lat] dt_ms=48.4676 cmd=up key=t
[hidra] HID socket connect failed (/run/user/1000/hidra.kbd). Waiting for QEMU to listen... (set HID_SOCK or run scripts/run_qemu.sh)
[heal] key=19 heal_ms=81.0019
[hidra] HID socket connect failed (/run/user/1000/hidra.kbd). Waiting for QEMU to listen... (set HID_SOCK or run scripts/run_qemu.sh)
[msquic] stream: RECEIVE bytes=52 buffers=1 pending=0
[lat] dt_ms=45.2855 cmd=up key=ENTER
[hidra] HID socket connect failed (/run/user/1000/hidra.kbd). Waiting for QEMU to listen... (set HID_SOCK or run scripts/run_qemu.sh)
[hidra] HID socket connect failed (/run/user/1000/hidra.kbd). Waiting for QEMU to listen... (set HID_SOCK or run scripts/run_qemu.sh)
[msquic] stream: RECEIVE bytes=52 buffers=1 pending=0
[lat] dt_ms=42.2748 cmd=down key=a
[hidra] HID socket connect failed (/run/user/1000/hidra.kbd). Waiting for QEMU to listen... (set HID_SOCK or run scripts/run_qemu.sh)
[heal] key=40 heal_ms=61.0516
[hidra] HID socket connect failed (/run/user/1000/hidra.kbd). Waiting for QEMU to listen... (set HID_SOCK or run scripts/run_qemu.sh)
[msquic] stream: RECEIVE bytes=52 buffers=1 pending=0
[lat] dt_ms=74.6492 cmd=down key=ENTER
[hidra] HID socket connect failed (/run/user/1000/hidra.kbd). Waiting for QEMU to listen... (set HID_SOCK or run scripts/run_qemu.sh)
[hidra] HID socket connect failed (/run/user/1000/hidra.kbd). Waiting for QEMU to listen... (set HID_SOCK or run scripts/run_qemu.sh)
[msquic] stream: RECEIVE bytes=52 buffers=1 pending=0
[hidra] HID socket connect failed (/run/user/1000/hidra.kbd). Waiting for QEMU to listen... (set HID_SOCK or run scripts/run_qemu.sh)
[msquic] stream: RECEIVE bytes=52 buffers=1 pending=0
[lat] dt_ms=70.0907 cmd=up key=a
[hidra] HID socket connect failed (/run/user/1000/hidra.kbd). Waiting for QEMU to listen... (set HID_SOCK or run scripts/run_qemu.sh)
[lat] dt_ms=63.531 cmd=up key=p
[hidra] HID socket connect failed (/run/user/1000/hidra.kbd). Waiting for QEMU to listen... (set HID_SOCK or run scripts/run_qemu.sh)
[lat] dt_ms=79.025 cmd=down key=p
[hidra] HID socket connect failed (/run/user/1000/hidra.kbd). Waiting for QEMU to listen... (set HID_SOCK or run scripts/run_qemu.sh)
[hidra] HID socket connect failed (/run/user/1000/hidra.kbd). Waiting for QEMU to listen... (set HID_SOCK or run scripts/run_qemu.sh)
[msquic] stream: RECEIVE bytes=52 buffers=1 pending=0
[hidra] HID socket connect failed (/run/user/1000/hidra.kbd). Waiting for QEMU to listen... (set HID_SOCK or run scripts/run_qemu.sh)
[heal] key=23 heal_ms=48.2386
[hidra] HID socket connect failed (/run/user/1000/hidra.kbd). Waiting for QEMU to listen... (set HID_SOCK or run scripts/run_qemu.sh)
[msquic] stream: RECEIVE bytes=104 buffers=1 pending=0
[hidra] HID socket connect failed (/run/user/1000/hidra.kbd). Waiting for QEMU to listen... (set HID_SOCK or run scripts/run_qemu.sh)
[msquic] stream: RECEIVE bytes=52 buffers=1 pending=0
[hidra] HID socket connect failed (/run/user/1000/hidra.kbd). Waiting for QEMU to listen... (set HID_SOCK or run scripts/run_qemu.sh)
[msquic] stream: RECEIVE bytes=52 buffers=1 pending=0
[lat] dt_ms=52.3917 cmd=down key=ENTER
[hidra] HID socket connect failed (/run/user/1000/hidra.kbd). Waiting for QEMU to listen... (set HID_SOCK or run scripts/run_qemu.sh)
[hidra] HID socket connect failed (/run/user/1000/hidra.kbd). Waiting for QEMU to listen... (set HID_SOCK or run scripts/run_qemu.sh)
[msquic] stream: RECEIVE bytes=52 buffers=1 pending=0
[lat] dt_ms=77.6291 cmd=down key=t
[hidra] HID socket connect failed (/run/user/1000/hidra.kbd). Waiting for QEMU to listen... (set HID_SOCK or run scripts/run_qemu.sh)
[lat] dt_ms=54.8718 cmd=up key=ENTER
[hidra] HID socket connect failed (/run/user/1000/hidra.kbd). Waiting for QEMU to listen... (set HID_SOCK or run scripts/run_qemu.sh)
[hidra] HID socket connect failed (/run/user/1000/hidra.kbd). Waiting for QEMU to listen... (set HID_SOCK or run scripts/run_qemu.sh)
[msquic] stream: RECEIVE bytes=52 buffers=1 pending=0
[lat] dt_ms=79.8544 cmd=up key=t
[hidra] HID socket connect failed (/run/user/1000/hidra.kbd). Waiting for QEMU to listen... (set HID_SOCK or run scripts/run_qemu.sh)
[hidra] progress: rx=565 emits=807 quic_snapshots=434 socket=[hidra] HID socket connect failed (/run/user/1000/hidra.kbd). Waiting for QEMU to listen... (set HID_SOCK or run scripts/run_qemu.sh)
waiting
[lat] dt_ms=54.8676 cmd=down key=a
[hidra] HID socket connect failed (/run/user/1000/hidra.kbd). Waiting for QEMU to listen... (set HID_SOCK or run scripts/run_qemu.sh)
[lat] dt_ms=47.0339 cmd=down key=p
[hidra] HID socket connect failed (/run/user/1000/hidra.kbd). Waiting for QEMU to listen... (set HID_SOCK or run scripts/run_qemu.sh)
[heal] key=4 heal_ms=58.0447
[hidra] HID socket connect failed (/run/user/1000/hidra.kbd). Waiting for QEMU to listen... (set HID_SOCK or run scripts/run_qemu.sh)
[msquic] stream: RECEIVE bytes=52 buffers=1 pending=0
[hidra] HID socket connect failed (/run/user/1000/hidra.kbd). Waiting for QEMU to listen... (set HID_SOCK or run scripts/run_qemu.sh)
[msquic] stream: RECEIVE bytes=52 buffers=1 pending=0
[hidra] HID socket connect failed (/run/user/1000/hidra.kbd). Waiting for QEMU to listen... (set HID_SOCK or run scripts/run_qemu.sh)
[msquic] stream: RECEIVE bytes=52 buffers=1 pending=0
[lat] dt_ms=46.4288 cmd=up key=p
[hidra] HID socket connect failed (/run/user/1000/hidra.kbd). Waiting for QEMU to listen... (set HID_SOCK or run scripts/run_qemu.sh)
[hidra] HID socket connect failed (/run/user/1000/hidra.kbd). Waiting for QEMU to listen... (set HID_SOCK or run scripts/run_qemu.sh)
[msquic] stream: RECEIVE bytes=52 buffers=1 pending=0
[lat] dt_ms=78.2412 cmd=up key=a
[hidra] HID socket connect failed (/run/user/1000/hidra.kbd). Waiting for QEMU to listen... (set HID_SOCK or run scripts/run_qemu.sh)
[lat] dt_ms=40.8306 cmd=up key=t
[hidra] HID socket connect failed (/run/user/1000/hidra.kbd). Waiting for QEMU to listen... (set HID_SOCK or run scripts/run_qemu.sh)
[hidra] HID socket connect failed (/run/user/1000/hidra.kbd). Waiting for QEMU to listen... (set HID_SOCK or run scripts/run_qemu.sh)
[msquic] stream: RECEIVE bytes=52 buffers=1 pending=0
[hidra] HID socket connect failed (/run/user/1000/hidra.kbd). Waiting for QEMU to listen... (set HID_SOCK or run scripts/run_qemu.sh)
[msquic] stream: RECEIVE bytes=52 buffers=1 pending=0
[lat] dt_ms=72.0538 cmd=down key=t
[hidra] HID socket connect failed (/run/user/1000/hidra.kbd). Waiting for QEMU to listen... (set HID_SOCK or run scripts/run_qemu.sh)
[lat] dt_ms=58.5204 cmd=down key=ENTER
[hidra] HID socket connect failed (/run/user/1000/hidra.kbd). Waiting for QEMU to listen... (set HID_SOCK or run scripts/run_qemu.sh)
[lat] dt_ms=49.6093 cmd=up key=ENTER
[hidra] HID socket connect failed (/run/user/1000/hidra.kbd). Waiting for QEMU to listen... (set HID_SOCK or run scripts/run_qemu.sh)
[hidra] HID socket connect failed (/run/user/1000/hidra.kbd). Waiting for QEMU to listen... (set HID_SOCK or run scripts/run_qemu.sh)
[msquic] stream: RECEIVE bytes=52 buffers=1 pending=0
[heal] key=23 heal_ms=79.5734
[hidra] HID socket connect failed (/run/user/1000/hidra.kbd). Waiting for QEMU to listen... (set HID_SOCK or run scripts/run_qemu.sh)
[msquic] stream: RECEIVE bytes=52 buffers=1 pending=0
[hidra] HID socket connect failed (/run/user/1000/hidra.kbd). Waiting for QEMU to listen... (set HID_SOCK or run scripts/run_qemu.sh)
[msquic] stream: RECEIVE bytes=52 buffers=1 pending=0
[hidra] HID socket connect failed (/run/user/1000/hidra.kbd). Waiting for QEMU to listen... (set HID_SOCK or run scripts/run_qemu.sh)
[hidra] HID socket connect failed (/run/user/1000/hidra.kbd). Waiting for QEMU to listen... (set HID_SOCK or run scripts/run_qemu.sh)
[msquic] stream: RECEIVE bytes=104 buffers=1 pending=0
[lat] dt_ms=50.0107 cmd=up key=a
[hidra] HID socket connect failed (/run/user/1000/hidra.kbd). Waiting for QEMU to listen... (set HID_SOCK or run scripts/run_qemu.sh)
[lat] dt_ms=70.817 cmd=down key=a
[hidra] HID socket connect failed (/run/user/1000/hidra.kbd). Waiting for QEMU to listen... (set HID_SOCK or run scripts/run_qemu.sh)
[heal] key=4 heal_ms=73.3259
[hidra] HID socket connect failed (/run/user/1000/hidra.kbd). Waiting for QEMU to listen... (set HID_SOCK or run scripts/run_qemu.sh)
[hidra] HID socket connect failed (/run/user/1000/hidra.kbd). Waiting for QEMU to listen... (set HID_SOCK or run scripts/run_qemu.sh)
[msquic] stream: RECEIVE bytes=104 buffers=1 pending=0
[hidra] HID socket connect failed (/run/user/1000/hidra.kbd). Waiting for QEMU to listen... (set HID_SOCK or run scripts/run_qemu.sh)
[msquic] stream: RECEIVE bytes=52 buffers=1 pending=0
[lat] dt_ms=58.1556 cmd=up key=p
[hidra] HID socket connect failed (/run/user/1000/hidra.kbd). Waiting for QEMU to listen... (set HID_SOCK or run scripts/run_qemu.sh)
[hidra] HID socket connect failed (/run/user/1000/hidra.kbd). Waiting for QEMU to listen... (set HID_SOCK or run scripts/run_qemu.sh)
[msquic] stream: RECEIVE bytes=52 buffers=1 pending=0
[lat] dt_ms=73.8103 cmd=down key=p
[hidra] HID socket connect failed (/run/user/1000/hidra.kbd). Waiting for QEMU to listen... (set HID_SOCK or run scripts/run_qemu.sh)
[lat] dt_ms=51.3299 cmd=down key=ENTER
[hidra] HID socket connect failed (/run/user/1000/hidra.kbd). Waiting for QEMU to listen... (set HID_SOCK or run scripts/run_qemu.sh)
[lat] dt_ms=62.9866 cmd=up key=t
[hidra] HID socket connect failed (/run/user/1000/hidra.kbd). Waiting for QEMU to listen... (set HID_SOCK or run scripts/run_qemu.sh)
[lat] dt_ms=79.4148 cmd=down key=t
[hidra] HID socket connect failed (/run/user/1000/hidra.kbd). Waiting for QEMU to listen... (set HID_SOCK or run scripts/run_qemu.sh)
[heal] key=40 heal_ms=47.9108
[hidra] HID socket connect failed (/run/user/1000/hidra.kbd). Waiting for QEMU to listen... (set HID_SOCK or run scripts/run_qemu.sh)
[msquic] stream: RECEIVE bytes=52 buffers=1 pending=0
[hidra] HID socket connect failed (/run/user/1000/hidra.kbd). Waiting for QEMU to listen... (set HID_SOCK or run scripts/run_qemu.sh)
[msquic] stream: RECEIVE bytes=52 buffers=1 pending=0
[hidra] HID socket connect failed (/run/user/1000/hidra.kbd). Waiting for QEMU to listen... (set HID_SOCK or run scripts/run_qemu.sh)
[msquic] stream: RECEIVE bytes=52 buffers=1 pending=0
[hidra] HID socket connect failed (/run/user/1000/hidra.kbd). Waiting for QEMU to listen... (set HID_SOCK or run scripts/run_qemu.sh)
[msquic] stream: RECEIVE bytes=52 buffers=1 pending=0
[hidra] HID socket connect failed (/run/user/1000/hidra.kbd). Waiting for QEMU to listen... (set HID_SOCK or run scripts/run_qemu.sh)
[msquic] stream: RECEIVE bytes=52 buffers=1 pending=0
[lat] dt_ms=44.3856 cmd=down key=p
[hidra] HID socket connect failed (/run/user/1000/hidra.kbd). Waiting for QEMU to listen... (set HID_SOCK or run scripts/run_qemu.sh)
[lat] dt_ms=76.2815 cmd=up key=ENTER
[hidra] HID socket connect failed (/run/user/1000/hidra.kbd). Waiting for QEMU to listen... (set HID_SOCK or run scripts/run_qemu.sh)
[lat] dt_ms=72.5268 cmd=down key=a
[hidra] HID socket connect failed (/run/user/1000/hidra.kbd). Waiting for QEMU to listen... (set HID_SOCK or run scripts/run_qemu.sh)
[lat] dt_ms=63.8734 cmd=up key=a
[hidra] HID socket connect failed (/run/user/1000/hidra.kbd). Waiting for QEMU to listen... (set HID_SOCK or run scripts/run_qemu.sh)
[hidra] HID socket connect failed (/run/user/1000/hidra.kbd). Waiting for QEMU to listen... (set HID_SOCK or run scripts/run_qemu.sh)
[msquic] stream: RECEIVE bytes=52 buffers=1 pending=0
[hidra] HID socket connect failed (/run/user/1000/hidra.kbd). Waiting for QEMU to listen... (set HID_SOCK or run scripts/run_qemu.sh)
[msquic] stream: RECEIVE bytes=52 buffers=1 pending=0
[hidra] HID socket connect failed (/run/user/1000/hidra.kbd). Waiting for QEMU to listen... (set HID_SOCK or run scripts/run_qemu.sh)
[msquic] stream: RECEIVE bytes=52 buffers=1 pending=0
[hidra] HID socket connect failed (/run/user/1000/hidra.kbd). Waiting for QEMU to listen... (set HID_SOCK or run scripts/run_qemu.sh)
[msquic] stream: RECEIVE bytes=52 buffers=1 pending=0
[lat] dt_ms=70.6037 cmd=up key=p
[hidra] HID socket connect failed (/run/user/1000/hidra.kbd). Waiting for QEMU to listen... (set HID_SOCK or run scripts/run_qemu.sh)
[hidra] HID socket connect failed (/run/user/1000/hidra.kbd). Waiting for QEMU to listen... (set HID_SOCK or run scripts/run_qemu.sh)
[msquic] stream: RECEIVE bytes=52 buffers=1 pending=0
[lat] dt_ms=71.0728 cmd=down key=t
[hidra] HID socket connect failed (/run/user/1000/hidra.kbd). Waiting for QEMU to listen... (set HID_SOCK or run scripts/run_qemu.sh)
[lat] dt_ms=64.8981 cmd=up key=t
[hidra] HID socket connect failed (/run/user/1000/hidra.kbd). Waiting for QEMU to listen... (set HID_SOCK or run scripts/run_qemu.sh)
[hidra] HID socket connect failed (/run/user/1000/hidra.kbd). Waiting for QEMU to listen... (set HID_SOCK or run scripts/run_qemu.sh)
[msquic] stream: RECEIVE bytes=52 buffers=1 pending=0
[hidra] HID socket connect failed (/run/user/1000/hidra.kbd). Waiting for QEMU to listen... (set HID_SOCK or run scripts/run_qemu.sh)
[msquic] stream: RECEIVE bytes=52 buffers=1 pending=0
[hidra] HID socket connect failed (/run/user/1000/hidra.kbd). Waiting for QEMU to listen... (set HID_SOCK or run scripts/run_qemu.sh)
[msquic] stream: RECEIVE bytes=52 buffers=1 pending=0
[lat] dt_ms=53.6421 cmd=down key=a
[heal] key=[hidra] HID socket connect failed (/run/user/1000/hidra.kbd). Waiting for QEMU to listen... (set HID_SOCK or run scripts/run_qemu.sh)
4 heal_ms=125.984
[hidra] HID socket connect failed (/run/user/1000/hidra.kbd). Waiting for QEMU to listen... (set HID_SOCK or run scripts/run_qemu.sh)
[msquic] stream: RECEIVE bytes=52 buffers=1 pending=0
[lat] dt_ms=75.6865 cmd=down key=ENTER
[hidra] HID socket connect failed (/run/user/1000/hidra.kbd). Waiting for QEMU to listen... (set HID_SOCK or run scripts/run_qemu.sh)
[heal] key=40 heal_ms=70.6622
[hidra] HID socket connect failed (/run/user/1000/hidra.kbd). Waiting for QEMU to listen... (set HID_SOCK or run scripts/run_qemu.sh)
[msquic] stream: RECEIVE bytes=52 buffers=1 pending=0
[lat] dt_ms=73.7466 cmd=up key=ENTER
[hidra] HID socket connect failed (/run/user/1000/hidra.kbd). Waiting for QEMU to listen... (set HID_SOCK or run scripts/run_qemu.sh)
[lat] dt_ms=59.1244 cmd=up key=a
[hidra] HID socket connect failed (/run/user/1000/hidra.kbd). Waiting for QEMU to listen... (set HID_SOCK or run scripts/run_qemu.sh)
[hidra] HID socket connect failed (/run/user/1000/hidra.kbd). Waiting for QEMU to listen... (set HID_SOCK or run scripts/run_qemu.sh)
[msquic] stream: RECEIVE bytes=52 buffers=1 pending=0
[lat] dt_ms=43.5123 cmd=up key=p
[hidra] HID socket connect failed (/run/user/1000/hidra.kbd). Waiting for QEMU to listen... (set HID_SOCK or run scripts/run_qemu.sh)
[lat] dt_ms=73.4549 cmd=down key=p
[hidra] HID socket connect failed (/run/user/1000/hidra.kbd). Waiting for QEMU to listen... (set HID_SOCK or run scripts/run_qemu.sh)
[hidra] HID socket connect failed (/run/user/1000/hidra.kbd). Waiting for QEMU to listen... (set HID_SOCK or run scripts/run_qemu.sh)
[msquic] stream: RECEIVE bytes=52 buffers=1 pending=0
[heal] key=19 heal_ms=70.2112
[hidra] HID socket connect failed (/run/user/1000/hidra.kbd). Waiting for QEMU to listen... (set HID_SOCK or run scripts/run_qemu.sh)
[msquic] stream: RECEIVE bytes=52 buffers=1 pending=0
[hidra] HID socket connect failed (/run/user/1000/hidra.kbd). Waiting for QEMU to listen... (set HID_SOCK or run scripts/run_qemu.sh)
[msquic] stream: RECEIVE bytes=52 buffers=1 pending=0
[lat] dt_ms=65.1085 cmd=down key=t
[hidra] HID socket connect failed (/run/user/1000/hidra.kbd). Waiting for QEMU to listen... (set HID_SOCK or run scripts/run_qemu.sh)
[lat] dt_ms=57.7664 cmd=up key=t
[hidra] HID socket connect failed (/run/user/1000/hidra.kbd). Waiting for QEMU to listen... (set HID_SOCK or run scripts/run_qemu.sh)
[lat] dt_ms=56.3213 cmd=down key=ENTER
[hidra] HID socket connect failed (/run/user/1000/hidra.kbd). Waiting for QEMU to listen... (set HID_SOCK or run scripts/run_qemu.sh)
[hidra] HID socket connect failed (/run/user/1000/hidra.kbd). Waiting for QEMU to listen... (set HID_SOCK or run scripts/run_qemu.sh)
[msquic] stream: RECEIVE bytes=52 buffers=1 pending=0
[lat] dt_ms=48.0196 cmd=up key=ENTER
[hidra] HID socket connect failed (/run/user/1000/hidra.kbd). Waiting for QEMU to listen... (set HID_SOCK or run scripts/run_qemu.sh)
[hidra] HID socket connect failed (/run/user/1000/hidra.kbd). Waiting for QEMU to listen... (set HID_SOCK or run scripts/run_qemu.sh)
[msquic] stream: RECEIVE bytes=52 buffers=1 pending=0
[lat] dt_ms=46.1033 cmd=up key=a
[hidra] HID socket connect failed (/run/user/1000/hidra.kbd). Waiting for QEMU to listen... (set HID_SOCK or run scripts/run_qemu.sh)
[hidra] HID socket connect failed (/run/user/1000/hidra.kbd). Waiting for QEMU to listen... (set HID_SOCK or run scripts/run_qemu.sh)
[msquic] stream: RECEIVE bytes=52 buffers=1 pending=0
[lat] dt_ms=68.8975 cmd=down key=a
[hidra] HID socket connect failed (/run/user/1000/hidra.kbd). Waiting for QEMU to listen... (set HID_SOCK or run scripts/run_qemu.sh)
[heal] key=4 heal_ms=74.1928
[heal] key=40 heal_ms=94.7261
[hidra] HID socket connect failed (/run/user/1000/hidra.kbd). Waiting for QEMU to listen... (set HID_SOCK or run scripts/run_qemu.sh)
[msquic] stream: RECEIVE bytes=52 buffers=1 pending=0
[lat] dt_ms=44.6937 cmd=down key=t
[hidra] HID socket connect failed (/run/user/1000/hidra.kbd). Waiting for QEMU to listen... (set HID_SOCK or run scripts/run_qemu.sh)
[heal] key=23 heal_ms=119.282
[hidra] HID socket connect failed (/run/user/1000/hidra.kbd). Waiting for QEMU to listen... (set HID_SOCK or run scripts/run_qemu.sh)
[msquic] stream: RECEIVE bytes=52 buffers=2 pending=0
[lat] dt_ms=42.8128 cmd=up key=t
[hidra] HID socket connect failed (/run/user/1000/hidra.kbd). Waiting for QEMU to listen... (set HID_SOCK or run scripts/run_qemu.sh)
[lat] dt_ms=74.104 cmd=down key=p
[hidra] HID socket connect failed (/run/user/1000/hidra.kbd). Waiting for QEMU to listen... (set HID_SOCK or run scripts/run_qemu.sh)
[hidra] HID socket connect failed (/run/user/1000/hidra.kbd). Waiting for QEMU to listen... (set HID_SOCK or run scripts/run_qemu.sh)
[msquic] stream: RECEIVE bytes=52 buffers=1 pending=0
[lat] dt_ms=76.1446 cmd=up key=p
[hidra] HID socket connect failed (/run/user/1000/hidra.kbd). Waiting for QEMU to listen... (set HID_SOCK or run scripts/run_qemu.sh)
[hidra] HID socket connect failed (/run/user/1000/hidra.kbd). Waiting for QEMU to listen... (set HID_SOCK or run scripts/run_qemu.sh)
[msquic] stream: RECEIVE bytes=52 buffers=1 pending=0
[hidra] HID socket connect failed (/run/user/1000/hidra.kbd). Waiting for QEMU to listen... (set HID_SOCK or run scripts/run_qemu.sh)
[msquic] stream: RECEIVE bytes=52 buffers=1 pending=0
[hidra] HID socket connect failed (/run/user/1000/hidra.kbd). Waiting for QEMU to listen... (set HID_SOCK or run scripts/run_qemu.sh)
[msquic] stream: RECEIVE bytes=52 buffers=1 pending=0
[lat] dt_ms=52.7747 cmd=down key=ENTER
[hidra] HID socket connect failed (/run/user/1000/hidra.kbd). Waiting for QEMU to listen... (set HID_SOCK or run scripts/run_qemu.sh)
[hidra] HID socket connect failed (/run/user/1000/hidra.kbd). Waiting for QEMU to listen... (set HID_SOCK or run scripts/run_qemu.sh)
[msquic] stream: RECEIVE bytes=52 buffers=1 pending=0
[hidra] HID socket connect failed (/run/user/1000/hidra.kbd). Waiting for QEMU to listen... (set HID_SOCK or run scripts/run_qemu.sh)
[msquic] stream: RECEIVE bytes=52 buffers=1 pending=0
[hidra] HID socket connect failed (/run/user/1000/hidra.kbd). Waiting for QEMU to listen... (set HID_SOCK or run scripts/run_qemu.sh)
[msquic] stream: RECEIVE bytes=52 buffers=1 pending=0
[lat] dt_ms=57.0276 cmd=down key=a
[hidra] HID socket connect failed (/run/user/1000/hidra.kbd). Waiting for QEMU to listen... (set HID_SOCK or run scripts/run_qemu.sh)
[hidra] snapshot v1 mods=0x0 pressed=1
[hidra] HID socket connect failed (/run/user/1000/hidra.kbd). Waiting for QEMU to listen... (set HID_SOCK or run scripts/run_qemu.sh)
[msquic] stream: RECEIVE bytes=52 buffers=1 pending=0
[lat] dt_ms=53.8916 cmd=up key=a
[hidra] HID socket connect failed (/run/user/1000/hidra.kbd). Waiting for QEMU to listen... (set HID_SOCK or run scripts/run_qemu.sh)
[lat] dt_ms=76.7992 cmd=up key=ENTER
[hidra] HID socket connect failed (/run/user/1000/hidra.kbd). Waiting for QEMU to listen... (set HID_SOCK or run scripts/run_qemu.sh)
[lat] dt_ms=46.6868 cmd=down key=p
[hidra] HID socket connect failed (/run/user/1000/hidra.kbd). Waiting for QEMU to listen... (set HID_SOCK or run scripts/run_qemu.sh)
[lat] dt_ms=45.965 cmd=up key=p
[hidra] HID socket connect failed (/run/user/1000/hidra.kbd). Waiting for QEMU to listen... (set HID_SOCK or run scripts/run_qemu.sh)
[hidra] HID socket connect failed (/run/user/1000/hidra.kbd). Waiting for QEMU to listen... (set HID_SOCK or run scripts/run_qemu.sh)
[msquic] stream: RECEIVE bytes=52 buffers=1 pending=0
[lat] dt_ms=52.1109 cmd=down key=t
[hidra] HID socket connect failed (/run/user/1000/hidra.kbd). Waiting for QEMU to listen... (set HID_SOCK or run scripts/run_qemu.sh)
[heal] key=23 heal_ms=125.535
[hidra] HID socket connect failed (/run/user/1000/hidra.kbd). Waiting for QEMU to listen... (set HID_SOCK or run scripts/run_qemu.sh)
[msquic] stream: RECEIVE bytes=52 buffers=1 pending=0
[hidra] HID socket connect failed (/run/user/1000/hidra.kbd). Waiting for QEMU to listen... (set HID_SOCK or run scripts/run_qemu.sh)
[msquic] stream: RECEIVE bytes=52 buffers=1 pending=0
[hidra] HID socket connect failed (/run/user/1000/hidra.kbd). Waiting for QEMU to listen... (set HID_SOCK or run scripts/run_qemu.sh)
[msquic] stream: RECEIVE bytes=52 buffers=1 pending=0
[hidra] HID socket connect failed (/run/user/1000/hidra.kbd). Waiting for QEMU to listen... (set HID_SOCK or run scripts/run_qemu.sh)
[msquic] stream: RECEIVE bytes=52 buffers=1 pending=0
[lat] dt_ms=47.6633 cmd=up key=ENTER
[hidra] HID socket connect failed (/run/user/1000/hidra.kbd). Waiting for QEMU to listen... (set HID_SOCK or run scripts/run_qemu.sh)
[lat] dt_ms=68.6679 cmd=up key=t
[hidra] HID socket connect failed (/run/user/1000/hidra.kbd). Waiting for QEMU to listen... (set HID_SOCK or run scripts/run_qemu.sh)
[lat] dt_ms=70.261 cmd=down key=ENTER
[hidra] HID socket connect failed (/run/user/1000/hidra.kbd). Waiting for QEMU to listen... (set HID_SOCK or run scripts/run_qemu.sh)
[lat] dt_ms=42.0981 cmd=up key=a
[hidra] HID socket connect failed (/run/user/1000/hidra.kbd). Waiting for QEMU to listen... (set HID_SOCK or run scripts/run_qemu.sh)
[heal] key=19 heal_ms=108.732
[hidra] HID socket connect failed (/run/user/1000/hidra.kbd). Waiting for QEMU to listen... (set HID_SOCK or run scripts/run_qemu.sh)
[msquic] stream: RECEIVE bytes=52 buffers=1 pending=0
[hidra] HID socket connect failed (/run/user/1000/hidra.kbd). Waiting for QEMU to listen... (set HID_SOCK or run scripts/run_qemu.sh)
[msquic] stream: RECEIVE bytes=52 buffers=1 pending=0
[lat] dt_ms=60.0298 cmd=down key=a
[hidra] HID socket connect failed (/run/user/1000/hidra.kbd). Waiting for QEMU to listen... (set HID_SOCK or run scripts/run_qemu.sh)
[lat] dt_ms=40.9267 cmd=down key=p
[hidra] HID socket connect failed (/run/user/1000/hidra.kbd). Waiting for QEMU to listen... (set HID_SOCK or run scripts/run_qemu.sh)
[hidra] HID socket connect failed (/run/user/1000/hidra.kbd). Waiting for QEMU to listen... (set HID_SOCK or run scripts/run_qemu.sh)
[msquic] stream: RECEIVE bytes=52 buffers=1 pending=0
[lat] dt_ms=46.2541 cmd=up key=p
[hidra] HID socket connect failed (/run/user/1000/hidra.kbd). Waiting for QEMU to listen... (set HID_SOCK or run scripts/run_qemu.sh)
[hidra] HID socket connect failed (/run/user/1000/hidra.kbd). Waiting for QEMU to listen... (set HID_SOCK or run scripts/run_qemu.sh)
[msquic] stream: RECEIVE bytes=52 buffers=1 pending=0
[hidra] HID socket connect failed (/run/user/1000/hidra.kbd). Waiting for QEMU to listen... (set HID_SOCK or run scripts/run_qemu.sh)
[msquic] stream: RECEIVE bytes=52 buffers=1 pending=0
[hidra] HID socket connect failed (/run/user/1000/hidra.kbd). Waiting for QEMU to listen... (set HID_SOCK or run scripts/run_qemu.sh)
[msquic] stream: RECEIVE bytes=52 buffers=1 pending=0
[lat] dt_ms=58.919 cmd=up key=t
[hidra] HID socket connect failed (/run/user/1000/hidra.kbd). Waiting for QEMU to listen... (set HID_SOCK or run scripts/run_qemu.sh)
[heal] key=19 heal_ms=83.2083
[hidra] HID socket connect failed (/run/user/1000/hidra.kbd). Waiting for QEMU to listen... (set HID_SOCK or run scripts/run_qemu.sh)
[msquic] stream: RECEIVE bytes=52 buffers=1 pending=0
[lat] dt_ms=74.0371 cmd=down key=t
[hidra] HID socket connect failed (/run/user/1000/hidra.kbd). Waiting for QEMU to listen... (set HID_SOCK or run scripts/run_qemu.sh)
[heal] key=40 heal_ms=125.936
[hidra] HID socket connect failed (/run/user/1000/hidra.kbd). Waiting for QEMU to listen... (set HID_SOCK or run scripts/run_qemu.sh)
[msquic] stream: RECEIVE bytes=52 buffers=1 pending=0
[lat] dt_ms=45.0747 cmd=down key=a
[hidra] HID socket connect failed (/run/user/1000/hidra.kbd). Waiting for QEMU to listen... (set HID_SOCK or run scripts/run_qemu.sh)
[heal] key=4 heal_ms=119.057
[hidra] HID socket connect failed (/run/user/1000/hidra.kbd). Waiting for QEMU to listen... (set HID_SOCK or run scripts/run_qemu.sh)
[msquic] stream: RECEIVE bytes=52 buffers=1 pending=0
[lat] dt_ms=67.2964 cmd=down key=ENTER
[hidra] HID socket connect failed (/run/user/1000/hidra.kbd). Waiting for QEMU to listen... (set HID_SOCK or run scripts/run_qemu.sh)
[lat] dt_ms=63.0493 cmd=up key=ENTER
[hidra] HID socket connect failed (/run/user/1000/hidra.kbd). Waiting for QEMU to listen... (set HID_SOCK or run scripts/run_qemu.sh)
[hidra] HID socket connect failed (/run/user/1000/hidra.kbd). Waiting for QEMU to listen... (set HID_SOCK or run scripts/run_qemu.sh)
[hidra] HID socket connect failed (/run/user/1000/hidra.kbd). Waiting for QEMU to listen... (set HID_SOCK or run scripts/run_qemu.sh)
[msquic] stream: RECEIVE bytes=104 buffers=1 pending=0
[lat] dt_ms=43.3252 cmd=up key=a
[hidra] HID socket connect failed (/run/user/1000/hidra.kbd). Waiting for QEMU to listen... (set HID_SOCK or run scripts/run_qemu.sh)
[hidra] HID socket connect failed (/run/user/1000/hidra.kbd). Waiting for QEMU to listen... (set HID_SOCK or run scripts/run_qemu.sh)
[msquic] stream: RECEIVE bytes=52 buffers=1 pending=0
[lat] dt_ms=52.1213 cmd=down key=p
[hidra] HID socket connect failed (/run/user/1000/hidra.kbd). Waiting for QEMU to listen... (set HID_SOCK or run scripts/run_qemu.sh)
[lat] dt_ms=43.2797 cmd=down key=t
[hidra] HID socket connect failed (/run/user/1000/hidra.kbd). Waiting for QEMU to listen... (set HID_SOCK or run scripts/run_qemu.sh)
[hidra] HID socket connect failed (/run/user/1000/hidra.kbd). Waiting for QEMU to listen... (set HID_SOCK or run scripts/run_qemu.sh)
[hidra] HID socket connect failed (/run/user/1000/hidra.kbd). Waiting for QEMU to listen... (set HID_SOCK or run scripts/run_qemu.sh)
[msquic] stream: RECEIVE bytes=104 buffers=1 pending=0
[lat] dt_ms=43.0829 cmd=up key=t
[hidra] HID socket connect failed (/run/user/1000/hidra.kbd). Waiting for QEMU to listen... (set HID_SOCK or run scripts/run_qemu.sh)
[lat] dt_ms=72.2082 cmd=up key=p
[hidra] HID socket connect failed (/run/user/1000/hidra.kbd). Waiting for QEMU to listen... (set HID_SOCK or run scripts/run_qemu.sh)
[lat] dt_ms=44.9672 cmd=down key=ENTER
[hidra] HID socket connect failed (/run/user/1000/hidra.kbd). Waiting for QEMU to listen... (set HID_SOCK or run scripts/run_qemu.sh)
[hidra] HID socket connect failed (/run/user/1000/hidra.kbd). Waiting for QEMU to listen... (set HID_SOCK or run scripts/run_qemu.sh)
[msquic] stream: RECEIVE bytes=52 buffers=1 pending=0
[hidra] HID socket connect failed (/run/user/1000/hidra.kbd). Waiting for QEMU to listen... (set HID_SOCK or run scripts/run_qemu.sh)
[msquic] stream: RECEIVE bytes=52 buffers=1 pending=0
[hidra] HID socket connect failed (/run/user/1000/hidra.kbd). Waiting for QEMU to listen... (set HID_SOCK or run scripts/run_qemu.sh)
[msquic] stream: RECEIVE bytes=52 buffers=1 pending=0
[heal] key=23 heal_ms=72.9302
[hidra] HID socket connect failed (/run/user/1000/hidra.kbd). Waiting for QEMU to listen... (set HID_SOCK or run scripts/run_qemu.sh)
[msquic] stream: RECEIVE bytes=52 buffers=1 pending=0
[hidra] HID socket connect failed (/run/user/1000/hidra.kbd). Waiting for QEMU to listen... (set HID_SOCK or run scripts/run_qemu.sh)
[msquic] stream: RECEIVE bytes=52 buffers=1 pending=0
[heal] key=40 heal_ms=66.8436
[hidra] HID socket connect failed (/run/user/1000/hidra.kbd). Waiting for QEMU to listen... (set HID_SOCK or run scripts/run_qemu.sh)
[msquic] stream: RECEIVE bytes=52 buffers=1 pending=0
[lat] dt_ms=71.1685 cmd=up key=ENTER
[hidra] HID socket connect failed (/run/user/1000/hidra.kbd). Waiting for QEMU to listen... (set HID_SOCK or run scripts/run_qemu.sh)
[hidra] HID socket connect failed (/run/user/1000/hidra.kbd). Waiting for QEMU to listen... (set HID_SOCK or run scripts/run_qemu.sh)
[msquic] stream: RECEIVE bytes=52 buffers=1 pending=0
[lat] dt_ms=57.147 cmd=up key=a
[hidra] HID socket connect failed (/run/user/1000/hidra.kbd). Waiting for QEMU to listen... (set HID_SOCK or run scripts/run_qemu.sh)
[hidra] HID socket connect failed (/run/user/1000/hidra.kbd). Waiting for QEMU to listen... (set HID_SOCK or run scripts/run_qemu.sh)
[msquic] stream: RECEIVE bytes=52 buffers=1 pending=0
[lat] dt_ms=78.0289 cmd=down key=a
[hidra] HID socket connect failed (/run/user/1000/hidra.kbd). Waiting for QEMU to listen... (set HID_SOCK or run scripts/run_qemu.sh)
[lat] dt_ms=55.4694 cmd=up key=p
[hidra] HID socket connect failed (/run/user/1000/hidra.kbd). Waiting for QEMU to listen... (set HID_SOCK or run scripts/run_qemu.sh)
[lat] dt_ms=49.3652 cmd=down key=t
[hidra] HID socket connect failed (/run/user/1000/hidra.kbd). Waiting for QEMU to listen... (set HID_SOCK or run scripts/run_qemu.sh)
[lat] dt_ms=70.9274 cmd=down key=p
[hidra] HID socket connect failed (/run/user/1000/hidra.kbd). Waiting for QEMU to listen... (set HID_SOCK or run scripts/run_qemu.sh)
[hidra] HID socket connect failed (/run/user/1000/hidra.kbd). Waiting for QEMU to listen... (set HID_SOCK or run scripts/run_qemu.sh)
[msquic] stream: RECEIVE bytes=52 buffers=1 pending=0
[heal] key=23 heal_ms=46.3965
[hidra] HID socket connect failed (/run/user/1000/hidra.kbd). Waiting for QEMU to listen... (set HID_SOCK or run scripts/run_qemu.sh)
[msquic] stream: RECEIVE bytes=52 buffers=1 pending=0
[lat] dt_ms=52.7706 cmd=up key=t
[hidra] HID socket connect failed (/run/user/1000/hidra.kbd). Waiting for QEMU to listen... (set HID_SOCK or run scripts/run_qemu.sh)
[heal] key=19 heal_ms=73.6873
[hidra] HID socket connect failed (/run/user/1000/hidra.kbd). Waiting for QEMU to listen... (set HID_SOCK or run scripts/run_qemu.sh)
[msquic] stream: RECEIVE bytes=52 buffers=1 pending=0
[hidra] HID socket connect failed (/run/user/1000/hidra.kbd). Waiting for QEMU to listen... (set HID_SOCK or run scripts/run_qemu.sh)
[msquic] stream: RECEIVE bytes=52 buffers=1 pending=0
[hidra] HID socket connect failed (/run/user/1000/hidra.kbd). Waiting for QEMU to listen... (set HID_SOCK or run scripts/run_qemu.sh)
[msquic] stream: RECEIVE bytes=52 buffers=1 pending=0
[lat] dt_ms=46.6398 cmd=up key=ENTER
[hidra] HID socket connect failed (/run/user/1000/hidra.kbd). Waiting for QEMU to listen... (set HID_SOCK or run scripts/run_qemu.sh)
[lat] dt_ms=46.3212 cmd=down key=a
[hidra] HID socket connect failed (/run/user/1000/hidra.kbd). Waiting for QEMU to listen... (set HID_SOCK or run scripts/run_qemu.sh)
[hidra] HID socket connect failed (/run/user/1000/hidra.kbd). Waiting for QEMU to listen... (set HID_SOCK or run scripts/run_qemu.sh)
[msquic] stream: RECEIVE bytes=52 buffers=1 pending=0
[heal] key=40 heal_ms=64.5296
[hidra] HID socket connect failed (/run/user/1000/hidra.kbd). Waiting for QEMU to listen... (set HID_SOCK or run scripts/run_qemu.sh)
[msquic] stream: RECEIVE bytes=52 buffers=1 pending=0
[lat] dt_ms=75.8696 cmd=down key=ENTER
[hidra] HID socket connect failed (/run/user/1000/hidra.kbd). Waiting for QEMU to listen... (set HID_SOCK or run scripts/run_qemu.sh)
[hidra] HID socket connect failed (/run/user/1000/hidra.kbd). Waiting for QEMU to listen... (set HID_SOCK or run scripts/run_qemu.sh)
[msquic] stream: RECEIVE bytes=52 buffers=1 pending=0
[lat] dt_ms=50.3369 cmd=down key=p
[hidra] HID socket connect failed (/run/user/1000/hidra.kbd). Waiting for QEMU to listen... (set HID_SOCK or run scripts/run_qemu.sh)
[hidra] send() failed; will retry connect
[msquic] stream: RECEIVE bytes=52 buffers=1 pending=0
[lat] dt_ms=68.3831 cmd=up key=a
[hidra] HID socket connect failed (/run/user/1000/hidra.kbd). Waiting for QEMU to listen... (set HID_SOCK or run scripts/run_qemu.sh)
[hidra] HID socket connect failed (/run/user/1000/hidra.kbd). Waiting for QEMU to listen... (set HID_SOCK or run scripts/run_qemu.sh)
[msquic] stream: RECEIVE bytes=52 buffers=1 pending=0
[lat] dt_ms=41.6603 cmd=up key=t
[hidra] HID socket connect failed (/run/user/1000/hidra.kbd). Waiting for QEMU to listen... (set HID_SOCK or run scripts/run_qemu.sh)
[hidra] HID socket connect failed (/run/user/1000/hidra.kbd). Waiting for QEMU to listen... (set HID_SOCK or run scripts/run_qemu.sh)
[hidra] HID socket connect failed (/run/user/1000/hidra.kbd). Waiting for QEMU to listen... (set HID_SOCK or run scripts/run_qemu.sh)
[msquic] stream: RECEIVE bytes=104 buffers=1 pending=0
[heal] key=19 heal_ms=70.0632
[hidra] HID socket connect failed (/run/user/1000/hidra.kbd). Waiting for QEMU to listen... (set HID_SOCK or run scripts/run_qemu.sh)
[msquic] stream: RECEIVE bytes=52 buffers=1 pending=0
[lat] dt_ms=71.298 cmd=up key=p
[hidra] HID socket connect failed (/run/user/1000/hidra.kbd). Waiting for QEMU to listen... (set HID_SOCK or run scripts/run_qemu.sh)
[heal] key=23 heal_ms=50.3881
[hidra] HID socket connect failed (/run/user/1000/hidra.kbd). Waiting for QEMU to listen... (set HID_SOCK or run scripts/run_qemu.sh)
[msquic] stream: RECEIVE bytes=52 buffers=1 pending=0
[lat] dt_ms=73.2158 cmd=down key=t
[hidra] HID socket connect failed (/run/user/1000/hidra.kbd). Waiting for QEMU to listen... (set HID_SOCK or run scripts/run_qemu.sh)
[hidra] HID socket connect failed (/run/user/1000/hidra.kbd). Waiting for QEMU to listen... (set HID_SOCK or run scripts/run_qemu.sh)
[msquic] stream: RECEIVE bytes=52 buffers=1 pending=0
[hidra] HID socket connect failed (/run/user/1000/hidra.kbd). Waiting for QEMU to listen... (set HID_SOCK or run scripts/run_qemu.sh)
[msquic] stream: RECEIVE bytes=52 buffers=1 pending=0
[heal] key=4 heal_ms=49.8001
[hidra] HID socket connect failed (/run/user/1000/hidra.kbd). Waiting for QEMU to listen... (set HID_SOCK or run scripts/run_qemu.sh)
[hidra] HID socket connect failed (/run/user/1000/hidra.kbd). Waiting for QEMU to listen... (set HID_SOCK or run scripts/run_qemu.sh)
[msquic] stream: RECEIVE bytes=104 buffers=1 pending=0
[lat] dt_ms=63.2686 cmd=down key=a
[hidra] HID socket connect failed (/run/user/1000/hidra.kbd). Waiting for QEMU to listen... (set HID_SOCK or run scripts/run_qemu.sh)
[lat] dt_ms=56.1602 cmd=up key=a
[hidra] HID socket connect failed (/run/user/1000/hidra.kbd). Waiting for QEMU to listen... (set HID_SOCK or run scripts/run_qemu.sh)
[lat] dt_ms=52.6094 cmd=down key=p
[hidra] HID socket connect failed (/run/user/1000/hidra.kbd). Waiting for QEMU to listen... (set HID_SOCK or run scripts/run_qemu.sh)
[lat] dt_ms=55.7319 cmd=up key=p
[hidra] HID socket connect failed (/run/user/1000/hidra.kbd). Waiting for QEMU to listen... (set HID_SOCK or run scripts/run_qemu.sh)
[heal] key=40 heal_ms=98.5841
[hidra] HID socket connect failed (/run/user/1000/hidra.kbd). Waiting for QEMU to listen... (set HID_SOCK or run scripts/run_qemu.sh)
[msquic] stream: RECEIVE bytes=52 buffers=1 pending=0
[heal] key=19 heal_ms=64.2045
[hidra] HID socket connect failed (/run/user/1000/hidra.kbd). Waiting for QEMU to listen... (set HID_SOCK or run scripts/run_qemu.sh)
[msquic] stream: RECEIVE bytes=52 buffers=1 pending=0
[hidra] HID socket connect failed (/run/user/1000/hidra.kbd). Waiting for QEMU to listen... (set HID_SOCK or run scripts/run_qemu.sh)
[msquic] stream: RECEIVE bytes=52 buffers=1 pending=0
[hidra] HID socket connect failed (/run/user/1000/hidra.kbd). Waiting for QEMU to listen... (set HID_SOCK or run scripts/run_qemu.sh)
[msquic] stream: RECEIVE bytes=52 buffers=1 pending=0
[lat] dt_ms=64.7316 cmd=down key=t
[hidra] HID socket connect failed (/run/user/1000/hidra.kbd). Waiting for QEMU to listen... (set HID_SOCK or run scripts/run_qemu.sh)
[lat] dt_ms=54.3782 cmd=up key=t
[hidra] HID socket connect failed (/run/user/1000/hidra.kbd). Waiting for QEMU to listen... (set HID_SOCK or run scripts/run_qemu.sh)
[lat] dt_ms=45.9254 cmd=down key=ENTER
[hidra] HID socket connect failed (/run/user/1000/hidra.kbd). Waiting for QEMU to listen... (set HID_SOCK or run scripts/run_qemu.sh)
[heal] key=40 heal_ms=45.9218
[hidra] HID socket connect failed (/run/user/1000/hidra.kbd). Waiting for QEMU to listen... (set HID_SOCK or run scripts/run_qemu.sh)
[msquic] stream: RECEIVE bytes=52 buffers=1 pending=0
[hidra] HID socket connect failed (/run/user/1000/hidra.kbd). Waiting for QEMU to listen... (set HID_SOCK or run scripts/run_qemu.sh)
[msquic] stream: RECEIVE bytes=52 buffers=1 pending=0
[hidra] HID socket connect failed (/run/user/1000/hidra.kbd). Waiting for QEMU to listen... (set HID_SOCK or run scripts/run_qemu.sh)
[msquic] stream: RECEIVE bytes=52 buffers=1 pending=0
[hidra] HID socket connect failed (/run/user/1000/hidra.kbd). Waiting for QEMU to listen... (set HID_SOCK or run scripts/run_qemu.sh)
[msquic] stream: RECEIVE bytes=52 buffers=1 pending=0
[lat] dt_ms=61.8953 cmd=up key=ENTER
[hidra] HID socket connect failed (/run/user/1000/hidra.kbd). Waiting for QEMU to listen... (set HID_SOCK or run scripts/run_qemu.sh)
[lat] dt_ms=58.9679 cmd=down key=a
[hidra] HID socket connect failed (/run/user/1000/hidra.kbd). Waiting for QEMU to listen... (set HID_SOCK or run scripts/run_qemu.sh)
[heal] key=23 heal_ms=95.2121
[hidra] HID socket connect failed (/run/user/1000/hidra.kbd). Waiting for QEMU to listen... (set HID_SOCK or run scripts/run_qemu.sh)
[msquic] stream: RECEIVE bytes=52 buffers=1 pending=0
[hidra] HID socket connect failed (/run/user/1000/hidra.kbd). Waiting for QEMU to listen... (set HID_SOCK or run scripts/run_qemu.sh)
[msquic] stream: RECEIVE bytes=52 buffers=1 pending=0
[lat] dt_ms=42.6829 cmd=down key=t
[hidra] send() failed; will retry connect
[hidra] HID socket connect failed (/run/user/1000/hidra.kbd). Waiting for QEMU to listen... (set HID_SOCK or run scripts/run_qemu.sh)
[msquic] stream: RECEIVE bytes=52 buffers=1 pending=0
[lat] dt_ms=77.5759 cmd=up key=a
[hidra] HID socket connect failed (/run/user/1000/hidra.kbd). Waiting for QEMU to listen... (set HID_SOCK or run scripts/run_qemu.sh)
[lat] dt_ms=62.4812 cmd=up key=p
[hidra] HID socket connect failed (/run/user/1000/hidra.kbd). Waiting for QEMU to listen... (set HID_SOCK or run scripts/run_qemu.sh)
[lat] dt_ms=41.3109 cmd=up key=t
[hidra] HID socket connect failed (/run/user/1000/hidra.kbd). Waiting for QEMU to listen... (set HID_SOCK or run scripts/run_qemu.sh)
[lat] dt_ms=75.1898 cmd=down key=p
[hidra] HID socket connect failed (/run/user/1000/hidra.kbd). Waiting for QEMU to listen... (set HID_SOCK or run scripts/run_qemu.sh)
[hidra] HID socket connect failed (/run/user/1000/hidra.kbd). Waiting for QEMU to listen... (set HID_SOCK or run scripts/run_qemu.sh)
[msquic] stream: RECEIVE bytes=52 buffers=1 pending=0
[heal] key=19 heal_ms=82.3155
[hidra] HID socket connect failed (/run/user/1000/hidra.kbd). Waiting for QEMU to listen... (set HID_SOCK or run scripts/run_qemu.sh)
[msquic] stream: RECEIVE bytes=52 buffers=1 pending=0
[hidra] HID socket connect failed (/run/user/1000/hidra.kbd). Waiting for QEMU to listen... (set HID_SOCK or run scripts/run_qemu.sh)
[msquic] stream: RECEIVE bytes=52 buffers=1 pending=0
[lat] dt_ms=55.379 cmd=down key=ENTER
[hidra] HID socket connect failed (/run/user/1000/hidra.kbd). Waiting for QEMU to listen... (set HID_SOCK or run scripts/run_qemu.sh)
[hidra] HID socket connect failed (/run/user/1000/hidra.kbd). Waiting for QEMU to listen... (set HID_SOCK or run scripts/run_qemu.sh)
[msquic] stream: RECEIVE bytes=52 buffers=1 pending=0
[heal] key=23 heal_ms=85.3026
[hidra] HID socket connect failed (/run/user/1000/hidra.kbd). Waiting for QEMU to listen... (set HID_SOCK or run scripts/run_qemu.sh)
[msquic] stream: RECEIVE bytes=52 buffers=1 pending=0
[lat] dt_ms=65.7676 cmd=up key=ENTER
[hidra] HID socket connect failed (/run/user/1000/hidra.kbd). Waiting for QEMU to listen... (set HID_SOCK or run scripts/run_qemu.sh)
[hidra] HID socket connect failed (/run/user/1000/hidra.kbd). Waiting for QEMU to listen... (set HID_SOCK or run scripts/run_qemu.sh)
[msquic] stream: RECEIVE bytes=52 buffers=1 pending=0
[hidra] HID socket connect failed (/run/user/1000/hidra.kbd). Waiting for QEMU to listen... (set HID_SOCK or run scripts/run_qemu.sh)
[msquic] stream: RECEIVE bytes=52 buffers=1 pending=0
[hidra] HID socket connect failed (/run/user/1000/hidra.kbd). Waiting for QEMU to listen... (set HID_SOCK or run scripts/run_qemu.sh)
[msquic] stream: RECEIVE bytes=52 buffers=1 pending=0
[lat] dt_ms=78.5589 cmd=down key=a
[hidra] HID socket connect failed (/run/user/1000/hidra.kbd). Waiting for QEMU to listen... (set HID_SOCK or run scripts/run_qemu.sh)
[lat] dt_ms=48.3806 cmd=up key=p
[hidra] HID socket connect failed (/run/user/1000/hidra.kbd). Waiting for QEMU to listen... (set HID_SOCK or run scripts/run_qemu.sh)
[lat] dt_ms=43.912 cmd=down key=t
[hidra] HID socket connect failed (/run/user/1000/hidra.kbd). Waiting for QEMU to listen... (set HID_SOCK or run scripts/run_qemu.sh)
[lat] dt_ms=64.9519 cmd=down key=p
[hidra] HID socket connect failed (/run/user/1000/hidra.kbd). Waiting for QEMU to listen... (set HID_SOCK or run scripts/run_qemu.sh)
[heal] key=4 heal_ms=75.6309
[hidra] HID socket connect failed (/run/user/1000/hidra.kbd). Waiting for QEMU to listen... (set HID_SOCK or run scripts/run_qemu.sh)
[msquic] stream: RECEIVE bytes=52 buffers=1 pending=0
[lat] dt_ms=78.0201 cmd=up key=a
[hidra] HID socket connect failed (/run/user/1000/hidra.kbd). Waiting for QEMU to listen... (set HID_SOCK or run scripts/run_qemu.sh)
[hidra] HID socket connect failed (/run/user/1000/hidra.kbd). Waiting for QEMU to listen... (set HID_SOCK or run scripts/run_qemu.sh)
[msquic] stream: RECEIVE bytes=52 buffers=1 pending=0
[hidra] HID socket connect failed (/run/user/1000/hidra.kbd). Waiting for QEMU to listen... (set HID_SOCK or run scripts/run_qemu.sh)
[msquic] stream: RECEIVE bytes=52 buffers=1 pending=0
[lat] dt_ms=48.7168 cmd=down key=ENTER
[hidra] HID socket connect failed (/run/user/1000/hidra.kbd). Waiting for QEMU to listen... (set HID_SOCK or run scripts/run_qemu.sh)
[hidra] HID socket connect failed (/run/user/1000/hidra.kbd). Waiting for QEMU to listen... (set HID_SOCK or run scripts/run_qemu.sh)
[msquic] stream: RECEIVE bytes=52 buffers=1 pending=0
[hidra] HID socket connect failed (/run/user/1000/hidra.kbd). Waiting for QEMU to listen... (set HID_SOCK or run scripts/run_qemu.sh)
[msquic] stream: RECEIVE bytes=52 buffers=1 pending=0
[lat] dt_ms=72.8368 cmd=up key=t
[hidra] HID socket connect failed (/run/user/1000/hidra.kbd). Waiting for QEMU to listen... (set HID_SOCK or run scripts/run_qemu.sh)
[hidra] HID socket connect failed (/run/user/1000/hidra.kbd). Waiting for QEMU to listen... (set HID_SOCK or run scripts/run_qemu.sh)
[msquic] stream: RECEIVE bytes=52 buffers=1 pending=0
[heal] key=23 heal_ms=82.3081
[hidra] HID socket connect failed (/run/user/1000/hidra.kbd). Waiting for QEMU to listen... (set HID_SOCK or run scripts/run_qemu.sh)
[msquic] stream: RECEIVE bytes=52 buffers=2 pending=0
[hidra] HID socket connect failed (/run/user/1000/hidra.kbd). Waiting for QEMU to listen... (set HID_SOCK or run scripts/run_qemu.sh)
[msquic] stream: RECEIVE bytes=52 buffers=1 pending=0
[lat] dt_ms=52.5328 cmd=up key=a
[hidra] HID socket connect failed (/run/user/1000/hidra.kbd). Waiting for QEMU to listen... (set HID_SOCK or run scripts/run_qemu.sh)
[lat] dt_ms=79.9622 cmd=up key=ENTER
[hidra] HID socket connect failed (/run/user/1000/hidra.kbd). Waiting for QEMU to listen... (set HID_SOCK or run scripts/run_qemu.sh)
[hidra] HID socket connect failed (/run/user/1000/hidra.kbd). Waiting for QEMU to listen... (set HID_SOCK or run scripts/run_qemu.sh)
[msquic] stream: RECEIVE bytes=52 buffers=1 pending=0
[lat] dt_ms=55.6493 cmd=up key=p
[hidra] HID socket connect failed (/run/user/1000/hidra.kbd). Waiting for QEMU to listen... (set HID_SOCK or run scripts/run_qemu.sh)
[heal] key=4 heal_ms=79.7594
[hidra] HID socket connect failed (/run/user/1000/hidra.kbd). Waiting for QEMU to listen... (set HID_SOCK or run scripts/run_qemu.sh)
[msquic] stream: RECEIVE bytes=52 buffers=1 pending=0
[lat] dt_ms=75.4527 cmd=down key=p
[hidra] HID socket connect failed (/run/user/1000/hidra.kbd). Waiting for QEMU to listen... (set HID_SOCK or run scripts/run_qemu.sh)
[heal] key=19 heal_ms=65.2099
[hidra] HID socket connect failed (/run/user/1000/hidra.kbd). Waiting for QEMU to listen... (set HID_SOCK or run scripts/run_qemu.sh)
[hidra] HID socket connect failed (/run/user/1000/hidra.kbd). Waiting for QEMU to listen... (set HID_SOCK or run scripts/run_qemu.sh)
[msquic] stream: RECEIVE bytes=104 buffers=1 pending=0
[lat] dt_ms=55.6976 cmd=down key=t
[hidra] HID socket connect failed (/run/user/1000/hidra.kbd). Waiting for QEMU to listen... (set HID_SOCK or run scripts/run_qemu.sh)
[hidra] HID socket connect failed (/run/user/1000/hidra.kbd). Waiting for QEMU to listen... (set HID_SOCK or run scripts/run_qemu.sh)
[msquic] stream: RECEIVE bytes=52 buffers=1 pending=0
[heal] key=23 heal_ms=58.6318
[hidra] HID socket connect failed (/run/user/1000/hidra.kbd). Waiting for QEMU to listen... (set HID_SOCK or run scripts/run_qemu.sh)
[msquic] stream: RECEIVE bytes=52 buffers=1 pending=0
[lat] dt_ms=59.894 cmd=up key=t
[hidra] HID socket connect failed (/run/user/1000/hidra.kbd). Waiting for QEMU to listen... (set HID_SOCK or run scripts/run_qemu.sh)
[hidra] HID socket connect failed (/run/user/1000/hidra.kbd). Waiting for QEMU to listen... (set HID_SOCK or run scripts/run_qemu.sh)
[msquic] stream: RECEIVE bytes=52 buffers=1 pending=0
[lat] dt_ms=66.9719 cmd=down key=ENTER
[hidra] HID socket connect failed (/run/user/1000/hidra.kbd). Waiting for QEMU to listen... (set HID_SOCK or run scripts/run_qemu.sh)
[lat] dt_ms=52.2891 cmd=down key=a
[hidra] HID socket connect failed (/run/user/1000/hidra.kbd). Waiting for QEMU to listen... (set HID_SOCK or run scripts/run_qemu.sh)
[heal] key=40 heal_ms=70.0735
[hidra] HID socket connect failed (/run/user/1000/hidra.kbd). Waiting for QEMU to listen... (set HID_SOCK or run scripts/run_qemu.sh)
[msquic] stream: RECEIVE bytes=52 buffers=1 pending=0
[hidra] HID socket connect failed (/run/user/1000/hidra.kbd). Waiting for QEMU to listen... (set HID_SOCK or run scripts/run_qemu.sh)
[msquic] stream: RECEIVE bytes=52 buffers=1 pending=0
[hidra] HID socket connect failed (/run/user/1000/hidra.kbd). Waiting for QEMU to listen... (set HID_SOCK or run scripts/run_qemu.sh)
[msquic] stream: RECEIVE bytes=52 buffers=1 pending=0
[hidra] HID socket connect failed (/run/user/1000/hidra.kbd). Waiting for QEMU to listen... (set HID_SOCK or run scripts/run_qemu.sh)
[msquic] stream: RECEIVE bytes=52 buffers=1 pending=0
[lat] dt_ms=44.1336 cmd=down key=p
[hidra] HID socket connect failed (/run/user/1000/hidra.kbd). Waiting for QEMU to listen... (set HID_SOCK or run scripts/run_qemu.sh)
[hidra] HID socket connect failed (/run/user/1000/hidra.kbd). Waiting for QEMU to listen... (set HID_SOCK or run scripts/run_qemu.sh)
[msquic] stream: RECEIVE bytes=52 buffers=1 pending=0
[lat] dt_ms=69.489 cmd=up key=a
[hidra] HID socket connect failed (/run/user/1000/hidra.kbd). Waiting for QEMU to listen... (set HID_SOCK or run scripts/run_qemu.sh)
[hidra] HID socket connect failed (/run/user/1000/hidra.kbd). Waiting for QEMU to listen... (set HID_SOCK or run scripts/run_qemu.sh)
[msquic] stream: RECEIVE bytes=52 buffers=1 pending=0
[heal] key=19 heal_ms=68.9734
[hidra] HID socket connect failed (/run/user/1000/hidra.kbd). Waiting for QEMU to listen... (set HID_SOCK or run scripts/run_qemu.sh)
[msquic] stream: RECEIVE bytes=52 buffers=1 pending=0
[lat] dt_ms=67.2111 cmd=down key=t
[hidra] HID socket connect failed (/run/user/1000/hidra.kbd). Waiting for QEMU to listen... (set HID_SOCK or run scripts/run_qemu.sh)
[lat] dt_ms=79.5815 cmd=up key=p
[hidra] HID socket connect failed (/run/user/1000/hidra.kbd). Waiting for QEMU to listen... (set HID_SOCK or run scripts/run_qemu.sh)
[lat] dt_ms=65.2783 cmd=up key=t
[hidra] HID socket connect failed (/run/user/1000/hidra.kbd). Waiting for QEMU to listen... (set HID_SOCK or run scripts/run_qemu.sh)
[hidra] HID socket connect failed (/run/user/1000/hidra.kbd). Waiting for QEMU to listen... (set HID_SOCK or run scripts/run_qemu.sh)
[hidra] HID socket connect failed (/run/user/1000/hidra.kbd). Waiting for QEMU to listen... (set HID_SOCK or run scripts/run_qemu.sh)
[msquic] stream: RECEIVE bytes=104 buffers=1 pending=0
[hidra] HID socket connect failed (/run/user/1000/hidra.kbd). Waiting for QEMU to listen... (set HID_SOCK or run scripts/run_qemu.sh)
[msquic] stream: RECEIVE bytes=52 buffers=1 pending=0
[hidra] HID socket connect failed (/run/user/1000/hidra.kbd). Waiting for QEMU to listen... (set HID_SOCK or run scripts/run_qemu.sh)
[hidra] HID socket connect failed (/run/user/1000/hidra.kbd). Waiting for QEMU to listen... (set HID_SOCK or run scripts/run_qemu.sh)
[msquic] stream: RECEIVE bytes=104 buffers=1 pending=0
[lat] dt_ms=51.3253 cmd=down key=a
[hidra] HID socket connect failed (/run/user/1000/hidra.kbd). Waiting for QEMU to listen... (set HID_SOCK or run scripts/run_qemu.sh)
[lat] dt_ms=72.6617 cmd=down key=ENTER
[hidra] HID socket connect failed (/run/user/1000/hidra.kbd). Waiting for QEMU to listen... (set HID_SOCK or run scripts/run_qemu.sh)
[lat] dt_ms=67.2698 cmd=up key=ENTER
[hidra] HID socket connect failed (/run/user/1000/hidra.kbd). Waiting for QEMU to listen... (set HID_SOCK or run scripts/run_qemu.sh)
[lat] dt_ms=51.6708 cmd=up key=a
[hidra] HID socket connect failed (/run/user/1000/hidra.kbd). Waiting for QEMU to listen... (set HID_SOCK or run scripts/run_qemu.sh)
[lat] dt_ms=40.9592 cmd=up key=p
[hidra] HID socket connect failed (/run/user/1000/hidra.kbd). Waiting for QEMU to listen... (set HID_SOCK or run scripts/run_qemu.sh)
[hidra] HID socket connect failed (/run/user/1000/hidra.kbd). Waiting for QEMU to listen... (set HID_SOCK or run scripts/run_qemu.sh)
[msquic] stream: RECEIVE bytes=52 buffers=1 pending=0
[lat] dt_ms=61.1683 cmd=down key=p
[hidra] HID socket connect failed (/run/user/1000/hidra.kbd). Waiting for QEMU to listen... (set HID_SOCK or run scripts/run_qemu.sh)
[lat] dt_ms=46.6076 cmd=down key=t
[hidra] HID socket connect failed (/run/user/1000/hidra.kbd). Waiting for QEMU to listen... (set HID_SOCK or run scripts/run_qemu.sh)
[hidra] HID socket connect failed (/run/user/1000/hidra.kbd). Waiting for QEMU to listen... (set HID_SOCK or run scripts/run_qemu.sh)
[msquic] stream: RECEIVE bytes=52 buffers=1 pending=0
[hidra] HID socket connect failed (/run/user/1000/hidra.kbd). Waiting for QEMU to listen... (set HID_SOCK or run scripts/run_qemu.sh)
[msquic] stream: RECEIVE bytes=52 buffers=1 pending=0
[hidra] HID socket connect failed (/run/user/1000/hidra.kbd). Waiting for QEMU to listen... (set HID_SOCK or run scripts/run_qemu.sh)
[msquic] stream: RECEIVE bytes=52 buffers=1 pending=0
[hidra] HID socket connect failed (/run/user/1000/hidra.kbd). Waiting for QEMU to listen... (set HID_SOCK or run scripts/run_qemu.sh)
[msquic] stream: RECEIVE bytes=52 buffers=1 pending=0
[hidra] HID socket connect failed (/run/user/1000/hidra.kbd). Waiting for QEMU to listen... (set HID_SOCK or run scripts/run_qemu.sh)
[msquic] stream: RECEIVE bytes=52 buffers=1 pending=0
[lat] dt_ms=70.8358 cmd=up key=t
[hidra] HID socket connect failed (/run/user/1000/hidra.kbd). Waiting for QEMU to listen... (set HID_SOCK or run scripts/run_qemu.sh)
[lat] dt_ms=70.723 cmd=down key=ENTER
[hidra] HID socket connect failed (/run/user/1000/hidra.kbd). Waiting for QEMU to listen... (set HID_SOCK or run scripts/run_qemu.sh)
[hidra] HID socket connect failed (/run/user/1000/hidra.kbd). Waiting for QEMU to listen... (set HID_SOCK or run scripts/run_qemu.sh)
[msquic] stream: RECEIVE bytes=52 buffers=1 pending=0
[heal] key=40 heal_ms=68.5845
[hidra] HID socket connect failed (/run/user/1000/hidra.kbd). Waiting for QEMU to listen... (set HID_SOCK or run scripts/run_qemu.sh)
[msquic] stream: RECEIVE bytes=52 buffers=1 pending=0
[lat] dt_ms=44.5987 cmd=down key=p
[hidra] HID socket connect failed (/run/user/1000/hidra.kbd). Waiting for QEMU to listen... (set HID_SOCK or run scripts/run_qemu.sh)
[lat] dt_ms=77.0676 cmd=up key=ENTER
[hidra] HID socket connect failed (/run/user/1000/hidra.kbd). Waiting for QEMU to listen... (set HID_SOCK or run scripts/run_qemu.sh)
[heal] key=19 heal_ms=120.621
[heal] key=4 heal_ms=141.685
[hidra] HID socket connect failed (/run/user/1000/hidra.kbd). Waiting for QEMU to listen... (set HID_SOCK or run scripts/run_qemu.sh)
[msquic] stream: RECEIVE bytes=52 buffers=1 pending=0
[lat] dt_ms=70.8234 cmd=down key=a
[hidra] HID socket connect failed (/run/user/1000/hidra.kbd). Waiting for QEMU to listen... (set HID_SOCK or run scripts/run_qemu.sh)
[lat] dt_ms=60.2441 cmd=up key=a
[hidra] HID socket connect failed (/run/user/1000/hidra.kbd). Waiting for QEMU to listen... (set HID_SOCK or run scripts/run_qemu.sh)
[hidra] HID socket connect failed (/run/user/1000/hidra.kbd). Waiting for QEMU to listen... (set HID_SOCK or run scripts/run_qemu.sh)
[hidra] HID socket connect failed (/run/user/1000/hidra.kbd). Waiting for QEMU to listen... (set HID_SOCK or run scripts/run_qemu.sh)
[msquic] stream: RECEIVE bytes=104 buffers=1 pending=0
[lat] dt_ms=60.6931 cmd=up key=p
[hidra] HID socket connect failed (/run/user/1000/hidra.kbd). Waiting for QEMU to listen... (set HID_SOCK or run scripts/run_qemu.sh)
[hidra] HID socket connect failed (/run/user/1000/hidra.kbd). Waiting for QEMU to listen... (set HID_SOCK or run scripts/run_qemu.sh)
[msquic] stream: RECEIVE bytes=52 buffers=1 pending=0
[lat] dt_ms=51.199 cmd=up key=t
[hidra] HID socket connect failed (/run/user/1000/hidra.kbd). Waiting for QEMU to listen... (set HID_SOCK or run scripts/run_qemu.sh)
[hidra] HID socket connect failed (/run/user/1000/hidra.kbd). Waiting for QEMU to listen... (set HID_SOCK or run scripts/run_qemu.sh)
[msquic] stream: RECEIVE bytes=52 buffers=1 pending=0
[hidra] HID socket connect failed (/run/user/1000/hidra.kbd). Waiting for QEMU to listen... (set HID_SOCK or run scripts/run_qemu.sh)
[msquic] stream: RECEIVE bytes=52 buffers=1 pending=0
[lat] dt_ms=65.2847 cmd=down key=t
[hidra] HID socket connect failed (/run/user/1000/hidra.kbd). Waiting for QEMU to listen... (set HID_SOCK or run scripts/run_qemu.sh)
[hidra] HID socket connect failed (/run/user/1000/hidra.kbd). Waiting for QEMU to listen... (set HID_SOCK or run scripts/run_qemu.sh)
[msquic] stream: RECEIVE bytes=52 buffers=1 pending=0
[lat] dt_ms=41.1069 cmd=up key=ENTER
[hidra] HID socket connect failed (/run/user/1000/hidra.kbd). Waiting for QEMU to listen... (set HID_SOCK or run scripts/run_qemu.sh)
[lat] dt_ms=47.3045 cmd=down key=a
[hidra] HID socket connect failed (/run/user/1000/hidra.kbd). Waiting for QEMU to listen... (set HID_SOCK or run scripts/run_qemu.sh)
[lat] dt_ms=69.3947 cmd=down key=ENTER
[hidra] HID socket connect failed (/run/user/1000/hidra.kbd). Waiting for QEMU to listen... (set HID_SOCK or run scripts/run_qemu.sh)
[heal] key=4 heal_ms=124.466
[hidra] HID socket connect failed (/run/user/1000/hidra.kbd). Waiting for QEMU to listen... (set HID_SOCK or run scripts/run_qemu.sh)
[hidra] HID socket connect failed (/run/user/1000/hidra.kbd). Waiting for QEMU to listen... (set HID_SOCK or run scripts/run_qemu.sh)
[msquic] stream: RECEIVE bytes=104 buffers=1 pending=0
[heal] key=40 heal_ms=66.5319
[hidra] HID socket connect failed (/run/user/1000/hidra.kbd). Waiting for QEMU to listen... (set HID_SOCK or run scripts/run_qemu.sh)
[msquic] stream: RECEIVE bytes=52 buffers=1 pending=0
[hidra] HID socket connect failed (/run/user/1000/hidra.kbd). Waiting for QEMU to listen... (set HID_SOCK or run scripts/run_qemu.sh)
[msquic] stream: RECEIVE bytes=52 buffers=1 pending=0
[lat] dt_ms=57.3028 cmd=down key=p
[hidra] HID socket connect failed (/run/user/1000/hidra.kbd). Waiting for QEMU to listen... (set HID_SOCK or run scripts/run_qemu.sh)
[heal] key=19 heal_ms=51.7327
[hidra] HID socket connect failed (/run/user/1000/hidra.kbd). Waiting for QEMU to listen... (set HID_SOCK or run scripts/run_qemu.sh)
[msquic] stream: RECEIVE bytes=52 buffers=1 pending=0
[lat] dt_ms=75.4888 cmd=up key=a
[hidra] HID socket connect failed (/run/user/1000/hidra.kbd). Waiting for QEMU to listen... (set HID_SOCK or run scripts/run_qemu.sh)
[hidra] HID socket connect failed (/run/user/1000/hidra.kbd). Waiting for QEMU to listen... (set HID_SOCK or run scripts/run_qemu.sh)
[msquic] stream: RECEIVE bytes=52 buffers=1 pending=0
[lat] dt_ms=52.0407 cmd=down key=t
[hidra] HID socket connect failed (/run/user/1000/hidra.kbd). Waiting for QEMU to listen... (set HID_SOCK or run scripts/run_qemu.sh)
[heal] key=23 heal_ms=127.846
[hidra] HID socket connect failed (/run/user/1000/hidra.kbd). Waiting for QEMU to listen... (set HID_SOCK or run scripts/run_qemu.sh)
[msquic] stream: RECEIVE bytes=52 buffers=1 pending=0
[lat] dt_ms=73.8506 cmd=up key=p
[hidra] HID socket connect failed (/run/user/1000/hidra.kbd). Waiting for QEMU to listen... (set HID_SOCK or run scripts/run_qemu.sh)
[hidra] HID socket connect failed (/run/user/1000/hidra.kbd). Waiting for QEMU to listen... (set HID_SOCK or run scripts/run_qemu.sh)
[msquic] stream: RECEIVE bytes=52 buffers=1 pending=0
[lat] dt_ms=61.0424 cmd=up key=t
[hidra] HID socket connect failed (/run/user/1000/hidra.kbd). Waiting for QEMU to listen... (set HID_SOCK or run scripts/run_qemu.sh)
[hidra] HID socket connect failed (/run/user/1000/hidra.kbd). Waiting for QEMU to listen... (set HID_SOCK or run scripts/run_qemu.sh)
[msquic] stream: RECEIVE bytes=52 buffers=1 pending=0
[lat] dt_ms=45.6149 cmd=up key=ENTER
[hidra] HID socket connect failed (/run/user/1000/hidra.kbd). Waiting for QEMU to listen... (set HID_SOCK or run scripts/run_qemu.sh)
[hidra] HID socket connect failed (/run/user/1000/hidra.kbd). Waiting for QEMU to listen... (set HID_SOCK or run scripts/run_qemu.sh)
[msquic] stream: RECEIVE bytes=52 buffers=1 pending=0
[hidra] HID socket connect failed (/run/user/1000/hidra.kbd). Waiting for QEMU to listen... (set HID_SOCK or run scripts/run_qemu.sh)
[msquic] stream: RECEIVE bytes=52 buffers=1 pending=0
[lat] dt_ms=77.0032 cmd=down key=ENTER
[hidra] HID socket connect failed (/run/user/1000/hidra.kbd). Waiting for QEMU to listen... (set HID_SOCK or run scripts/run_qemu.sh)
[hidra] HID socket connect failed (/run/user/1000/hidra.kbd). Waiting for QEMU to listen... (set HID_SOCK or run scripts/run_qemu.sh)
[msquic] stream: RECEIVE bytes=52 buffers=1 pending=0
[heal] key=40 heal_ms=75.0211
[hidra] HID socket connect failed (/run/user/1000/hidra.kbd). Waiting for QEMU to listen... (set HID_SOCK or run scripts/run_qemu.sh)
[msquic] stream: RECEIVE bytes=52 buffers=1 pending=0
[heal] key=4 heal_ms=60.1819
[hidra] snapshot v1 mods=0x0 pressed=0
[hidra] HID socket connect failed (/run/user/1000/hidra.kbd). Waiting for QEMU to listen... (set HID_SOCK or run scripts/run_qemu.sh)
[msquic] stream: RECEIVE bytes=52 buffers=1 pending=0
[lat] dt_ms=78.8279 cmd=down key=a
[hidra] HID socket connect failed (/run/user/1000/hidra.kbd). Waiting for QEMU to listen... (set HID_SOCK or run scripts/run_qemu.sh)
[lat] dt_ms=59.9959 cmd=down key=p
[hidra] HID socket connect failed (/run/user/1000/hidra.kbd). Waiting for QEMU to listen... (set HID_SOCK or run scripts/run_qemu.sh)
[hidra] HID socket connect failed (/run/user/1000/hidra.kbd). Waiting for QEMU to listen... (set HID_SOCK or run scripts/run_qemu.sh)
[msquic] stream: RECEIVE bytes=52 buffers=1 pending=0
[hidra] HID socket connect failed (/run/user/1000/hidra.kbd). Waiting for QEMU to listen... (set HID_SOCK or run scripts/run_qemu.sh)
[msquic] stream: RECEIVE bytes=52 buffers=1 pending=0
[lat] dt_ms=42.1841 cmd=up key=t
[hidra] HID socket connect failed (/run/user/1000/hidra.kbd). Waiting for QEMU to listen... (set HID_SOCK or run scripts/run_qemu.sh)
[hidra] HID socket connect failed (/run/user/1000/hidra.kbd). Waiting for QEMU to listen... (set HID_SOCK or run scripts/run_qemu.sh)
[msquic] stream: RECEIVE bytes=52 buffers=1 pending=0
[lat] dt_ms=71.8739 cmd=up key=p
[hidra] HID socket connect failed (/run/user/1000/hidra.kbd). Waiting for QEMU to listen... (set HID_SOCK or run scripts/run_qemu.sh)
[lat] dt_ms=44.3556 cmd=down key=ENTER
[hidra] HID socket connect failed (/run/user/1000/hidra.kbd). Waiting for QEMU to listen... (set HID_SOCK or run scripts/run_qemu.sh)
[hidra] HID socket connect failed (/run/user/1000/hidra.kbd). Waiting for QEMU to listen... (set HID_SOCK or run scripts/run_qemu.sh)
[msquic] stream: RECEIVE bytes=52 buffers=1 pending=0
[hidra] HID socket connect failed (/run/user/1000/hidra.kbd). Waiting for QEMU to listen... (set HID_SOCK or run scripts/run_qemu.sh)
[msquic] stream: RECEIVE bytes=52 buffers=1 pending=0
[lat] dt_ms=80.2797 cmd=down key=t
[hidra] HID socket connect failed (/run/user/1000/hidra.kbd). Waiting for QEMU to listen... (set HID_SOCK or run scripts/run_qemu.sh)
[heal] key=23 heal_ms=79.3327
[hidra] HID socket connect failed (/run/user/1000/hidra.kbd). Waiting for QEMU to listen... (set HID_SOCK or run scripts/run_qemu.sh)
[msquic] stream: RECEIVE bytes=52 buffers=1 pending=0
[hidra] HID socket connect failed (/run/user/1000/hidra.kbd). Waiting for QEMU to listen... (set HID_SOCK or run scripts/run_qemu.sh)
[msquic] stream: RECEIVE bytes=52 buffers=1 pending=0
[hidra] HID socket connect failed (/run/user/1000/hidra.kbd). Waiting for QEMU to listen... (set HID_SOCK or run scripts/run_qemu.sh)
[msquic] stream: RECEIVE bytes=52 buffers=1 pending=0
[lat] dt_ms=73.9533 cmd=up key=ENTER
[hidra] HID socket connect failed (/run/user/1000/hidra.kbd). Waiting for QEMU to listen... (set HID_SOCK or run scripts/run_qemu.sh)
[heal] key=4 heal_ms=54.1298
[hidra] HID socket connect failed (/run/user/1000/hidra.kbd). Waiting for QEMU to listen... (set HID_SOCK or run scripts/run_qemu.sh)
[msquic] stream: RECEIVE bytes=52 buffers=1 pending=0
[lat] dt_ms=65.5877 cmd=down key=a
[hidra] HID socket connect failed (/run/user/1000/hidra.kbd). Waiting for QEMU to listen... (set HID_SOCK or run scripts/run_qemu.sh)
[hidra] HID socket connect failed (/run/user/1000/hidra.kbd). Waiting for QEMU to listen... (set HID_SOCK or run scripts/run_qemu.sh)
[msquic] stream: RECEIVE bytes=52 buffers=1 pending=0
[lat] dt_ms=48.8293 cmd=down key=p
[hidra] HID socket connect failed (/run/user/1000/hidra.kbd). Waiting for QEMU to listen... (set HID_SOCK or run scripts/run_qemu.sh)
[hidra] HID socket connect failed (/run/user/1000/hidra.kbd). Waiting for QEMU to listen... (set HID_SOCK or run scripts/run_qemu.sh)
[msquic] stream: RECEIVE bytes=52 buffers=1 pending=0
[lat] dt_ms=47.5255 cmd=up key=p
[hidra] HID socket connect failed (/run/user/1000/hidra.kbd). Waiting for QEMU to listen... (set HID_SOCK or run scripts/run_qemu.sh)
[hidra] HID socket connect failed (/run/user/1000/hidra.kbd). Waiting for QEMU to listen... (set HID_SOCK or run scripts/run_qemu.sh)
[msquic] stream: RECEIVE bytes=52 buffers=1 pending=0
[hidra] HID socket connect failed (/run/user/1000/hidra.kbd). Waiting for QEMU to listen... (set HID_SOCK or run scripts/run_qemu.sh)
[msquic] stream: RECEIVE bytes=52 buffers=1 pending=0
[lat] dt_ms=78.5572 cmd=up key=a
[hidra] HID socket connect failed (/run/user/1000/hidra.kbd). Waiting for QEMU to listen... (set HID_SOCK or run scripts/run_qemu.sh)
[lat] dt_ms=47.1671 cmd=up key=t
[hidra] HID socket connect failed (/run/user/1000/hidra.kbd). Waiting for QEMU to listen... (set HID_SOCK or run scripts/run_qemu.sh)
[lat] dt_ms=47.1402 cmd=down key=ENTER
[hidra] HID socket connect failed (/run/user/1000/hidra.kbd). Waiting for QEMU to listen... (set HID_SOCK or run scripts/run_qemu.sh)
[lat] dt_ms=75.468 cmd=down key=t
[hidra] HID socket connect failed (/run/user/1000/hidra.kbd). Waiting for QEMU to listen... (set HID_SOCK or run scripts/run_qemu.sh)
[hidra] HID socket connect failed (/run/user/1000/hidra.kbd). Waiting for QEMU to listen... (set HID_SOCK or run scripts/run_qemu.sh)
[msquic] stream: RECEIVE bytes=52 buffers=1 pending=0
[lat] dt_ms=44.4743 cmd=down key=a
[hidra] HID socket connect failed (/run/user/1000/hidra.kbd). Waiting for QEMU to listen... (set HID_SOCK or run scripts/run_qemu.sh)
[heal] key=23 heal_ms=80.2161
[hidra] HID socket connect failed (/run/user/1000/hidra.kbd). Waiting for QEMU to listen... (set HID_SOCK or run scripts/run_qemu.sh)
[msquic] stream: RECEIVE bytes=52 buffers=1 pending=0
[hidra] HID socket connect failed (/run/user/1000/hidra.kbd). Waiting for QEMU to listen... (set HID_SOCK or run scripts/run_qemu.sh)
[msquic] stream: RECEIVE bytes=52 buffers=1 pending=0
[hidra] HID socket connect failed (/run/user/1000/hidra.kbd). Waiting for QEMU to listen... (set HID_SOCK or run scripts/run_qemu.sh)
[msquic] stream: RECEIVE bytes=52 buffers=1 pending=0
[hidra] HID socket connect failed (/run/user/1000/hidra.kbd). Waiting for QEMU to listen... (set HID_SOCK or run scripts/run_qemu.sh)
[msquic] stream: RECEIVE bytes=52 buffers=1 pending=0
[lat] dt_ms=76.2832 cmd=up key=ENTER
[hidra] HID socket connect failed (/run/user/1000/hidra.kbd). Waiting for QEMU to listen... (set HID_SOCK or run scripts/run_qemu.sh)
[lat] dt_ms=58.5112 cmd=up key=a
[hidra] send() failed; will retry connect
[hidra] HID socket connect failed (/run/user/1000/hidra.kbd). Waiting for QEMU to listen... (set HID_SOCK or run scripts/run_qemu.sh)
[msquic] stream: RECEIVE bytes=52 buffers=1 pending=0
[lat] dt_ms=61.7487 cmd=down key=p
[hidra] HID socket connect failed (/run/user/1000/hidra.kbd). Waiting for QEMU to listen... (set HID_SOCK or run scripts/run_qemu.sh)
[hidra] HID socket connect failed (/run/user/1000/hidra.kbd). Waiting for QEMU to listen... (set HID_SOCK or run scripts/run_qemu.sh)
[msquic] stream: RECEIVE bytes=52 buffers=1 pending=0
[hidra] HID socket connect failed (/run/user/1000/hidra.kbd). Waiting for QEMU to listen... (set HID_SOCK or run scripts/run_qemu.sh)
[msquic] stream: RECEIVE bytes=52 buffers=1 pending=0
[heal] key=19 heal_ms=65.3221
[hidra] HID socket connect failed (/run/user/1000/hidra.kbd). Waiting for QEMU to listen... (set HID_SOCK or run scripts/run_qemu.sh)
[msquic] stream: RECEIVE bytes=52 buffers=1 pending=0
[lat] dt_ms=56.0215 cmd=down key=t
[hidra] HID socket connect failed (/run/user/1000/hidra.kbd). Waiting for QEMU to listen... (set HID_SOCK or run scripts/run_qemu.sh)
[lat] dt_ms=51.5107 cmd=up key=t
[hidra] HID socket connect failed (/run/user/1000/hidra.kbd). Waiting for QEMU to listen... (set HID_SOCK or run scripts/run_qemu.sh)
[lat] dt_ms=80.6103 cmd=up key=p
[hidra] HID socket connect failed (/run/user/1000/hidra.kbd). Waiting for QEMU to listen... (set HID_SOCK or run scripts/run_qemu.sh)
[hidra] HID socket connect failed (/run/user/1000/hidra.kbd). Waiting for QEMU to listen... (set HID_SOCK or run scripts/run_qemu.sh)
[msquic] stream: RECEIVE bytes=52 buffers=1 pending=0
[heal] key=23 heal_ms=68.2232
[hidra] HID socket connect failed (/run/user/1000/hidra.kbd). Waiting for QEMU to listen... (set HID_SOCK or run scripts/run_qemu.sh)
[msquic] stream: RECEIVE bytes=52 buffers=1 pending=0
[hidra] HID socket connect failed (/run/user/1000/hidra.kbd). Waiting for QEMU to listen... (set HID_SOCK or run scripts/run_qemu.sh)
[msquic] stream: RECEIVE bytes=52 buffers=1 pending=0
[lat] dt_ms=73.1277 cmd=down key=ENTER
[hidra] HID socket connect failed (/run/user/1000/hidra.kbd). Waiting for QEMU to listen... (set HID_SOCK or run scripts/run_qemu.sh)
[lat] dt_ms=63.5521 cmd=up key=ENTER
[hidra] HID socket connect failed (/run/user/1000/hidra.kbd). Waiting for QEMU to listen... (set HID_SOCK or run scripts/run_qemu.sh)
[hidra] HID socket connect failed (/run/user/1000/hidra.kbd). Waiting for QEMU to listen... (set HID_SOCK or run scripts/run_qemu.sh)
[msquic] stream: RECEIVE bytes=52 buffers=1 pending=0
[hidra] HID socket connect failed (/run/user/1000/hidra.kbd). Waiting for QEMU to listen... (set HID_SOCK or run scripts/run_qemu.sh)
[msquic] stream: RECEIVE bytes=52 buffers=1 pending=0
[lat] dt_ms=65.9521 cmd=down key=a
[hidra] HID socket connect failed (/run/user/1000/hidra.kbd). Waiting for QEMU to listen... (set HID_SOCK or run scripts/run_qemu.sh)
[heal] key=4 heal_ms=58.4446
[hidra] HID socket connect failed (/run/user/1000/hidra.kbd). Waiting for QEMU to listen... (set HID_SOCK or run scripts/run_qemu.sh)
[msquic] stream: RECEIVE bytes=52 buffers=1 pending=0
[lat] dt_ms=52.1654 cmd=down key=p
[hidra] HID socket connect failed (/run/user/1000/hidra.kbd). Waiting for QEMU to listen... (set HID_SOCK or run scripts/run_qemu.sh)
[lat] dt_ms=65.6493 cmd=up key=a
[hidra] HID socket connect failed (/run/user/1000/hidra.kbd). Waiting for QEMU to listen... (set HID_SOCK or run scripts/run_qemu.sh)
[hidra] HID socket connect failed (/run/user/1000/hidra.kbd). Waiting for QEMU to listen... (set HID_SOCK or run scripts/run_qemu.sh)
[msquic] stream: RECEIVE bytes=52 buffers=1 pending=0
[hidra] HID socket connect failed (/run/user/1000/hidra.kbd). Waiting for QEMU to listen... (set HID_SOCK or run scripts/run_qemu.sh)
[msquic] stream: RECEIVE bytes=52 buffers=2 pending=0
[hidra] HID socket connect failed (/run/user/1000/hidra.kbd). Waiting for QEMU to listen... (set HID_SOCK or run scripts/run_qemu.sh)
[hidra] HID socket connect failed (/run/user/1000/hidra.kbd). Waiting for QEMU to listen... (set HID_SOCK or run scripts/run_qemu.sh)
[msquic] stream: RECEIVE bytes=104 buffers=1 pending=0
[lat] dt_ms=71.3115 cmd=up key=p
[hidra] HID socket connect failed (/run/user/1000/hidra.kbd). Waiting for QEMU to listen... (set HID_SOCK or run scripts/run_qemu.sh)
[lat] dt_ms=60.5628 cmd=up key=t
[hidra] HID socket connect failed (/run/user/1000/hidra.kbd). Waiting for QEMU to listen... (set HID_SOCK or run scripts/run_qemu.sh)
[lat] dt_ms=79.2684 cmd=down key=t
[hidra] HID socket connect failed (/run/user/1000/hidra.kbd). Waiting for QEMU to listen... (set HID_SOCK or run scripts/run_qemu.sh)
[lat] dt_ms=59.5346 cmd=down key=ENTER
[hidra] HID socket connect failed (/run/user/1000/hidra.kbd). Waiting for QEMU to listen... (set HID_SOCK or run scripts/run_qemu.sh)
[lat] dt_ms=60.1215 cmd=up key=ENTER
[hidra] HID socket connect failed (/run/user/1000/hidra.kbd). Waiting for QEMU to listen... (set HID_SOCK or run scripts/run_qemu.sh)
[heal] key=23 heal_ms=81.2166
[hidra] HID socket connect failed (/run/user/1000/hidra.kbd). Waiting for QEMU to listen... (set HID_SOCK or run scripts/run_qemu.sh)
[msquic] stream: RECEIVE bytes=52 buffers=1 pending=0
[hidra] HID socket connect failed (/run/user/1000/hidra.kbd). Waiting for QEMU to listen... (set HID_SOCK or run scripts/run_qemu.sh)
[lat] dt_ms=51.0746 cmd=down key=a
[hidra] send() failed; will retry connect
[hidra] HID socket connect failed (/run/user/1000/hidra.kbd). Waiting for QEMU to listen... (set HID_SOCK or run scripts/run_qemu.sh)
[msquic] stream: RECEIVE bytes=104 buffers=1 pending=0
[lat] dt_ms=44.9361 cmd=up key=a
[hidra] HID socket connect failed (/run/user/1000/hidra.kbd). Waiting for QEMU to listen... (set HID_SOCK or run scripts/run_qemu.sh)
[hidra] HID socket connect failed (/run/user/1000/hidra.kbd). Waiting for QEMU to listen... (set HID_SOCK or run scripts/run_qemu.sh)
[msquic] stream: RECEIVE bytes=52 buffers=1 pending=0
[lat] dt_ms=43.6789 cmd=down key=p
[hidra] HID socket connect failed (/run/user/1000/hidra.kbd). Waiting for QEMU to listen... (set HID_SOCK or run scripts/run_qemu.sh)
[heal] key=19 heal_ms=118.18
[hidra] HID socket connect failed (/run/user/1000/hidra.kbd). Waiting for QEMU to listen... (set HID_SOCK or run scripts/run_qemu.sh)
[msquic] stream: RECEIVE bytes=52 buffers=1 pending=0
[heal] key=40 heal_ms=80.5519
[hidra] HID socket connect failed (/run/user/1000/hidra.kbd). Waiting for QEMU to listen... (set HID_SOCK or run scripts/run_qemu.sh)
[msquic] stream: RECEIVE bytes=52 buffers=1 pending=0
[lat] dt_ms=48.1141 cmd=up key=p
[hidra] HID socket connect failed (/run/user/1000/hidra.kbd). Waiting for QEMU to listen... (set HID_SOCK or run scripts/run_qemu.sh)
[hidra] HID socket connect failed (/run/user/1000/hidra.kbd). Waiting for QEMU to listen... (set HID_SOCK or run scripts/run_qemu.sh)
[msquic] stream: RECEIVE bytes=52 buffers=1 pending=0
[lat] dt_ms=48.2863 cmd=down key=t
[hidra] HID socket connect failed (/run/user/1000/hidra.kbd). Waiting for QEMU to listen... (set HID_SOCK or run scripts/run_qemu.sh)
[hidra] HID socket connect failed (/run/user/1000/hidra.kbd). Waiting for QEMU to listen... (set HID_SOCK or run scripts/run_qemu.sh)
[msquic] stream: RECEIVE bytes=52 buffers=1 pending=0
[heal] key=19 heal_ms=67.972
[hidra] HID socket connect failed (/run/user/1000/hidra.kbd). Waiting for QEMU to listen... (set HID_SOCK or run scripts/run_qemu.sh)
[msquic] stream: RECEIVE bytes=52 buffers=1 pending=0
[hidra] HID socket connect failed (/run/user/1000/hidra.kbd). Waiting for QEMU to listen... (set HID_SOCK or run scripts/run_qemu.sh)
[msquic] stream: RECEIVE bytes=52 buffers=1 pending=0
[lat] dt_ms=64.5435 cmd=up key=t
[hidra] HID socket connect failed (/run/user/1000/hidra.kbd). Waiting for QEMU to listen... (set HID_SOCK or run scripts/run_qemu.sh)
[lat] dt_ms=61.3195 cmd=down key=ENTER
[hidra] HID socket connect failed (/run/user/1000/hidra.kbd). Waiting for QEMU to listen... (set HID_SOCK or run scripts/run_qemu.sh)
[heal] key=40 heal_ms=50.7452
[hidra] HID socket connect failed (/run/user/1000/hidra.kbd). Waiting for QEMU to listen... (set HID_SOCK or run scripts/run_qemu.sh)
[msquic] stream: RECEIVE bytes=52 buffers=1 pending=0
[hidra] HID socket connect failed (/run/user/1000/hidra.kbd). Waiting for QEMU to listen... (set HID_SOCK or run scripts/run_qemu.sh)
[msquic] stream: RECEIVE bytes=52 buffers=1 pending=0
[hidra] HID socket connect failed (/run/user/1000/hidra.kbd). Waiting for QEMU to listen... (set HID_SOCK or run scripts/run_qemu.sh)
[msquic] stream: RECEIVE bytes=52 buffers=1 pending=0
[heal] key=4 heal_ms=126.389
[hidra] HID socket connect failed (/run/user/1000/hidra.kbd). Waiting for QEMU to listen... (set HID_SOCK or run scripts/run_qemu.sh)
[msquic] stream: RECEIVE bytes=52 buffers=1 pending=0
[lat] dt_ms=64.5735 cmd=up key=ENTER
[hidra] HID socket connect failed (/run/user/1000/hidra.kbd). Waiting for QEMU to listen... (set HID_SOCK or run scripts/run_qemu.sh)
[hidra] HID socket connect failed (/run/user/1000/hidra.kbd). Waiting for QEMU to listen... (set HID_SOCK or run scripts/run_qemu.sh)
[msquic] stream: RECEIVE bytes=52 buffers=1 pending=0
[lat] dt_ms=64.4061 cmd=up key=a
[hidra] HID socket connect failed (/run/user/1000/hidra.kbd). Waiting for QEMU to listen... (set HID_SOCK or run scripts/run_qemu.sh)
[lat] dt_ms=76.0558 cmd=down key=a
[hidra] HID socket connect failed (/run/user/1000/hidra.kbd). Waiting for QEMU to listen... (set HID_SOCK or run scripts/run_qemu.sh)
[lat] dt_ms=59.105 cmd=down key=p
[hidra] HID socket connect failed (/run/user/1000/hidra.kbd). Waiting for QEMU to listen... (set HID_SOCK or run scripts/run_qemu.sh)
[hidra] HID socket connect failed (/run/user/1000/hidra.kbd). Waiting for QEMU to listen... (set HID_SOCK or run scripts/run_qemu.sh)
[msquic] stream: RECEIVE bytes=52 buffers=1 pending=0
[hidra] HID socket connect failed (/run/user/1000/hidra.kbd). Waiting for QEMU to listen... (set HID_SOCK or run scripts/run_qemu.sh)
[msquic] stream: RECEIVE bytes=52 buffers=1 pending=0
[lat] dt_ms=69.7218 cmd=up key=p
[hidra] HID socket connect failed (/run/user/1000/hidra.kbd). Waiting for QEMU to listen... (set HID_SOCK or run scripts/run_qemu.sh)
[hidra] HID socket connect failed (/run/user/1000/hidra.kbd). Waiting for QEMU to listen... (set HID_SOCK or run scripts/run_qemu.sh)
[msquic] stream: RECEIVE bytes=52 buffers=1 pending=0
[lat] dt_ms=69.5824 cmd=down key=t
[hidra] HID socket connect failed (/run/user/1000/hidra.kbd). Waiting for QEMU to listen... (set HID_SOCK or run scripts/run_qemu.sh)
[heal] key=23 heal_ms=63.6698
[hidra] HID socket connect failed (/run/user/1000/hidra.kbd). Waiting for QEMU to listen... (set HID_SOCK or run scripts/run_qemu.sh)
[msquic] stream: RECEIVE bytes=52 buffers=1 pending=0
[hidra] HID socket connect failed (/run/user/1000/hidra.kbd). Waiting for QEMU to listen... (set HID_SOCK or run scripts/run_qemu.sh)
[msquic] stream: RECEIVE bytes=52 buffers=1 pending=0
[lat] dt_ms=71.1052 cmd=up key=t
[hidra] HID socket connect failed (/run/user/1000/hidra.kbd). Waiting for QEMU to listen... (set HID_SOCK or run scripts/run_qemu.sh)
[hidra] progress: rx=845 emits=1211 quic_snapshots=653 socket=[hidra] HID socket connect failed (/run/user/1000/hidra.kbd). Waiting for QEMU to listen... (set HID_SOCK or run scripts/run_qemu.sh)
waiting
[lat] dt_ms=52.3739 cmd=up key=ENTER
[hidra] HID socket connect failed (/run/user/1000/hidra.kbd). Waiting for QEMU to listen... (set HID_SOCK or run scripts/run_qemu.sh)
[lat] dt_ms=50.1789 cmd=down key=a
[hidra] HID socket connect failed (/run/user/1000/hidra.kbd). Waiting for QEMU to listen... (set HID_SOCK or run scripts/run_qemu.sh)
[lat] dt_ms=79.9396 cmd=down key=ENTER
[hidra] HID socket connect failed (/run/user/1000/hidra.kbd). Waiting for QEMU to listen... (set HID_SOCK or run scripts/run_qemu.sh)
[hidra] HID socket connect failed (/run/user/1000/hidra.kbd). Waiting for QEMU to listen... (set HID_SOCK or run scripts/run_qemu.sh)
[msquic] stream: RECEIVE bytes=52 buffers=1 pending=0
[lat] dt_ms=43.3024 cmd=down key=p
[hidra] HID socket connect failed (/run/user/1000/hidra.kbd). Waiting for QEMU to listen... (set HID_SOCK or run scripts/run_qemu.sh)
[hidra] HID socket connect failed (/run/user/1000/hidra.kbd). Waiting for QEMU to listen... (set HID_SOCK or run scripts/run_qemu.sh)
[msquic] stream: RECEIVE bytes=52 buffers=1 pending=0
[lat] dt_ms=55.3441 cmd=up key=a
[hidra] HID socket connect failed (/run/user/1000/hidra.kbd). Waiting for QEMU to listen... (set HID_SOCK or run scripts/run_qemu.sh)
[hidra] HID socket connect failed (/run/user/1000/hidra.kbd). Waiting for QEMU to listen... (set HID_SOCK or run scripts/run_qemu.sh)
[msquic] stream: RECEIVE bytes=52 buffers=1 pending=0
[hidra] HID socket connect failed (/run/user/1000/hidra.kbd). Waiting for QEMU to listen... (set HID_SOCK or run scripts/run_qemu.sh)
[msquic] stream: RECEIVE bytes=52 buffers=1 pending=0
[lat] dt_ms=42.9885 cmd=up key=p
[hidra] HID socket connect failed (/run/user/1000/hidra.kbd). Waiting for QEMU to listen... (set HID_SOCK or run scripts/run_qemu.sh)
[hidra] HID socket connect failed (/run/user/1000/hidra.kbd). Waiting for QEMU to listen... (set HID_SOCK or run scripts/run_qemu.sh)
[msquic] stream: RECEIVE bytes=52 buffers=1 pending=0
[hidra] HID socket connect failed (/run/user/1000/hidra.kbd). Waiting for QEMU to listen... (set HID_SOCK or run scripts/run_qemu.sh)
[msquic] stream: RECEIVE bytes=52 buffers=1 pending=0
[lat] dt_ms=64.2462 cmd=down key=t
[hidra] HID socket connect failed (/run/user/1000/hidra.kbd). Waiting for QEMU to listen... (set HID_SOCK or run scripts/run_qemu.sh)
[heal] key=23 heal_ms=56.1278
[hidra] HID socket connect failed (/run/user/1000/hidra.kbd). Waiting for QEMU to listen... (set HID_SOCK or run scripts/run_qemu.sh)
[msquic] stream: RECEIVE bytes=52 buffers=1 pending=0
[lat] dt_ms=53.5228 cmd=down key=ENTER
[hidra] HID socket connect failed (/run/user/1000/hidra.kbd). Waiting for QEMU to listen... (set HID_SOCK or run scripts/run_qemu.sh)
[lat] dt_ms=67.4512 cmd=up key=t
[hidra] HID socket connect failed (/run/user/1000/hidra.kbd). Waiting for QEMU to listen... (set HID_SOCK or run scripts/run_qemu.sh)
[heal] key=40 heal_ms=137.383
[hidra] HID socket connect failed (/run/user/1000/hidra.kbd). Waiting for QEMU to listen... (set HID_SOCK or run scripts/run_qemu.sh)
[msquic] stream: RECEIVE bytes=52 buffers=1 pending=0
[lat] dt_ms=55.0691 cmd=up key=ENTER
[hidra] HID socket connect failed (/run/user/1000/hidra.kbd). Waiting for QEMU to listen... (set HID_SOCK or run scripts/run_qemu.sh)
[hidra] HID socket connect failed (/run/user/1000/hidra.kbd). Waiting for QEMU to listen... (set HID_SOCK or run scripts/run_qemu.sh)
[msquic] stream: RECEIVE bytes=52 buffers=1 pending=0
[lat] dt_ms=59.3945 cmd=down key=a
[hidra] HID socket connect failed (/run/user/1000/hidra.kbd). Waiting for QEMU to listen... (set HID_SOCK or run scripts/run_qemu.sh)
[heal] key=4 heal_ms=133.66
[hidra] HID socket connect failed (/run/user/1000/hidra.kbd). Waiting for QEMU to listen... (set HID_SOCK or run scripts/run_qemu.sh)
[msquic] stream: RECEIVE bytes=52 buffers=1 pending=0
[heal] key=40 heal_ms=72.0417
[hidra] HID socket connect failed (/run/user/1000/hidra.kbd). Waiting for QEMU to listen... (set HID_SOCK or run scripts/run_qemu.sh)
[msquic] stream: RECEIVE bytes=52 buffers=1 pending=0
[hidra] HID socket connect failed (/run/user/1000/hidra.kbd). Waiting for QEMU to listen... (set HID_SOCK or run scripts/run_qemu.sh)
[hidra] HID socket connect failed (/run/user/1000/hidra.kbd). Waiting for QEMU to listen... (set HID_SOCK or run scripts/run_qemu.sh)
[msquic] stream: RECEIVE bytes=104 buffers=1 pending=0
[lat] dt_ms=67.3656 cmd=up key=a
[hidra] HID socket connect failed (/run/user/1000/hidra.kbd). Waiting for QEMU to listen... (set HID_SOCK or run scripts/run_qemu.sh)
[hidra] HID socket connect failed (/run/user/1000/hidra.kbd). Waiting for QEMU to listen... (set HID_SOCK or run scripts/run_qemu.sh)
[msquic] stream: RECEIVE bytes=52 buffers=1 pending=0
[lat] dt_ms=44.0377 cmd=up key=t
[hidra] HID socket connect failed (/run/user/1000/hidra.kbd). Waiting for QEMU to listen... (set HID_SOCK or run scripts/run_qemu.sh)
[hidra] HID socket connect failed (/run/user/1000/hidra.kbd). Waiting for QEMU to listen... (set HID_SOCK or run scripts/run_qemu.sh)
[msquic] stream: RECEIVE bytes=52 buffers=1 pending=0
[lat] dt_ms=79.8315 cmd=down key=p
[hidra] HID socket connect failed (/run/user/1000/hidra.kbd). Waiting for QEMU to listen... (set HID_SOCK or run scripts/run_qemu.sh)
[lat] dt_ms=71.6054 cmd=up key=p
[hidra] HID socket connect failed (/run/user/1000/hidra.kbd). Waiting for QEMU to listen... (set HID_SOCK or run scripts/run_qemu.sh)
[hidra] HID socket connect failed (/run/user/1000/hidra.kbd). Waiting for QEMU to listen... (set HID_SOCK or run scripts/run_qemu.sh)
[msquic] stream: RECEIVE bytes=52 buffers=1 pending=0
[lat] dt_ms=71.5804 cmd=down key=t
[hidra] HID socket connect failed (/run/user/1000/hidra.kbd). Waiting for QEMU to listen... (set HID_SOCK or run scripts/run_qemu.sh)
[lat] dt_ms=44.7776 cmd=up key=ENTER
[hidra] HID socket connect failed (/run/user/1000/hidra.kbd). Waiting for QEMU to listen... (set HID_SOCK or run scripts/run_qemu.sh)
[hidra] HID socket connect failed (/run/user/1000/hidra.kbd). Waiting for QEMU to listen... (set HID_SOCK or run scripts/run_qemu.sh)
[msquic] stream: RECEIVE bytes=52 buffers=1 pending=0
[lat] dt_ms=58.8341 cmd=down key=ENTER
[hidra] HID socket connect failed (/run/user/1000/hidra.kbd). Waiting for QEMU to listen... (set HID_SOCK or run scripts/run_qemu.sh)
[heal] key=40 heal_ms=48.282
[hidra] HID socket connect failed (/run/user/1000/hidra.kbd). Waiting for QEMU to listen... (set HID_SOCK or run scripts/run_qemu.sh)
[msquic] stream: RECEIVE bytes=52 buffers=1 pending=0
[hidra] HID socket connect failed (/run/user/1000/hidra.kbd). Waiting for QEMU to listen... (set HID_SOCK or run scripts/run_qemu.sh)
[msquic] stream: RECEIVE bytes=52 buffers=1 pending=0
[hidra] HID socket connect failed (/run/user/1000/hidra.kbd). Waiting for QEMU to listen... (set HID_SOCK or run scripts/run_qemu.sh)
[msquic] stream: RECEIVE bytes=52 buffers=1 pending=0
[hidra] HID socket connect failed (/run/user/1000/hidra.kbd). Waiting for QEMU to listen... (set HID_SOCK or run scripts/run_qemu.sh)
[msquic] stream: RECEIVE bytes=52 buffers=1 pending=0
[lat] dt_ms=57.5077 cmd=up key=a
[hidra] HID socket connect failed (/run/user/1000/hidra.kbd). Waiting for QEMU to listen... (set HID_SOCK or run scripts/run_qemu.sh)
[lat] dt_ms=67.7614 cmd=down key=a
[hidra] HID socket connect failed (/run/user/1000/hidra.kbd). Waiting for QEMU to listen... (set HID_SOCK or run scripts/run_qemu.sh)
[heal] key=4 heal_ms=61.8183
[hidra] HID socket connect failed (/run/user/1000/hidra.kbd). Waiting for QEMU to listen... (set HID_SOCK or run scripts/run_qemu.sh)
[msquic] stream: RECEIVE bytes=52 buffers=1 pending=0
[lat] dt_ms=60.3478 cmd=down key=p
[hidra] HID socket connect failed (/run/user/1000/hidra.kbd). Waiting for QEMU to listen... (set HID_SOCK or run scripts/run_qemu.sh)
[lat] dt_ms=43.4205 cmd=down key=t
[hidra] HID socket connect failed (/run/user/1000/hidra.kbd). Waiting for QEMU to listen... (set HID_SOCK or run scripts/run_qemu.sh)
[lat] dt_ms=56.3298 cmd=up key=p
[hidra] HID socket connect failed (/run/user/1000/hidra.kbd). Waiting for QEMU to listen... (set HID_SOCK or run scripts/run_qemu.sh)
[hidra] HID socket connect failed (/run/user/1000/hidra.kbd). Waiting for QEMU to listen... (set HID_SOCK or run scripts/run_qemu.sh)
[msquic] stream: RECEIVE bytes=52 buffers=1 pending=0
[heal] key=23 heal_ms=126.897
[hidra] HID socket connect failed (/run/user/1000/hidra.kbd). Waiting for QEMU to listen... (set HID_SOCK or run scripts/run_qemu.sh)
[msquic] stream: RECEIVE bytes=52 buffers=1 pending=0
[lat] dt_ms=43.398 cmd=up key=t
[hidra] HID socket connect failed (/run/user/1000/hidra.kbd). Waiting for QEMU to listen... (set HID_SOCK or run scripts/run_qemu.sh)
[hidra] HID socket connect failed (/run/user/1000/hidra.kbd). Waiting for QEMU to listen... (set HID_SOCK or run scripts/run_qemu.sh)
[msquic] stream: RECEIVE bytes=52 buffers=1 pending=0
[lat] dt_ms=46.4365 cmd=down key=ENTER
[hidra] HID socket connect failed (/run/user/1000/hidra.kbd). Waiting for QEMU to listen... (set HID_SOCK or run scripts/run_qemu.sh)
[hidra] HID socket connect failed (/run/user/1000/hidra.kbd). Waiting for QEMU to listen... (set HID_SOCK or run scripts/run_qemu.sh)
[msquic] stream: RECEIVE bytes=52 buffers=1 pending=0
[hidra] HID socket connect failed (/run/user/1000/hidra.kbd). Waiting for QEMU to listen... (set HID_SOCK or run scripts/run_qemu.sh)
[msquic] stream: RECEIVE bytes=52 buffers=1 pending=0
[hidra] HID socket connect failed (/run/user/1000/hidra.kbd). Waiting for QEMU to listen... (set HID_SOCK or run scripts/run_qemu.sh)
[msquic] stream: RECEIVE bytes=52 buffers=1 pending=0
[hidra] HID socket connect failed (/run/user/1000/hidra.kbd). Waiting for QEMU to listen... (set HID_SOCK or run scripts/run_qemu.sh)
[msquic] stream: RECEIVE bytes=52 buffers=1 pending=0
[lat] dt_ms=45.9408 cmd=down key=a
[hidra] HID socket connect failed (/run/user/1000/hidra.kbd). Waiting for QEMU to listen... (set HID_SOCK or run scripts/run_qemu.sh)
[lat] dt_ms=68.6074 cmd=up key=ENTER
[hidra] HID socket connect failed (/run/user/1000/hidra.kbd). Waiting for QEMU to listen... (set HID_SOCK or run scripts/run_qemu.sh)
[hidra] HID socket connect failed (/run/user/1000/hidra.kbd). Waiting for QEMU to listen... (set HID_SOCK or run scripts/run_qemu.sh)
[msquic] stream: RECEIVE bytes=52 buffers=1 pending=0
[hidra] HID socket connect failed (/run/user/1000/hidra.kbd). Waiting for QEMU to listen... (set HID_SOCK or run scripts/run_qemu.sh)
[msquic] stream: RECEIVE bytes=52 buffers=1 pending=0
[hidra] HID socket connect failed (/run/user/1000/hidra.kbd). Waiting for QEMU to listen... (set HID_SOCK or run scripts/run_qemu.sh)
[msquic] stream: RECEIVE bytes=52 buffers=1 pending=0
[heal] key=4 heal_ms=72.659
[hidra] HID socket connect failed (/run/user/1000/hidra.kbd). Waiting for QEMU to listen... (set HID_SOCK or run scripts/run_qemu.sh)
[msquic] stream: RECEIVE bytes=52 buffers=1 pending=0
[lat] dt_ms=77.9633 cmd=up key=a
[hidra] HID socket connect failed (/run/user/1000/hidra.kbd). Waiting for QEMU to listen... (set HID_SOCK or run scripts/run_qemu.sh)
[lat] dt_ms=72.3981 cmd=down key=p
[hidra] HID socket connect failed (/run/user/1000/hidra.kbd). Waiting for QEMU to listen... (set HID_SOCK or run scripts/run_qemu.sh)
[heal] key=19 heal_ms=62.8099
[hidra] HID socket connect failed (/run/user/1000/hidra.kbd). Waiting for QEMU to listen... (set HID_SOCK or run scripts/run_qemu.sh)
[msquic] stream: RECEIVE bytes=52 buffers=1 pending=0
[lat] dt_ms=45.0248 cmd=up key=t
[hidra] HID socket connect failed (/run/user/1000/hidra.kbd). Waiting for QEMU to listen... (set HID_SOCK or run scripts/run_qemu.sh)
[lat] dt_ms=59.6367 cmd=down key=t
[hidra] HID socket connect failed (/run/user/1000/hidra.kbd). Waiting for QEMU to listen... (set HID_SOCK or run scripts/run_qemu.sh)
[lat] dt_ms=40.9686 cmd=down key=ENTER
[hidra] HID socket connect failed (/run/user/1000/hidra.kbd). Waiting for QEMU to listen... (set HID_SOCK or run scripts/run_qemu.sh)
[lat] dt_ms=75.2478 cmd=up key=p
[hidra] HID socket connect failed (/run/user/1000/hidra.kbd). Waiting for QEMU to listen... (set HID_SOCK or run scripts/run_qemu.sh)
[hidra] HID socket connect failed (/run/user/1000/hidra.kbd). Waiting for QEMU to listen... (set HID_SOCK or run scripts/run_qemu.sh)
[msquic] stream: RECEIVE bytes=52 buffers=1 pending=0
[hidra] HID socket connect failed (/run/user/1000/hidra.kbd). Waiting for QEMU to listen... (set HID_SOCK or run scripts/run_qemu.sh)
[msquic] stream: RECEIVE bytes=52 buffers=1 pending=0
[hidra] HID socket connect failed (/run/user/1000/hidra.kbd). Waiting for QEMU to listen... (set HID_SOCK or run scripts/run_qemu.sh)
[msquic] stream: RECEIVE bytes=52 buffers=1 pending=0
[hidra] HID socket connect failed (/run/user/1000/hidra.kbd). Waiting for QEMU to listen... (set HID_SOCK or run scripts/run_qemu.sh)
[msquic] stream: RECEIVE bytes=52 buffers=1 pending=0
[lat] dt_ms=63.1162 cmd=up key=ENTER
[hidra] HID socket connect failed (/run/user/1000/hidra.kbd). Waiting for QEMU to listen... (set HID_SOCK or run scripts/run_qemu.sh)
[hidra] HID socket connect failed (/run/user/1000/hidra.kbd). Waiting for QEMU to listen... (set HID_SOCK or run scripts/run_qemu.sh)
[msquic] stream: RECEIVE bytes=52 buffers=1 pending=0
[lat] dt_ms=62.6779 cmd=down key=a
[hidra] HID socket connect failed (/run/user/1000/hidra.kbd). Waiting for QEMU to listen... (set HID_SOCK or run scripts/run_qemu.sh)
[lat] dt_ms=43.9749 cmd=down key=p
[hidra] HID socket connect failed (/run/user/1000/hidra.kbd). Waiting for QEMU to listen... (set HID_SOCK or run scripts/run_qemu.sh)
[hidra] HID socket connect failed (/run/user/1000/hidra.kbd). Waiting for QEMU to listen... (set HID_SOCK or run scripts/run_qemu.sh)
[msquic] stream: RECEIVE bytes=52 buffers=1 pending=0
[lat] dt_ms=42.9095 cmd=up key=p
[hidra] HID socket connect failed (/run/user/1000/hidra.kbd). Waiting for QEMU to listen... (set HID_SOCK or run scripts/run_qemu.sh)
[hidra] HID socket connect failed (/run/user/1000/hidra.kbd). Waiting for QEMU to listen... (set HID_SOCK or run scripts/run_qemu.sh)
[msquic] stream: RECEIVE bytes=52 buffers=1 pending=0
[lat] dt_ms=72.2368 cmd=up key=a
[hidra] HID socket connect failed (/run/user/1000/hidra.kbd). Waiting for QEMU to listen... (set HID_SOCK or run scripts/run_qemu.sh)
[heal] key=19 heal_ms=54.586
[hidra] HID socket connect failed (/run/user/1000/hidra.kbd). Waiting for QEMU to listen... (set HID_SOCK or run scripts/run_qemu.sh)
[msquic] stream: RECEIVE bytes=52 buffers=1 pending=0
[hidra] HID socket connect failed (/run/user/1000/hidra.kbd). Waiting for QEMU to listen... (set HID_SOCK or run scripts/run_qemu.sh)
[msquic] stream: RECEIVE bytes=52 buffers=1 pending=0
[lat] dt_ms=49.1221 cmd=up key=t
[hidra] HID socket connect failed (/run/user/1000/hidra.kbd). Waiting for QEMU to listen... (set HID_SOCK or run scripts/run_qemu.sh)
[hidra] HID socket connect failed (/run/user/1000/hidra.kbd). Waiting for QEMU to listen... (set HID_SOCK or run scripts/run_qemu.sh)
[msquic] stream: RECEIVE bytes=52 buffers=1 pending=0
[hidra] HID socket connect failed (/run/user/1000/hidra.kbd). Waiting for QEMU to listen... (set HID_SOCK or run scripts/run_qemu.sh)
[hidra] HID socket connect failed (/run/user/1000/hidra.kbd). Waiting for QEMU to listen... (set HID_SOCK or run scripts/run_qemu.sh)
[msquic] stream: RECEIVE bytes=104 buffers=1 pending=0
[lat] dt_ms=79.2104 cmd=down key=t
[hidra] HID socket connect failed (/run/user/1000/hidra.kbd). Waiting for QEMU to listen... (set HID_SOCK or run scripts/run_qemu.sh)
[hidra] HID socket connect failed (/run/user/1000/hidra.kbd). Waiting for QEMU to listen... (set HID_SOCK or run scripts/run_qemu.sh)
[msquic] stream: RECEIVE bytes=52 buffers=1 pending=0
[lat] dt_ms=66.8636 cmd=down key=ENTER
[hidra] HID socket connect failed (/run/user/1000/hidra.kbd). Waiting for QEMU to listen... (set HID_SOCK or run scripts/run_qemu.sh)
[lat] dt_ms=41.8658 cmd=up key=a
[hidra] HID socket connect failed (/run/user/1000/hidra.kbd). Waiting for QEMU to listen... (set HID_SOCK or run scripts/run_qemu.sh)
[heal] key=40 heal_ms=64.9449
[hidra] HID socket connect failed (/run/user/1000/hidra.kbd). Waiting for QEMU to listen... (set HID_SOCK or run scripts/run_qemu.sh)
[msquic] stream: RECEIVE bytes=52 buffers=1 pending=0
[hidra] HID socket connect failed (/run/user/1000/hidra.kbd). Waiting for QEMU to listen... (set HID_SOCK or run scripts/run_qemu.sh)
[msquic] stream: RECEIVE bytes=52 buffers=1 pending=0
[lat] dt_ms=64.8419 cmd=down key=a
[hidra] HID socket connect failed (/run/user/1000/hidra.kbd). Waiting for QEMU to listen... (set HID_SOCK or run scripts/run_qemu.sh)
[lat] dt_ms=75.4648 cmd=up key=ENTER
[hidra] HID socket connect failed (/run/user/1000/hidra.kbd). Waiting for QEMU to listen... (set HID_SOCK or run scripts/run_qemu.sh)
[lat] dt_ms=47.1096 cmd=down key=p
[hidra] HID socket connect failed (/run/user/1000/hidra.kbd). Waiting for QEMU to listen... (set HID_SOCK or run scripts/run_qemu.sh)
[heal] key=4 heal_ms=63.9556
[hidra] HID socket connect failed (/run/user/1000/hidra.kbd). Waiting for QEMU to listen... (set HID_SOCK or run scripts/run_qemu.sh)
[msquic] stream: RECEIVE bytes=52 buffers=1 pending=0
[hidra] HID socket connect failed (/run/user/1000/hidra.kbd). Waiting for QEMU to listen... (set HID_SOCK or run scripts/run_qemu.sh)
[msquic] stream: RECEIVE bytes=52 buffers=1 pending=0
[lat] dt_ms=53.2914 cmd=up key=p
[hidra] HID socket connect failed (/run/user/1000/hidra.kbd). Waiting for QEMU to listen... (set HID_SOCK or run scripts/run_qemu.sh)
[lat] dt_ms=46.2498 cmd=down key=t
[hidra] HID socket connect failed (/run/user/1000/hidra.kbd). Waiting for QEMU to listen... (set HID_SOCK or run scripts/run_qemu.sh)
[heal] key=23 heal_ms=126.663
[hidra] HID socket connect failed (/run/user/1000/hidra.kbd). Waiting for QEMU to listen... (set HID_SOCK or run scripts/run_qemu.sh)
[msquic] stream: RECEIVE bytes=52 buffers=1 pending=0
[heal] key=19 heal_ms=70.2799
[hidra] HID socket connect failed (/run/user/1000/hidra.kbd). Waiting for QEMU to listen... (set HID_SOCK or run scripts/run_qemu.sh)
[msquic] stream: RECEIVE bytes=52 buffers=1 pending=0
[hidra] HID socket connect failed (/run/user/1000/hidra.kbd). Waiting for QEMU to listen... (set HID_SOCK or run scripts/run_qemu.sh)
[msquic] stream: RECEIVE bytes=52 buffers=1 pending=0
[hidra] HID socket connect failed (/run/user/1000/hidra.kbd). Waiting for QEMU to listen... (set HID_SOCK or run scripts/run_qemu.sh)
[msquic] stream: RECEIVE bytes=52 buffers=1 pending=0
[lat] dt_ms=64.0132 cmd=down key=ENTER
[hidra] HID socket connect failed (/run/user/1000/hidra.kbd). Waiting for QEMU to listen... (set HID_SOCK or run scripts/run_qemu.sh)
[hidra] HID socket connect failed (/run/user/1000/hidra.kbd). Waiting for QEMU to listen... (set HID_SOCK or run scripts/run_qemu.sh)
[msquic] stream: RECEIVE bytes=52 buffers=2 pending=0
[lat] dt_ms=79.149 cmd=up key=t
[hidra] HID socket connect failed (/run/user/1000/hidra.kbd). Waiting for QEMU to listen... (set HID_SOCK or run scripts/run_qemu.sh)
[heal] key=40 heal_ms=58.3051
[hidra] HID socket connect failed (/run/user/1000/hidra.kbd). Waiting for QEMU to listen... (set HID_SOCK or run scripts/run_qemu.sh)
[msquic] stream: RECEIVE bytes=52 buffers=1 pending=0
[hidra] HID socket connect failed (/run/user/1000/hidra.kbd). Waiting for QEMU to listen... (set HID_SOCK or run scripts/run_qemu.sh)
[msquic] stream: RECEIVE bytes=52 buffers=1 pending=0
[lat] dt_ms=53.2829 cmd=down key=a
[hidra] HID socket connect failed (/run/user/1000/hidra.kbd). Waiting for QEMU to listen... (set HID_SOCK or run scripts/run_qemu.sh)
[lat] dt_ms=75.0945 cmd=up key=ENTER
[hidra] HID socket connect failed (/run/user/1000/hidra.kbd). Waiting for QEMU to listen... (set HID_SOCK or run scripts/run_qemu.sh)
[lat] dt_ms=58.1871 cmd=up key=a
[hidra] HID socket connect failed (/run/user/1000/hidra.kbd). Waiting for QEMU to listen... (set HID_SOCK or run scripts/run_qemu.sh)
[lat] dt_ms=52.7079 cmd=down key=p
[hidra] HID socket connect failed (/run/user/1000/hidra.kbd). Waiting for QEMU to listen... (set HID_SOCK or run scripts/run_qemu.sh)
[hidra] HID socket connect failed (/run/user/1000/hidra.kbd). Waiting for QEMU to listen... (set HID_SOCK or run scripts/run_qemu.sh)
[msquic] stream: RECEIVE bytes=52 buffers=1 pending=0
[heal] key=4 heal_ms=72.8133
[hidra] HID socket connect failed (/run/user/1000/hidra.kbd). Waiting for QEMU to listen... (set HID_SOCK or run scripts/run_qemu.sh)
[msquic] stream: RECEIVE bytes=52 buffers=1 pending=0
[hidra] HID socket connect failed (/run/user/1000/hidra.kbd). Waiting for QEMU to listen... (set HID_SOCK or run scripts/run_qemu.sh)
[msquic] stream: RECEIVE bytes=52 buffers=1 pending=0
[lat] dt_ms=65.2281 cmd=up key=p
[hidra] HID socket connect failed (/run/user/1000/hidra.kbd). Waiting for QEMU to listen... (set HID_SOCK or run scripts/run_qemu.sh)
[lat] dt_ms=54.8814 cmd=down key=t
[hidra] HID socket connect failed (/run/user/1000/hidra.kbd). Waiting for QEMU to listen... (set HID_SOCK or run scripts/run_qemu.sh)
[lat] dt_ms=43.5772 cmd=down key=ENTER
[hidra] HID socket connect failed (/run/user/1000/hidra.kbd). Waiting for QEMU to listen... (set HID_SOCK or run scripts/run_qemu.sh)
[heal] key=23 heal_ms=138.632
[hidra] HID socket connect failed (/run/user/1000/hidra.kbd). Waiting for QEMU to listen... (set HID_SOCK or run scripts/run_qemu.sh)
[msquic] stream: RECEIVE bytes=52 buffers=1 pending=0
[hidra] HID socket connect failed (/run/user/1000/hidra.kbd). Waiting for QEMU to listen... (set HID_SOCK or run scripts/run_qemu.sh)
[msquic] stream: RECEIVE bytes=52 buffers=1 pending=0
[hidra] HID socket connect failed (/run/user/1000/hidra.kbd). Waiting for QEMU to listen... (set HID_SOCK or run scripts/run_qemu.sh)
[msquic] stream: RECEIVE bytes=52 buffers=1 pending=0
[lat] dt_ms=63.6848 cmd=up key=t
[hidra] HID socket connect failed (/run/user/1000/hidra.kbd). Waiting for QEMU to listen... (set HID_SOCK or run scripts/run_qemu.sh)
[lat] dt_ms=51.2058 cmd=up key=ENTER
[hidra] HID socket connect failed (/run/user/1000/hidra.kbd). Waiting for QEMU to listen... (set HID_SOCK or run scripts/run_qemu.sh)
[lat] dt_ms=49.0582 cmd=down key=a
[hidra] HID socket connect failed (/run/user/1000/hidra.kbd). Waiting for QEMU to listen... (set HID_SOCK or run scripts/run_qemu.sh)
[heal] key=4 heal_ms=49.9411
[hidra] HID socket connect failed (/run/user/1000/hidra.kbd). Waiting for QEMU to listen... (set HID_SOCK or run scripts/run_qemu.sh)
[msquic] stream: RECEIVE bytes=52 buffers=1 pending=0
[lat] dt_ms=43.8993 cmd=down key=p
[hidra] HID socket connect failed (/run/user/1000/hidra.kbd). Waiting for QEMU to listen... (set HID_SOCK or run scripts/run_qemu.sh)
[heal] key=19 heal_ms=116.269
[hidra] HID socket connect failed (/run/user/1000/hidra.kbd). Waiting for QEMU to listen... (set HID_SOCK or run scripts/run_qemu.sh)
[msquic] stream: RECEIVE bytes=52 buffers=1 pending=0
[hidra] HID socket connect failed (/run/user/1000/hidra.kbd). Waiting for QEMU to listen... (set HID_SOCK or run scripts/run_qemu.sh)
[msquic] stream: RECEIVE bytes=52 buffers=1 pending=0
[lat] dt_ms=61.6879 cmd=up key=a
[hidra] HID socket connect failed (/run/user/1000/hidra.kbd). Waiting for QEMU to listen... (set HID_SOCK or run scripts/run_qemu.sh)
[hidra] snapshot v1 mods=0x0 pressed=1
[hidra] HID socket connect failed (/run/user/1000/hidra.kbd). Waiting for QEMU to listen... (set HID_SOCK or run scripts/run_qemu.sh)
[msquic] stream: RECEIVE bytes=52 buffers=1 pending=0
[hidra] HID socket connect failed (/run/user/1000/hidra.kbd). Waiting for QEMU to listen... (set HID_SOCK or run scripts/run_qemu.sh)
[msquic] stream: RECEIVE bytes=52 buffers=1 pending=0
[lat] dt_ms=69.7722 cmd=up key=p
[hidra] HID socket connect failed (/run/user/1000/hidra.kbd). Waiting for QEMU to listen... (set HID_SOCK or run scripts/run_qemu.sh)
[hidra] HID socket connect failed (/run/user/1000/hidra.kbd). Waiting for QEMU to listen... (set HID_SOCK or run scripts/run_qemu.sh)
[msquic] stream: RECEIVE bytes=52 buffers=1 pending=0
[lat] dt_ms=57.3506 cmd=down key=ENTER
[hidra] HID socket connect failed (/run/user/1000/hidra.kbd). Waiting for QEMU to listen... (set HID_SOCK or run scripts/run_qemu.sh)
[lat] dt_ms=70.8612 cmd=up key=t
[hidra] HID socket connect failed (/run/user/1000/hidra.kbd). Waiting for QEMU to listen... (set HID_SOCK or run scripts/run_qemu.sh)
[heal] key=40 heal_ms=136.728
[hidra] HID socket connect failed (/run/user/1000/hidra.kbd). Waiting for QEMU to listen... (set HID_SOCK or run scripts/run_qemu.sh)
[msquic] stream: RECEIVE bytes=52 buffers=1 pending=0
[lat] dt_ms=62.1396 cmd=up key=ENTER
[hidra] HID socket connect failed (/run/user/1000/hidra.kbd). Waiting for QEMU to listen... (set HID_SOCK or run scripts/run_qemu.sh)
[heal] key=23 heal_ms=84.4099
[hidra] HID socket connect failed (/run/user/1000/hidra.kbd). Waiting for QEMU to listen... (set HID_SOCK or run scripts/run_qemu.sh)
[msquic] stream: RECEIVE bytes=52 buffers=1 pending=0
[hidra] HID socket connect failed (/run/user/1000/hidra.kbd). Waiting for QEMU to listen... (set HID_SOCK or run scripts/run_qemu.sh)
[msquic] stream: RECEIVE bytes=52 buffers=1 pending=0
[hidra] HID socket connect failed (/run/user/1000/hidra.kbd). Waiting for QEMU to listen... (set HID_SOCK or run scripts/run_qemu.sh)
[msquic] stream: RECEIVE bytes=52 buffers=1 pending=0
[hidra] HID socket connect failed (/run/user/1000/hidra.kbd). Waiting for QEMU to listen... (set HID_SOCK or run scripts/run_qemu.sh)
[msquic] stream: RECEIVE bytes=52 buffers=1 pending=0
[lat] dt_ms=46.0523 cmd=down key=p
[hidra] HID socket connect failed (/run/user/1000/hidra.kbd). Waiting for QEMU to listen... (set HID_SOCK or run scripts/run_qemu.sh)
[hidra] HID socket connect failed (/run/user/1000/hidra.kbd). Waiting for QEMU to listen... (set HID_SOCK or run scripts/run_qemu.sh)
[msquic] stream: RECEIVE bytes=52 buffers=1 pending=0
[lat] dt_ms=75.9209 cmd=down key=a
[hidra] HID socket connect failed (/run/user/1000/hidra.kbd). Waiting for QEMU to listen... (set HID_SOCK or run scripts/run_qemu.sh)
[lat] dt_ms=73.8921 cmd=up key=a
[hidra] HID socket connect failed (/run/user/1000/hidra.kbd). Waiting for QEMU to listen... (set HID_SOCK or run scripts/run_qemu.sh)
[hidra] HID socket connect failed (/run/user/1000/hidra.kbd). Waiting for QEMU to listen... (set HID_SOCK or run scripts/run_qemu.sh)
[msquic] stream: RECEIVE bytes=52 buffers=1 pending=0
[lat] dt_ms=47.9729 cmd=down key=t
[hidra] HID socket connect failed (/run/user/1000/hidra.kbd). Waiting for QEMU to listen... (set HID_SOCK or run scripts/run_qemu.sh)
[hidra] HID socket connect failed (/run/user/1000/hidra.kbd). Waiting for QEMU to listen... (set HID_SOCK or run scripts/run_qemu.sh)
[msquic] stream: RECEIVE bytes=52 buffers=1 pending=0
[lat] dt_ms=62.7645 cmd=up key=p
[hidra] HID socket connect failed (/run/user/1000/hidra.kbd). Waiting for QEMU to listen... (set HID_SOCK or run scripts/run_qemu.sh)
[hidra] HID socket connect failed (/run/user/1000/hidra.kbd). Waiting for QEMU to listen... (set HID_SOCK or run scripts/run_qemu.sh)
[msquic] stream: RECEIVE bytes=52 buffers=1 pending=0
[lat] dt_ms=62.519 cmd=up key=t
[hidra] HID socket connect failed (/run/user/1000/hidra.kbd). Waiting for QEMU to listen... (set HID_SOCK or run scripts/run_qemu.sh)
[lat] dt_ms=43.6938 cmd=up key=ENTER
[hidra] HID socket connect failed (/run/user/1000/hidra.kbd). Waiting for QEMU to listen... (set HID_SOCK or run scripts/run_qemu.sh)
[hidra] HID socket connect failed (/run/user/1000/hidra.kbd). Waiting for QEMU to listen... (set HID_SOCK or run scripts/run_qemu.sh)
[msquic] stream: RECEIVE bytes=52 buffers=1 pending=0
[hidra] HID socket connect failed (/run/user/1000/hidra.kbd). Waiting for QEMU to listen... (set HID_SOCK or run scripts/run_qemu.sh)
[msquic] stream: RECEIVE bytes=52 buffers=1 pending=0
[hidra] HID socket connect failed (/run/user/1000/hidra.kbd). Waiting for QEMU to listen... (set HID_SOCK or run scripts/run_qemu.sh)
[heal] key=23 heal_ms=75.3487
[hidra] HID socket connect failed (/run/user/1000/hidra.kbd). Waiting for QEMU to listen... (set HID_SOCK or run scripts/run_qemu.sh)
[msquic] stream: RECEIVE bytes=104 buffers=1 pending=0
[lat] dt_ms=75.0854 cmd=down key=ENTER
[hidra] HID socket connect failed (/run/user/1000/hidra.kbd). Waiting for QEMU to listen... (set HID_SOCK or run scripts/run_qemu.sh)
[lat] dt_ms=55.429 cmd=down key=a
[hidra] HID socket connect failed (/run/user/1000/hidra.kbd). Waiting for QEMU to listen... (set HID_SOCK or run scripts/run_qemu.sh)
[hidra] HID socket connect failed (/run/user/1000/hidra.kbd). Waiting for QEMU to listen... (set HID_SOCK or run scripts/run_qemu.sh)
[msquic] stream: RECEIVE bytes=52 buffers=1 pending=0
[hidra] HID socket connect failed (/run/user/1000/hidra.kbd). Waiting for QEMU to listen... (set HID_SOCK or run scripts/run_qemu.sh)
[msquic] stream: RECEIVE bytes=52 buffers=1 pending=0
[lat] dt_ms=65.6338 cmd=up key=a
[hidra] HID socket connect failed (/run/user/1000/hidra.kbd). Waiting for QEMU to listen... (set HID_SOCK or run scripts/run_qemu.sh)
[lat] dt_ms=59.4154 cmd=down key=p
[hidra] HID socket connect failed (/run/user/1000/hidra.kbd). Waiting for QEMU to listen... (set HID_SOCK or run scripts/run_qemu.sh)
[hidra] HID socket connect failed (/run/user/1000/hidra.kbd). Waiting for QEMU to listen... (set HID_SOCK or run scripts/run_qemu.sh)
[msquic] stream: RECEIVE bytes=52 buffers=1 pending=0
[lat] dt_ms=65.6197 cmd=up key=p
[hidra] HID socket connect failed (/run/user/1000/hidra.kbd). Waiting for QEMU to listen... (set HID_SOCK or run scripts/run_qemu.sh)
[hidra] HID socket connect failed (/run/user/1000/hidra.kbd). Waiting for QEMU to listen... (set HID_SOCK or run scripts/run_qemu.sh)
[msquic] stream: RECEIVE bytes=52 buffers=1 pending=0
[hidra] HID socket connect failed (/run/user/1000/hidra.kbd). Waiting for QEMU to listen... (set HID_SOCK or run scripts/run_qemu.sh)
[msquic] stream: RECEIVE bytes=52 buffers=1 pending=0
[hidra] HID socket connect failed (/run/user/1000/hidra.kbd). Waiting for QEMU to listen... (set HID_SOCK or run scripts/run_qemu.sh)
[msquic] stream: RECEIVE bytes=52 buffers=1 pending=0
[hidra] HID socket connect failed (/run/user/1000/hidra.kbd). Waiting for QEMU to listen... (set HID_SOCK or run scripts/run_qemu.sh)
[msquic] stream: RECEIVE bytes=52 buffers=1 pending=0
[lat] dt_ms=62.4941 cmd=up key=t
[hidra] HID socket connect failed (/run/user/1000/hidra.kbd). Waiting for QEMU to listen... (set HID_SOCK or run scripts/run_qemu.sh)
[lat] dt_ms=73.0206 cmd=down key=t
[hidra] HID socket connect failed (/run/user/1000/hidra.kbd). Waiting for QEMU to listen... (set HID_SOCK or run scripts/run_qemu.sh)
[lat] dt_ms=55.176 cmd=down key=ENTER
[hidra] HID socket connect failed (/run/user/1000/hidra.kbd). Waiting for QEMU to listen... (set HID_SOCK or run scripts/run_qemu.sh)
[heal] key=40 heal_ms=128.359
[hidra] HID socket connect failed (/run/user/1000/hidra.kbd). Waiting for QEMU to listen... (set HID_SOCK or run scripts/run_qemu.sh)
[msquic] stream: RECEIVE bytes=52 buffers=1 pending=0
[lat] dt_ms=43.8309 cmd=down key=a
[hidra] HID socket connect failed (/run/user/1000/hidra.kbd). Waiting for QEMU to listen... (set HID_SOCK or run scripts/run_qemu.sh)
[heal] key=4 heal_ms=122.93
[hidra] HID socket connect failed (/run/user/1000/hidra.kbd). Waiting for QEMU to listen... (set HID_SOCK or run scripts/run_qemu.sh)
[msquic] stream: RECEIVE bytes=52 buffers=1 pending=0
[lat] dt_ms=70.6339 cmd=up key=ENTER
[hidra] HID socket connect failed (/run/user/1000/hidra.kbd). Waiting for QEMU to listen... (set HID_SOCK or run scripts/run_qemu.sh)
[hidra] HID socket connect failed (/run/user/1000/hidra.kbd). Waiting for QEMU to listen... (set HID_SOCK or run scripts/run_qemu.sh)
[msquic] stream: RECEIVE bytes=52 buffers=1 pending=0
[lat] dt_ms=58.305 cmd=down key=p
[hidra] HID socket connect failed (/run/user/1000/hidra.kbd). Waiting for QEMU to listen... (set HID_SOCK or run scripts/run_qemu.sh)
[hidra] HID socket connect failed (/run/user/1000/hidra.kbd). Waiting for QEMU to listen... (set HID_SOCK or run scripts/run_qemu.sh)
[msquic] stream: RECEIVE bytes=52 buffers=1 pending=0
[lat] dt_ms=75.2029 cmd=up key=a
[hidra] HID socket connect failed (/run/user/1000/hidra.kbd). Waiting for QEMU to listen... (set HID_SOCK or run scripts/run_qemu.sh)
[hidra] HID socket connect failed (/run/user/1000/hidra.kbd). Waiting for QEMU to listen... (set HID_SOCK or run scripts/run_qemu.sh)
[msquic] stream: RECEIVE bytes=52 buffers=1 pending=0
[hidra] HID socket connect failed (/run/user/1000/hidra.kbd). Waiting for QEMU to listen... (set HID_SOCK or run scripts/run_qemu.sh)
[msquic] stream: RECEIVE bytes=52 buffers=1 pending=0
[lat] dt_ms=60.6557 cmd=up key=p
[hidra] HID socket connect failed (/run/user/1000/hidra.kbd). Waiting for QEMU to listen... (set HID_SOCK or run scripts/run_qemu.sh)
[hidra] HID socket connect failed (/run/user/1000/hidra.kbd). Waiting for QEMU to listen... (set HID_SOCK or run scripts/run_qemu.sh)
[msquic] stream: RECEIVE bytes=52 buffers=1 pending=0
[hidra] HID socket connect failed (/run/user/1000/hidra.kbd). Waiting for QEMU to listen... (set HID_SOCK or run scripts/run_qemu.sh)
[msquic] stream: RECEIVE bytes=52 buffers=1 pending=0
[hidra] HID socket connect failed (/run/user/1000/hidra.kbd). Waiting for QEMU to listen... (set HID_SOCK or run scripts/run_qemu.sh)
[msquic] stream: RECEIVE bytes=52 buffers=1 pending=0
[hidra] HID socket connect failed (/run/user/1000/hidra.kbd). Waiting for QEMU to listen... (set HID_SOCK or run scripts/run_qemu.sh)
[msquic] stream: RECEIVE bytes=52 buffers=1 pending=0
[lat] dt_ms=67.1862 cmd=up key=t
[hidra] HID socket connect failed (/run/user/1000/hidra.kbd). Waiting for QEMU to listen... (set HID_SOCK or run scripts/run_qemu.sh)
[lat] dt_ms=78.6906 cmd=down key=t
[hidra] send() failed; will retry connect
[hidra] HID socket connect failed (/run/user/1000/hidra.kbd). Waiting for QEMU to listen... (set HID_SOCK or run scripts/run_qemu.sh)
[msquic] stream: RECEIVE bytes=52 buffers=1 pending=0
[lat] dt_ms=48.7415 cmd=up key=ENTER
[hidra] HID socket connect failed (/run/user/1000/hidra.kbd). Waiting for QEMU to listen... (set HID_SOCK or run scripts/run_qemu.sh)
[lat] dt_ms=41.4691 cmd=down key=a
[hidra] HID socket connect failed (/run/user/1000/hidra.kbd). Waiting for QEMU to listen... (set HID_SOCK or run scripts/run_qemu.sh)
[hidra] HID socket connect failed (/run/user/1000/hidra.kbd). Waiting for QEMU to listen... (set HID_SOCK or run scripts/run_qemu.sh)
[msquic] stream: RECEIVE bytes=52 buffers=1 pending=0
[lat] dt_ms=79.8064 cmd=down key=ENTER
[hidra] HID socket connect failed (/run/user/1000/hidra.kbd). Waiting for QEMU to listen... (set HID_SOCK or run scripts/run_qemu.sh)
[heal] key=40 heal_ms=69.3985
[hidra] HID socket connect failed (/run/user/1000/hidra.kbd). Waiting for QEMU to listen... (set HID_SOCK or run scripts/run_qemu.sh)
[msquic] stream: RECEIVE bytes=52 buffers=1 pending=0
[heal] key=4 heal_ms=137.578
[hidra] HID socket connect failed (/run/user/1000/hidra.kbd). Waiting for QEMU to listen... (set HID_SOCK or run scripts/run_qemu.sh)
[msquic] stream: RECEIVE bytes=52 buffers=1 pending=0
[hidra] HID socket connect failed (/run/user/1000/hidra.kbd). Waiting for QEMU to listen... (set HID_SOCK or run scripts/run_qemu.sh)
[msquic] stream: RECEIVE bytes=52 buffers=1 pending=0
[lat] dt_ms=70.3528 cmd=up key=a
[hidra] HID socket connect failed (/run/user/1000/hidra.kbd). Waiting for QEMU to listen... (set HID_SOCK or run scripts/run_qemu.sh)
[lat] dt_ms=61.9104 cmd=down key=p
[hidra] HID socket connect failed (/run/user/1000/hidra.kbd). Waiting for QEMU to listen... (set HID_SOCK or run scripts/run_qemu.sh)
[heal] key=19 heal_ms=67.9773
[hidra] HID socket connect failed (/run/user/1000/hidra.kbd). Waiting for QEMU to listen... (set HID_SOCK or run scripts/run_qemu.sh)
[msquic] stream: RECEIVE bytes=52 buffers=1 pending=0
[hidra] HID socket connect failed (/run/user/1000/hidra.kbd). Waiting for QEMU to listen... (set HID_SOCK or run scripts/run_qemu.sh)
[msquic] stream: RECEIVE bytes=52 buffers=1 pending=0
[lat] dt_ms=70.3101 cmd=up key=p
[hidra] HID socket connect failed (/run/user/1000/hidra.kbd). Waiting for QEMU to listen... (set HID_SOCK or run scripts/run_qemu.sh)
[lat] dt_ms=63.8244 cmd=down key=t
[hidra] HID socket connect failed (/run/user/1000/hidra.kbd). Waiting for QEMU to listen... (set HID_SOCK or run scripts/run_qemu.sh)
[hidra] HID socket connect failed (/run/user/1000/hidra.kbd). Waiting for QEMU to listen... (set HID_SOCK or run scripts/run_qemu.sh)
[msquic] stream: RECEIVE bytes=52 buffers=1 pending=0
[lat] dt_ms=66.9804 cmd=up key=t
[hidra] HID socket connect failed (/run/user/1000/hidra.kbd). Waiting for QEMU to listen... (set HID_SOCK or run scripts/run_qemu.sh)
[hidra] HID socket connect failed (/run/user/1000/hidra.kbd). Waiting for QEMU to listen... (set HID_SOCK or run scripts/run_qemu.sh)
[msquic] stream: RECEIVE bytes=52 buffers=1 pending=0
[lat] dt_ms=77.2258 cmd=down key=ENTER
[hidra] HID socket connect failed (/run/user/1000/hidra.kbd). Waiting for QEMU to listen... (set HID_SOCK or run scripts/run_qemu.sh)
[lat] dt_ms=70.7074 cmd=up key=ENTER
[hidra] HID socket connect failed (/run/user/1000/hidra.kbd). Waiting for QEMU to listen... (set HID_SOCK or run scripts/run_qemu.sh)
[lat] dt_ms=63.6065 cmd=down key=a
[hidra] HID socket connect failed (/run/user/1000/hidra.kbd). Waiting for QEMU to listen... (set HID_SOCK or run scripts/run_qemu.sh)
[heal] key=4 heal_ms=137.203
[hidra] HID socket connect failed (/run/user/1000/hidra.kbd). Waiting for QEMU to listen... (set HID_SOCK or run scripts/run_qemu.sh)
[msquic] stream: RECEIVE bytes=52 buffers=1 pending=0
[hidra] HID socket connect failed (/run/user/1000/hidra.kbd). Waiting for QEMU to listen... (set HID_SOCK or run scripts/run_qemu.sh)
[msquic] stream: RECEIVE bytes=52 buffers=1 pending=0
[lat] dt_ms=45.9775 cmd=down key=p
[hidra] HID socket connect failed (/run/user/1000/hidra.kbd). Waiting for QEMU to listen... (set HID_SOCK or run scripts/run_qemu.sh)
[hidra] HID socket connect failed (/run/user/1000/hidra.kbd). Waiting for QEMU to listen... (set HID_SOCK or run scripts/run_qemu.sh)
[msquic] stream: RECEIVE bytes=52 buffers=1 pending=0
[hidra] HID socket connect failed (/run/user/1000/hidra.kbd). Waiting for QEMU to listen... (set HID_SOCK or run scripts/run_qemu.sh)
[msquic] stream: RECEIVE bytes=52 buffers=1 pending=0
[lat] dt_ms=70.3472 cmd=up key=a
[hidra] HID socket connect failed (/run/user/1000/hidra.kbd). Waiting for QEMU to listen... (set HID_SOCK or run scripts/run_qemu.sh)
[hidra] HID socket connect failed (/run/user/1000/hidra.kbd). Waiting for QEMU to listen... (set HID_SOCK or run scripts/run_qemu.sh)
[msquic] stream: RECEIVE bytes=52 buffers=1 pending=0
[lat] dt_ms=72.1484 cmd=up key=p
[hidra] HID socket connect failed (/run/user/1000/hidra.kbd). Waiting for QEMU to listen... (set HID_SOCK or run scripts/run_qemu.sh)
[heal] key=23 heal_ms=138.188
[hidra] HID socket connect failed (/run/user/1000/hidra.kbd). Waiting for QEMU to listen... (set HID_SOCK or run scripts/run_qemu.sh)
[msquic] stream: RECEIVE bytes=52 buffers=1 pending=0
[lat] dt_ms=67.2973 cmd=down key=t
[hidra] HID socket connect failed (/run/user/1000/hidra.kbd). Waiting for QEMU to listen... (set HID_SOCK or run scripts/run_qemu.sh)
[lat] dt_ms=49.5762 cmd=down key=ENTER
[hidra] HID socket connect failed (/run/user/1000/hidra.kbd). Waiting for QEMU to listen... (set HID_SOCK or run scripts/run_qemu.sh)
[hidra] HID socket connect failed (/run/user/1000/hidra.kbd). Waiting for QEMU to listen... (set HID_SOCK or run scripts/run_qemu.sh)
[msquic] stream: RECEIVE bytes=52 buffers=1 pending=0
[hidra] HID socket connect failed (/run/user/1000/hidra.kbd). Waiting for QEMU to listen... (set HID_SOCK or run scripts/run_qemu.sh)
[hidra] HID socket connect failed (/run/user/1000/hidra.kbd). Waiting for QEMU to listen... (set HID_SOCK or run scripts/run_qemu.sh)
[msquic] stream: RECEIVE bytes=104 buffers=1 pending=0
[lat] dt_ms=73.6022 cmd=up key=t
[hidra] HID socket connect failed (/run/user/1000/hidra.kbd). Waiting for QEMU to listen... (set HID_SOCK or run scripts/run_qemu.sh)
[lat] dt_ms=56.652 cmd=up key=ENTER
[hidra] HID socket connect failed (/run/user/1000/hidra.kbd). Waiting for QEMU to listen... (set HID_SOCK or run scripts/run_qemu.sh)
[hidra] HID socket connect failed (/run/user/1000/hidra.kbd). Waiting for QEMU to listen... (set HID_SOCK or run scripts/run_qemu.sh)
[msquic] stream: RECEIVE bytes=52 buffers=1 pending=0
[hidra] HID socket connect failed (/run/user/1000/hidra.kbd). Waiting for QEMU to listen... (set HID_SOCK or run scripts/run_qemu.sh)
[msquic] stream: RECEIVE bytes=52 buffers=1 pending=0
[lat] dt_ms=55.7697 cmd=down key=a
[hidra] HID socket connect failed (/run/user/1000/hidra.kbd). Waiting for QEMU to listen... (set HID_SOCK or run scripts/run_qemu.sh)
[lat] dt_ms=58.9039 cmd=up key=a
[hidra] HID socket connect failed (/run/user/1000/hidra.kbd). Waiting for QEMU to listen... (set HID_SOCK or run scripts/run_qemu.sh)
[hidra] HID socket connect failed (/run/user/1000/hidra.kbd). Waiting for QEMU to listen... (set HID_SOCK or run scripts/run_qemu.sh)
[msquic] stream: RECEIVE bytes=52 buffers=1 pending=0
[lat] dt_ms=45.6897 cmd=up key=p
[hidra] HID socket connect failed (/run/user/1000/hidra.kbd). Waiting for QEMU to listen... (set HID_SOCK or run scripts/run_qemu.sh)
[hidra] HID socket connect failed (/run/user/1000/hidra.kbd). Waiting for QEMU to listen... (set HID_SOCK or run scripts/run_qemu.sh)
[msquic] stream: RECEIVE bytes=52 buffers=1 pending=0
[hidra] HID socket connect failed (/run/user/1000/hidra.kbd). Waiting for QEMU to listen... (set HID_SOCK or run scripts/run_qemu.sh)
[msquic] stream: RECEIVE bytes=52 buffers=1 pending=0
[lat] dt_ms=50.0133 cmd=down key=t
[hidra] HID socket connect failed (/run/user/1000/hidra.kbd). Waiting for QEMU to listen... (set HID_SOCK or run scripts/run_qemu.sh)
[lat] dt_ms=72.3784 cmd=down key=p
[hidra] HID socket connect failed (/run/user/1000/hidra.kbd). Waiting for QEMU to listen... (set HID_SOCK or run scripts/run_qemu.sh)
[heal] key=19 heal_ms=68.5044
[heal] key=23 heal_ms=131.935
[hidra] HID socket connect failed (/run/user/1000/hidra.kbd). Waiting for QEMU to listen... (set HID_SOCK or run scripts/run_qemu.sh)
[hidra] HID socket connect failed (/run/user/1000/hidra.kbd). Waiting for QEMU to listen... (set HID_SOCK or run scripts/run_qemu.sh)
[msquic] stream: RECEIVE bytes=104 buffers=1 pending=0
[hidra] HID socket connect failed (/run/user/1000/hidra.kbd). Waiting for QEMU to listen... (set HID_SOCK or run scripts/run_qemu.sh)
[msquic] stream: RECEIVE bytes=52 buffers=1 pending=0
[lat] dt_ms=50.0158 cmd=down key=ENTER
[hidra] HID socket connect failed (/run/user/1000/hidra.kbd). Waiting for QEMU to listen... (set HID_SOCK or run scripts/run_qemu.sh)
[lat] dt_ms=43.8302 cmd=up key=ENTER
[hidra] HID socket connect failed (/run/user/1000/hidra.kbd). Waiting for QEMU to listen... (set HID_SOCK or run scripts/run_qemu.sh)
[lat] dt_ms=68.9771 cmd=up key=t
[hidra] HID socket connect failed (/run/user/1000/hidra.kbd). Waiting for QEMU to listen... (set HID_SOCK or run scripts/run_qemu.sh)
[hidra] HID socket connect failed (/run/user/1000/hidra.kbd). Waiting for QEMU to listen... (set HID_SOCK or run scripts/run_qemu.sh)
[msquic] stream: RECEIVE bytes=52 buffers=1 pending=0
[hidra] HID socket connect failed (/run/user/1000/hidra.kbd). Waiting for QEMU to listen... (set HID_SOCK or run scripts/run_qemu.sh)
[msquic] stream: RECEIVE bytes=52 buffers=1 pending=0
[heal] key=40 heal_ms=69.8109
[hidra] HID socket connect failed (/run/user/1000/hidra.kbd). Waiting for QEMU to listen... (set HID_SOCK or run scripts/run_qemu.sh)
[msquic] stream: RECEIVE bytes=52 buffers=1 pending=0
[lat] dt_ms=53.3647 cmd=up key=a
[hidra] HID socket connect failed (/run/user/1000/hidra.kbd). Waiting for QEMU to listen... (set HID_SOCK or run scripts/run_qemu.sh)
[lat] dt_ms=67.9911 cmd=down key=a
[hidra] HID socket connect failed (/run/user/1000/hidra.kbd). Waiting for QEMU to listen... (set HID_SOCK or run scripts/run_qemu.sh)
[hidra] HID socket connect failed (/run/user/1000/hidra.kbd). Waiting for QEMU to listen... (set HID_SOCK or run scripts/run_qemu.sh)
[msquic] stream: RECEIVE bytes=52 buffers=1 pending=0
[lat] dt_ms=53.3507 cmd=down key=p
[hidra] HID socket connect failed (/run/user/1000/hidra.kbd). Waiting for QEMU to listen... (set HID_SOCK or run scripts/run_qemu.sh)
[heal] key=4 heal_ms=68.0311
[hidra] HID socket connect failed (/run/user/1000/hidra.kbd). Waiting for QEMU to listen... (set HID_SOCK or run scripts/run_qemu.sh)
[msquic] stream: RECEIVE bytes=52 buffers=1 pending=0
[hidra] HID socket connect failed (/run/user/1000/hidra.kbd). Waiting for QEMU to listen... (set HID_SOCK or run scripts/run_qemu.sh)
[msquic] stream: RECEIVE bytes=52 buffers=1 pending=0
[lat] dt_ms=41.7733 cmd=up key=t
[hidra] HID socket connect failed (/run/user/1000/hidra.kbd). Waiting for QEMU to listen... (set HID_SOCK or run scripts/run_qemu.sh)
[hidra] HID socket connect failed (/run/user/1000/hidra.kbd). Waiting for QEMU to listen... (set HID_SOCK or run scripts/run_qemu.sh)
[msquic] stream: RECEIVE bytes=52 buffers=1 pending=0
[hidra] HID socket connect failed (/run/user/1000/hidra.kbd). Waiting for QEMU to listen... (set HID_SOCK or run scripts/run_qemu.sh)
[msquic] stream: RECEIVE bytes=52 buffers=1 pending=0
[lat] dt_ms=74.5117 cmd=up key=p
[hidra] HID socket connect failed (/run/user/1000/hidra.kbd). Waiting for QEMU to listen... (set HID_SOCK or run scripts/run_qemu.sh)
[lat] dt_ms=68.2178 cmd=down key=t
[hidra] HID socket connect failed (/run/user/1000/hidra.kbd). Waiting for QEMU to listen... (set HID_SOCK or run scripts/run_qemu.sh)
[lat] dt_ms=40.8831 cmd=up key=ENTER
[hidra] HID socket connect failed (/run/user/1000/hidra.kbd). Waiting for QEMU to listen... (set HID_SOCK or run scripts/run_qemu.sh)
[hidra] HID socket connect failed (/run/user/1000/hidra.kbd). Waiting for QEMU to listen... (set HID_SOCK or run scripts/run_qemu.sh)
[msquic] stream: RECEIVE bytes=52 buffers=2 pending=0
[lat] dt_ms=41.8434 cmd=down key=a
[hidra] HID socket connect failed (/run/user/1000/hidra.kbd). Waiting for QEMU to listen... (set HID_SOCK or run scripts/run_qemu.sh)
[heal] key=23 heal_ms=75.4857
[hidra] HID socket connect failed (/run/user/1000/hidra.kbd). Waiting for QEMU to listen... (set HID_SOCK or run scripts/run_qemu.sh)
[msquic] stream: RECEIVE bytes=52 buffers=1 pending=0
[hidra] HID socket connect failed (/run/user/1000/hidra.kbd). Waiting for QEMU to listen... (set HID_SOCK or run scripts/run_qemu.sh)
[msquic] stream: RECEIVE bytes=52 buffers=1 pending=0
[lat] dt_ms=75.7073 cmd=down key=ENTER
[hidra] HID socket connect failed (/run/user/1000/hidra.kbd). Waiting for QEMU to listen... (set HID_SOCK or run scripts/run_qemu.sh)
[hidra] HID socket connect failed (/run/user/1000/hidra.kbd). Waiting for QEMU to listen... (set HID_SOCK or run scripts/run_qemu.sh)
[msquic] stream: RECEIVE bytes=52 buffers=1 pending=0
[lat] dt_ms=46.5369 cmd=up key=a
[hidra] HID socket connect failed (/run/user/1000/hidra.kbd). Waiting for QEMU to listen... (set HID_SOCK or run scripts/run_qemu.sh)
[lat] dt_ms=41.9306 cmd=down key=p
[hidra] HID socket connect failed (/run/user/1000/hidra.kbd). Waiting for QEMU to listen... (set HID_SOCK or run scripts/run_qemu.sh)
[heal] key=40 heal_ms=79.8054
[hidra] HID socket connect failed (/run/user/1000/hidra.kbd). Waiting for QEMU to listen... (set HID_SOCK or run scripts/run_qemu.sh)
[msquic] stream: RECEIVE bytes=52 buffers=1 pending=0
[hidra] HID socket connect failed (/run/user/1000/hidra.kbd). Waiting for QEMU to listen... (set HID_SOCK or run scripts/run_qemu.sh)
[msquic] stream: RECEIVE bytes=52 buffers=1 pending=0
[hidra] HID socket connect failed (/run/user/1000/hidra.kbd). Waiting for QEMU to listen... (set HID_SOCK or run scripts/run_qemu.sh)
[msquic] stream: RECEIVE bytes=52 buffers=1 pending=0
[hidra] HID socket connect failed (/run/user/1000/hidra.kbd). Waiting for QEMU to listen... (set HID_SOCK or run scripts/run_qemu.sh)
[msquic] stream: RECEIVE bytes=52 buffers=1 pending=0
[lat] dt_ms=47.8791 cmd=up key=t
[hidra] HID socket connect failed (/run/user/1000/hidra.kbd). Waiting for QEMU to listen... (set HID_SOCK or run scripts/run_qemu.sh)
[heal] key=19 heal_ms=70.2197
[hidra] HID socket connect failed (/run/user/1000/hidra.kbd). Waiting for QEMU to listen... (set HID_SOCK or run scripts/run_qemu.sh)
[msquic] stream: RECEIVE bytes=52 buffers=1 pending=0
[lat] dt_ms=64.1207 cmd=down key=t
[hidra] HID socket connect failed (/run/user/1000/hidra.kbd). Waiting for QEMU to listen... (set HID_SOCK or run scripts/run_qemu.sh)
[hidra] HID socket connect failed (/run/user/1000/hidra.kbd). Waiting for QEMU to listen... (set HID_SOCK or run scripts/run_qemu.sh)
[msquic] stream: RECEIVE bytes=52 buffers=1 pending=0
[lat] dt_ms=75.6937 cmd=up key=p
[hidra] HID socket connect failed (/run/user/1000/hidra.kbd). Waiting for QEMU to listen... (set HID_SOCK or run scripts/run_qemu.sh)
[hidra] HID socket connect failed (/run/user/1000/hidra.kbd). Waiting for QEMU to listen... (set HID_SOCK or run scripts/run_qemu.sh)
[msquic] stream: RECEIVE bytes=52 buffers=1 pending=0
[hidra] HID socket connect failed (/run/user/1000/hidra.kbd). Waiting for QEMU to listen... (set HID_SOCK or run scripts/run_qemu.sh)
[msquic] stream: RECEIVE bytes=52 buffers=1 pending=0
[lat] dt_ms=72.1081 cmd=down key=ENTER
[hidra] HID socket connect failed (/run/user/1000/hidra.kbd). Waiting for QEMU to listen... (set HID_SOCK or run scripts/run_qemu.sh)
[lat] dt_ms=52.2578 cmd=down key=a
[hidra] HID socket connect failed (/run/user/1000/hidra.kbd). Waiting for QEMU to listen... (set HID_SOCK or run scripts/run_qemu.sh)
[lat] dt_ms=46.2692 cmd=up key=a
[hidra] HID socket connect failed (/run/user/1000/hidra.kbd). Waiting for QEMU to listen... (set HID_SOCK or run scripts/run_qemu.sh)
[hidra] HID socket connect failed (/run/user/1000/hidra.kbd). Waiting for QEMU to listen... (set HID_SOCK or run scripts/run_qemu.sh)
[msquic] stream: RECEIVE bytes=52 buffers=1 pending=0
[heal] key=40 heal_ms=72.2513
[hidra] HID socket connect failed (/run/user/1000/hidra.kbd). Waiting for QEMU to listen... (set HID_SOCK or run scripts/run_qemu.sh)
[msquic] stream: RECEIVE bytes=52 buffers=1 pending=0
[lat] dt_ms=79.4316 cmd=up key=ENTER
[hidra] HID socket connect failed (/run/user/1000/hidra.kbd). Waiting for QEMU to listen... (set HID_SOCK or run scripts/run_qemu.sh)
[hidra] HID socket connect failed (/run/user/1000/hidra.kbd). Waiting for QEMU to listen... (set HID_SOCK or run scripts/run_qemu.sh)
[msquic] stream: RECEIVE bytes=52 buffers=1 pending=0
[heal] key=4 heal_ms=77.9099
[hidra] HID socket connect failed (/run/user/1000/hidra.kbd). Waiting for QEMU to listen... (set HID_SOCK or run scripts/run_qemu.sh)
[msquic] stream: RECEIVE bytes=52 buffers=1 pending=0
[hidra] HID socket connect failed (/run/user/1000/hidra.kbd). Waiting for QEMU to listen... (set HID_SOCK or run scripts/run_qemu.sh)
[msquic] stream: RECEIVE bytes=52 buffers=1 pending=0
[lat] dt_ms=48.285 cmd=down key=t
[hidra] HID socket connect failed (/run/user/1000/hidra.kbd). Waiting for QEMU to listen... (set HID_SOCK or run scripts/run_qemu.sh)
[lat] dt_ms=76.4319 cmd=down key=p
[hidra] HID socket connect failed (/run/user/1000/hidra.kbd). Waiting for QEMU to listen... (set HID_SOCK or run scripts/run_qemu.sh)
[lat] dt_ms=67.123 cmd=up key=p
[hidra] HID socket connect failed (/run/user/1000/hidra.kbd). Waiting for QEMU to listen... (set HID_SOCK or run scripts/run_qemu.sh)
[lat] dt_ms=49.4445 cmd=up key=t
[hidra] HID socket connect failed (/run/user/1000/hidra.kbd). Waiting for QEMU to listen... (set HID_SOCK or run scripts/run_qemu.sh)
[hidra] HID socket connect failed (/run/user/1000/hidra.kbd). Waiting for QEMU to listen... (set HID_SOCK or run scripts/run_qemu.sh)
[msquic] stream: RECEIVE bytes=52 buffers=1 pending=0
[hidra] HID socket connect failed (/run/user/1000/hidra.kbd). Waiting for QEMU to listen... (set HID_SOCK or run scripts/run_qemu.sh)
[msquic] stream: RECEIVE bytes=52 buffers=1 pending=0
[hidra] HID socket connect failed (/run/user/1000/hidra.kbd). Waiting for QEMU to listen... (set HID_SOCK or run scripts/run_qemu.sh)
[msquic] stream: RECEIVE bytes=52 buffers=1 pending=0
[hidra] HID socket connect failed (/run/user/1000/hidra.kbd). Waiting for QEMU to listen... (set HID_SOCK or run scripts/run_qemu.sh)
[msquic] stream: RECEIVE bytes=52 buffers=1 pending=0
[lat] dt_ms=78.4657 cmd=down key=ENTER
[hidra] HID socket connect failed (/run/user/1000/hidra.kbd). Waiting for QEMU to listen... (set HID_SOCK or run scripts/run_qemu.sh)
[lat] dt_ms=61.7209 cmd=down key=a
[hidra] HID socket connect failed (/run/user/1000/hidra.kbd). Waiting for QEMU to listen... (set HID_SOCK or run scripts/run_qemu.sh)
[heal] key=4 heal_ms=57.4711
[heal] key=40 heal_ms=78.5898
[hidra] HID socket connect failed (/run/user/1000/hidra.kbd). Waiting for QEMU to listen... (set HID_SOCK or run scripts/run_qemu.sh)
[msquic] stream: RECEIVE bytes=52 buffers=1 pending=0
[lat] dt_ms=60.6279 cmd=up key=a
[hidra] HID socket connect failed (/run/user/1000/hidra.kbd). Waiting for QEMU to listen... (set HID_SOCK or run scripts/run_qemu.sh)
[hidra] HID socket connect failed (/run/user/1000/hidra.kbd). Waiting for QEMU to listen... (set HID_SOCK or run scripts/run_qemu.sh)
[msquic] stream: RECEIVE bytes=52 buffers=1 pending=0
[hidra] HID socket connect failed (/run/user/1000/hidra.kbd). Waiting for QEMU to listen... (set HID_SOCK or run scripts/run_qemu.sh)
[msquic] stream: RECEIVE bytes=52 buffers=1 pending=0
[lat] dt_ms=41.5958 cmd=down key=t
[hidra] HID socket connect failed (/run/user/1000/hidra.kbd). Waiting for QEMU to listen... (set HID_SOCK or run scripts/run_qemu.sh)
[heal] key=23 heal_ms=117.742
[hidra] HID socket connect failed (/run/user/1000/hidra.kbd). Waiting for QEMU to listen... (set HID_SOCK or run scripts/run_qemu.sh)
[msquic] stream: RECEIVE bytes=52 buffers=1 pending=0
[lat] dt_ms=71.523 cmd=down key=p
[hidra] HID socket connect failed (/run/user/1000/hidra.kbd). Waiting for QEMU to listen... (set HID_SOCK or run scripts/run_qemu.sh)
[heal] key=19 heal_ms=63.0911
[hidra] HID socket connect failed (/run/user/1000/hidra.kbd). Waiting for QEMU to listen... (set HID_SOCK or run scripts/run_qemu.sh)
[hidra] HID socket connect failed (/run/user/1000/hidra.kbd). Waiting for QEMU to listen... (set HID_SOCK or run scripts/run_qemu.sh)
[msquic] stream: RECEIVE bytes=104 buffers=1 pending=0
[lat] dt_ms=64.1647 cmd=up key=p
[hidra] HID socket connect failed (/run/user/1000/hidra.kbd). Waiting for QEMU to listen... (set HID_SOCK or run scripts/run_qemu.sh)
[lat] dt_ms=42.4229 cmd=down key=ENTER
[hidra] HID socket connect failed (/run/user/1000/hidra.kbd). Waiting for QEMU to listen... (set HID_SOCK or run scripts/run_qemu.sh)
[hidra] HID socket connect failed (/run/user/1000/hidra.kbd). Waiting for QEMU to listen... (set HID_SOCK or run scripts/run_qemu.sh)
[msquic] stream: RECEIVE bytes=52 buffers=1 pending=0
[lat] dt_ms=45.5419 cmd=down key=a
[hidra] HID socket connect failed (/run/user/1000/hidra.kbd). Waiting for QEMU to listen... (set HID_SOCK or run scripts/run_qemu.sh)
[hidra] HID socket connect failed (/run/user/1000/hidra.kbd). Waiting for QEMU to listen... (set HID_SOCK or run scripts/run_qemu.sh)
[hidra] HID socket connect failed (/run/user/1000/hidra.kbd). Waiting for QEMU to listen... (set HID_SOCK or run scripts/run_qemu.sh)
[msquic] stream: RECEIVE bytes=104 buffers=1 pending=0
[hidra] HID socket connect failed (/run/user/1000/hidra.kbd). Waiting for QEMU to listen... (set HID_SOCK or run scripts/run_qemu.sh)
[msquic] stream: RECEIVE bytes=52 buffers=1 pending=0
[hidra] HID socket connect failed (/run/user/1000/hidra.kbd). Waiting for QEMU to listen... (set HID_SOCK or run scripts/run_qemu.sh)
[msquic] stream: RECEIVE bytes=52 buffers=1 pending=0
[lat] dt_ms=43.8186 cmd=up key=a
[hidra] HID socket connect failed (/run/user/1000/hidra.kbd). Waiting for QEMU to listen... (set HID_SOCK or run scripts/run_qemu.sh)
[lat] dt_ms=78.5829 cmd=up key=ENTER
[hidra] HID socket connect failed (/run/user/1000/hidra.kbd). Waiting for QEMU to listen... (set HID_SOCK or run scripts/run_qemu.sh)
[hidra] HID socket connect failed (/run/user/1000/hidra.kbd). Waiting for QEMU to listen... (set HID_SOCK or run scripts/run_qemu.sh)
[msquic] stream: RECEIVE bytes=52 buffers=1 pending=0
[hidra] HID socket connect failed (/run/user/1000/hidra.kbd). Waiting for QEMU to listen... (set HID_SOCK or run scripts/run_qemu.sh)
[msquic] stream: RECEIVE bytes=52 buffers=1 pending=0
[hidra] HID socket connect failed (/run/user/1000/hidra.kbd). Waiting for QEMU to listen... (set HID_SOCK or run scripts/run_qemu.sh)
[msquic] stream: RECEIVE bytes=52 buffers=1 pending=0
[lat] dt_ms=60.734 cmd=down key=p
[hidra] HID socket connect failed (/run/user/1000/hidra.kbd). Waiting for QEMU to listen... (set HID_SOCK or run scripts/run_qemu.sh)
[heal] key=19 heal_ms=65.4948
[hidra] HID socket connect failed (/run/user/1000/hidra.kbd). Waiting for QEMU to listen... (set HID_SOCK or run scripts/run_qemu.sh)
[msquic] stream: RECEIVE bytes=52 buffers=1 pending=0
[lat] dt_ms=52.3437 cmd=up key=t
[hidra] HID socket connect failed (/run/user/1000/hidra.kbd). Waiting for QEMU to listen... (set HID_SOCK or run scripts/run_qemu.sh)
[hidra] HID socket connect failed (/run/user/1000/hidra.kbd). Waiting for QEMU to listen... (set HID_SOCK or run scripts/run_qemu.sh)
[msquic] stream: RECEIVE bytes=52 buffers=1 pending=0
[lat] dt_ms=66.9307 cmd=down key=t
[hidra] HID socket connect failed (/run/user/1000/hidra.kbd). Waiting for QEMU to listen... (set HID_SOCK or run scripts/run_qemu.sh)
[hidra] HID socket connect failed (/run/user/1000/hidra.kbd). Waiting for QEMU to listen... (set HID_SOCK or run scripts/run_qemu.sh)
[msquic] stream: RECEIVE bytes=52 buffers=1 pending=0
[hidra] HID socket connect failed (/run/user/1000/hidra.kbd). Waiting for QEMU to listen... (set HID_SOCK or run scripts/run_qemu.sh)
[msquic] stream: RECEIVE bytes=52 buffers=1 pending=0
[lat] dt_ms=51.7613 cmd=up key=ENTER
[hidra] HID socket connect failed (/run/user/1000/hidra.kbd). Waiting for QEMU to listen... (set HID_SOCK or run scripts/run_qemu.sh)
[lat] dt_ms=42.9449 cmd=down key=a
[hidra] HID socket connect failed (/run/user/1000/hidra.kbd). Waiting for QEMU to listen... (set HID_SOCK or run scripts/run_qemu.sh)
[lat] dt_ms=65.1306 cmd=down key=ENTER
[hidra] HID socket connect failed (/run/user/1000/hidra.kbd). Waiting for QEMU to listen... (set HID_SOCK or run scripts/run_qemu.sh)
[heal] key=40 heal_ms=81.3485
[heal] key=4 heal_ms=143.66
[hidra] HID socket connect failed (/run/user/1000/hidra.kbd). Waiting for QEMU to listen... (set HID_SOCK or run scripts/run_qemu.sh)
[msquic] stream: RECEIVE bytes=52 buffers=1 pending=0
[hidra] HID socket connect failed (/run/user/1000/hidra.kbd). Waiting for QEMU to listen... (set HID_SOCK or run scripts/run_qemu.sh)
[msquic] stream: RECEIVE bytes=52 buffers=1 pending=0
[hidra] HID socket connect failed (/run/user/1000/hidra.kbd). Waiting for QEMU to listen... (set HID_SOCK or run scripts/run_qemu.sh)
[msquic] stream: RECEIVE bytes=52 buffers=1 pending=0
[heal] key=4 heal_ms=71.7977
[hidra] HID socket connect failed (/run/user/1000/hidra.kbd). Waiting for QEMU to listen... (set HID_SOCK or run scripts/run_qemu.sh)
[msquic] stream: RECEIVE bytes=52 buffers=1 pending=0
[lat] dt_ms=63.7131 cmd=down key=p
[hidra] HID socket connect failed (/run/user/1000/hidra.kbd). Waiting for QEMU to listen... (set HID_SOCK or run scripts/run_qemu.sh)
[hidra] send() failed; will retry connect
[lat] dt_ms=74.1402 cmd=up key=a
[msquic] stream: RECEIVE bytes=52 buffers=1 pending=0
[hidra] HID socket connect failed (/run/user/1000/hidra.kbd). Waiting for QEMU to listen... (set HID_SOCK or run scripts/run_qemu.sh)
[hidra] HID socket connect failed (/run/user/1000/hidra.kbd). Waiting for QEMU to listen... (set HID_SOCK or run scripts/run_qemu.sh)
[msquic] stream: RECEIVE bytes=52 buffers=1 pending=0
[lat] dt_ms=61.5093 cmd=up key=p
[hidra] HID socket connect failed (/run/user/1000/hidra.kbd). Waiting for QEMU to listen... (set HID_SOCK or run scripts/run_qemu.sh)
[hidra] HID socket connect failed (/run/user/1000/hidra.kbd). Waiting for QEMU to listen... (set HID_SOCK or run scripts/run_qemu.sh)
[msquic] stream: RECEIVE bytes=52 buffers=1 pending=0
[lat] dt_ms=52.1039 cmd=up key=t
[hidra] HID socket connect failed (/run/user/1000/hidra.kbd). Waiting for QEMU to listen... (set HID_SOCK or run scripts/run_qemu.sh)
[hidra] HID socket connect failed (/run/user/1000/hidra.kbd). Waiting for QEMU to listen... (set HID_SOCK or run scripts/run_qemu.sh)
[msquic] stream: RECEIVE bytes=52 buffers=1 pending=0
[lat] dt_ms=54.6545 cmd=down key=ENTER
[hidra] HID socket connect failed (/run/user/1000/hidra.kbd). Waiting for QEMU to listen... (set HID_SOCK or run scripts/run_qemu.sh)
[lat] dt_ms=75.052 cmd=down key=t
[hidra] HID socket connect failed (/run/user/1000/hidra.kbd). Waiting for QEMU to listen... (set HID_SOCK or run scripts/run_qemu.sh)
[lat] dt_ms=48.5082 cmd=up key=ENTER
[hidra] HID socket connect failed (/run/user/1000/hidra.kbd). Waiting for QEMU to listen... (set HID_SOCK or run scripts/run_qemu.sh)
[hidra] HID socket connect failed (/run/user/1000/hidra.kbd). Waiting for QEMU to listen... (set HID_SOCK or run scripts/run_qemu.sh)
[msquic] stream: RECEIVE bytes=52 buffers=1 pending=0
[lat] dt_ms=52.1578 cmd=down key=a
[hidra] HID socket connect failed (/run/user/1000/hidra.kbd). Waiting for QEMU to listen... (set HID_SOCK or run scripts/run_qemu.sh)
[hidra] HID socket connect failed (/run/user/1000/hidra.kbd). Waiting for QEMU to listen... (set HID_SOCK or run scripts/run_qemu.sh)
[msquic] stream: RECEIVE bytes=52 buffers=1 pending=0
[hidra] HID socket connect failed (/run/user/1000/hidra.kbd). Waiting for QEMU to listen... (set HID_SOCK or run scripts/run_qemu.sh)
[msquic] stream: RECEIVE bytes=52 buffers=1 pending=0
[heal] key=4 heal_ms=59.4017
[hidra] HID socket connect failed (/run/user/1000/hidra.kbd). Waiting for QEMU to listen... (set HID_SOCK or run scripts/run_qemu.sh)
[msquic] stream: RECEIVE bytes=52 buffers=1 pending=0
[lat] dt_ms=44.842 cmd=up key=p
[hidra] HID socket connect failed (/run/user/1000/hidra.kbd). Waiting for QEMU to listen... (set HID_SOCK or run scripts/run_qemu.sh)
[lat] dt_ms=64.6726 cmd=down key=p
[hidra] HID socket connect failed (/run/user/1000/hidra.kbd). Waiting for QEMU to listen... (set HID_SOCK or run scripts/run_qemu.sh)
[lat] dt_ms=80.1074 cmd=up key=a
[hidra] HID socket connect failed (/run/user/1000/hidra.kbd). Waiting for QEMU to listen... (set HID_SOCK or run scripts/run_qemu.sh)
[heal] key=19 heal_ms=62.3793
[hidra] HID socket connect failed (/run/user/1000/hidra.kbd). Waiting for QEMU to listen... (set HID_SOCK or run scripts/run_qemu.sh)
[msquic] stream: RECEIVE bytes=52 buffers=1 pending=0
[lat] dt_ms=42.777 cmd=up key=t
[hidra] HID socket connect failed (/run/user/1000/hidra.kbd). Waiting for QEMU to listen... (set HID_SOCK or run scripts/run_qemu.sh)
[hidra] HID socket connect failed (/run/user/1000/hidra.kbd). Waiting for QEMU to listen... (set HID_SOCK or run scripts/run_qemu.sh)
[msquic] stream: RECEIVE bytes=52 buffers=1 pending=0
[lat] dt_ms=58.488 cmd=down key=t
[hidra] HID socket connect failed (/run/user/1000/hidra.kbd). Waiting for QEMU to listen... (set HID_SOCK or run scripts/run_qemu.sh)
[hidra] snapshot v1 mods=0x0 pressed=1
[hidra] HID socket connect failed (/run/user/1000/hidra.kbd). Waiting for QEMU to listen... (set HID_SOCK or run scripts/run_qemu.sh)
[msquic] stream: RECEIVE bytes=52 buffers=1 pending=0
[lat] dt_ms=42.9221 cmd=down key=ENTER
[hidra] HID socket connect failed (/run/user/1000/hidra.kbd). Waiting for QEMU to listen... (set HID_SOCK or run scripts/run_qemu.sh)
[heal] key=40 heal_ms=116.538
[hidra] HID socket connect failed (/run/user/1000/hidra.kbd). Waiting for QEMU to listen... (set HID_SOCK or run scripts/run_qemu.sh)
[msquic] stream: RECEIVE bytes=52 buffers=1 pending=0
[heal] key=23 heal_ms=57.8902
[hidra] HID socket connect failed (/run/user/1000/hidra.kbd). Waiting for QEMU to listen... (set HID_SOCK or run scripts/run_qemu.sh)
[msquic] stream: RECEIVE bytes=52 buffers=1 pending=0
[hidra] HID socket connect failed (/run/user/1000/hidra.kbd). Waiting for QEMU to listen... (set HID_SOCK or run scripts/run_qemu.sh)
[msquic] stream: RECEIVE bytes=52 buffers=1 pending=0
[hidra] HID socket connect failed (/run/user/1000/hidra.kbd). Waiting for QEMU to listen... (set HID_SOCK or run scripts/run_qemu.sh)
[msquic] stream: RECEIVE bytes=52 buffers=1 pending=0
[hidra] HID socket connect failed (/run/user/1000/hidra.kbd). Waiting for QEMU to listen... (set HID_SOCK or run scripts/run_qemu.sh)
[msquic] stream: RECEIVE bytes=52 buffers=1 pending=0
[lat] dt_ms=55.1809 cmd=down key=a
[hidra] HID socket connect failed (/run/user/1000/hidra.kbd). Waiting for QEMU to listen... (set HID_SOCK or run scripts/run_qemu.sh)
[lat] dt_ms=67.4807 cmd=up key=ENTER
[hidra] HID socket connect failed (/run/user/1000/hidra.kbd). Waiting for QEMU to listen... (set HID_SOCK or run scripts/run_qemu.sh)
[hidra] HID socket connect failed (/run/user/1000/hidra.kbd). Waiting for QEMU to listen... (set HID_SOCK or run scripts/run_qemu.sh)
[msquic] stream: RECEIVE bytes=52 buffers=1 pending=0
[lat] dt_ms=55.2376 cmd=up key=a
[hidra] HID socket connect failed (/run/user/1000/hidra.kbd). Waiting for QEMU to listen... (set HID_SOCK or run scripts/run_qemu.sh)
[lat] dt_ms=56.908 cmd=down key=p
[hidra] HID socket connect failed (/run/user/1000/hidra.kbd). Waiting for QEMU to listen... (set HID_SOCK or run scripts/run_qemu.sh)
[hidra] HID socket connect failed (/run/user/1000/hidra.kbd). Waiting for QEMU to listen... (set HID_SOCK or run scripts/run_qemu.sh)
[msquic] stream: RECEIVE bytes=52 buffers=1 pending=0
[hidra] HID socket connect failed (/run/user/1000/hidra.kbd). Waiting for QEMU to listen... (set HID_SOCK or run scripts/run_qemu.sh)
[msquic] stream: RECEIVE bytes=52 buffers=1 pending=0
[lat] dt_ms=49.438 cmd=down key=t
[hidra] HID socket connect failed (/run/user/1000/hidra.kbd). Waiting for QEMU to listen... (set HID_SOCK or run scripts/run_qemu.sh)
[heal] key=4 heal_ms=81.0911
[hidra] HID socket connect failed (/run/user/1000/hidra.kbd). Waiting for QEMU to listen... (set HID_SOCK or run scripts/run_qemu.sh)
[msquic] stream: RECEIVE bytes=52 buffers=1 pending=0
[hidra] HID socket connect failed (/run/user/1000/hidra.kbd). Waiting for QEMU to listen... (set HID_SOCK or run scripts/run_qemu.sh)
[msquic] stream: RECEIVE bytes=52 buffers=1 pending=0
[hidra] HID socket connect failed (/run/user/1000/hidra.kbd). Waiting for QEMU to listen... (set HID_SOCK or run scripts/run_qemu.sh)
[msquic] stream: RECEIVE bytes=52 buffers=1 pending=0
[lat] dt_ms=57.4758 cmd=up key=t
[hidra] HID socket connect failed (/run/user/1000/hidra.kbd). Waiting for QEMU to listen... (set HID_SOCK or run scripts/run_qemu.sh)
[lat] dt_ms=79.8291 cmd=up key=p
[hidra] HID socket connect failed (/run/user/1000/hidra.kbd). Waiting for QEMU to listen... (set HID_SOCK or run scripts/run_qemu.sh)
[hidra] HID socket connect failed (/run/user/1000/hidra.kbd). Waiting for QEMU to listen... (set HID_SOCK or run scripts/run_qemu.sh)
[msquic] stream: RECEIVE bytes=52 buffers=1 pending=0
[hidra] HID socket connect failed (/run/user/1000/hidra.kbd). Waiting for QEMU to listen... (set HID_SOCK or run scripts/run_qemu.sh)
[msquic] stream: RECEIVE bytes=52 buffers=1 pending=0
[lat] dt_ms=59.8342 cmd=down key=ENTER
[hidra] HID socket connect failed (/run/user/1000/hidra.kbd). Waiting for QEMU to listen... (set HID_SOCK or run scripts/run_qemu.sh)
[heal] key=40 heal_ms=147.979
[hidra] HID socket connect failed (/run/user/1000/hidra.kbd). Waiting for QEMU to listen... (set HID_SOCK or run scripts/run_qemu.sh)
[heal] key=4 heal_ms=42.918
[hidra] HID socket connect failed (/run/user/1000/hidra.kbd). Waiting for QEMU to listen... (set HID_SOCK or run scripts/run_qemu.sh)
[msquic] stream: RECEIVE bytes=104 buffers=1 pending=0
[lat] dt_ms=54.2642 cmd=down key=a
[hidra] HID socket connect failed (/run/user/1000/hidra.kbd). Waiting for QEMU to listen... (set HID_SOCK or run scripts/run_qemu.sh)
[heal] key=40 heal_ms=72.3165
[hidra] HID socket connect failed (/run/user/1000/hidra.kbd). Waiting for QEMU to listen... (set HID_SOCK or run scripts/run_qemu.sh)
[msquic] stream: RECEIVE bytes=52 buffers=1 pending=0
[lat] dt_ms=80.4753 cmd=up key=ENTER
[hidra] HID socket connect failed (/run/user/1000/hidra.kbd). Waiting for QEMU to listen... (set HID_SOCK or run scripts/run_qemu.sh)
[hidra] HID socket connect failed (/run/user/1000/hidra.kbd). Waiting for QEMU to listen... (set HID_SOCK or run scripts/run_qemu.sh)
[msquic] stream: RECEIVE bytes=52 buffers=1 pending=0
[lat] dt_ms=54.7069 cmd=down key=p
[hidra] HID socket connect failed (/run/user/1000/hidra.kbd). Waiting for QEMU to listen... (set HID_SOCK or run scripts/run_qemu.sh)
[hidra] HID socket connect failed (/run/user/1000/hidra.kbd). Waiting for QEMU to listen... (set HID_SOCK or run scripts/run_qemu.sh)
[msquic] stream: RECEIVE bytes=52 buffers=1 pending=0
[lat] dt_ms=71.3791 cmd=up key=a
[hidra] HID socket connect failed (/run/user/1000/hidra.kbd). Waiting for QEMU to listen... (set HID_SOCK or run scripts/run_qemu.sh)
[hidra] HID socket connect failed (/run/user/1000/hidra.kbd). Waiting for QEMU to listen... (set HID_SOCK or run scripts/run_qemu.sh)
[hidra] HID socket connect failed (/run/user/1000/hidra.kbd). Waiting for QEMU to listen... (set HID_SOCK or run scripts/run_qemu.sh)
[msquic] stream: RECEIVE bytes=104 buffers=1 pending=0
[hidra] HID socket connect failed (/run/user/1000/hidra.kbd). Waiting for QEMU to listen... (set HID_SOCK or run scripts/run_qemu.sh)
[msquic] stream: RECEIVE bytes=52 buffers=1 pending=0
[lat] dt_ms=80.3887 cmd=up key=p
[hidra] HID socket connect failed (/run/user/1000/hidra.kbd). Waiting for QEMU to listen... (set HID_SOCK or run scripts/run_qemu.sh)
[lat] dt_ms=66.8339 cmd=up key=t
[hidra] HID socket connect failed (/run/user/1000/hidra.kbd). Waiting for QEMU to listen... (set HID_SOCK or run scripts/run_qemu.sh)
[lat] dt_ms=75.5342 cmd=down key=ENTER
[hidra] HID socket connect failed (/run/user/1000/hidra.kbd). Waiting for QEMU to listen... (set HID_SOCK or run scripts/run_qemu.sh)
[heal] key=40 heal_ms=65.0185
[hidra] HID socket connect failed (/run/user/1000/hidra.kbd). Waiting for QEMU to listen... (set HID_SOCK or run scripts/run_qemu.sh)
[msquic] stream: RECEIVE bytes=52 buffers=1 pending=0
[lat] dt_ms=66.0647 cmd=up key=ENTER
[hidra] HID socket connect failed (/run/user/1000/hidra.kbd). Waiting for QEMU to listen... (set HID_SOCK or run scripts/run_qemu.sh)
[hidra] HID socket connect failed (/run/user/1000/hidra.kbd). Waiting for QEMU to listen... (set HID_SOCK or run scripts/run_qemu.sh)
[msquic] stream: RECEIVE bytes=52 buffers=1 pending=0
[lat] dt_ms=56.849 cmd=down key=a
[hidra] HID socket connect failed (/run/user/1000/hidra.kbd). Waiting for QEMU to listen... (set HID_SOCK or run scripts/run_qemu.sh)
[lat] dt_ms=53.595 cmd=up key=a
[hidra] HID socket connect failed (/run/user/1000/hidra.kbd). Waiting for QEMU to listen... (set HID_SOCK or run scripts/run_qemu.sh)
[lat] dt_ms=54.5061 cmd=down key=p
[hidra] HID socket connect failed (/run/user/1000/hidra.kbd). Waiting for QEMU to listen... (set HID_SOCK or run scripts/run_qemu.sh)
[lat] dt_ms=48.4272 cmd=up key=p
[hidra] HID socket connect failed (/run/user/1000/hidra.kbd). Waiting for QEMU to listen... (set HID_SOCK or run scripts/run_qemu.sh)
[hidra] HID socket connect failed (/run/user/1000/hidra.kbd). Waiting for QEMU to listen... (set HID_SOCK or run scripts/run_qemu.sh)
[msquic] stream: RECEIVE bytes=52 buffers=1 pending=0
[hidra] HID socket connect failed (/run/user/1000/hidra.kbd). Waiting for QEMU to listen... (set HID_SOCK or run scripts/run_qemu.sh)
[hidra] HID socket connect failed (/run/user/1000/hidra.kbd). Waiting for QEMU to listen... (set HID_SOCK or run scripts/run_qemu.sh)
[msquic] stream: RECEIVE bytes=104 buffers=2 pending=0
[heal] key=4 heal_ms=79.7572
[hidra] HID socket connect failed (/run/user/1000/hidra.kbd). Waiting for QEMU to listen... (set HID_SOCK or run scripts/run_qemu.sh)
[msquic] stream: RECEIVE bytes=52 buffers=1 pending=0
[hidra] HID socket connect failed (/run/user/1000/hidra.kbd). Waiting for QEMU to listen... (set HID_SOCK or run scripts/run_qemu.sh)
[msquic] stream: RECEIVE bytes=52 buffers=1 pending=0
[lat] dt_ms=42.3409 cmd=up key=t
[hidra] HID socket connect failed (/run/user/1000/hidra.kbd). Waiting for QEMU to listen... (set HID_SOCK or run scripts/run_qemu.sh)
[hidra] HID socket connect failed (/run/user/1000/hidra.kbd). Waiting for QEMU to listen... (set HID_SOCK or run scripts/run_qemu.sh)
[msquic] stream: RECEIVE bytes=52 buffers=1 pending=0
[lat] dt_ms=71.1618 cmd=down key=t
[hidra] HID socket connect failed (/run/user/1000/hidra.kbd). Waiting for QEMU to listen... (set HID_SOCK or run scripts/run_qemu.sh)
[hidra] progress: rx=1127 emits=1615 quic_snapshots=870 socket=[hidra] HID socket connect failed (/run/user/1000/hidra.kbd). Waiting for QEMU to listen... (set HID_SOCK or run scripts/run_qemu.sh)
waiting
[lat] dt_ms=55.4821 cmd=down key=ENTER
[hidra] HID socket connect failed (/run/user/1000/hidra.kbd). Waiting for QEMU to listen... (set HID_SOCK or run scripts/run_qemu.sh)
[lat] dt_ms=49.5241 cmd=up key=ENTER
[hidra] HID socket connect failed (/run/user/1000/hidra.kbd). Waiting for QEMU to listen... (set HID_SOCK or run scripts/run_qemu.sh)
[heal] key=23 heal_ms=77.0764
[hidra] HID socket connect failed (/run/user/1000/hidra.kbd). Waiting for QEMU to listen... (set HID_SOCK or run scripts/run_qemu.sh)
[msquic] stream: RECEIVE bytes=52 buffers=1 pending=0
[hidra] HID socket connect failed (/run/user/1000/hidra.kbd). Waiting for QEMU to listen... (set HID_SOCK or run scripts/run_qemu.sh)
[msquic] stream: RECEIVE bytes=52 buffers=1 pending=0
[hidra] HID socket connect failed (/run/user/1000/hidra.kbd). Waiting for QEMU to listen... (set HID_SOCK or run scripts/run_qemu.sh)
[msquic] stream: RECEIVE bytes=52 buffers=1 pending=0
[hidra] HID socket connect failed (/run/user/1000/hidra.kbd). Waiting for QEMU to listen... (set HID_SOCK or run scripts/run_qemu.sh)
[msquic] stream: RECEIVE bytes=52 buffers=1 pending=0
[lat] dt_ms=58.6349 cmd=down key=a
[hidra] HID socket connect failed (/run/user/1000/hidra.kbd). Waiting for QEMU to listen... (set HID_SOCK or run scripts/run_qemu.sh)
[hidra] HID socket connect failed (/run/user/1000/hidra.kbd). Waiting for QEMU to listen... (set HID_SOCK or run scripts/run_qemu.sh)
[msquic] stream: RECEIVE bytes=52 buffers=1 pending=0
[lat] dt_ms=49.8646 cmd=up key=a
[hidra] HID socket connect failed (/run/user/1000/hidra.kbd). Waiting for QEMU to listen... (set HID_SOCK or run scripts/run_qemu.sh)
[hidra] HID socket connect failed (/run/user/1000/hidra.kbd). Waiting for QEMU to listen... (set HID_SOCK or run scripts/run_qemu.sh)
[msquic] stream: RECEIVE bytes=52 buffers=1 pending=0
[hidra] HID socket connect failed (/run/user/1000/hidra.kbd). Waiting for QEMU to listen... (set HID_SOCK or run scripts/run_qemu.sh)
[msquic] stream: RECEIVE bytes=52 buffers=1 pending=0
[lat] dt_ms=57.3129 cmd=up key=p
[hidra] HID socket connect failed (/run/user/1000/hidra.kbd). Waiting for QEMU to listen... (set HID_SOCK or run scripts/run_qemu.sh)
[hidra] HID socket connect failed (/run/user/1000/hidra.kbd). Waiting for QEMU to listen... (set HID_SOCK or run scripts/run_qemu.sh)
[msquic] stream: RECEIVE bytes=52 buffers=1 pending=0
[lat] dt_ms=79.6112 cmd=down key=p
[hidra] HID socket connect failed (/run/user/1000/hidra.kbd). Waiting for QEMU to listen... (set HID_SOCK or run scripts/run_qemu.sh)
[heal] key=19 heal_ms=75.5898
[hidra] HID socket connect failed (/run/user/1000/hidra.kbd). Waiting for QEMU to listen... (set HID_SOCK or run scripts/run_qemu.sh)
[msquic] stream: RECEIVE bytes=52 buffers=1 pending=0
[lat] dt_ms=46.0907 cmd=down key=ENTER
[hidra] HID socket connect failed (/run/user/1000/hidra.kbd). Waiting for QEMU to listen... (set HID_SOCK or run scripts/run_qemu.sh)
[lat] dt_ms=61.2133 cmd=up key=t
[hidra] HID socket connect failed (/run/user/1000/hidra.kbd). Waiting for QEMU to listen... (set HID_SOCK or run scripts/run_qemu.sh)
[hidra] HID socket connect failed (/run/user/1000/hidra.kbd). Waiting for QEMU to listen... (set HID_SOCK or run scripts/run_qemu.sh)
[msquic] stream: RECEIVE bytes=52 buffers=1 pending=0
[lat] dt_ms=77.9225 cmd=down key=t
[hidra] HID socket connect failed (/run/user/1000/hidra.kbd). Waiting for QEMU to listen... (set HID_SOCK or run scripts/run_qemu.sh)
[hidra] HID socket connect failed (/run/user/1000/hidra.kbd). Waiting for QEMU to listen... (set HID_SOCK or run scripts/run_qemu.sh)
[msquic] stream: RECEIVE bytes=52 buffers=1 pending=0
[hidra] HID socket connect failed (/run/user/1000/hidra.kbd). Waiting for QEMU to listen... (set HID_SOCK or run scripts/run_qemu.sh)
[heal] key=40 heal_ms=64.3582
[hidra] HID socket connect failed (/run/user/1000/hidra.kbd). Waiting for QEMU to listen... (set HID_SOCK or run scripts/run_qemu.sh)
[msquic] stream: RECEIVE bytes=104 buffers=1 pending=0
[heal] key=4 heal_ms=129.055
[hidra] HID socket connect failed (/run/user/1000/hidra.kbd). Waiting for QEMU to listen... (set HID_SOCK or run scripts/run_qemu.sh)
[msquic] stream: RECEIVE bytes=52 buffers=1 pending=0
[lat] dt_ms=72.849 cmd=up key=ENTER
[hidra] HID socket connect failed (/run/user/1000/hidra.kbd). Waiting for QEMU to listen... (set HID_SOCK or run scripts/run_qemu.sh)
[lat] dt_ms=63.737 cmd=down key=a
[hidra] HID socket connect failed (/run/user/1000/hidra.kbd). Waiting for QEMU to listen... (set HID_SOCK or run scripts/run_qemu.sh)
[heal] key=4 heal_ms=53.8651
[hidra] HID socket connect failed (/run/user/1000/hidra.kbd). Waiting for QEMU to listen... (set HID_SOCK or run scripts/run_qemu.sh)
[msquic] stream: RECEIVE bytes=52 buffers=1 pending=0
[hidra] HID socket connect failed (/run/user/1000/hidra.kbd). Waiting for QEMU to listen... (set HID_SOCK or run scripts/run_qemu.sh)
[msquic] stream: RECEIVE bytes=52 buffers=1 pending=0
[lat] dt_ms=78.8157 cmd=up key=a
[hidra] HID socket connect failed (/run/user/1000/hidra.kbd). Waiting for QEMU to listen... (set HID_SOCK or run scripts/run_qemu.sh)
[lat] dt_ms=53.4037 cmd=down key=t
[hidra] HID socket connect failed (/run/user/1000/hidra.kbd). Waiting for QEMU to listen... (set HID_SOCK or run scripts/run_qemu.sh)
[hidra] HID socket connect failed (/run/user/1000/hidra.kbd). Waiting for QEMU to listen... (set HID_SOCK or run scripts/run_qemu.sh)
[msquic] stream: RECEIVE bytes=52 buffers=1 pending=0
[heal] key=19 heal_ms=68.5413
[hidra] HID socket connect failed (/run/user/1000/hidra.kbd). Waiting for QEMU to listen... (set HID_SOCK or run scripts/run_qemu.sh)
[msquic] stream: RECEIVE bytes=52 buffers=1 pending=0
[lat] dt_ms=80.1587 cmd=down key=p
[hidra] HID socket connect failed (/run/user/1000/hidra.kbd). Waiting for QEMU to listen... (set HID_SOCK or run scripts/run_qemu.sh)
[lat] dt_ms=42.0034 cmd=down key=ENTER
[hidra] HID socket connect failed (/run/user/1000/hidra.kbd). Waiting for QEMU to listen... (set HID_SOCK or run scripts/run_qemu.sh)
[lat] dt_ms=78.8936 cmd=up key=p
[hidra] HID socket connect failed (/run/user/1000/hidra.kbd). Waiting for QEMU to listen... (set HID_SOCK or run scripts/run_qemu.sh)
[lat] dt_ms=61.9581 cmd=up key=t
[hidra] HID socket connect failed (/run/user/1000/hidra.kbd). Waiting for QEMU to listen... (set HID_SOCK or run scripts/run_qemu.sh)
[hidra] HID socket connect failed (/run/user/1000/hidra.kbd). Waiting for QEMU to listen... (set HID_SOCK or run scripts/run_qemu.sh)
[msquic] stream: RECEIVE bytes=52 buffers=1 pending=0
[hidra] HID socket connect failed (/run/user/1000/hidra.kbd). Waiting for QEMU to listen... (set HID_SOCK or run scripts/run_qemu.sh)
[msquic] stream: RECEIVE bytes=52 buffers=1 pending=0
[hidra] HID socket connect failed (/run/user/1000/hidra.kbd). Waiting for QEMU to listen... (set HID_SOCK or run scripts/run_qemu.sh)
[hidra] HID socket connect failed (/run/user/1000/hidra.kbd). Waiting for QEMU to listen... (set HID_SOCK or run scripts/run_qemu.sh)
[msquic] stream: RECEIVE bytes=104 buffers=1 pending=0
[lat] dt_ms=59.7398 cmd=up key=ENTER
[hidra] HID socket connect failed (/run/user/1000/hidra.kbd). Waiting for QEMU to listen... (set HID_SOCK or run scripts/run_qemu.sh)
[hidra] HID socket connect failed (/run/user/1000/hidra.kbd). Waiting for QEMU to listen... (set HID_SOCK or run scripts/run_qemu.sh)
[msquic] stream: RECEIVE bytes=52 buffers=1 pending=0
[hidra] HID socket connect failed (/run/user/1000/hidra.kbd). Waiting for QEMU to listen... (set HID_SOCK or run scripts/run_qemu.sh)
[msquic] stream: RECEIVE bytes=52 buffers=1 pending=0
[lat] dt_ms=80.4763 cmd=down key=a
[hidra] HID socket connect failed (/run/user/1000/hidra.kbd). Waiting for QEMU to listen... (set HID_SOCK or run scripts/run_qemu.sh)
[lat] dt_ms=59.5363 cmd=down key=p
[hidra] HID socket connect failed (/run/user/1000/hidra.kbd). Waiting for QEMU to listen... (set HID_SOCK or run scripts/run_qemu.sh)
[heal] key=4 heal_ms=75.5571
[hidra] HID socket connect failed (/run/user/1000/hidra.kbd). Waiting for QEMU to listen... (set HID_SOCK or run scripts/run_qemu.sh)
[msquic] stream: RECEIVE bytes=52 buffers=1 pending=0
[lat] dt_ms=78.6277 cmd=up key=a
[hidra] HID socket connect failed (/run/user/1000/hidra.kbd). Waiting for QEMU to listen... (set HID_SOCK or run scripts/run_qemu.sh)
[lat] dt_ms=67.0157 cmd=up key=p
[hidra] HID socket connect failed (/run/user/1000/hidra.kbd). Waiting for QEMU to listen... (set HID_SOCK or run scripts/run_qemu.sh)
[lat] dt_ms=59.6242 cmd=down key=t
[hidra] HID socket connect failed (/run/user/1000/hidra.kbd). Waiting for QEMU to listen... (set HID_SOCK or run scripts/run_qemu.sh)
[heal] key=23 heal_ms=139.558
[hidra] HID socket connect failed (/run/user/1000/hidra.kbd). Waiting for QEMU to listen... (set HID_SOCK or run scripts/run_qemu.sh)
[hidra] HID socket connect failed (/run/user/1000/hidra.kbd). Waiting for QEMU to listen... (set HID_SOCK or run scripts/run_qemu.sh)
[msquic] stream: RECEIVE bytes=104 buffers=1 pending=0
[heal] key=23 heal_ms=67.9322
[hidra] HID socket connect failed (/run/user/1000/hidra.kbd). Waiting for QEMU to listen... (set HID_SOCK or run scripts/run_qemu.sh)
[msquic] stream: RECEIVE bytes=52 buffers=1 pending=0
[lat] dt_ms=50.2315 cmd=up key=ENTER
[hidra] HID socket connect failed (/run/user/1000/hidra.kbd). Waiting for QEMU to listen... (set HID_SOCK or run scripts/run_qemu.sh)
[hidra] HID socket connect failed (/run/user/1000/hidra.kbd). Waiting for QEMU to listen... (set HID_SOCK or run scripts/run_qemu.sh)
[msquic] stream: RECEIVE bytes=52 buffers=1 pending=0
[lat] dt_ms=74.3936 cmd=up key=t
[hidra] HID socket connect failed (/run/user/1000/hidra.kbd). Waiting for QEMU to listen... (set HID_SOCK or run scripts/run_qemu.sh)
[hidra] HID socket connect failed (/run/user/1000/hidra.kbd). Waiting for QEMU to listen... (set HID_SOCK or run scripts/run_qemu.sh)
[msquic] stream: RECEIVE bytes=52 buffers=1 pending=0
[hidra] HID socket connect failed (/run/user/1000/hidra.kbd). Waiting for QEMU to listen... (set HID_SOCK or run scripts/run_qemu.sh)
[msquic] stream: RECEIVE bytes=52 buffers=1 pending=0
[lat] dt_ms=79.6258 cmd=down key=ENTER
[hidra] HID socket connect failed (/run/user/1000/hidra.kbd). Waiting for QEMU to listen... (set HID_SOCK or run scripts/run_qemu.sh)
[lat] dt_ms=43.3035 cmd=down key=p
[hidra] HID socket connect failed (/run/user/1000/hidra.kbd). Waiting for QEMU to listen... (set HID_SOCK or run scripts/run_qemu.sh)
[lat] dt_ms=79.7387 cmd=down key=a
[hidra] HID socket connect failed (/run/user/1000/hidra.kbd). Waiting for QEMU to listen... (set HID_SOCK or run scripts/run_qemu.sh)
[heal] key=4 heal_ms=69.3544
[heal] key=40 heal_ms=90.0744
[hidra] HID socket connect failed (/run/user/1000/hidra.kbd). Waiting for QEMU to listen... (set HID_SOCK or run scripts/run_qemu.sh)
[msquic] stream: RECEIVE bytes=52 buffers=1 pending=0
[hidra] HID socket connect failed (/run/user/1000/hidra.kbd). Waiting for QEMU to listen... (set HID_SOCK or run scripts/run_qemu.sh)
[msquic] stream: RECEIVE bytes=52 buffers=1 pending=0
[hidra] HID socket connect failed (/run/user/1000/hidra.kbd). Waiting for QEMU to listen... (set HID_SOCK or run scripts/run_qemu.sh)
[msquic] stream: RECEIVE bytes=52 buffers=1 pending=0
[lat] dt_ms=72.7152 cmd=up key=a
[hidra] HID socket connect failed (/run/user/1000/hidra.kbd). Waiting for QEMU to listen... (set HID_SOCK or run scripts/run_qemu.sh)
[hidra] HID socket connect failed (/run/user/1000/hidra.kbd). Waiting for QEMU to listen... (set HID_SOCK or run scripts/run_qemu.sh)
[msquic] stream: RECEIVE bytes=52 buffers=1 pending=0
[lat] dt_ms=51.5382 cmd=down key=t
[hidra] HID socket connect failed (/run/user/1000/hidra.kbd). Waiting for QEMU to listen... (set HID_SOCK or run scripts/run_qemu.sh)
[hidra] HID socket connect failed (/run/user/1000/hidra.kbd). Waiting for QEMU to listen... (set HID_SOCK or run scripts/run_qemu.sh)
[msquic] stream: RECEIVE bytes=52 buffers=1 pending=0
[lat] dt_ms=71.2672 cmd=up key=p
[hidra] HID socket connect failed (/run/user/1000/hidra.kbd). Waiting for QEMU to listen... (set HID_SOCK or run scripts/run_qemu.sh)
[lat] dt_ms=58.4093 cmd=up key=t
[hidra] HID socket connect failed (/run/user/1000/hidra.kbd). Waiting for QEMU to listen... (set HID_SOCK or run scripts/run_qemu.sh)
[hidra] HID socket connect failed (/run/user/1000/hidra.kbd). Waiting for QEMU to listen... (set HID_SOCK or run scripts/run_qemu.sh)
[msquic] stream: RECEIVE bytes=52 buffers=1 pending=0
[lat] dt_ms=50.2766 cmd=down key=ENTER
[hidra] HID socket connect failed (/run/user/1000/hidra.kbd). Waiting for QEMU to listen... (set HID_SOCK or run scripts/run_qemu.sh)
[heal] key=40 heal_ms=56.3197
[hidra] HID socket connect failed (/run/user/1000/hidra.kbd). Waiting for QEMU to listen... (set HID_SOCK or run scripts/run_qemu.sh)
[msquic] stream: RECEIVE bytes=52 buffers=1 pending=0
[hidra] HID socket connect failed (/run/user/1000/hidra.kbd). Waiting for QEMU to listen... (set HID_SOCK or run scripts/run_qemu.sh)
[msquic] stream: RECEIVE bytes=52 buffers=1 pending=0
[lat] dt_ms=62.7314 cmd=up key=ENTER
[hidra] HID socket connect failed (/run/user/1000/hidra.kbd). Waiting for QEMU to listen... (set HID_SOCK or run scripts/run_qemu.sh)
[hidra] HID socket connect failed (/run/user/1000/hidra.kbd). Waiting for QEMU to listen... (set HID_SOCK or run scripts/run_qemu.sh)
[msquic] stream: RECEIVE bytes=52 buffers=1 pending=0
[hidra] HID socket connect failed (/run/user/1000/hidra.kbd). Waiting for QEMU to listen... (set HID_SOCK or run scripts/run_qemu.sh)
[msquic] stream: RECEIVE bytes=52 buffers=1 pending=0
[hidra] HID socket connect failed (/run/user/1000/hidra.kbd). Waiting for QEMU to listen... (set HID_SOCK or run scripts/run_qemu.sh)
[msquic] stream: RECEIVE bytes=52 buffers=1 pending=0
[hidra] HID socket connect failed (/run/user/1000/hidra.kbd). Waiting for QEMU to listen... (set HID_SOCK or run scripts/run_qemu.sh)
[msquic] stream: RECEIVE bytes=52 buffers=1 pending=0
[hidra] HID socket connect failed (/run/user/1000/hidra.kbd). Waiting for QEMU to listen... (set HID_SOCK or run scripts/run_qemu.sh)
[msquic] stream: RECEIVE bytes=52 buffers=1 pending=0
[hidra] HID socket connect failed (/run/user/1000/hidra.kbd). Waiting for QEMU to listen... (set HID_SOCK or run scripts/run_qemu.sh)
[msquic] stream: RECEIVE bytes=52 buffers=1 pending=0
[hidra] HID socket connect failed (/run/user/1000/hidra.kbd). Waiting for QEMU to listen... (set HID_SOCK or run scripts/run_qemu.sh)
[msquic] stream: RECEIVE bytes=52 buffers=1 pending=0
[hidra] HID socket connect failed (/run/user/1000/hidra.kbd). Waiting for QEMU to listen... (set HID_SOCK or run scripts/run_qemu.sh)
[msquic] stream: RECEIVE bytes=52 buffers=1 pending=0
[hidra] HID socket connect failed (/run/user/1000/hidra.kbd). Waiting for QEMU to listen... (set HID_SOCK or run scripts/run_qemu.sh)
[msquic] stream: RECEIVE bytes=52 buffers=1 pending=0
[hidra] HID socket connect failed (/run/user/1000/hidra.kbd). Waiting for QEMU to listen... (set HID_SOCK or run scripts/run_qemu.sh)
[msquic] stream: RECEIVE bytes=52 buffers=1 pending=0
[hidra] HID socket connect failed (/run/user/1000/hidra.kbd). Waiting for QEMU to listen... (set HID_SOCK or run scripts/run_qemu.sh)
[msquic] stream: RECEIVE bytes=52 buffers=1 pending=0
[hidra] HID socket connect failed (/run/user/1000/hidra.kbd). Waiting for QEMU to listen... (set HID_SOCK or run scripts/run_qemu.sh)
[msquic] stream: RECEIVE bytes=52 buffers=1 pending=0
[hidra] HID socket connect failed (/run/user/1000/hidra.kbd). Waiting for QEMU to listen... (set HID_SOCK or run scripts/run_qemu.sh)
[msquic] stream: RECEIVE bytes=52 buffers=1 pending=0
[hidra] HID socket connect failed (/run/user/1000/hidra.kbd). Waiting for QEMU to listen... (set HID_SOCK or run scripts/run_qemu.sh)
[msquic] stream: RECEIVE bytes=52 buffers=1 pending=0
[hidra] HID socket connect failed (/run/user/1000/hidra.kbd). Waiting for QEMU to listen... (set HID_SOCK or run scripts/run_qemu.sh)
[hidra] HID socket connect failed (/run/user/1000/hidra.kbd). Waiting for QEMU to listen... (set HID_SOCK or run scripts/run_qemu.sh)
[msquic] stream: RECEIVE bytes=104 buffers=1 pending=0
[hidra] HID socket connect failed (/run/user/1000/hidra.kbd). Waiting for QEMU to listen... (set HID_SOCK or run scripts/run_qemu.sh)
[msquic] stream: RECEIVE bytes=52 buffers=1 pending=0
[hidra] HID socket connect failed (/run/user/1000/hidra.kbd). Waiting for QEMU to listen... (set HID_SOCK or run scripts/run_qemu.sh)
[msquic] stream: RECEIVE bytes=52 buffers=1 pending=0
[hidra] HID socket connect failed (/run/user/1000/hidra.kbd). Waiting for QEMU to listen... (set HID_SOCK or run scripts/run_qemu.sh)
[msquic] stream: RECEIVE bytes=52 buffers=1 pending=0
[hidra] HID socket connect failed (/run/user/1000/hidra.kbd). Waiting for QEMU to listen... (set HID_SOCK or run scripts/run_qemu.sh)
[msquic] stream: RECEIVE bytes=52 buffers=1 pending=0
[hidra] HID socket connect failed (/run/user/1000/hidra.kbd). Waiting for QEMU to listen... (set HID_SOCK or run scripts/run_qemu.sh)
[msquic] stream: RECEIVE bytes=52 buffers=1 pending=0
[hidra] HID socket connect failed (/run/user/1000/hidra.kbd). Waiting for QEMU to listen... (set HID_SOCK or run scripts/run_qemu.sh)
[msquic] stream: RECEIVE bytes=52 buffers=1 pending=0
[hidra] HID socket connect failed (/run/user/1000/hidra.kbd). Waiting for QEMU to listen... (set HID_SOCK or run scripts/run_qemu.sh)
[msquic] stream: RECEIVE bytes=52 buffers=1 pending=0
[hidra] HID socket connect failed (/run/user/1000/hidra.kbd). Waiting for QEMU to listen... (set HID_SOCK or run scripts/run_qemu.sh)
[msquic] stream: RECEIVE bytes=52 buffers=1 pending=0
[hidra] HID socket connect failed (/run/user/1000/hidra.kbd). Waiting for QEMU to listen... (set HID_SOCK or run scripts/run_qemu.sh)
[msquic] stream: RECEIVE bytes=52 buffers=1 pending=0
[hidra] HID socket connect failed (/run/user/1000/hidra.kbd). Waiting for QEMU to listen... (set HID_SOCK or run scripts/run_qemu.sh)
[msquic] stream: RECEIVE bytes=52 buffers=1 pending=0
[hidra] HID socket connect failed (/run/user/1000/hidra.kbd). Waiting for QEMU to listen... (set HID_SOCK or run scripts/run_qemu.sh)
[msquic] stream: RECEIVE bytes=52 buffers=1 pending=0
[hidra] HID socket connect failed (/run/user/1000/hidra.kbd). Waiting for QEMU to listen... (set HID_SOCK or run scripts/run_qemu.sh)
[msquic] stream: RECEIVE bytes=52 buffers=1 pending=0
[hidra] HID socket connect failed (/run/user/1000/hidra.kbd). Waiting for QEMU to listen... (set HID_SOCK or run scripts/run_qemu.sh)
[msquic] stream: RECEIVE bytes=52 buffers=1 pending=0
[hidra] HID socket connect failed (/run/user/1000/hidra.kbd). Waiting for QEMU to listen... (set HID_SOCK or run scripts/run_qemu.sh)
[msquic] stream: RECEIVE bytes=52 buffers=1 pending=0
[hidra] HID socket connect failed (/run/user/1000/hidra.kbd). Waiting for QEMU to listen... (set HID_SOCK or run scripts/run_qemu.sh)
[msquic] stream: RECEIVE bytes=52 buffers=1 pending=0
[hidra] HID socket connect failed (/run/user/1000/hidra.kbd). Waiting for QEMU to listen... (set HID_SOCK or run scripts/run_qemu.sh)
[msquic] stream: RECEIVE bytes=52 buffers=1 pending=0
[hidra] HID socket connect failed (/run/user/1000/hidra.kbd). Waiting for QEMU to listen... (set HID_SOCK or run scripts/run_qemu.sh)
[msquic] stream: RECEIVE bytes=52 buffers=1 pending=0
[hidra] HID socket connect failed (/run/user/1000/hidra.kbd). Waiting for QEMU to listen... (set HID_SOCK or run scripts/run_qemu.sh)
[msquic] stream: RECEIVE bytes=52 buffers=1 pending=0
[hidra] HID socket connect failed (/run/user/1000/hidra.kbd). Waiting for QEMU to listen... (set HID_SOCK or run scripts/run_qemu.sh)
[msquic] stream: RECEIVE bytes=52 buffers=1 pending=0
[hidra] HID socket connect failed (/run/user/1000/hidra.kbd). Waiting for QEMU to listen... (set HID_SOCK or run scripts/run_qemu.sh)
[msquic] stream: RECEIVE bytes=52 buffers=1 pending=0
[hidra] HID socket connect failed (/run/user/1000/hidra.kbd). Waiting for QEMU to listen... (set HID_SOCK or run scripts/run_qemu.sh)
[msquic] stream: RECEIVE bytes=52 buffers=2 pending=0
[hidra] HID socket connect failed (/run/user/1000/hidra.kbd). Waiting for QEMU to listen... (set HID_SOCK or run scripts/run_qemu.sh)
[msquic] stream: RECEIVE bytes=52 buffers=1 pending=0
[hidra] HID socket connect failed (/run/user/1000/hidra.kbd). Waiting for QEMU to listen... (set HID_SOCK or run scripts/run_qemu.sh)
[msquic] stream: RECEIVE bytes=52 buffers=1 pending=0
[hidra] HID socket connect failed (/run/user/1000/hidra.kbd). Waiting for QEMU to listen... (set HID_SOCK or run scripts/run_qemu.sh)
[msquic] stream: RECEIVE bytes=52 buffers=1 pending=0
[hidra] HID socket connect failed (/run/user/1000/hidra.kbd). Waiting for QEMU to listen... (set HID_SOCK or run scripts/run_qemu.sh)
[msquic] stream: RECEIVE bytes=52 buffers=1 pending=0
[hidra] HID socket connect failed (/run/user/1000/hidra.kbd). Waiting for QEMU to listen... (set HID_SOCK or run scripts/run_qemu.sh)
[msquic] stream: RECEIVE bytes=52 buffers=1 pending=0
[hidra] HID socket connect failed (/run/user/1000/hidra.kbd). Waiting for QEMU to listen... (set HID_SOCK or run scripts/run_qemu.sh)
[msquic] stream: RECEIVE bytes=52 buffers=1 pending=0
[hidra] HID socket connect failed (/run/user/1000/hidra.kbd). Waiting for QEMU to listen... (set HID_SOCK or run scripts/run_qemu.sh)
[msquic] stream: RECEIVE bytes=52 buffers=1 pending=0
[hidra] HID socket connect failed (/run/user/1000/hidra.kbd). Waiting for QEMU to listen... (set HID_SOCK or run scripts/run_qemu.sh)
[msquic] stream: RECEIVE bytes=52 buffers=1 pending=0
[hidra] HID socket connect failed (/run/user/1000/hidra.kbd). Waiting for QEMU to listen... (set HID_SOCK or run scripts/run_qemu.sh)
[msquic] stream: RECEIVE bytes=52 buffers=1 pending=0
[hidra] HID socket connect failed (/run/user/1000/hidra.kbd). Waiting for QEMU to listen... (set HID_SOCK or run scripts/run_qemu.sh)
[msquic] stream: RECEIVE bytes=52 buffers=1 pending=0
[hidra] HID socket connect failed (/run/user/1000/hidra.kbd). Waiting for QEMU to listen... (set HID_SOCK or run scripts/run_qemu.sh)
[hidra] HID socket connect failed (/run/user/1000/hidra.kbd). Waiting for QEMU to listen... (set HID_SOCK or run scripts/run_qemu.sh)
[msquic] stream: RECEIVE bytes=104 buffers=1 pending=0
[hidra] HID socket connect failed (/run/user/1000/hidra.kbd). Waiting for QEMU to listen... (set HID_SOCK or run scripts/run_qemu.sh)
[msquic] stream: RECEIVE bytes=52 buffers=1 pending=0
[hidra] HID socket connect failed (/run/user/1000/hidra.kbd). Waiting for QEMU to listen... (set HID_SOCK or run scripts/run_qemu.sh)
[msquic] stream: RECEIVE bytes=52 buffers=1 pending=0
[hidra] snapshot v1 mods=0x0 pressed=0
[hidra] HID socket connect failed (/run/user/1000/hidra.kbd). Waiting for QEMU to listen... (set HID_SOCK or run scripts/run_qemu.sh)
[msquic] stream: RECEIVE bytes=52 buffers=1 pending=0
[hidra] HID socket connect failed (/run/user/1000/hidra.kbd). Waiting for QEMU to listen... (set HID_SOCK or run scripts/run_qemu.sh)
[msquic] stream: RECEIVE bytes=52 buffers=1 pending=0
[hidra] HID socket connect failed (/run/user/1000/hidra.kbd). Waiting for QEMU to listen... (set HID_SOCK or run scripts/run_qemu.sh)
[msquic] stream: RECEIVE bytes=52 buffers=1 pending=0
[hidra] HID socket connect failed (/run/user/1000/hidra.kbd). Waiting for QEMU to listen... (set HID_SOCK or run scripts/run_qemu.sh)
[msquic] stream: RECEIVE bytes=52 buffers=1 pending=0
[hidra] HID socket connect failed (/run/user/1000/hidra.kbd). Waiting for QEMU to listen... (set HID_SOCK or run scripts/run_qemu.sh)
[msquic] stream: RECEIVE bytes=52 buffers=1 pending=0
[hidra] HID socket connect failed (/run/user/1000/hidra.kbd). Waiting for QEMU to listen... (set HID_SOCK or run scripts/run_qemu.sh)
[msquic] stream: RECEIVE bytes=52 buffers=1 pending=0
[hidra] HID socket connect failed (/run/user/1000/hidra.kbd). Waiting for QEMU to listen... (set HID_SOCK or run scripts/run_qemu.sh)
[msquic] stream: RECEIVE bytes=52 buffers=1 pending=0
[hidra] HID socket connect failed (/run/user/1000/hidra.kbd). Waiting for QEMU to listen... (set HID_SOCK or run scripts/run_qemu.sh)
[msquic] stream: RECEIVE bytes=52 buffers=1 pending=0
[hidra] HID socket connect failed (/run/user/1000/hidra.kbd). Waiting for QEMU to listen... (set HID_SOCK or run scripts/run_qemu.sh)
[msquic] stream: RECEIVE bytes=52 buffers=1 pending=0
[hidra] HID socket connect failed (/run/user/1000/hidra.kbd). Waiting for QEMU to listen... (set HID_SOCK or run scripts/run_qemu.sh)
[msquic] stream: RECEIVE bytes=52 buffers=1 pending=0
[hidra] HID socket connect failed (/run/user/1000/hidra.kbd). Waiting for QEMU to listen... (set HID_SOCK or run scripts/run_qemu.sh)
[msquic] stream: RECEIVE bytes=52 buffers=1 pending=0
[hidra] HID socket connect failed (/run/user/1000/hidra.kbd). Waiting for QEMU to listen... (set HID_SOCK or run scripts/run_qemu.sh)
[msquic] stream: RECEIVE bytes=52 buffers=1 pending=0
[hidra] HID socket connect failed (/run/user/1000/hidra.kbd). Waiting for QEMU to listen... (set HID_SOCK or run scripts/run_qemu.sh)
[msquic] stream: RECEIVE bytes=52 buffers=1 pending=0
[hidra] HID socket connect failed (/run/user/1000/hidra.kbd). Waiting for QEMU to listen... (set HID_SOCK or run scripts/run_qemu.sh)
[msquic] stream: RECEIVE bytes=52 buffers=1 pending=0
[hidra] HID socket connect failed (/run/user/1000/hidra.kbd). Waiting for QEMU to listen... (set HID_SOCK or run scripts/run_qemu.sh)
[msquic] stream: RECEIVE bytes=52 buffers=1 pending=0
[hidra] HID socket connect failed (/run/user/1000/hidra.kbd). Waiting for QEMU to listen... (set HID_SOCK or run scripts/run_qemu.sh)
[msquic] stream: RECEIVE bytes=52 buffers=1 pending=0
[hidra] HID socket connect failed (/run/user/1000/hidra.kbd). Waiting for QEMU to listen... (set HID_SOCK or run scripts/run_qemu.sh)
[msquic] stream: RECEIVE bytes=52 buffers=1 pending=0
[hidra] HID socket connect failed (/run/user/1000/hidra.kbd). Waiting for QEMU to listen... (set HID_SOCK or run scripts/run_qemu.sh)
[msquic] stream: RECEIVE bytes=52 buffers=1 pending=0
[hidra] HID socket connect failed (/run/user/1000/hidra.kbd). Waiting for QEMU to listen... (set HID_SOCK or run scripts/run_qemu.sh)
[msquic] stream: RECEIVE bytes=52 buffers=1 pending=0
[hidra] HID socket connect failed (/run/user/1000/hidra.kbd). Waiting for QEMU to listen... (set HID_SOCK or run scripts/run_qemu.sh)
[msquic] stream: RECEIVE bytes=52 buffers=1 pending=0
[hidra] HID socket connect failed (/run/user/1000/hidra.kbd). Waiting for QEMU to listen... (set HID_SOCK or run scripts/run_qemu.sh)
[msquic] stream: RECEIVE bytes=52 buffers=1 pending=0
[hidra] HID socket connect failed (/run/user/1000/hidra.kbd). Waiting for QEMU to listen... (set HID_SOCK or run scripts/run_qemu.sh)
[msquic] stream: RECEIVE bytes=52 buffers=1 pending=0
[hidra] HID socket connect failed (/run/user/1000/hidra.kbd). Waiting for QEMU to listen... (set HID_SOCK or run scripts/run_qemu.sh)
[msquic] stream: RECEIVE bytes=52 buffers=1 pending=0
[hidra] HID socket connect failed (/run/user/1000/hidra.kbd). Waiting for QEMU to listen... (set HID_SOCK or run scripts/run_qemu.sh)
[hidra] HID socket connect failed (/run/user/1000/hidra.kbd). Waiting for QEMU to listen... (set HID_SOCK or run scripts/run_qemu.sh)
[msquic] stream: RECEIVE bytes=104 buffers=1 pending=0
[hidra] HID socket connect failed (/run/user/1000/hidra.kbd). Waiting for QEMU to listen... (set HID_SOCK or run scripts/run_qemu.sh)
[msquic] stream: RECEIVE bytes=52 buffers=1 pending=0
[hidra] HID socket connect failed (/run/user/1000/hidra.kbd). Waiting for QEMU to listen... (set HID_SOCK or run scripts/run_qemu.sh)
[msquic] stream: RECEIVE bytes=52 buffers=1 pending=0
[hidra] HID socket connect failed (/run/user/1000/hidra.kbd). Waiting for QEMU to listen... (set HID_SOCK or run scripts/run_qemu.sh)
[msquic] stream: RECEIVE bytes=52 buffers=1 pending=0
[hidra] HID socket connect failed (/run/user/1000/hidra.kbd). Waiting for QEMU to listen... (set HID_SOCK or run scripts/run_qemu.sh)
[msquic] stream: RECEIVE bytes=52 buffers=1 pending=0
[hidra] HID socket connect failed (/run/user/1000/hidra.kbd). Waiting for QEMU to listen... (set HID_SOCK or run scripts/run_qemu.sh)
[msquic] stream: RECEIVE bytes=52 buffers=1 pending=0
[hidra] HID socket connect failed (/run/user/1000/hidra.kbd). Waiting for QEMU to listen... (set HID_SOCK or run scripts/run_qemu.sh)
[msquic] stream: RECEIVE bytes=52 buffers=1 pending=0
[hidra] HID socket connect failed (/run/user/1000/hidra.kbd). Waiting for QEMU to listen... (set HID_SOCK or run scripts/run_qemu.sh)
[msquic] stream: RECEIVE bytes=52 buffers=1 pending=0
[hidra] HID socket connect failed (/run/user/1000/hidra.kbd). Waiting for QEMU to listen... (set HID_SOCK or run scripts/run_qemu.sh)
[msquic] stream: RECEIVE bytes=52 buffers=1 pending=0
[hidra] HID socket connect failed (/run/user/1000/hidra.kbd). Waiting for QEMU to listen... (set HID_SOCK or run scripts/run_qemu.sh)
[msquic] stream: RECEIVE bytes=52 buffers=1 pending=0
[hidra] HID socket connect failed (/run/user/1000/hidra.kbd). Waiting for QEMU to listen... (set HID_SOCK or run scripts/run_qemu.sh)
[msquic] stream: RECEIVE bytes=52 buffers=1 pending=0
[hidra] HID socket connect failed (/run/user/1000/hidra.kbd). Waiting for QEMU to listen... (set HID_SOCK or run scripts/run_qemu.sh)
[msquic] stream: RECEIVE bytes=52 buffers=1 pending=0
[hidra] HID socket connect failed (/run/user/1000/hidra.kbd). Waiting for QEMU to listen... (set HID_SOCK or run scripts/run_qemu.sh)
[msquic] stream: RECEIVE bytes=52 buffers=1 pending=0
[hidra] HID socket connect failed (/run/user/1000/hidra.kbd). Waiting for QEMU to listen... (set HID_SOCK or run scripts/run_qemu.sh)
[msquic] stream: RECEIVE bytes=52 buffers=1 pending=0
[hidra] HID socket connect failed (/run/user/1000/hidra.kbd). Waiting for QEMU to listen... (set HID_SOCK or run scripts/run_qemu.sh)
[msquic] stream: RECEIVE bytes=52 buffers=1 pending=0
[hidra] HID socket connect failed (/run/user/1000/hidra.kbd). Waiting for QEMU to listen... (set HID_SOCK or run scripts/run_qemu.sh)
[msquic] stream: RECEIVE bytes=52 buffers=1 pending=0
[hidra] HID socket connect failed (/run/user/1000/hidra.kbd). Waiting for QEMU to listen... (set HID_SOCK or run scripts/run_qemu.sh)
[msquic] stream: RECEIVE bytes=52 buffers=1 pending=0
[hidra] HID socket connect failed (/run/user/1000/hidra.kbd). Waiting for QEMU to listen... (set HID_SOCK or run scripts/run_qemu.sh)
[msquic] stream: RECEIVE bytes=52 buffers=1 pending=0
[hidra] HID socket connect failed (/run/user/1000/hidra.kbd). Waiting for QEMU to listen... (set HID_SOCK or run scripts/run_qemu.sh)
[msquic] stream: RECEIVE bytes=52 buffers=1 pending=0
[hidra] HID socket connect failed (/run/user/1000/hidra.kbd). Waiting for QEMU to listen... (set HID_SOCK or run scripts/run_qemu.sh)
[msquic] stream: RECEIVE bytes=52 buffers=1 pending=0
[hidra] HID socket connect failed (/run/user/1000/hidra.kbd). Waiting for QEMU to listen... (set HID_SOCK or run scripts/run_qemu.sh)
[msquic] stream: RECEIVE bytes=52 buffers=1 pending=0
[hidra] HID socket connect failed (/run/user/1000/hidra.kbd). Waiting for QEMU to listen... (set HID_SOCK or run scripts/run_qemu.sh)
[hidra] HID socket connect failed (/run/user/1000/hidra.kbd). Waiting for QEMU to listen... (set HID_SOCK or run scripts/run_qemu.sh)
[msquic] stream: RECEIVE bytes=104 buffers=1 pending=0
[hidra] HID socket connect failed (/run/user/1000/hidra.kbd). Waiting for QEMU to listen... (set HID_SOCK or run scripts/run_qemu.sh)
[msquic] stream: RECEIVE bytes=52 buffers=1 pending=0
[hidra] HID socket connect failed (/run/user/1000/hidra.kbd). Waiting for QEMU to listen... (set HID_SOCK or run scripts/run_qemu.sh)
[msquic] stream: RECEIVE bytes=52 buffers=1 pending=0
[hidra] HID socket connect failed (/run/user/1000/hidra.kbd). Waiting for QEMU to listen... (set HID_SOCK or run scripts/run_qemu.sh)
[msquic] stream: RECEIVE bytes=52 buffers=1 pending=0
[hidra] HID socket connect failed (/run/user/1000/hidra.kbd). Waiting for QEMU to listen... (set HID_SOCK or run scripts/run_qemu.sh)
[msquic] stream: RECEIVE bytes=52 buffers=1 pending=0
[hidra] HID socket connect failed (/run/user/1000/hidra.kbd). Waiting for QEMU to listen... (set HID_SOCK or run scripts/run_qemu.sh)
[msquic] stream: RECEIVE bytes=52 buffers=1 pending=0
[hidra] HID socket connect failed (/run/user/1000/hidra.kbd). Waiting for QEMU to listen... (set HID_SOCK or run scripts/run_qemu.sh)
[msquic] stream: RECEIVE bytes=52 buffers=1 pending=0
[hidra] HID socket connect failed (/run/user/1000/hidra.kbd). Waiting for QEMU to listen... (set HID_SOCK or run scripts/run_qemu.sh)
[msquic] stream: RECEIVE bytes=52 buffers=1 pending=0
[hidra] HID socket connect failed (/run/user/1000/hidra.kbd). Waiting for QEMU to listen... (set HID_SOCK or run scripts/run_qemu.sh)
[msquic] stream: RECEIVE bytes=52 buffers=1 pending=0
[hidra] HID socket connect failed (/run/user/1000/hidra.kbd). Waiting for QEMU to listen... (set HID_SOCK or run scripts/run_qemu.sh)
[msquic] stream: RECEIVE bytes=52 buffers=1 pending=0
[hidra] HID socket connect failed (/run/user/1000/hidra.kbd). Waiting for QEMU to listen... (set HID_SOCK or run scripts/run_qemu.sh)
[msquic] stream: RECEIVE bytes=52 buffers=1 pending=0
[hidra] HID socket connect failed (/run/user/1000/hidra.kbd). Waiting for QEMU to listen... (set HID_SOCK or run scripts/run_qemu.sh)
[msquic] stream: RECEIVE bytes=52 buffers=1 pending=0
[hidra] HID socket connect failed (/run/user/1000/hidra.kbd). Waiting for QEMU to listen... (set HID_SOCK or run scripts/run_qemu.sh)
[hidra] HID socket connect failed (/run/user/1000/hidra.kbd). Waiting for QEMU to listen... (set HID_SOCK or run scripts/run_qemu.sh)
[msquic] stream: RECEIVE bytes=104 buffers=1 pending=0
[hidra] HID socket connect failed (/run/user/1000/hidra.kbd). Waiting for QEMU to listen... (set HID_SOCK or run scripts/run_qemu.sh)
[msquic] stream: RECEIVE bytes=52 buffers=1 pending=0
[hidra] HID socket connect failed (/run/user/1000/hidra.kbd). Waiting for QEMU to listen... (set HID_SOCK or run scripts/run_qemu.sh)
[msquic] stream: RECEIVE bytes=52 buffers=1 pending=0
[hidra] HID socket connect failed (/run/user/1000/hidra.kbd). Waiting for QEMU to listen... (set HID_SOCK or run scripts/run_qemu.sh)
[msquic] stream: RECEIVE bytes=52 buffers=1 pending=0
[hidra] HID socket connect failed (/run/user/1000/hidra.kbd). Waiting for QEMU to listen... (set HID_SOCK or run scripts/run_qemu.sh)
[msquic] stream: RECEIVE bytes=52 buffers=1 pending=0
[hidra] HID socket connect failed (/run/user/1000/hidra.kbd). Waiting for QEMU to listen... (set HID_SOCK or run scripts/run_qemu.sh)
[msquic] stream: RECEIVE bytes=52 buffers=1 pending=0
[hidra] HID socket connect failed (/run/user/1000/hidra.kbd). Waiting for QEMU to listen... (set HID_SOCK or run scripts/run_qemu.sh)
[msquic] stream: RECEIVE bytes=52 buffers=1 pending=0
[hidra] HID socket connect failed (/run/user/1000/hidra.kbd). Waiting for QEMU to listen... (set HID_SOCK or run scripts/run_qemu.sh)
[hidra] HID socket connect failed (/run/user/1000/hidra.kbd). Waiting for QEMU to listen... (set HID_SOCK or run scripts/run_qemu.sh)
[msquic] stream: RECEIVE bytes=104 buffers=1 pending=0
[hidra] HID socket connect failed (/run/user/1000/hidra.kbd). Waiting for QEMU to listen... (set HID_SOCK or run scripts/run_qemu.sh)
[msquic] stream: RECEIVE bytes=52 buffers=1 pending=0
[hidra] HID socket connect failed (/run/user/1000/hidra.kbd). Waiting for QEMU to listen... (set HID_SOCK or run scripts/run_qemu.sh)
[msquic] stream: RECEIVE bytes=52 buffers=1 pending=0
[hidra] HID socket connect failed (/run/user/1000/hidra.kbd). Waiting for QEMU to listen... (set HID_SOCK or run scripts/run_qemu.sh)
[msquic] stream: RECEIVE bytes=52 buffers=1 pending=0
[hidra] HID socket connect failed (/run/user/1000/hidra.kbd). Waiting for QEMU to listen... (set HID_SOCK or run scripts/run_qemu.sh)
[msquic] stream: RECEIVE bytes=52 buffers=1 pending=0
[hidra] HID socket connect failed (/run/user/1000/hidra.kbd). Waiting for QEMU to listen... (set HID_SOCK or run scripts/run_qemu.sh)
[msquic] stream: RECEIVE bytes=52 buffers=1 pending=0
[hidra] HID socket connect failed (/run/user/1000/hidra.kbd). Waiting for QEMU to listen... (set HID_SOCK or run scripts/run_qemu.sh)
[hidra] HID socket connect failed (/run/user/1000/hidra.kbd). Waiting for QEMU to listen... (set HID_SOCK or run scripts/run_qemu.sh)
[msquic] stream: RECEIVE bytes=104 buffers=1 pending=0
[hidra] HID socket connect failed (/run/user/1000/hidra.kbd). Waiting for QEMU to listen... (set HID_SOCK or run scripts/run_qemu.sh)
[msquic] stream: RECEIVE bytes=52 buffers=1 pending=0
[hidra] HID socket connect failed (/run/user/1000/hidra.kbd). Waiting for QEMU to listen... (set HID_SOCK or run scripts/run_qemu.sh)
[msquic] stream: RECEIVE bytes=52 buffers=1 pending=0
[hidra] HID socket connect failed (/run/user/1000/hidra.kbd). Waiting for QEMU to listen... (set HID_SOCK or run scripts/run_qemu.sh)
[msquic] stream: RECEIVE bytes=52 buffers=1 pending=0
[hidra] HID socket connect failed (/run/user/1000/hidra.kbd). Waiting for QEMU to listen... (set HID_SOCK or run scripts/run_qemu.sh)
[msquic] stream: RECEIVE bytes=52 buffers=1 pending=0
[hidra] HID socket connect failed (/run/user/1000/hidra.kbd). Waiting for QEMU to listen... (set HID_SOCK or run scripts/run_qemu.sh)
[msquic] stream: RECEIVE bytes=52 buffers=1 pending=0
[hidra] HID socket connect failed (/run/user/1000/hidra.kbd). Waiting for QEMU to listen... (set HID_SOCK or run scripts/run_qemu.sh)
[msquic] stream: RECEIVE bytes=52 buffers=1 pending=0
[hidra] HID socket connect failed (/run/user/1000/hidra.kbd). Waiting for QEMU to listen... (set HID_SOCK or run scripts/run_qemu.sh)
[hidra] HID socket connect failed (/run/user/1000/hidra.kbd). Waiting for QEMU to listen... (set HID_SOCK or run scripts/run_qemu.sh)
[msquic] stream: RECEIVE bytes=104 buffers=1 pending=0
[hidra] HID socket connect failed (/run/user/1000/hidra.kbd). Waiting for QEMU to listen... (set HID_SOCK or run scripts/run_qemu.sh)
[msquic] stream: RECEIVE bytes=52 buffers=1 pending=0
[hidra] HID socket connect failed (/run/user/1000/hidra.kbd). Waiting for QEMU to listen... (set HID_SOCK or run scripts/run_qemu.sh)
[msquic] stream: RECEIVE bytes=52 buffers=1 pending=0
[hidra] HID socket connect failed (/run/user/1000/hidra.kbd). Waiting for QEMU to listen... (set HID_SOCK or run scripts/run_qemu.sh)
[msquic] stream: RECEIVE bytes=52 buffers=1 pending=0
[hidra] HID socket connect failed (/run/user/1000/hidra.kbd). Waiting for QEMU to listen... (set HID_SOCK or run scripts/run_qemu.sh)
[hidra] HID socket connect failed (/run/user/1000/hidra.kbd). Waiting for QEMU to listen... (set HID_SOCK or run scripts/run_qemu.sh)
[msquic] stream: RECEIVE bytes=104 buffers=1 pending=0
[hidra] HID socket connect failed (/run/user/1000/hidra.kbd). Waiting for QEMU to listen... (set HID_SOCK or run scripts/run_qemu.sh)
[msquic] stream: RECEIVE bytes=52 buffers=1 pending=0
[hidra] HID socket connect failed (/run/user/1000/hidra.kbd). Waiting for QEMU to listen... (set HID_SOCK or run scripts/run_qemu.sh)
[msquic] stream: RECEIVE bytes=52 buffers=1 pending=0
[hidra] HID socket connect failed (/run/user/1000/hidra.kbd). Waiting for QEMU to listen... (set HID_SOCK or run scripts/run_qemu.sh)
[msquic] stream: RECEIVE bytes=52 buffers=1 pending=0
[hidra] HID socket connect failed (/run/user/1000/hidra.kbd). Waiting for QEMU to listen... (set HID_SOCK or run scripts/run_qemu.sh)
[msquic] stream: RECEIVE bytes=52 buffers=1 pending=0
[hidra] HID socket connect failed (/run/user/1000/hidra.kbd). Waiting for QEMU to listen... (set HID_SOCK or run scripts/run_qemu.sh)
[msquic] stream: RECEIVE bytes=52 buffers=1 pending=0
[hidra] HID socket connect failed (/run/user/1000/hidra.kbd). Waiting for QEMU to listen... (set HID_SOCK or run scripts/run_qemu.sh)
[msquic] stream: RECEIVE bytes=52 buffers=1 pending=0
[hidra] HID socket connect failed (/run/user/1000/hidra.kbd). Waiting for QEMU to listen... (set HID_SOCK or run scripts/run_qemu.sh)
[msquic] stream: RECEIVE bytes=52 buffers=1 pending=0
[hidra] HID socket connect failed (/run/user/1000/hidra.kbd). Waiting for QEMU to listen... (set HID_SOCK or run scripts/run_qemu.sh)
[msquic] stream: RECEIVE bytes=52 buffers=1 pending=0
[hidra] HID socket connect failed (/run/user/1000/hidra.kbd). Waiting for QEMU to listen... (set HID_SOCK or run scripts/run_qemu.sh)
[msquic] stream: RECEIVE bytes=52 buffers=1 pending=0
[hidra] HID socket connect failed (/run/user/1000/hidra.kbd). Waiting for QEMU to listen... (set HID_SOCK or run scripts/run_qemu.sh)
[msquic] stream: RECEIVE bytes=52 buffers=1 pending=0
[hidra] HID socket connect failed (/run/user/1000/hidra.kbd). Waiting for QEMU to listen... (set HID_SOCK or run scripts/run_qemu.sh)
[msquic] stream: RECEIVE bytes=52 buffers=1 pending=0
[hidra] HID socket connect failed (/run/user/1000/hidra.kbd). Waiting for QEMU to listen... (set HID_SOCK or run scripts/run_qemu.sh)
[msquic] stream: RECEIVE bytes=52 buffers=1 pending=0
[hidra] HID socket connect failed (/run/user/1000/hidra.kbd). Waiting for QEMU to listen... (set HID_SOCK or run scripts/run_qemu.sh)
[msquic] stream: RECEIVE bytes=52 buffers=1 pending=0
[hidra] HID socket connect failed (/run/user/1000/hidra.kbd). Waiting for QEMU to listen... (set HID_SOCK or run scripts/run_qemu.sh)
[msquic] stream: RECEIVE bytes=52 buffers=1 pending=0
[hidra] HID socket connect failed (/run/user/1000/hidra.kbd). Waiting for QEMU to listen... (set HID_SOCK or run scripts/run_qemu.sh)
[msquic] stream: RECEIVE bytes=52 buffers=1 pending=0
[hidra] HID socket connect failed (/run/user/1000/hidra.kbd). Waiting for QEMU to listen... (set HID_SOCK or run scripts/run_qemu.sh)
[msquic] stream: RECEIVE bytes=52 buffers=1 pending=0
[hidra] HID socket connect failed (/run/user/1000/hidra.kbd). Waiting for QEMU to listen... (set HID_SOCK or run scripts/run_qemu.sh)
[msquic] stream: RECEIVE bytes=52 buffers=1 pending=0
[hidra] HID socket connect failed (/run/user/1000/hidra.kbd). Waiting for QEMU to listen... (set HID_SOCK or run scripts/run_qemu.sh)
[msquic] stream: RECEIVE bytes=52 buffers=1 pending=0
[hidra] HID socket connect failed (/run/user/1000/hidra.kbd). Waiting for QEMU to listen... (set HID_SOCK or run scripts/run_qemu.sh)
[msquic] stream: RECEIVE bytes=52 buffers=1 pending=0
[hidra] HID socket connect failed (/run/user/1000/hidra.kbd). Waiting for QEMU to listen... (set HID_SOCK or run scripts/run_qemu.sh)
[msquic] stream: RECEIVE bytes=52 buffers=1 pending=0
[hidra] HID socket connect failed (/run/user/1000/hidra.kbd). Waiting for QEMU to listen... (set HID_SOCK or run scripts/run_qemu.sh)
[msquic] stream: RECEIVE bytes=52 buffers=1 pending=0
[hidra] HID socket connect failed (/run/user/1000/hidra.kbd). Waiting for QEMU to listen... (set HID_SOCK or run scripts/run_qemu.sh)
[msquic] stream: RECEIVE bytes=52 buffers=1 pending=0
[hidra] HID socket connect failed (/run/user/1000/hidra.kbd). Waiting for QEMU to listen... (set HID_SOCK or run scripts/run_qemu.sh)
[msquic] stream: RECEIVE bytes=52 buffers=1 pending=0
[hidra] HID socket connect failed (/run/user/1000/hidra.kbd). Waiting for QEMU to listen... (set HID_SOCK or run scripts/run_qemu.sh)
[msquic] stream: RECEIVE bytes=52 buffers=1 pending=0
[msquic] connection: SHUTDOWN_BY_PEER error_code=0
[msquic] connection: SHUTDOWN_COMPLETE handshake_completed=0 peer_ack=0 app_close_in_progress=0
[msquic] connection: SHUTDOWN_COMPLETE handshake_completed=1 peer_ack=1 app_close_in_progress=1
[msquic] connection: CONNECTED
[msquic] connection: PEER_STREAM_STARTED
[hidra] HID socket connect failed (/run/user/1000/hidra.kbd). Waiting for QEMU to listen... (set HID_SOCK or run scripts/run_qemu.sh)
[msquic] stream: RECEIVE bytes=52 buffers=1 pending=0
[hidra] HID socket connect failed (/run/user/1000/hidra.kbd). Waiting for QEMU to listen... (set HID_SOCK or run scripts/run_qemu.sh)
[msquic] stream: RECEIVE bytes=52 buffers=1 pending=0
[hidra] HID socket connect failed (/run/user/1000/hidra.kbd). Waiting for QEMU to listen... (set HID_SOCK or run scripts/run_qemu.sh)
[msquic] stream: RECEIVE bytes=52 buffers=1 pending=0
[hidra] HID socket connect failed (/run/user/1000/hidra.kbd). Waiting for QEMU to listen... (set HID_SOCK or run scripts/run_qemu.sh)
[msquic] stream: RECEIVE bytes=52 buffers=1 pending=0
[hidra] HID socket connect failed (/run/user/1000/hidra.kbd). Waiting for QEMU to listen... (set HID_SOCK or run scripts/run_qemu.sh)
[msquic] stream: RECEIVE bytes=52 buffers=1 pending=0
[hidra] HID socket connect failed (/run/user/1000/hidra.kbd). Waiting for QEMU to listen... (set HID_SOCK or run scripts/run_qemu.sh)
[msquic] stream: RECEIVE bytes=52 buffers=1 pending=0
[hidra] HID socket connect failed (/run/user/1000/hidra.kbd). Waiting for QEMU to listen... (set HID_SOCK or run scripts/run_qemu.sh)
[msquic] stream: RECEIVE bytes=52 buffers=1 pending=0
[hidra] HID socket connect failed (/run/user/1000/hidra.kbd). Waiting for QEMU to listen... (set HID_SOCK or run scripts/run_qemu.sh)
[msquic] stream: RECEIVE bytes=52 buffers=1 pending=0
[hidra] snapshot v1 mods=0x0 pressed=0
[hidra] HID socket connect failed (/run/user/1000/hidra.kbd). Waiting for QEMU to listen... (set HID_SOCK or run scripts/run_qemu.sh)
[msquic] stream: RECEIVE bytes=52 buffers=1 pending=0
[hidra] HID socket connect failed (/run/user/1000/hidra.kbd). Waiting for QEMU to listen... (set HID_SOCK or run scripts/run_qemu.sh)
[msquic] stream: RECEIVE bytes=52 buffers=1 pending=0
[hidra] HID socket connect failed (/run/user/1000/hidra.kbd). Waiting for QEMU to listen... (set HID_SOCK or run scripts/run_qemu.sh)
[msquic] stream: RECEIVE bytes=52 buffers=1 pending=0
[hidra] HID socket connect failed (/run/user/1000/hidra.kbd). Waiting for QEMU to listen... (set HID_SOCK or run scripts/run_qemu.sh)
[msquic] stream: RECEIVE bytes=52 buffers=1 pending=0
[hidra] HID socket connect failed (/run/user/1000/hidra.kbd). Waiting for QEMU to listen... (set HID_SOCK or run scripts/run_qemu.sh)
[msquic] stream: RECEIVE bytes=52 buffers=1 pending=0
[hidra] HID socket connect failed (/run/user/1000/hidra.kbd). Waiting for QEMU to listen... (set HID_SOCK or run scripts/run_qemu.sh)
[msquic] stream: RECEIVE bytes=52 buffers=1 pending=0
[hidra] HID socket connect failed (/run/user/1000/hidra.kbd). Waiting for QEMU to listen... (set HID_SOCK or run scripts/run_qemu.sh)
[msquic] stream: RECEIVE bytes=52 buffers=1 pending=0
[hidra] HID socket connect failed (/run/user/1000/hidra.kbd). Waiting for QEMU to listen... (set HID_SOCK or run scripts/run_qemu.sh)
[msquic] stream: RECEIVE bytes=52 buffers=1 pending=0
[hidra] HID socket connect failed (/run/user/1000/hidra.kbd). Waiting for QEMU to listen... (set HID_SOCK or run scripts/run_qemu.sh)
[msquic] stream: RECEIVE bytes=52 buffers=1 pending=0
[hidra] HID socket connect failed (/run/user/1000/hidra.kbd). Waiting for QEMU to listen... (set HID_SOCK or run scripts/run_qemu.sh)
[msquic] stream: RECEIVE bytes=52 buffers=1 pending=0
[hidra] HID socket connect failed (/run/user/1000/hidra.kbd). Waiting for QEMU to listen... (set HID_SOCK or run scripts/run_qemu.sh)
[msquic] stream: RECEIVE bytes=52 buffers=1 pending=0
[hidra] HID socket connect failed (/run/user/1000/hidra.kbd). Waiting for QEMU to listen... (set HID_SOCK or run scripts/run_qemu.sh)
[msquic] stream: RECEIVE bytes=52 buffers=1 pending=0
[hidra] HID socket connect failed (/run/user/1000/hidra.kbd). Waiting for QEMU to listen... (set HID_SOCK or run scripts/run_qemu.sh)
[msquic] stream: RECEIVE bytes=52 buffers=1 pending=0
[hidra] HID socket connect failed (/run/user/1000/hidra.kbd). Waiting for QEMU to listen... (set HID_SOCK or run scripts/run_qemu.sh)
[msquic] stream: RECEIVE bytes=52 buffers=1 pending=0
[hidra] HID socket connect failed (/run/user/1000/hidra.kbd). Waiting for QEMU to listen... (set HID_SOCK or run scripts/run_qemu.sh)
[msquic] stream: RECEIVE bytes=52 buffers=1 pending=0
[hidra] HID socket connect failed (/run/user/1000/hidra.kbd). Waiting for QEMU to listen... (set HID_SOCK or run scripts/run_qemu.sh)
[msquic] stream: RECEIVE bytes=52 buffers=1 pending=0
[hidra] HID socket connect failed (/run/user/1000/hidra.kbd). Waiting for QEMU to listen... (set HID_SOCK or run scripts/run_qemu.sh)
[msquic] stream: RECEIVE bytes=52 buffers=1 pending=0
[hidra] HID socket connect failed (/run/user/1000/hidra.kbd). Waiting for QEMU to listen... (set HID_SOCK or run scripts/run_qemu.sh)
[msquic] stream: RECEIVE bytes=52 buffers=1 pending=0
[hidra] HID socket connect failed (/run/user/1000/hidra.kbd). Waiting for QEMU to listen... (set HID_SOCK or run scripts/run_qemu.sh)
[msquic] stream: RECEIVE bytes=52 buffers=1 pending=0
[hidra] HID socket connect failed (/run/user/1000/hidra.kbd). Waiting for QEMU to listen... (set HID_SOCK or run scripts/run_qemu.sh)
[msquic] stream: RECEIVE bytes=52 buffers=1 pending=0
[hidra] HID socket connect failed (/run/user/1000/hidra.kbd). Waiting for QEMU to listen... (set HID_SOCK or run scripts/run_qemu.sh)
[msquic] stream: RECEIVE bytes=52 buffers=1 pending=0
[hidra] HID socket connect failed (/run/user/1000/hidra.kbd). Waiting for QEMU to listen... (set HID_SOCK or run scripts/run_qemu.sh)
[hidra] HID socket connect failed (/run/user/1000/hidra.kbd). Waiting for QEMU to listen... (set HID_SOCK or run scripts/run_qemu.sh)
[msquic] stream: RECEIVE bytes=104 buffers=1 pending=0
[hidra] HID socket connect failed (/run/user/1000/hidra.kbd). Waiting for QEMU to listen... (set HID_SOCK or run scripts/run_qemu.sh)
[hidra] HID socket connect failed (/run/user/1000/hidra.kbd). Waiting for QEMU to listen... (set HID_SOCK or run scripts/run_qemu.sh)
[msquic] stream: RECEIVE bytes=104 buffers=1 pending=0
[hidra] HID socket connect failed (/run/user/1000/hidra.kbd). Waiting for QEMU to listen... (set HID_SOCK or run scripts/run_qemu.sh)
[msquic] stream: RECEIVE bytes=52 buffers=1 pending=0
[hidra] HID socket connect failed (/run/user/1000/hidra.kbd). Waiting for QEMU to listen... (set HID_SOCK or run scripts/run_qemu.sh)
[msquic] stream: RECEIVE bytes=52 buffers=1 pending=0
[hidra] HID socket connect failed (/run/user/1000/hidra.kbd). Waiting for QEMU to listen... (set HID_SOCK or run scripts/run_qemu.sh)
[msquic] stream: RECEIVE bytes=52 buffers=1 pending=0
[hidra] HID socket connect failed (/run/user/1000/hidra.kbd). Waiting for QEMU to listen... (set HID_SOCK or run scripts/run_qemu.sh)
[msquic] stream: RECEIVE bytes=52 buffers=1 pending=0
[hidra] HID socket connect failed (/run/user/1000/hidra.kbd). Waiting for QEMU to listen... (set HID_SOCK or run scripts/run_qemu.sh)
[msquic] stream: RECEIVE bytes=52 buffers=1 pending=0
[msquic] connection: SHUTDOWN_BY_PEER error_code=0
[msquic] connection: SHUTDOWN_COMPLETE handshake_completed=0 peer_ack=0 app_close_in_progress=0
[msquic] connection: SHUTDOWN_COMPLETE handshake_completed=1 peer_ack=1 app_close_in_progress=1
