[hidra] daemon starting
  udp edges : 0.0.0.0:4444
  hid socket: /run/user/1000/hidra.kbd (QEMU should be server=on)
  watchdog  : 0 ms
  deadline  : 100 ms
  stuck(ms) : 300 ms
[hidra] msquic snapshot listener on :4445 (ALPN hidra-snp)
[hidra] msquic edge listener on :4446 (ALPN hidra-edg)
[msquic] connection: CONNECTED
[msquic] connection: PEER_STREAM_STARTED
[hidra] snapshot v1 mods=0x0 pressed=1
[hidra] HID socket connect failed (/run/user/1000/hidra.kbd). Waiting for QEMU to listen... (set HID_SOCK or run scripts/run_qemu.sh)
[hidra] HID socket connect failed (/run/user/1000/hidra.kbd). Waiting for QEMU to listen... (set HID_SOCK or run scripts/run_qemu.sh)
[msquic] stream: RECEIVE bytes=104 buffers=1 pending=0
[lat] dt_ms=74.2179 cmd=down key=a
[hidra] HID socket connect failed (/run/user/1000/hidra.kbd). Waiting for QEMU to listen... (set HID_SOCK or run scripts/run_qemu.sh)
[hidra] progress: rx=1 emits=3 quic_snapshots=2 socket=[hidra] HID socket connect failed (/run/user/1000/hidra.kbd). Waiting for QEMU to listen... (set HID_SOCK or run scripts/run_qemu.sh)
waiting
[lat] dt_ms=53.4575 cmd=down key=p
[hidra] HID socket connect failed (/run/user/1000/hidra.kbd). Waiting for QEMU to listen... (set HID_SOCK or run scripts/run_qemu.sh)
[lat] dt_ms=52.3017 cmd=up key=p
[hidra] HID socket connect failed (/run/user/1000/hidra.kbd). Waiting for QEMU to listen... (set HID_SOCK or run scripts/run_qemu.sh)
[lat] dt_ms=79.0808 cmd=up key=a
[hidra] HID socket connect failed (/run/user/1000/hidra.kbd). Waiting for QEMU to listen... (set HID_SOCK or run scripts/run_qemu.sh)
[hidra] HID socket connect failed (/run/user/1000/hidra.kbd). Waiting for QEMU to listen... (set HID_SOCK or run scripts/run_qemu.sh)
[msquic] stream: RECEIVE bytes=52 buffers=1 pending=0
[heal] key=19 heal_ms=72.7577
[hidra] HID socket connect failed (/run/user/1000/hidra.kbd). Waiting for QEMU to listen... (set HID_SOCK or run scripts/run_qemu.sh)
[msquic] stream: RECEIVE bytes=52 buffers=1 pending=0
[lat] dt_ms=54.7508 cmd=up key=t
[hidra] HID socket connect failed (/run/user/1000/hidra.kbd). Waiting for QEMU to listen... (set HID_SOCK or run scripts/run_qemu.sh)
[hidra] HID socket connect failed (/run/user/1000/hidra.kbd). Waiting for QEMU to listen... (set HID_SOCK or run scripts/run_qemu.sh)
[msquic] stream: RECEIVE bytes=52 buffers=1 pending=0
[lat] dt_ms=41.465 cmd=up key=ENTER
[hidra] HID socket connect failed (/run/user/1000/hidra.kbd). Waiting for QEMU to listen... (set HID_SOCK or run scripts/run_qemu.sh)
[lat] dt_ms=73.3089 cmd=down key=t
[hidra] HID socket connect failed (/run/user/1000/hidra.kbd). Waiting for QEMU to listen... (set HID_SOCK or run scripts/run_qemu.sh)
[hidra] HID socket connect failed (/run/user/1000/hidra.kbd). Waiting for QEMU to listen... (set HID_SOCK or run scripts/run_qemu.sh)
[msquic] stream: RECEIVE bytes=52 buffers=1 pending=0
[hidra] HID socket connect failed (/run/user/1000/hidra.kbd). Waiting for QEMU to listen... (set HID_SOCK or run scripts/run_qemu.sh)
[msquic] stream: RECEIVE bytes=52 buffers=1 pending=0
[hidra] HID socket connect failed (/run/user/1000/hidra.kbd). Waiting for QEMU to listen... (set HID_SOCK or run scripts/run_qemu.sh)
[msquic] stream: RECEIVE bytes=52 buffers=1 pending=0
[heal] key=4 heal_ms=127.785
[hidra] HID socket connect failed (/run/user/1000/hidra.kbd). Waiting for QEMU to listen... (set HID_SOCK or run scripts/run_qemu.sh)
[msquic] stream: RECEIVE bytes=52 buffers=1 pending=0
[lat] dt_ms=45.5976 cmd=up key=a
[hidra] HID socket connect failed (/run/user/1000/hidra.kbd). Waiting for QEMU to listen... (set HID_SOCK or run scripts/run_qemu.sh)
[lat] dt_ms=78.205 cmd=down key=ENTER
[hidra] HID socket connect failed (/run/user/1000/hidra.kbd). Waiting for QEMU to listen... (set HID_SOCK or run scripts/run_qemu.sh)
[heal] key=40 heal_ms=80.3076
[hidra] HID socket connect failed (/run/user/1000/hidra.kbd). Waiting for QEMU to listen... (set HID_SOCK or run scripts/run_qemu.sh)
[msquic] stream: RECEIVE bytes=52 buffers=1 pending=0
[lat] dt_ms=71.2597 cmd=down key=a
[hidra] HID socket connect failed (/run/user/1000/hidra.kbd). Waiting for QEMU to listen... (set HID_SOCK or run scripts/run_qemu.sh)
[hidra] HID socket connect failed (/run/user/1000/hidra.kbd). Waiting for QEMU to listen... (set HID_SOCK or run scripts/run_qemu.sh)
[msquic] stream: RECEIVE bytes=52 buffers=1 pending=0
[lat] dt_ms=45.8465 cmd=down key=t
[hidra] HID socket connect failed (/run/user/1000/hidra.kbd). Waiting for QEMU to listen... (set HID_SOCK or run scripts/run_qemu.sh)
[lat] dt_ms=68.4384 cmd=down key=p
[hidra] HID socket connect failed (/run/user/1000/hidra.kbd). Waiting for QEMU to listen... (set HID_SOCK or run scripts/run_qemu.sh)
[hidra] HID socket connect failed (/run/user/1000/hidra.kbd). Waiting for QEMU to listen... (set HID_SOCK or run scripts/run_qemu.sh)
[msquic] stream: RECEIVE bytes=52 buffers=1 pending=0
[hidra] HID socket connect failed (/run/user/1000/hidra.kbd). Waiting for QEMU to listen... (set HID_SOCK or run scripts/run_qemu.sh)
[msquic] stream: RECEIVE bytes=52 buffers=1 pending=0
[lat] dt_ms=43.9848 cmd=up key=t
[hidra] HID socket connect failed (/run/user/1000/hidra.kbd). Waiting for QEMU to listen... (set HID_SOCK or run scripts/run_qemu.sh)
[hidra] HID socket connect failed (/run/user/1000/hidra.kbd). Waiting for QEMU to listen... (set HID_SOCK or run scripts/run_qemu.sh)
[msquic] stream: RECEIVE bytes=52 buffers=1 pending=0
[lat] dt_ms=41.1559 cmd=down key=ENTER
[hidra] HID socket connect failed (/run/user/1000/hidra.kbd). Waiting for QEMU to listen... (set HID_SOCK or run scripts/run_qemu.sh)
[lat] dt_ms=76.9636 cmd=up key=p
[hidra] HID socket connect failed (/run/user/1000/hidra.kbd). Waiting for QEMU to listen... (set HID_SOCK or run scripts/run_qemu.sh)
[hidra] HID socket connect failed (/run/user/1000/hidra.kbd). Waiting for QEMU to listen... (set HID_SOCK or run scripts/run_qemu.sh)
[msquic] stream: RECEIVE bytes=52 buffers=1 pending=0
[hidra] HID socket connect failed (/run/user/1000/hidra.kbd). Waiting for QEMU to listen... (set HID_SOCK or run scripts/run_qemu.sh)
[msquic] stream: RECEIVE bytes=52 buffers=1 pending=0
[hidra] HID socket connect failed (/run/user/1000/hidra.kbd). Waiting for QEMU to listen... (set HID_SOCK or run scripts/run_qemu.sh)
[msquic] stream: RECEIVE bytes=52 buffers=1 pending=0
[heal] key=23 heal_ms=75.1408
[hidra] HID socket connect failed (/run/user/1000/hidra.kbd). Waiting for QEMU to listen... (set HID_SOCK or run scripts/run_qemu.sh)
[msquic] stream: RECEIVE bytes=52 buffers=1 pending=0
[lat] dt_ms=78.3644 cmd=up key=ENTER
[hidra] HID socket connect failed (/run/user/1000/hidra.kbd). Waiting for QEMU to listen... (set HID_SOCK or run scripts/run_qemu.sh)
[hidra] HID socket connect failed (/run/user/1000/hidra.kbd). Waiting for QEMU to listen... (set HID_SOCK or run scripts/run_qemu.sh)
[msquic] stream: RECEIVE bytes=52 buffers=1 pending=0
[lat] dt_ms=75.4172 cmd=down key=a
[hidra] HID socket connect failed (/run/user/1000/hidra.kbd). Waiting for QEMU to listen... (set HID_SOCK or run scripts/run_qemu.sh)
[heal] key=4 heal_ms=71.9722
[hidra] HID socket connect failed (/run/user/1000/hidra.kbd). Waiting for QEMU to listen... (set HID_SOCK or run scripts/run_qemu.sh)
[msquic] stream: RECEIVE bytes=52 buffers=1 pending=0
[lat] dt_ms=46.4102 cmd=down key=t
[hidra] HID socket connect failed (/run/user/1000/hidra.kbd). Waiting for QEMU to listen... (set HID_SOCK or run scripts/run_qemu.sh)
[lat] dt_ms=79.5649 cmd=up key=a
[hidra] HID socket connect failed (/run/user/1000/hidra.kbd). Waiting for QEMU to listen... (set HID_SOCK or run scripts/run_qemu.sh)
[hidra] HID socket connect failed (/run/user/1000/hidra.kbd). Waiting for QEMU to listen... (set HID_SOCK or run scripts/run_qemu.sh)
[msquic] stream: RECEIVE bytes=52 buffers=1 pending=0
[hidra] HID socket connect failed (/run/user/1000/hidra.kbd). Waiting for QEMU to listen... (set HID_SOCK or run scripts/run_qemu.sh)
[msquic] stream: RECEIVE bytes=52 buffers=1 pending=0
[hidra] HID socket connect failed (/run/user/1000/hidra.kbd). Waiting for QEMU to listen... (set HID_SOCK or run scripts/run_qemu.sh)
[msquic] stream: RECEIVE bytes=52 buffers=1 pending=0
[hidra] HID socket connect failed (/run/user/1000/hidra.kbd). Waiting for QEMU to listen... (set HID_SOCK or run scripts/run_qemu.sh)
[msquic] stream: RECEIVE bytes=52 buffers=1 pending=0
[lat] dt_ms=56.069 cmd=up key=t
[hidra] HID socket connect failed (/run/user/1000/hidra.kbd). Waiting for QEMU to listen... (set HID_SOCK or run scripts/run_qemu.sh)
[lat] dt_ms=80.4372 cmd=up key=p
[hidra] HID socket connect failed (/run/user/1000/hidra.kbd). Waiting for QEMU to listen... (set HID_SOCK or run scripts/run_qemu.sh)
[hidra] HID socket connect failed (/run/user/1000/hidra.kbd). Waiting for QEMU to listen... (set HID_SOCK or run scripts/run_qemu.sh)
[msquic] stream: RECEIVE bytes=52 buffers=1 pending=0
[hidra] HID socket connect failed (/run/user/1000/hidra.kbd). Waiting for QEMU to listen... (set HID_SOCK or run scripts/run_qemu.sh)
[msquic] stream: RECEIVE bytes=52 buffers=1 pending=0
[lat] dt_ms=70.0029 cmd=down key=ENTER
[hidra] HID socket connect failed (/run/user/1000/hidra.kbd). Waiting for QEMU to listen... (set HID_SOCK or run scripts/run_qemu.sh)
[lat] dt_ms=67.8819 cmd=up key=ENTER
[hidra] HID socket connect failed (/run/user/1000/hidra.kbd). Waiting for QEMU to listen... (set HID_SOCK or run scripts/run_qemu.sh)
[hidra] HID socket connect failed (/run/user/1000/hidra.kbd). Waiting for QEMU to listen... (set HID_SOCK or run scripts/run_qemu.sh)
[msquic] stream: RECEIVE bytes=52 buffers=1 pending=0
[hidra] HID socket connect failed (/run/user/1000/hidra.kbd). Waiting for QEMU to listen... (set HID_SOCK or run scripts/run_qemu.sh)
[msquic] stream: RECEIVE bytes=52 buffers=1 pending=0
[hidra] HID socket connect failed (/run/user/1000/hidra.kbd). Waiting for QEMU to listen... (set HID_SOCK or run scripts/run_qemu.sh)
[msquic] stream: RECEIVE bytes=52 buffers=1 pending=0
[lat] dt_ms=68.221 cmd=down key=a
[hidra] HID socket connect failed (/run/user/1000/hidra.kbd). Waiting for QEMU to listen... (set HID_SOCK or run scripts/run_qemu.sh)
[lat] dt_ms=49.9881 cmd=down key=p
[hidra] HID socket connect failed (/run/user/1000/hidra.kbd). Waiting for QEMU to listen... (set HID_SOCK or run scripts/run_qemu.sh)
[heal] key=4 heal_ms=63.7028
[hidra] HID socket connect failed (/run/user/1000/hidra.kbd). Waiting for QEMU to listen... (set HID_SOCK or run scripts/run_qemu.sh)
[msquic] stream: RECEIVE bytes=52 buffers=1 pending=0
[lat] dt_ms=75.144 cmd=up key=a
[hidra] HID socket connect failed (/run/user/1000/hidra.kbd). Waiting for QEMU to listen... (set HID_SOCK or run scripts/run_qemu.sh)
[hidra] HID socket connect failed (/run/user/1000/hidra.kbd). Waiting for QEMU to listen... (set HID_SOCK or run scripts/run_qemu.sh)
[msquic] stream: RECEIVE bytes=52 buffers=1 pending=0
[lat] dt_ms=58.1627 cmd=up key=p
[hidra] HID socket connect failed (/run/user/1000/hidra.kbd). Waiting for QEMU to listen... (set HID_SOCK or run scripts/run_qemu.sh)
[hidra] HID socket connect failed (/run/user/1000/hidra.kbd). Waiting for QEMU to listen... (set HID_SOCK or run scripts/run_qemu.sh)
[msquic] stream: RECEIVE bytes=52 buffers=1 pending=0
[lat] dt_ms=54.2738 cmd=down key=t
[hidra] HID socket connect failed (/run/user/1000/hidra.kbd). Waiting for QEMU to listen... (set HID_SOCK or run scripts/run_qemu.sh)
[heal] key=23 heal_ms=134.72
[hidra] HID socket connect failed (/run/user/1000/hidra.kbd). Waiting for QEMU to listen... (set HID_SOCK or run scripts/run_qemu.sh)
[msquic] stream: RECEIVE bytes=52 buffers=1 pending=0
[heal] key=19 heal_ms=82.548
[hidra] HID socket connect failed (/run/user/1000/hidra.kbd). Waiting for QEMU to listen... (set HID_SOCK or run scripts/run_qemu.sh)
[msquic] stream: RECEIVE bytes=52 buffers=1 pending=0
[lat] dt_ms=61.7073 cmd=down key=ENTER
[hidra] HID socket connect failed (/run/user/1000/hidra.kbd). Waiting for QEMU to listen... (set HID_SOCK or run scripts/run_qemu.sh)
[lat] dt_ms=44.4116 cmd=down key=a
[hidra] HID socket connect failed (/run/user/1000/hidra.kbd). Waiting for QEMU to listen... (set HID_SOCK or run scripts/run_qemu.sh)
[hidra] HID socket connect failed (/run/user/1000/hidra.kbd). Waiting for QEMU to listen... (set HID_SOCK or run scripts/run_qemu.sh)
[msquic] stream: RECEIVE bytes=52 buffers=1 pending=0
[hidra] HID socket connect failed (/run/user/1000/hidra.kbd). Waiting for QEMU to listen... (set HID_SOCK or run scripts/run_qemu.sh)
[msquic] stream: RECEIVE bytes=52 buffers=1 pending=0
[lat] dt_ms=71.7756 cmd=up key=ENTER
[hidra] HID socket connect failed (/run/user/1000/hidra.kbd). Waiting for QEMU to listen... (set HID_SOCK or run scripts/run_qemu.sh)
[hidra] HID socket connect failed (/run/user/1000/hidra.kbd). Waiting for QEMU to listen... (set HID_SOCK or run scripts/run_qemu.sh)
[msquic] stream: RECEIVE bytes=52 buffers=1 pending=0
[hidra] HID socket connect failed (/run/user/1000/hidra.kbd). Waiting for QEMU to listen... (set HID_SOCK or run scripts/run_qemu.sh)
[msquic] stream: RECEIVE bytes=52 buffers=1 pending=0
[lat] dt_ms=51.3489 cmd=up key=p
[hidra] HID socket connect failed (/run/user/1000/hidra.kbd). Waiting for QEMU to listen... (set HID_SOCK or run scripts/run_qemu.sh)
[lat] dt_ms=72.4768 cmd=up key=a
[hidra] HID socket connect failed (/run/user/1000/hidra.kbd). Waiting for QEMU to listen... (set HID_SOCK or run scripts/run_qemu.sh)
[hidra] HID socket connect failed (/run/user/1000/hidra.kbd). Waiting for QEMU to listen... (set HID_SOCK or run scripts/run_qemu.sh)
[hidra] HID socket connect failed (/run/user/1000/hidra.kbd). Waiting for QEMU to listen... (set HID_SOCK or run scripts/run_qemu.sh)
[msquic] stream: RECEIVE bytes=104 buffers=1 pending=0
[lat] dt_ms=48.3076 cmd=down key=t
[hidra] HID socket connect failed (/run/user/1000/hidra.kbd). Waiting for QEMU to listen... (set HID_SOCK or run scripts/run_qemu.sh)
[lat] dt_ms=77.4896 cmd=down key=p
[hidra] HID socket connect failed (/run/user/1000/hidra.kbd). Waiting for QEMU to listen... (set HID_SOCK or run scripts/run_qemu.sh)
[heal] key=19 heal_ms=72.0364
[hidra] HID socket connect failed (/run/user/1000/hidra.kbd). Waiting for QEMU to listen... (set HID_SOCK or run scripts/run_qemu.sh)
[msquic] stream: RECEIVE bytes=52 buffers=1 pending=0
[lat] dt_ms=52.2673 cmd=down key=ENTER
[hidra] HID socket connect failed (/run/user/1000/hidra.kbd). Waiting for QEMU to listen... (set HID_SOCK or run scripts/run_qemu.sh)
[heal] key=23 heal_ms=149.815
[hidra] HID socket connect failed (/run/user/1000/hidra.kbd). Waiting for QEMU to listen... (set HID_SOCK or run scripts/run_qemu.sh)
[msquic] stream: RECEIVE bytes=52 buffers=1 pending=0
[heal] key=40 heal_ms=50.2114
[hidra] HID socket connect failed (/run/user/1000/hidra.kbd). Waiting for QEMU to listen... (set HID_SOCK or run scripts/run_qemu.sh)
[msquic] stream: RECEIVE bytes=52 buffers=1 pending=0
[lat] dt_ms=78.8818 cmd=up key=t
[hidra] HID socket connect failed (/run/user/1000/hidra.kbd). Waiting for QEMU to listen... (set HID_SOCK or run scripts/run_qemu.sh)
[hidra] HID socket connect failed (/run/user/1000/hidra.kbd). Waiting for QEMU to listen... (set HID_SOCK or run scripts/run_qemu.sh)
[msquic] stream: RECEIVE bytes=52 buffers=1 pending=0
[lat] dt_ms=56.627 cmd=down key=a
[hidra] HID socket connect failed (/run/user/1000/hidra.kbd). Waiting for QEMU to listen... (set HID_SOCK or run scripts/run_qemu.sh)
[heal] key=4 heal_ms=52.6108
[hidra] HID socket connect failed (/run/user/1000/hidra.kbd). Waiting for QEMU to listen... (set HID_SOCK or run scripts/run_qemu.sh)
[msquic] stream: RECEIVE bytes=52 buffers=1 pending=0
[lat] dt_ms=53.8987 cmd=up key=a
[hidra] HID socket connect failed (/run/user/1000/hidra.kbd). Waiting for QEMU to listen... (set HID_SOCK or run scripts/run_qemu.sh)
[lat] dt_ms=78.9092 cmd=up key=ENTER
[hidra] HID socket connect failed (/run/user/1000/hidra.kbd). Waiting for QEMU to listen... (set HID_SOCK or run scripts/run_qemu.sh)
[lat] dt_ms=56.6336 cmd=down key=p
[hidra] HID socket connect failed (/run/user/1000/hidra.kbd). Waiting for QEMU to listen... (set HID_SOCK or run scripts/run_qemu.sh)
[hidra] HID socket connect failed (/run/user/1000/hidra.kbd). Waiting for QEMU to listen... (set HID_SOCK or run scripts/run_qemu.sh)
[msquic] stream: RECEIVE bytes=52 buffers=1 pending=0
[heal] key=19 heal_ms=71.1056
[hidra] HID socket connect failed (/run/user/1000/hidra.kbd). Waiting for QEMU to listen... (set HID_SOCK or run scripts/run_qemu.sh)
[msquic] stream: RECEIVE bytes=52 buffers=1 pending=0
[lat] dt_ms=71.2796 cmd=up key=p
[hidra] HID socket connect failed (/run/user/1000/hidra.kbd). Waiting for QEMU to listen... (set HID_SOCK or run scripts/run_qemu.sh)
[hidra] HID socket connect failed (/run/user/1000/hidra.kbd). Waiting for QEMU to listen... (set HID_SOCK or run scripts/run_qemu.sh)
[msquic] stream: RECEIVE bytes=52 buffers=1 pending=0
[hidra] HID socket connect failed (/run/user/1000/hidra.kbd). Waiting for QEMU to listen... (set HID_SOCK or run scripts/run_qemu.sh)
[hidra] HID socket connect failed (/run/user/1000/hidra.kbd). Waiting for QEMU to listen... (set HID_SOCK or run scripts/run_qemu.sh)
[msquic] stream: RECEIVE bytes=104 buffers=1 pending=0
[lat] dt_ms=76.4963 cmd=down key=t
[hidra] HID socket connect failed (/run/user/1000/hidra.kbd). Waiting for QEMU to listen... (set HID_SOCK or run scripts/run_qemu.sh)
[lat] dt_ms=46.1523 cmd=up key=ENTER
[hidra] HID socket connect failed (/run/user/1000/hidra.kbd). Waiting for QEMU to listen... (set HID_SOCK or run scripts/run_qemu.sh)
[lat] dt_ms=78.473 cmd=up key=t
[hidra] HID socket connect failed (/run/user/1000/hidra.kbd). Waiting for QEMU to listen... (set HID_SOCK or run scripts/run_qemu.sh)
[lat] dt_ms=51.2072 cmd=down key=a
[hidra] HID socket connect failed (/run/user/1000/hidra.kbd). Waiting for QEMU to listen... (set HID_SOCK or run scripts/run_qemu.sh)
[lat] dt_ms=74.3645 cmd=down key=ENTER
[hidra] HID socket connect failed (/run/user/1000/hidra.kbd). Waiting for QEMU to listen... (set HID_SOCK or run scripts/run_qemu.sh)
[heal] key=40 heal_ms=64.8737
[hidra] HID socket connect failed (/run/user/1000/hidra.kbd). Waiting for QEMU to listen... (set HID_SOCK or run scripts/run_qemu.sh)
[msquic] stream: RECEIVE bytes=52 buffers=1 pending=0
[hidra] HID socket connect failed (/run/user/1000/hidra.kbd). Waiting for QEMU to listen... (set HID_SOCK or run scripts/run_qemu.sh)
[msquic] stream: RECEIVE bytes=52 buffers=1 pending=0
[hidra] HID socket connect failed (/run/user/1000/hidra.kbd). Waiting for QEMU to listen... (set HID_SOCK or run scripts/run_qemu.sh)
[msquic] stream: RECEIVE bytes=52 buffers=1 pending=0
[lat] dt_ms=48.3732 cmd=down key=p
[hidra] HID socket connect failed (/run/user/1000/hidra.kbd). Waiting for QEMU to listen... (set HID_SOCK or run scripts/run_qemu.sh)
[lat] dt_ms=71.374 cmd=up key=a
[hidra] HID socket connect failed (/run/user/1000/hidra.kbd). Waiting for QEMU to listen... (set HID_SOCK or run scripts/run_qemu.sh)
[hidra] HID socket connect failed (/run/user/1000/hidra.kbd). Waiting for QEMU to listen... (set HID_SOCK or run scripts/run_qemu.sh)
[msquic] stream: RECEIVE bytes=52 buffers=1 pending=0
[lat] dt_ms=53.2111 cmd=down key=t
[hidra] HID socket connect failed (/run/user/1000/hidra.kbd). Waiting for QEMU to listen... (set HID_SOCK or run scripts/run_qemu.sh)
[hidra] HID socket connect failed (/run/user/1000/hidra.kbd). Waiting for QEMU to listen... (set HID_SOCK or run scripts/run_qemu.sh)
[msquic] stream: RECEIVE bytes=52 buffers=1 pending=0
[hidra] HID socket connect failed (/run/user/1000/hidra.kbd). Waiting for QEMU to listen... (set HID_SOCK or run scripts/run_qemu.sh)
[msquic] stream: RECEIVE bytes=52 buffers=1 pending=0
[hidra] HID socket connect failed (/run/user/1000/hidra.kbd). Waiting for QEMU to listen... (set HID_SOCK or run scripts/run_qemu.sh)
[msquic] stream: RECEIVE bytes=52 buffers=1 pending=0
[hidra] HID socket connect failed (/run/user/1000/hidra.kbd). Waiting for QEMU to listen... (set HID_SOCK or run scripts/run_qemu.sh)
[msquic] stream: RECEIVE bytes=52 buffers=1 pending=0
[lat] dt_ms=68.2464 cmd=up key=t
[hidra] HID socket connect failed (/run/user/1000/hidra.kbd). Waiting for QEMU to listen... (set HID_SOCK or run scripts/run_qemu.sh)
[hidra] HID socket connect failed (/run/user/1000/hidra.kbd). Waiting for QEMU to listen... (set HID_SOCK or run scripts/run_qemu.sh)
[msquic] stream: RECEIVE bytes=52 buffers=1 pending=0
[lat] dt_ms=53.4479 cmd=down key=a
[hidra] HID socket connect failed (/run/user/1000/hidra.kbd). Waiting for QEMU to listen... (set HID_SOCK or run scripts/run_qemu.sh)
[hidra] HID socket connect failed (/run/user/1000/hidra.kbd). Waiting for QEMU to listen... (set HID_SOCK or run scripts/run_qemu.sh)
[msquic] stream: RECEIVE bytes=52 buffers=1 pending=0
[hidra] HID socket connect failed (/run/user/1000/hidra.kbd). Waiting for QEMU to listen... (set HID_SOCK or run scripts/run_qemu.sh)
[msquic] stream: RECEIVE bytes=52 buffers=1 pending=0
[lat] dt_ms=72.3704 cmd=up key=ENTER
[hidra] HID socket connect failed (/run/user/1000/hidra.kbd). Waiting for QEMU to listen... (set HID_SOCK or run scripts/run_qemu.sh)
[hidra] send() failed; will retry connect
[msquic] stream: RECEIVE bytes=52 buffers=1 pending=0
[lat] dt_ms=49.6744 cmd=down key=p
[hidra] HID socket connect failed (/run/user/1000/hidra.kbd). Waiting for QEMU to listen... (set HID_SOCK or run scripts/run_qemu.sh)
[heal] key=19 heal_ms=45.7044
[heal] key=40 heal_ms=87.4165
[hidra] HID socket connect failed (/run/user/1000/hidra.kbd). Waiting for QEMU to listen... (set HID_SOCK or run scripts/run_qemu.sh)
[msquic] stream: RECEIVE bytes=52 buffers=1 pending=0
[lat] dt_ms=72.9847 cmd=up key=a
[hidra] HID socket connect failed (/run/user/1000/hidra.kbd). Waiting for QEMU to listen... (set HID_SOCK or run scripts/run_qemu.sh)
[lat] dt_ms=51.9394 cmd=up key=p
[hidra] HID socket connect failed (/run/user/1000/hidra.kbd). Waiting for QEMU to listen... (set HID_SOCK or run scripts/run_qemu.sh)
[hidra] HID socket connect failed (/run/user/1000/hidra.kbd). Waiting for QEMU to listen... (set HID_SOCK or run scripts/run_qemu.sh)
[msquic] stream: RECEIVE bytes=52 buffers=1 pending=0
[hidra] HID socket connect failed (/run/user/1000/hidra.kbd). Waiting for QEMU to listen... (set HID_SOCK or run scripts/run_qemu.sh)
[msquic] stream: RECEIVE bytes=52 buffers=1 pending=0
[lat] dt_ms=62.4005 cmd=down key=t
[hidra] HID socket connect failed (/run/user/1000/hidra.kbd). Waiting for QEMU to listen... (set HID_SOCK or run scripts/run_qemu.sh)
[heal] key=23 heal_ms=58.4663
[hidra] HID socket connect failed (/run/user/1000/hidra.kbd). Waiting for QEMU to listen... (set HID_SOCK or run scripts/run_qemu.sh)
[msquic] stream: RECEIVE bytes=52 buffers=1 pending=0
[hidra] HID socket connect failed (/run/user/1000/hidra.kbd). Waiting for QEMU to listen... (set HID_SOCK or run scripts/run_qemu.sh)
[msquic] stream: RECEIVE bytes=52 buffers=1 pending=0
[hidra] HID socket connect failed (/run/user/1000/hidra.kbd). Waiting for QEMU to listen... (set HID_SOCK or run scripts/run_qemu.sh)
[msquic] stream: RECEIVE bytes=52 buffers=1 pending=0
[lat] dt_ms=48.0556 cmd=up key=ENTER
[hidra] HID socket connect failed (/run/user/1000/hidra.kbd). Waiting for QEMU to listen... (set HID_SOCK or run scripts/run_qemu.sh)
[lat] dt_ms=59.6337 cmd=down key=ENTER
[hidra] HID socket connect failed (/run/user/1000/hidra.kbd). Waiting for QEMU to listen... (set HID_SOCK or run scripts/run_qemu.sh)
[hidra] HID socket connect failed (/run/user/1000/hidra.kbd). Waiting for QEMU to listen... (set HID_SOCK or run scripts/run_qemu.sh)
[msquic] stream: RECEIVE bytes=52 buffers=1 pending=0
[hidra] HID socket connect failed (/run/user/1000/hidra.kbd). Waiting for QEMU to listen... (set HID_SOCK or run scripts/run_qemu.sh)
[msquic] stream: RECEIVE bytes=52 buffers=1 pending=0
[lat] dt_ms=56.5964 cmd=down key=a
[hidra] HID socket connect failed (/run/user/1000/hidra.kbd). Waiting for QEMU to listen... (set HID_SOCK or run scripts/run_qemu.sh)
[heal] key=4 heal_ms=136.715
[hidra] HID socket connect failed (/run/user/1000/hidra.kbd). Waiting for QEMU to listen... (set HID_SOCK or run scripts/run_qemu.sh)
[msquic] stream: RECEIVE bytes=52 buffers=1 pending=0
[hidra] HID socket connect failed (/run/user/1000/hidra.kbd). Waiting for QEMU to listen... (set HID_SOCK or run scripts/run_qemu.sh)
[msquic] stream: RECEIVE bytes=52 buffers=1 pending=0
[lat] dt_ms=63.6258 cmd=up key=a
[hidra] HID socket connect failed (/run/user/1000/hidra.kbd). Waiting for QEMU to listen... (set HID_SOCK or run scripts/run_qemu.sh)
[lat] dt_ms=57.2734 cmd=down key=p
[hidra] HID socket connect failed (/run/user/1000/hidra.kbd). Waiting for QEMU to listen... (set HID_SOCK or run scripts/run_qemu.sh)
[hidra] HID socket connect failed (/run/user/1000/hidra.kbd). Waiting for QEMU to listen... (set HID_SOCK or run scripts/run_qemu.sh)
[msquic] stream: RECEIVE bytes=52 buffers=1 pending=0
[hidra] HID socket connect failed (/run/user/1000/hidra.kbd). Waiting for QEMU to listen... (set HID_SOCK or run scripts/run_qemu.sh)
[msquic] stream: RECEIVE bytes=52 buffers=1 pending=0
[heal] key=19 heal_ms=64.2939
[hidra] HID socket connect failed (/run/user/1000/hidra.kbd). Waiting for QEMU to listen... (set HID_SOCK or run scripts/run_qemu.sh)
[msquic] stream: RECEIVE bytes=52 buffers=1 pending=0
[lat] dt_ms=47.4218 cmd=up key=t
[hidra] HID socket connect failed (/run/user/1000/hidra.kbd). Waiting for QEMU to listen... (set HID_SOCK or run scripts/run_qemu.sh)
[lat] dt_ms=57.6929 cmd=down key=t
[hidra] HID socket connect failed (/run/user/1000/hidra.kbd). Waiting for QEMU to listen... (set HID_SOCK or run scripts/run_qemu.sh)
[hidra] HID socket connect failed (/run/user/1000/hidra.kbd). Waiting for QEMU to listen... (set HID_SOCK or run scripts/run_qemu.sh)
[msquic] stream: RECEIVE bytes=52 buffers=1 pending=0
[lat] dt_ms=78.004 cmd=up key=p
[hidra] HID socket connect failed (/run/user/1000/hidra.kbd). Waiting for QEMU to listen... (set HID_SOCK or run scripts/run_qemu.sh)
[lat] dt_ms=55.5603 cmd=down key=ENTER
[hidra] HID socket connect failed (/run/user/1000/hidra.kbd). Waiting for QEMU to listen... (set HID_SOCK or run scripts/run_qemu.sh)
[hidra] HID socket connect failed (/run/user/1000/hidra.kbd). Waiting for QEMU to listen... (set HID_SOCK or run scripts/run_qemu.sh)
[msquic] stream: RECEIVE bytes=52 buffers=1 pending=0
[lat] dt_ms=52.0749 cmd=up key=ENTER
[hidra] HID socket connect failed (/run/user/1000/hidra.kbd). Waiting for QEMU to listen... (set HID_SOCK or run scripts/run_qemu.sh)
[hidra] HID socket connect failed (/run/user/1000/hidra.kbd). Waiting for QEMU to listen... (set HID_SOCK or run scripts/run_qemu.sh)
[msquic] stream: RECEIVE bytes=52 buffers=1 pending=0
[lat] dt_ms=52.3056 cmd=down key=a
[hidra] HID socket connect failed (/run/user/1000/hidra.kbd). Waiting for QEMU to listen... (set HID_SOCK or run scripts/run_qemu.sh)
[heal] key=4 heal_ms=44.025
[hidra] HID socket connect failed (/run/user/1000/hidra.kbd). Waiting for QEMU to listen... (set HID_SOCK or run scripts/run_qemu.sh)
[msquic] stream: RECEIVE bytes=52 buffers=2 pending=0
[hidra] HID socket connect failed (/run/user/1000/hidra.kbd). Waiting for QEMU to listen... (set HID_SOCK or run scripts/run_qemu.sh)
[msquic] stream: RECEIVE bytes=52 buffers=1 pending=0
[lat] dt_ms=56.5922 cmd=up key=a
[hidra] HID socket connect failed (/run/user/1000/hidra.kbd). Waiting for QEMU to listen... (set HID_SOCK or run scripts/run_qemu.sh)
[lat] dt_ms=43.9361 cmd=up key=p
[hidra] HID socket connect failed (/run/user/1000/hidra.kbd). Waiting for QEMU to listen... (set HID_SOCK or run scripts/run_qemu.sh)
[hidra] HID socket connect failed (/run/user/1000/hidra.kbd). Waiting for QEMU to listen... (set HID_SOCK or run scripts/run_qemu.sh)
[msquic] stream: RECEIVE bytes=52 buffers=1 pending=0
[lat] dt_ms=41.89 cmd=down key=t
[hidra] HID socket connect failed (/run/user/1000/hidra.kbd). Waiting for QEMU to listen... (set HID_SOCK or run scripts/run_qemu.sh)
[hidra] HID socket connect failed (/run/user/1000/hidra.kbd). Waiting for QEMU to listen... (set HID_SOCK or run scripts/run_qemu.sh)
[msquic] stream: RECEIVE bytes=52 buffers=1 pending=0
[lat] dt_ms=65.0598 cmd=down key=p
[hidra] HID socket connect failed (/run/user/1000/hidra.kbd). Waiting for QEMU to listen... (set HID_SOCK or run scripts/run_qemu.sh)
[hidra] HID socket connect failed (/run/user/1000/hidra.kbd). Waiting for QEMU to listen... (set HID_SOCK or run scripts/run_qemu.sh)
[msquic] stream: RECEIVE bytes=52 buffers=1 pending=0
[hidra] HID socket connect failed (/run/user/1000/hidra.kbd). Waiting for QEMU to listen... (set HID_SOCK or run scripts/run_qemu.sh)
[msquic] stream: RECEIVE bytes=52 buffers=1 pending=0
[hidra] HID socket connect failed (/run/user/1000/hidra.kbd). Waiting for QEMU to listen... (set HID_SOCK or run scripts/run_qemu.sh)
[hidra] HID socket connect failed (/run/user/1000/hidra.kbd). Waiting for QEMU to listen... (set HID_SOCK or run scripts/run_qemu.sh)
[msquic] stream: RECEIVE bytes=104 buffers=1 pending=0
[lat] dt_ms=52.4882 cmd=up key=t
[hidra] HID socket connect failed (/run/user/1000/hidra.kbd). Waiting for QEMU to listen... (set HID_SOCK or run scripts/run_qemu.sh)
[lat] dt_ms=57.7697 cmd=up key=ENTER
[hidra] HID socket connect failed (/run/user/1000/hidra.kbd). Waiting for QEMU to listen... (set HID_SOCK or run scripts/run_qemu.sh)
[hidra] HID socket connect failed (/run/user/1000/hidra.kbd). Waiting for QEMU to listen... (set HID_SOCK or run scripts/run_qemu.sh)
[msquic] stream: RECEIVE bytes=52 buffers=1 pending=0
[hidra] HID socket connect failed (/run/user/1000/hidra.kbd). Waiting for QEMU to listen... (set HID_SOCK or run scripts/run_qemu.sh)
[msquic] stream: RECEIVE bytes=52 buffers=1 pending=0
[hidra] HID socket connect failed (/run/user/1000/hidra.kbd). Waiting for QEMU to listen... (set HID_SOCK or run scripts/run_qemu.sh)
[msquic] stream: RECEIVE bytes=52 buffers=1 pending=0
[lat] dt_ms=76.7413 cmd=down key=ENTER
[hidra] HID socket connect failed (/run/user/1000/hidra.kbd). Waiting for QEMU to listen... (set HID_SOCK or run scripts/run_qemu.sh)
[lat] dt_ms=64.286 cmd=down key=a
[hidra] HID socket connect failed (/run/user/1000/hidra.kbd). Waiting for QEMU to listen... (set HID_SOCK or run scripts/run_qemu.sh)
[heal] key=40 heal_ms=76.8216
[hidra] HID socket connect failed (/run/user/1000/hidra.kbd). Waiting for QEMU to listen... (set HID_SOCK or run scripts/run_qemu.sh)
[msquic] stream: RECEIVE bytes=52 buffers=1 pending=0
[lat] dt_ms=40.318 cmd=up key=p
[hidra] HID socket connect failed (/run/user/1000/hidra.kbd). Waiting for QEMU to listen... (set HID_SOCK or run scripts/run_qemu.sh)
[hidra] HID socket connect failed (/run/user/1000/hidra.kbd). Waiting for QEMU to listen... (set HID_SOCK or run scripts/run_qemu.sh)
[msquic] stream: RECEIVE bytes=52 buffers=1 pending=0
[lat] dt_ms=68.5742 cmd=up key=a
[hidra] HID socket connect failed (/run/user/1000/hidra.kbd). Waiting for QEMU to listen... (set HID_SOCK or run scripts/run_qemu.sh)
[lat] dt_ms=59.0654 cmd=down key=p
[hidra] HID socket connect failed (/run/user/1000/hidra.kbd). Waiting for QEMU to listen... (set HID_SOCK or run scripts/run_qemu.sh)
[hidra] HID socket connect failed (/run/user/1000/hidra.kbd). Waiting for QEMU to listen... (set HID_SOCK or run scripts/run_qemu.sh)
[msquic] stream: RECEIVE bytes=52 buffers=1 pending=0
[hidra] HID socket connect failed (/run/user/1000/hidra.kbd). Waiting for QEMU to listen... (set HID_SOCK or run scripts/run_qemu.sh)
[msquic] stream: RECEIVE bytes=52 buffers=1 pending=0
[hidra] HID socket connect failed (/run/user/1000/hidra.kbd). Waiting for QEMU to listen... (set HID_SOCK or run scripts/run_qemu.sh)
[msquic] stream: RECEIVE bytes=52 buffers=1 pending=0
[lat] dt_ms=57.6159 cmd=down key=t
[hidra] HID socket connect failed (/run/user/1000/hidra.kbd). Waiting for QEMU to listen... (set HID_SOCK or run scripts/run_qemu.sh)
[lat] dt_ms=51.5171 cmd=up key=t
[hidra] HID socket connect failed (/run/user/1000/hidra.kbd). Waiting for QEMU to listen... (set HID_SOCK or run scripts/run_qemu.sh)
[heal] key=19 heal_ms=76.3045
[hidra] HID socket connect failed (/run/user/1000/hidra.kbd). Waiting for QEMU to listen... (set HID_SOCK or run scripts/run_qemu.sh)
[msquic] stream: RECEIVE bytes=52 buffers=1 pending=0
[hidra] HID socket connect failed (/run/user/1000/hidra.kbd). Waiting for QEMU to listen... (set HID_SOCK or run scripts/run_qemu.sh)
[msquic] stream: RECEIVE bytes=52 buffers=1 pending=0
[lat] dt_ms=57.1268 cmd=down key=ENTER
[hidra] HID socket connect failed (/run/user/1000/hidra.kbd). Waiting for QEMU to listen... (set HID_SOCK or run scripts/run_qemu.sh)
[hidra] HID socket connect failed (/run/user/1000/hidra.kbd). Waiting for QEMU to listen... (set HID_SOCK or run scripts/run_qemu.sh)
[msquic] stream: RECEIVE bytes=52 buffers=1 pending=0
[hidra] HID socket connect failed (/run/user/1000/hidra.kbd). Waiting for QEMU to listen... (set HID_SOCK or run scripts/run_qemu.sh)
[msquic] stream: RECEIVE bytes=52 buffers=1 pending=0
[lat] dt_ms=47.0595 cmd=up key=a
[hidra] HID socket connect failed (/run/user/1000/hidra.kbd). Waiting for QEMU to listen... (set HID_SOCK or run scripts/run_qemu.sh)
[lat] dt_ms=72.5853 cmd=up key=ENTER
[hidra] HID socket connect failed (/run/user/1000/hidra.kbd). Waiting for QEMU to listen... (set HID_SOCK or run scripts/run_qemu.sh)
[hidra] HID socket connect failed (/run/user/1000/hidra.kbd). Waiting for QEMU to listen... (set HID_SOCK or run scripts/run_qemu.sh)
[msquic] stream: RECEIVE bytes=52 buffers=1 pending=0
[hidra] HID socket connect failed (/run/user/1000/hidra.kbd). Waiting for QEMU to listen... (set HID_SOCK or run scripts/run_qemu.sh)
[msquic] stream: RECEIVE bytes=52 buffers=1 pending=0
[lat] dt_ms=76.1889 cmd=down key=a
[hidra] HID socket connect failed (/run/user/1000/hidra.kbd). Waiting for QEMU to listen... (set HID_SOCK or run scripts/run_qemu.sh)
[hidra] HID socket connect failed (/run/user/1000/hidra.kbd). Waiting for QEMU to listen... (set HID_SOCK or run scripts/run_qemu.sh)
[hidra] HID socket connect failed (/run/user/1000/hidra.kbd). Waiting for QEMU to listen... (set HID_SOCK or run scripts/run_qemu.sh)
[msquic] stream: RECEIVE bytes=104 buffers=1 pending=0
[hidra] HID socket connect failed (/run/user/1000/hidra.kbd). Waiting for QEMU to listen... (set HID_SOCK or run scripts/run_qemu.sh)
[msquic] stream: RECEIVE bytes=52 buffers=1 pending=0
[lat] dt_ms=54.2853 cmd=up key=p
[hidra] HID socket connect failed (/run/user/1000/hidra.kbd). Waiting for QEMU to listen... (set HID_SOCK or run scripts/run_qemu.sh)
[lat] dt_ms=67.857 cmd=down key=p
[hidra] HID socket connect failed (/run/user/1000/hidra.kbd). Waiting for QEMU to listen... (set HID_SOCK or run scripts/run_qemu.sh)
[hidra] HID socket connect failed (/run/user/1000/hidra.kbd). Waiting for QEMU to listen... (set HID_SOCK or run scripts/run_qemu.sh)
[msquic] stream: RECEIVE bytes=52 buffers=1 pending=0
[lat] dt_ms=66.483 cmd=down key=t
[hidra] HID socket connect failed (/run/user/1000/hidra.kbd). Waiting for QEMU to listen... (set HID_SOCK or run scripts/run_qemu.sh)
[hidra] HID socket connect failed (/run/user/1000/hidra.kbd). Waiting for QEMU to listen... (set HID_SOCK or run scripts/run_qemu.sh)
[msquic] stream: RECEIVE bytes=52 buffers=1 pending=0
[lat] dt_ms=44.2767 cmd=up key=ENTER
[hidra] HID socket connect failed (/run/user/1000/hidra.kbd). Waiting for QEMU to listen... (set HID_SOCK or run scripts/run_qemu.sh)
[lat] dt_ms=58.217 cmd=down key=ENTER
[hidra] HID socket connect failed (/run/user/1000/hidra.kbd). Waiting for QEMU to listen... (set HID_SOCK or run scripts/run_qemu.sh)
[lat] dt_ms=71.887 cmd=up key=t
[hidra] HID socket connect failed (/run/user/1000/hidra.kbd). Waiting for QEMU to listen... (set HID_SOCK or run scripts/run_qemu.sh)
[hidra] HID socket connect failed (/run/user/1000/hidra.kbd). Waiting for QEMU to listen... (set HID_SOCK or run scripts/run_qemu.sh)
[msquic] stream: RECEIVE bytes=52 buffers=1 pending=0
[hidra] HID socket connect failed (/run/user/1000/hidra.kbd). Waiting for QEMU to listen... (set HID_SOCK or run scripts/run_qemu.sh)
[msquic] stream: RECEIVE bytes=52 buffers=1 pending=0
[hidra] HID socket connect failed (/run/user/1000/hidra.kbd). Waiting for QEMU to listen... (set HID_SOCK or run scripts/run_qemu.sh)
[msquic] stream: RECEIVE bytes=52 buffers=1 pending=0
[hidra] HID socket connect failed (/run/user/1000/hidra.kbd). Waiting for QEMU to listen... (set HID_SOCK or run scripts/run_qemu.sh)
[msquic] stream: RECEIVE bytes=52 buffers=1 pending=0
[lat] dt_ms=60.8584 cmd=up key=a
[hidra] HID socket connect failed (/run/user/1000/hidra.kbd). Waiting for QEMU to listen... (set HID_SOCK or run scripts/run_qemu.sh)
[hidra] HID socket connect failed (/run/user/1000/hidra.kbd). Waiting for QEMU to listen... (set HID_SOCK or run scripts/run_qemu.sh)
[msquic] stream: RECEIVE bytes=52 buffers=1 pending=0
[lat] dt_ms=72.3533 cmd=down key=a
[hidra] HID socket connect failed (/run/user/1000/hidra.kbd). Waiting for QEMU to listen... (set HID_SOCK or run scripts/run_qemu.sh)
[lat] dt_ms=61.0351 cmd=down key=p
[hidra] HID socket connect failed (/run/user/1000/hidra.kbd). Waiting for QEMU to listen... (set HID_SOCK or run scripts/run_qemu.sh)
[heal] key=4 heal_ms=71.3877
[hidra] HID socket connect failed (/run/user/1000/hidra.kbd). Waiting for QEMU to listen... (set HID_SOCK or run scripts/run_qemu.sh)
[msquic] stream: RECEIVE bytes=52 buffers=1 pending=0
[heal] key=19 heal_ms=141.444
[hidra] HID socket connect failed (/run/user/1000/hidra.kbd). Waiting for QEMU to listen... (set HID_SOCK or run scripts/run_qemu.sh)
[msquic] stream: RECEIVE bytes=52 buffers=1 pending=0
[lat] dt_ms=59.9304 cmd=up key=p
[hidra] HID socket connect failed (/run/user/1000/hidra.kbd). Waiting for QEMU to listen... (set HID_SOCK or run scripts/run_qemu.sh)
[hidra] HID socket connect failed (/run/user/1000/hidra.kbd). Waiting for QEMU to listen... (set HID_SOCK or run scripts/run_qemu.sh)
[msquic] stream: RECEIVE bytes=52 buffers=1 pending=0
[hidra] HID socket connect failed (/run/user/1000/hidra.kbd). Waiting for QEMU to listen... (set HID_SOCK or run scripts/run_qemu.sh)
[msquic] stream: RECEIVE bytes=52 buffers=1 pending=0
[lat] dt_ms=58.1026 cmd=down key=t
[hidra] HID socket connect failed (/run/user/1000/hidra.kbd). Waiting for QEMU to listen... (set HID_SOCK or run scripts/run_qemu.sh)
[lat] dt_ms=58.4797 cmd=up key=t
[hidra] HID socket connect failed (/run/user/1000/hidra.kbd). Waiting for QEMU to listen... (set HID_SOCK or run scripts/run_qemu.sh)
[lat] dt_ms=50.3968 cmd=down key=ENTER
[hidra] HID socket connect failed (/run/user/1000/hidra.kbd). Waiting for QEMU to listen... (set HID_SOCK or run scripts/run_qemu.sh)
[heal] key=40 heal_ms=124.219
[hidra] HID socket connect failed (/run/user/1000/hidra.kbd). Waiting for QEMU to listen... (set HID_SOCK or run scripts/run_qemu.sh)
[msquic] stream: RECEIVE bytes=52 buffers=1 pending=0
[lat] dt_ms=47.6441 cmd=up key=ENTER
[hidra] HID socket connect failed (/run/user/1000/hidra.kbd). Waiting for QEMU to listen... (set HID_SOCK or run scripts/run_qemu.sh)
[hidra] HID socket connect failed (/run/user/1000/hidra.kbd). Waiting for QEMU to listen... (set HID_SOCK or run scripts/run_qemu.sh)
[msquic] stream: RECEIVE bytes=52 buffers=1 pending=0
[heal] key=40 heal_ms=68.3792
[hidra] HID socket connect failed (/run/user/1000/hidra.kbd). Waiting for QEMU to listen... (set HID_SOCK or run scripts/run_qemu.sh)
[msquic] stream: RECEIVE bytes=52 buffers=1 pending=0
[lat] dt_ms=44.1806 cmd=down key=p
[hidra] HID socket connect failed (/run/user/1000/hidra.kbd). Waiting for QEMU to listen... (set HID_SOCK or run scripts/run_qemu.sh)
[hidra] HID socket connect failed (/run/user/1000/hidra.kbd). Waiting for QEMU to listen... (set HID_SOCK or run scripts/run_qemu.sh)
[msquic] stream: RECEIVE bytes=52 buffers=1 pending=0
[lat] dt_ms=67.4182 cmd=down key=a
[hidra] HID socket connect failed (/run/user/1000/hidra.kbd). Waiting for QEMU to listen... (set HID_SOCK or run scripts/run_qemu.sh)
[lat] dt_ms=56.7485 cmd=up key=a
[hidra] HID socket connect failed (/run/user/1000/hidra.kbd). Waiting for QEMU to listen... (set HID_SOCK or run scripts/run_qemu.sh)
[hidra] HID socket connect failed (/run/user/1000/hidra.kbd). Waiting for QEMU to listen... (set HID_SOCK or run scripts/run_qemu.sh)
[msquic] stream: RECEIVE bytes=52 buffers=1 pending=0
[hidra] HID socket connect failed (/run/user/1000/hidra.kbd). Waiting for QEMU to listen... (set HID_SOCK or run scripts/run_qemu.sh)
[msquic] stream: RECEIVE bytes=52 buffers=1 pending=0
[hidra] snapshot v1 mods=0x0 pressed=1
[hidra] HID socket connect failed (/run/user/1000/hidra.kbd). Waiting for QEMU to listen... (set HID_SOCK or run scripts/run_qemu.sh)
[msquic] stream: RECEIVE bytes=52 buffers=1 pending=0
[lat] dt_ms=60.693 cmd=up key=p
[hidra] HID socket connect failed (/run/user/1000/hidra.kbd). Waiting for QEMU to listen... (set HID_SOCK or run scripts/run_qemu.sh)
[heal] key=4 heal_ms=86.2649
[hidra] HID socket connect failed (/run/user/1000/hidra.kbd). Waiting for QEMU to listen... (set HID_SOCK or run scripts/run_qemu.sh)
[msquic] stream: RECEIVE bytes=52 buffers=1 pending=0
[lat] dt_ms=45.1297 cmd=down key=ENTER
[hidra] HID socket connect failed (/run/user/1000/hidra.kbd). Waiting for QEMU to listen... (set HID_SOCK or run scripts/run_qemu.sh)
[hidra] HID socket connect failed (/run/user/1000/hidra.kbd). Waiting for QEMU to listen... (set HID_SOCK or run scripts/run_qemu.sh)
[msquic] stream: RECEIVE bytes=52 buffers=1 pending=0
[heal] key=23 heal_ms=57.1943
[hidra] HID socket connect failed (/run/user/1000/hidra.kbd). Waiting for QEMU to listen... (set HID_SOCK or run scripts/run_qemu.sh)
[msquic] stream: RECEIVE bytes=52 buffers=1 pending=0
[lat] dt_ms=75.8062 cmd=down key=t
[hidra] HID socket connect failed (/run/user/1000/hidra.kbd). Waiting for QEMU to listen... (set HID_SOCK or run scripts/run_qemu.sh)
[hidra] HID socket connect failed (/run/user/1000/hidra.kbd). Waiting for QEMU to listen... (set HID_SOCK or run scripts/run_qemu.sh)
[msquic] stream: RECEIVE bytes=52 buffers=1 pending=0
[lat] dt_ms=72.1222 cmd=up key=t
[hidra] HID socket connect failed (/run/user/1000/hidra.kbd). Waiting for QEMU to listen... (set HID_SOCK or run scripts/run_qemu.sh)
[lat] dt_ms=43.4792 cmd=down key=a
[hidra] HID socket connect failed (/run/user/1000/hidra.kbd). Waiting for QEMU to listen... (set HID_SOCK or run scripts/run_qemu.sh)
[hidra] HID socket connect failed (/run/user/1000/hidra.kbd). Waiting for QEMU to listen... (set HID_SOCK or run scripts/run_qemu.sh)
[msquic] stream: RECEIVE bytes=52 buffers=1 pending=0
[heal] key=40 heal_ms=56.5277
[hidra] HID socket connect failed (/run/user/1000/hidra.kbd). Waiting for QEMU to listen... (set HID_SOCK or run scripts/run_qemu.sh)
[msquic] stream: RECEIVE bytes=52 buffers=1 pending=0
[lat] dt_ms=60.9154 cmd=up key=ENTER
[hidra] HID socket connect failed (/run/user/1000/hidra.kbd). Waiting for QEMU to listen... (set HID_SOCK or run scripts/run_qemu.sh)
[hidra] HID socket connect failed (/run/user/1000/hidra.kbd). Waiting for QEMU to listen... (set HID_SOCK or run scripts/run_qemu.sh)
[msquic] stream: RECEIVE bytes=52 buffers=1 pending=0
[hidra] HID socket connect failed (/run/user/1000/hidra.kbd). Waiting for QEMU to listen... (set HID_SOCK or run scripts/run_qemu.sh)
[msquic] stream: RECEIVE bytes=52 buffers=1 pending=0
[lat] dt_ms=49.7844 cmd=up key=a
[hidra] HID socket connect failed (/run/user/1000/hidra.kbd). Waiting for QEMU to listen... (set HID_SOCK or run scripts/run_qemu.sh)
[lat] dt_ms=49.7524 cmd=down key=p
[hidra] HID socket connect failed (/run/user/1000/hidra.kbd). Waiting for QEMU to listen... (set HID_SOCK or run scripts/run_qemu.sh)
[hidra] HID socket connect failed (/run/user/1000/hidra.kbd). Waiting for QEMU to listen... (set HID_SOCK or run scripts/run_qemu.sh)
[msquic] stream: RECEIVE bytes=52 buffers=1 pending=0
[lat] dt_ms=60.557 cmd=up key=p
[hidra] HID socket connect failed (/run/user/1000/hidra.kbd). Waiting for QEMU to listen... (set HID_SOCK or run scripts/run_qemu.sh)
[hidra] HID socket connect failed (/run/user/1000/hidra.kbd). Waiting for QEMU to listen... (set HID_SOCK or run scripts/run_qemu.sh)
[msquic] stream: RECEIVE bytes=52 buffers=1 pending=0
[heal] key=19 heal_ms=81.6571
[hidra] HID socket connect failed (/run/user/1000/hidra.kbd). Waiting for QEMU to listen... (set HID_SOCK or run scripts/run_qemu.sh)
[msquic] stream: RECEIVE bytes=52 buffers=1 pending=0
[lat] dt_ms=50.0261 cmd=down key=ENTER
[hidra] HID socket connect failed (/run/user/1000/hidra.kbd). Waiting for QEMU to listen... (set HID_SOCK or run scripts/run_qemu.sh)
[lat] dt_ms=75.0154 cmd=down key=t
[hidra] HID socket connect failed (/run/user/1000/hidra.kbd). Waiting for QEMU to listen... (set HID_SOCK or run scripts/run_qemu.sh)
[lat] dt_ms=69.2408 cmd=up key=t
[hidra] HID socket connect failed (/run/user/1000/hidra.kbd). Waiting for QEMU to listen... (set HID_SOCK or run scripts/run_qemu.sh)
[hidra] HID socket connect failed (/run/user/1000/hidra.kbd). Waiting for QEMU to listen... (set HID_SOCK or run scripts/run_qemu.sh)
[msquic] stream: RECEIVE bytes=52 buffers=1 pending=0
[hidra] HID socket connect failed (/run/user/1000/hidra.kbd). Waiting for QEMU to listen... (set HID_SOCK or run scripts/run_qemu.sh)
[heal] key=23 heal_ms=74.8106
[hidra] HID socket connect failed (/run/user/1000/hidra.kbd). Waiting for QEMU to listen... (set HID_SOCK or run scripts/run_qemu.sh)
[msquic] stream: RECEIVE bytes=104 buffers=1 pending=0
[hidra] HID socket connect failed (/run/user/1000/hidra.kbd). Waiting for QEMU to listen... (set HID_SOCK or run scripts/run_qemu.sh)
[msquic] stream: RECEIVE bytes=52 buffers=1 pending=0
[lat] dt_ms=63.943 cmd=up key=ENTER
[hidra] HID socket connect failed (/run/user/1000/hidra.kbd). Waiting for QEMU to listen... (set HID_SOCK or run scripts/run_qemu.sh)
[hidra] HID socket connect failed (/run/user/1000/hidra.kbd). Waiting for QEMU to listen... (set HID_SOCK or run scripts/run_qemu.sh)
[msquic] stream: RECEIVE bytes=52 buffers=1 pending=0
[hidra] HID socket connect failed (/run/user/1000/hidra.kbd). Waiting for QEMU to listen... (set HID_SOCK or run scripts/run_qemu.sh)
[msquic] stream: RECEIVE bytes=52 buffers=1 pending=0
[lat] dt_ms=63.4367 cmd=down key=a
[hidra] HID socket connect failed (/run/user/1000/hidra.kbd). Waiting for QEMU to listen... (set HID_SOCK or run scripts/run_qemu.sh)
[lat] dt_ms=62.1853 cmd=up key=a
[hidra] HID socket connect failed (/run/user/1000/hidra.kbd). Waiting for QEMU to listen... (set HID_SOCK or run scripts/run_qemu.sh)
[hidra] HID socket connect failed (/run/user/1000/hidra.kbd). Waiting for QEMU to listen... (set HID_SOCK or run scripts/run_qemu.sh)
[msquic] stream: RECEIVE bytes=52 buffers=1 pending=0
[lat] dt_ms=60.2878 cmd=down key=p
[hidra] HID socket connect failed (/run/user/1000/hidra.kbd). Waiting for QEMU to listen... (set HID_SOCK or run scripts/run_qemu.sh)
[lat] dt_ms=52.5901 cmd=up key=p
[hidra] HID socket connect failed (/run/user/1000/hidra.kbd). Waiting for QEMU to listen... (set HID_SOCK or run scripts/run_qemu.sh)
[lat] dt_ms=49.1428 cmd=down key=t
[hidra] HID socket connect failed (/run/user/1000/hidra.kbd). Waiting for QEMU to listen... (set HID_SOCK or run scripts/run_qemu.sh)
[heal] key=23 heal_ms=42.8982
[hidra] HID socket connect failed (/run/user/1000/hidra.kbd). Waiting for QEMU to listen... (set HID_SOCK or run scripts/run_qemu.sh)
[msquic] stream: RECEIVE bytes=52 buffers=1 pending=0
[lat] dt_ms=50.2591 cmd=up key=t
[hidra] HID socket connect failed (/run/user/1000/hidra.kbd). Waiting for QEMU to listen... (set HID_SOCK or run scripts/run_qemu.sh)
[heal] key=19 heal_ms=73.7097
[hidra] HID socket connect failed (/run/user/1000/hidra.kbd). Waiting for QEMU to listen... (set HID_SOCK or run scripts/run_qemu.sh)
[msquic] stream: RECEIVE bytes=52 buffers=1 pending=0
[hidra] HID socket connect failed (/run/user/1000/hidra.kbd). Waiting for QEMU to listen... (set HID_SOCK or run scripts/run_qemu.sh)
[msquic] stream: RECEIVE bytes=52 buffers=1 pending=0
[hidra] HID socket connect failed (/run/user/1000/hidra.kbd). Waiting for QEMU to listen... (set HID_SOCK or run scripts/run_qemu.sh)
[msquic] stream: RECEIVE bytes=52 buffers=1 pending=0
[lat] dt_ms=70.641 cmd=down key=ENTER
[hidra] HID socket connect failed (/run/user/1000/hidra.kbd). Waiting for QEMU to listen... (set HID_SOCK or run scripts/run_qemu.sh)
[lat] dt_ms=61.3849 cmd=up key=ENTER
[hidra] HID socket connect failed (/run/user/1000/hidra.kbd). Waiting for QEMU to listen... (set HID_SOCK or run scripts/run_qemu.sh)
[hidra] HID socket connect failed (/run/user/1000/hidra.kbd). Waiting for QEMU to listen... (set HID_SOCK or run scripts/run_qemu.sh)
[msquic] stream: RECEIVE bytes=52 buffers=1 pending=0
[hidra] HID socket connect failed (/run/user/1000/hidra.kbd). Waiting for QEMU to listen... (set HID_SOCK or run scripts/run_qemu.sh)
[msquic] stream: RECEIVE bytes=52 buffers=1 pending=0
[lat] dt_ms=57.6911 cmd=down key=a
[hidra] HID socket connect failed (/run/user/1000/hidra.kbd). Waiting for QEMU to listen... (set HID_SOCK or run scripts/run_qemu.sh)
[heal] key=4 heal_ms=134.534
[hidra] HID socket connect failed (/run/user/1000/hidra.kbd). Waiting for QEMU to listen... (set HID_SOCK or run scripts/run_qemu.sh)
[msquic] stream: RECEIVE bytes=52 buffers=1 pending=0
[lat] dt_ms=58.1159 cmd=up key=a
[hidra] HID socket connect failed (/run/user/1000/hidra.kbd). Waiting for QEMU to listen... (set HID_SOCK or run scripts/run_qemu.sh)
[heal] key=40 heal_ms=86.0973
[hidra] HID socket connect failed (/run/user/1000/hidra.kbd). Waiting for QEMU to listen... (set HID_SOCK or run scripts/run_qemu.sh)
[msquic] stream: RECEIVE bytes=52 buffers=1 pending=0
[lat] dt_ms=42.3585 cmd=down key=t
[hidra] HID socket connect failed (/run/user/1000/hidra.kbd). Waiting for QEMU to listen... (set HID_SOCK or run scripts/run_qemu.sh)
[heal] key=19 heal_ms=52.6143
[hidra] HID socket connect failed (/run/user/1000/hidra.kbd). Waiting for QEMU to listen... (set HID_SOCK or run scripts/run_qemu.sh)
[msquic] stream: RECEIVE bytes=52 buffers=1 pending=0
[hidra] HID socket connect failed (/run/user/1000/hidra.kbd). Waiting for QEMU to listen... (set HID_SOCK or run scripts/run_qemu.sh)
[msquic] stream: RECEIVE bytes=52 buffers=1 pending=0
[lat] dt_ms=74.905 cmd=down key=p
[hidra] HID socket connect failed (/run/user/1000/hidra.kbd). Waiting for QEMU to listen... (set HID_SOCK or run scripts/run_qemu.sh)
[hidra] HID socket connect failed (/run/user/1000/hidra.kbd). Waiting for QEMU to listen... (set HID_SOCK or run scripts/run_qemu.sh)
[hidra] HID socket connect failed (/run/user/1000/hidra.kbd). Waiting for QEMU to listen... (set HID_SOCK or run scripts/run_qemu.sh)
[msquic] stream: RECEIVE bytes=104 buffers=1 pending=0
[lat] dt_ms=47.1661 cmd=up key=t
[hidra] HID socket connect failed (/run/user/1000/hidra.kbd). Waiting for QEMU to listen... (set HID_SOCK or run scripts/run_qemu.sh)
[lat] dt_ms=70.8168 cmd=up key=p
[hidra] HID socket connect failed (/run/user/1000/hidra.kbd). Waiting for QEMU to listen... (set HID_SOCK or run scripts/run_qemu.sh)
[lat] dt_ms=44.4334 cmd=down key=ENTER
[hidra] HID socket connect failed (/run/user/1000/hidra.kbd). Waiting for QEMU to listen... (set HID_SOCK or run scripts/run_qemu.sh)
[hidra] HID socket connect failed (/run/user/1000/hidra.kbd). Waiting for QEMU to listen... (set HID_SOCK or run scripts/run_qemu.sh)
[msquic] stream: RECEIVE bytes=52 buffers=1 pending=0
[hidra] HID socket connect failed (/run/user/1000/hidra.kbd). Waiting for QEMU to listen... (set HID_SOCK or run scripts/run_qemu.sh)
[msquic] stream: RECEIVE bytes=52 buffers=1 pending=0
[lat] dt_ms=51.8584 cmd=up key=ENTER
[hidra] HID socket connect failed (/run/user/1000/hidra.kbd). Waiting for QEMU to listen... (set HID_SOCK or run scripts/run_qemu.sh)
[hidra] HID socket connect failed (/run/user/1000/hidra.kbd). Waiting for QEMU to listen... (set HID_SOCK or run scripts/run_qemu.sh)
[msquic] stream: RECEIVE bytes=52 buffers=1 pending=0
[lat] dt_ms=42.1195 cmd=up key=a
[hidra] HID socket connect failed (/run/user/1000/hidra.kbd). Waiting for QEMU to listen... (set HID_SOCK or run scripts/run_qemu.sh)
[hidra] HID socket connect failed (/run/user/1000/hidra.kbd). Waiting for QEMU to listen... (set HID_SOCK or run scripts/run_qemu.sh)
[msquic] stream: RECEIVE bytes=52 buffers=1 pending=0
[hidra] HID socket connect failed (/run/user/1000/hidra.kbd). Waiting for QEMU to listen... (set HID_SOCK or run scripts/run_qemu.sh)
[msquic] stream: RECEIVE bytes=52 buffers=1 pending=0
[hidra] HID socket connect failed (/run/user/1000/hidra.kbd). Waiting for QEMU to listen... (set HID_SOCK or run scripts/run_qemu.sh)
[msquic] stream: RECEIVE bytes=52 buffers=1 pending=0
[lat] dt_ms=57.5977 cmd=down key=p
[hidra] HID socket connect failed (/run/user/1000/hidra.kbd). Waiting for QEMU to listen... (set HID_SOCK or run scripts/run_qemu.sh)
[lat] dt_ms=49.335 cmd=up key=p
[hidra] HID socket connect failed (/run/user/1000/hidra.kbd). Waiting for QEMU to listen... (set HID_SOCK or run scripts/run_qemu.sh)
[hidra] HID socket connect failed (/run/user/1000/hidra.kbd). Waiting for QEMU to listen... (set HID_SOCK or run scripts/run_qemu.sh)
[msquic] stream: RECEIVE bytes=52 buffers=2 pending=0
[lat] dt_ms=59.347 cmd=down key=t
[hidra] HID socket connect failed (/run/user/1000/hidra.kbd). Waiting for QEMU to listen... (set HID_SOCK or run scripts/run_qemu.sh)
[heal] key=23 heal_ms=137.954
[hidra] HID socket connect failed (/run/user/1000/hidra.kbd). Waiting for QEMU to listen... (set HID_SOCK or run scripts/run_qemu.sh)
[msquic] stream: RECEIVE bytes=52 buffers=1 pending=0
[lat] dt_ms=41.4193 cmd=up key=ENTER
[hidra] HID socket connect failed (/run/user/1000/hidra.kbd). Waiting for QEMU to listen... (set HID_SOCK or run scripts/run_qemu.sh)
[lat] dt_ms=54.1618 cmd=down key=ENTER
[hidra] HID socket connect failed (/run/user/1000/hidra.kbd). Waiting for QEMU to listen... (set HID_SOCK or run scripts/run_qemu.sh)
[hidra] HID socket connect failed (/run/user/1000/hidra.kbd). Waiting for QEMU to listen... (set HID_SOCK or run scripts/run_qemu.sh)
[msquic] stream: RECEIVE bytes=52 buffers=1 pending=0
[hidra] HID socket connect failed (/run/user/1000/hidra.kbd). Waiting for QEMU to listen... (set HID_SOCK or run scripts/run_qemu.sh)
[hidra] HID socket connect failed (/run/user/1000/hidra.kbd). Waiting for QEMU to listen... (set HID_SOCK or run scripts/run_qemu.sh)
[msquic] stream: RECEIVE bytes=104 buffers=1 pending=0
[lat] dt_ms=78.3549 cmd=up key=t
[hidra] HID socket connect failed (/run/user/1000/hidra.kbd). Waiting for QEMU to listen... (set HID_SOCK or run scripts/run_qemu.sh)
[hidra] HID socket connect failed (/run/user/1000/hidra.kbd). Waiting for QEMU to listen... (set HID_SOCK or run scripts/run_qemu.sh)
[msquic] stream: RECEIVE bytes=52 buffers=1 pending=0
[lat] dt_ms=63.5526 cmd=down key=a
[hidra] HID socket connect failed (/run/user/1000/hidra.kbd). Waiting for QEMU to listen... (set HID_SOCK or run scripts/run_qemu.sh)
[heal] key=4 heal_ms=54.4893
[hidra] HID socket connect failed (/run/user/1000/hidra.kbd). Waiting for QEMU to listen... (set HID_SOCK or run scripts/run_qemu.sh)
[msquic] stream: RECEIVE bytes=52 buffers=1 pending=0
[hidra] HID socket connect failed (/run/user/1000/hidra.kbd). Waiting for QEMU to listen... (set HID_SOCK or run scripts/run_qemu.sh)
[msquic] stream: RECEIVE bytes=52 buffers=1 pending=0
[lat] dt_ms=66.0556 cmd=up key=a
[hidra] HID socket connect failed (/run/user/1000/hidra.kbd). Waiting for QEMU to listen... (set HID_SOCK or run scripts/run_qemu.sh)
[lat] dt_ms=58.8191 cmd=down key=p
[hidra] HID socket connect failed (/run/user/1000/hidra.kbd). Waiting for QEMU to listen... (set HID_SOCK or run scripts/run_qemu.sh)
[heal] key=19 heal_ms=62.7266
[hidra] HID socket connect failed (/run/user/1000/hidra.kbd). Waiting for QEMU to listen... (set HID_SOCK or run scripts/run_qemu.sh)
[msquic] stream: RECEIVE bytes=52 buffers=1 pending=0
[hidra] HID socket connect failed (/run/user/1000/hidra.kbd). Waiting for QEMU to listen... (set HID_SOCK or run scripts/run_qemu.sh)
[hidra] HID socket connect failed (/run/user/1000/hidra.kbd). Waiting for QEMU to listen... (set HID_SOCK or run scripts/run_qemu.sh)
[msquic] stream: RECEIVE bytes=104 buffers=1 pending=0
[lat] dt_ms=48.3139 cmd=up key=t
[hidra] HID socket connect failed (/run/user/1000/hidra.kbd). Waiting for QEMU to listen... (set HID_SOCK or run scripts/run_qemu.sh)
[lat] dt_ms=79.7534 cmd=up key=p
[hidra] HID socket connect failed (/run/user/1000/hidra.kbd). Waiting for QEMU to listen... (set HID_SOCK or run scripts/run_qemu.sh)
[lat] dt_ms=75.6043 cmd=down key=t
[hidra] HID socket connect failed (/run/user/1000/hidra.kbd). Waiting for QEMU to listen... (set HID_SOCK or run scripts/run_qemu.sh)
[heal] key=23 heal_ms=76.8869
[hidra] HID socket connect failed (/run/user/1000/hidra.kbd). Waiting for QEMU to listen... (set HID_SOCK or run scripts/run_qemu.sh)
[msquic] stream: RECEIVE bytes=52 buffers=1 pending=0
[hidra] HID socket connect failed (/run/user/1000/hidra.kbd). Waiting for QEMU to listen... (set HID_SOCK or run scripts/run_qemu.sh)
[msquic] stream: RECEIVE bytes=52 buffers=1 pending=0
[lat] dt_ms=50.0714 cmd=down key=a
[hidra] HID socket connect failed (/run/user/1000/hidra.kbd). Waiting for QEMU to listen... (set HID_SOCK or run scripts/run_qemu.sh)
[lat] dt_ms=63.4409 cmd=up key=ENTER
[hidra] HID socket connect failed (/run/user/1000/hidra.kbd). Waiting for QEMU to listen... (set HID_SOCK or run scripts/run_qemu.sh)
[hidra] HID socket connect failed (/run/user/1000/hidra.kbd). Waiting for QEMU to listen... (set HID_SOCK or run scripts/run_qemu.sh)
[msquic] stream: RECEIVE bytes=52 buffers=1 pending=0
[lat] dt_ms=77.402 cmd=down key=ENTER
[hidra] HID socket connect failed (/run/user/1000/hidra.kbd). Waiting for QEMU to listen... (set HID_SOCK or run scripts/run_qemu.sh)
[lat] dt_ms=48.2057 cmd=up key=a
[hidra] HID socket connect failed (/run/user/1000/hidra.kbd). Waiting for QEMU to listen... (set HID_SOCK or run scripts/run_qemu.sh)
[hidra] HID socket connect failed (/run/user/1000/hidra.kbd). Waiting for QEMU to listen... (set HID_SOCK or run scripts/run_qemu.sh)
[msquic] stream: RECEIVE bytes=52 buffers=1 pending=0
[hidra] HID socket connect failed (/run/user/1000/hidra.kbd). Waiting for QEMU to listen... (set HID_SOCK or run scripts/run_qemu.sh)
[msquic] stream: RECEIVE bytes=52 buffers=1 pending=0
[heal] key=4 heal_ms=64.1655
[hidra] HID socket connect failed (/run/user/1000/hidra.kbd). Waiting for QEMU to listen... (set HID_SOCK or run scripts/run_qemu.sh)
[msquic] stream: RECEIVE bytes=52 buffers=1 pending=0
[lat] dt_ms=62.7445 cmd=down key=p
[hidra] HID socket connect failed (/run/user/1000/hidra.kbd). Waiting for QEMU to listen... (set HID_SOCK or run scripts/run_qemu.sh)
[heal] key=19 heal_ms=55.526
[hidra] HID socket connect failed (/run/user/1000/hidra.kbd). Waiting for QEMU to listen... (set HID_SOCK or run scripts/run_qemu.sh)
[msquic] stream: RECEIVE bytes=52 buffers=1 pending=0
[lat] dt_ms=53.9924 cmd=down key=t
[hidra] HID socket connect failed (/run/user/1000/hidra.kbd). Waiting for QEMU to listen... (set HID_SOCK or run scripts/run_qemu.sh)
[lat] dt_ms=70.8329 cmd=up key=p
[hidra] HID socket connect failed (/run/user/1000/hidra.kbd). Waiting for QEMU to listen... (set HID_SOCK or run scripts/run_qemu.sh)
[hidra] HID socket connect failed (/run/user/1000/hidra.kbd). Waiting for QEMU to listen... (set HID_SOCK or run scripts/run_qemu.sh)
[msquic] stream: RECEIVE bytes=52 buffers=1 pending=0
[hidra] HID socket connect failed (/run/user/1000/hidra.kbd). Waiting for QEMU to listen... (set HID_SOCK or run scripts/run_qemu.sh)
[hidra] HID socket connect failed (/run/user/1000/hidra.kbd). Waiting for QEMU to listen... (set HID_SOCK or run scripts/run_qemu.sh)
[msquic] stream: RECEIVE bytes=104 buffers=1 pending=0
[hidra] HID socket connect failed (/run/user/1000/hidra.kbd). Waiting for QEMU to listen... (set HID_SOCK or run scripts/run_qemu.sh)
[msquic] stream: RECEIVE bytes=52 buffers=1 pending=0
[hidra] HID socket connect failed (/run/user/1000/hidra.kbd). Waiting for QEMU to listen... (set HID_SOCK or run scripts/run_qemu.sh)
[msquic] stream: RECEIVE bytes=52 buffers=1 pending=0
[hidra] HID socket connect failed (/run/user/1000/hidra.kbd). Waiting for QEMU to listen... (set HID_SOCK or run scripts/run_qemu.sh)
[msquic] stream: RECEIVE bytes=52 buffers=1 pending=0
[lat] dt_ms=77.1515 cmd=up key=t
[hidra] HID socket connect failed (/run/user/1000/hidra.kbd). Waiting for QEMU to listen... (set HID_SOCK or run scripts/run_qemu.sh)
[lat] dt_ms=76.88 cmd=down key=ENTER
[hidra] HID socket connect failed (/run/user/1000/hidra.kbd). Waiting for QEMU to listen... (set HID_SOCK or run scripts/run_qemu.sh)
[lat] dt_ms=71.2842 cmd=up key=ENTER
[hidra] HID socket connect failed (/run/user/1000/hidra.kbd). Waiting for QEMU to listen... (set HID_SOCK or run scripts/run_qemu.sh)
[lat] dt_ms=65.9807 cmd=down key=a
[hidra] HID socket connect failed (/run/user/1000/hidra.kbd). Waiting for QEMU to listen... (set HID_SOCK or run scripts/run_qemu.sh)
[hidra] HID socket connect failed (/run/user/1000/hidra.kbd). Waiting for QEMU to listen... (set HID_SOCK or run scripts/run_qemu.sh)
[msquic] stream: RECEIVE bytes=52 buffers=1 pending=0
[lat] dt_ms=48.1445 cmd=down key=p
[hidra] HID socket connect failed (/run/user/1000/hidra.kbd). Waiting for QEMU to listen... (set HID_SOCK or run scripts/run_qemu.sh)
[lat] dt_ms=51.2754 cmd=up key=p
[hidra] HID socket connect failed (/run/user/1000/hidra.kbd). Waiting for QEMU to listen... (set HID_SOCK or run scripts/run_qemu.sh)
[hidra] HID socket connect failed (/run/user/1000/hidra.kbd). Waiting for QEMU to listen... (set HID_SOCK or run scripts/run_qemu.sh)
[msquic] stream: RECEIVE bytes=52 buffers=1 pending=0
[lat] dt_ms=76.6793 cmd=up key=a
[hidra] HID socket connect failed (/run/user/1000/hidra.kbd). Waiting for QEMU to listen... (set HID_SOCK or run scripts/run_qemu.sh)
[hidra] HID socket connect failed (/run/user/1000/hidra.kbd). Waiting for QEMU to listen... (set HID_SOCK or run scripts/run_qemu.sh)
[msquic] stream: RECEIVE bytes=52 buffers=1 pending=0
[hidra] HID socket connect failed (/run/user/1000/hidra.kbd). Waiting for QEMU to listen... (set HID_SOCK or run scripts/run_qemu.sh)
[msquic] stream: RECEIVE bytes=52 buffers=1 pending=0
[hidra] HID socket connect failed (/run/user/1000/hidra.kbd). Waiting for QEMU to listen... (set HID_SOCK or run scripts/run_qemu.sh)
[msquic] stream: RECEIVE bytes=52 buffers=1 pending=0
[lat] dt_ms=46.1995 cmd=up key=t
[hidra] HID socket connect failed (/run/user/1000/hidra.kbd). Waiting for QEMU to listen... (set HID_SOCK or run scripts/run_qemu.sh)
[lat] dt_ms=60.8621 cmd=down key=t
[hidra] HID socket connect failed (/run/user/1000/hidra.kbd). Waiting for QEMU to listen... (set HID_SOCK or run scripts/run_qemu.sh)
[heal] key=23 heal_ms=73.5247
[hidra] HID socket connect failed (/run/user/1000/hidra.kbd). Waiting for QEMU to listen... (set HID_SOCK or run scripts/run_qemu.sh)
[msquic] stream: RECEIVE bytes=52 buffers=1 pending=0
[lat] dt_ms=49.2669 cmd=down key=a
[hidra] HID socket connect failed (/run/user/1000/hidra.kbd). Waiting for QEMU to listen... (set HID_SOCK or run scripts/run_qemu.sh)
[hidra] HID socket connect failed (/run/user/1000/hidra.kbd). Waiting for QEMU to listen... (set HID_SOCK or run scripts/run_qemu.sh)
[msquic] stream: RECEIVE bytes=52 buffers=1 pending=0
[hidra] HID socket connect failed (/run/user/1000/hidra.kbd). Waiting for QEMU to listen... (set HID_SOCK or run scripts/run_qemu.sh)
[msquic] stream: RECEIVE bytes=52 buffers=1 pending=0
[lat] dt_ms=47.1961 cmd=up key=a
[hidra] HID socket connect failed (/run/user/1000/hidra.kbd). Waiting for QEMU to listen... (set HID_SOCK or run scripts/run_qemu.sh)
[lat] dt_ms=68.5413 cmd=up key=ENTER
[hidra] HID socket connect failed (/run/user/1000/hidra.kbd). Waiting for QEMU to listen... (set HID_SOCK or run scripts/run_qemu.sh)
[hidra] HID socket connect failed (/run/user/1000/hidra.kbd). Waiting for QEMU to listen... (set HID_SOCK or run scripts/run_qemu.sh)
[msquic] stream: RECEIVE bytes=52 buffers=1 pending=0
[hidra] HID socket connect failed (/run/user/1000/hidra.kbd). Waiting for QEMU to listen... (set HID_SOCK or run scripts/run_qemu.sh)
[msquic] stream: RECEIVE bytes=52 buffers=1 pending=0
[lat] dt_ms=46.5658 cmd=down key=p
[hidra] HID socket connect failed (/run/user/1000/hidra.kbd). Waiting for QEMU to listen... (set HID_SOCK or run scripts/run_qemu.sh)
[lat] dt_ms=49.7044 cmd=up key=p
[hidra] HID socket connect failed (/run/user/1000/hidra.kbd). Waiting for QEMU to listen... (set HID_SOCK or run scripts/run_qemu.sh)
[lat] dt_ms=43.9906 cmd=down key=t
[hidra] HID socket connect failed (/run/user/1000/hidra.kbd). Waiting for QEMU to listen... (set HID_SOCK or run scripts/run_qemu.sh)
[hidra] HID socket connect failed (/run/user/1000/hidra.kbd). Waiting for QEMU to listen... (set HID_SOCK or run scripts/run_qemu.sh)
[msquic] stream: RECEIVE bytes=52 buffers=1 pending=0
[hidra] HID socket connect failed (/run/user/1000/hidra.kbd). Waiting for QEMU to listen... (set HID_SOCK or run scripts/run_qemu.sh)
[msquic] stream: RECEIVE bytes=52 buffers=1 pending=0
[hidra] HID socket connect failed (/run/user/1000/hidra.kbd). Waiting for QEMU to listen... (set HID_SOCK or run scripts/run_qemu.sh)
[msquic] stream: RECEIVE bytes=52 buffers=1 pending=0
[hidra] HID socket connect failed (/run/user/1000/hidra.kbd). Waiting for QEMU to listen... (set HID_SOCK or run scripts/run_qemu.sh)
[msquic] stream: RECEIVE bytes=52 buffers=1 pending=0
[lat] dt_ms=63.2874 cmd=up key=t
[hidra] HID socket connect failed (/run/user/1000/hidra.kbd). Waiting for QEMU to listen... (set HID_SOCK or run scripts/run_qemu.sh)
[hidra] HID socket connect failed (/run/user/1000/hidra.kbd). Waiting for QEMU to listen... (set HID_SOCK or run scripts/run_qemu.sh)
[msquic] stream: RECEIVE bytes=52 buffers=1 pending=0
[lat] dt_ms=62.3373 cmd=down key=ENTER
[hidra] HID socket connect failed (/run/user/1000/hidra.kbd). Waiting for QEMU to listen... (set HID_SOCK or run scripts/run_qemu.sh)
[heal] key=23 heal_ms=83.9913
[hidra] HID socket connect failed (/run/user/1000/hidra.kbd). Waiting for QEMU to listen... (set HID_SOCK or run scripts/run_qemu.sh)
[msquic] stream: RECEIVE bytes=52 buffers=1 pending=0
[hidra] HID socket connect failed (/run/user/1000/hidra.kbd). Waiting for QEMU to listen... (set HID_SOCK or run scripts/run_qemu.sh)
[hidra] HID socket connect failed (/run/user/1000/hidra.kbd). Waiting for QEMU to listen... (set HID_SOCK or run scripts/run_qemu.sh)
[msquic] stream: RECEIVE bytes=104 buffers=1 pending=0
[heal] key=4 heal_ms=51.2934
[hidra] HID socket connect failed (/run/user/1000/hidra.kbd). Waiting for QEMU to listen... (set HID_SOCK or run scripts/run_qemu.sh)
[msquic] stream: RECEIVE bytes=52 buffers=1 pending=0
[lat] dt_ms=42.1625 cmd=down key=p
[hidra] HID socket connect failed (/run/user/1000/hidra.kbd). Waiting for QEMU to listen... (set HID_SOCK or run scripts/run_qemu.sh)
[lat] dt_ms=63.6207 cmd=down key=a
[hidra] HID socket connect failed (/run/user/1000/hidra.kbd). Waiting for QEMU to listen... (set HID_SOCK or run scripts/run_qemu.sh)
[lat] dt_ms=74.9156 cmd=up key=ENTER
[hidra] HID socket connect failed (/run/user/1000/hidra.kbd). Waiting for QEMU to listen... (set HID_SOCK or run scripts/run_qemu.sh)
[lat] dt_ms=77.1678 cmd=up key=a
[hidra] HID socket connect failed (/run/user/1000/hidra.kbd). Waiting for QEMU to listen... (set HID_SOCK or run scripts/run_qemu.sh)
[hidra] HID socket connect failed (/run/user/1000/hidra.kbd). Waiting for QEMU to listen... (set HID_SOCK or run scripts/run_qemu.sh)
[hidra] HID socket connect failed (/run/user/1000/hidra.kbd). Waiting for QEMU to listen... (set HID_SOCK or run scripts/run_qemu.sh)
[hidra] HID socket connect failed (/run/user/1000/hidra.kbd). Waiting for QEMU to listen... (set HID_SOCK or run scripts/run_qemu.sh)
[msquic] stream: RECEIVE bytes=156 buffers=1 pending=0
[lat] dt_ms=54.1256 cmd=down key=t
[hidra] HID socket connect failed (/run/user/1000/hidra.kbd). Waiting for QEMU to listen... (set HID_SOCK or run scripts/run_qemu.sh)
[hidra] HID socket connect failed (/run/user/1000/hidra.kbd). Waiting for QEMU to listen... (set HID_SOCK or run scripts/run_qemu.sh)
[msquic] stream: RECEIVE bytes=52 buffers=1 pending=0
[heal] key=19 heal_ms=74.2172
[hidra] HID socket connect failed (/run/user/1000/hidra.kbd). Waiting for QEMU to listen... (set HID_SOCK or run scripts/run_qemu.sh)
[msquic] stream: RECEIVE bytes=52 buffers=1 pending=0
[lat] dt_ms=41.674 cmd=up key=ENTER
[hidra] HID socket connect failed (/run/user/1000/hidra.kbd). Waiting for QEMU to listen... (set HID_SOCK or run scripts/run_qemu.sh)
[hidra] HID socket connect failed (/run/user/1000/hidra.kbd). Waiting for QEMU to listen... (set HID_SOCK or run scripts/run_qemu.sh)
[msquic] stream: RECEIVE bytes=52 buffers=1 pending=0
[hidra] HID socket connect failed (/run/user/1000/hidra.kbd). Waiting for QEMU to listen... (set HID_SOCK or run scripts/run_qemu.sh)
[msquic] stream: RECEIVE bytes=52 buffers=1 pending=0
[hidra] HID socket connect failed (/run/user/1000/hidra.kbd). Waiting for QEMU to listen... (set HID_SOCK or run scripts/run_qemu.sh)
[msquic] stream: RECEIVE bytes=52 buffers=1 pending=0
[lat] dt_ms=78.2672 cmd=up key=t
[hidra] HID socket connect failed (/run/user/1000/hidra.kbd). Waiting for QEMU to listen... (set HID_SOCK or run scripts/run_qemu.sh)
[hidra] HID socket connect failed (/run/user/1000/hidra.kbd). Waiting for QEMU to listen... (set HID_SOCK or run scripts/run_qemu.sh)
[msquic] stream: RECEIVE bytes=52 buffers=1 pending=0
[hidra] HID socket connect failed (/run/user/1000/hidra.kbd). Waiting for QEMU to listen... (set HID_SOCK or run scripts/run_qemu.sh)
[msquic] stream: RECEIVE bytes=52 buffers=1 pending=0
[lat] dt_ms=80.3711 cmd=down key=ENTER
[hidra] HID socket connect failed (/run/user/1000/hidra.kbd). Waiting for QEMU to listen... (set HID_SOCK or run scripts/run_qemu.sh)
[lat] dt_ms=49.523 cmd=up key=a
[hidra] HID socket connect failed (/run/user/1000/hidra.kbd). Waiting for QEMU to listen... (set HID_SOCK or run scripts/run_qemu.sh)
[lat] dt_ms=44.0498 cmd=down key=p
[hidra] HID socket connect failed (/run/user/1000/hidra.kbd). Waiting for QEMU to listen... (set HID_SOCK or run scripts/run_qemu.sh)
[lat] dt_ms=72.5569 cmd=down key=a
[hidra] HID socket connect failed (/run/user/1000/hidra.kbd). Waiting for QEMU to listen... (set HID_SOCK or run scripts/run_qemu.sh)
[lat] dt_ms=58.5231 cmd=up key=p
[hidra] HID socket connect failed (/run/user/1000/hidra.kbd). Waiting for QEMU to listen... (set HID_SOCK or run scripts/run_qemu.sh)
[heal] key=4 heal_ms=85.0419
[heal] key=40 heal_ms=106.716
[hidra] HID socket connect failed (/run/user/1000/hidra.kbd). Waiting for QEMU to listen... (set HID_SOCK or run scripts/run_qemu.sh)
[msquic] stream: RECEIVE bytes=52 buffers=1 pending=0
[hidra] HID socket connect failed (/run/user/1000/hidra.kbd). Waiting for QEMU to listen... (set HID_SOCK or run scripts/run_qemu.sh)
[msquic] stream: RECEIVE bytes=52 buffers=1 pending=0
[lat] dt_ms=59.1618 cmd=down key=t
[hidra] HID socket connect failed (/run/user/1000/hidra.kbd). Waiting for QEMU to listen... (set HID_SOCK or run scripts/run_qemu.sh)
[hidra] HID socket connect failed (/run/user/1000/hidra.kbd). Waiting for QEMU to listen... (set HID_SOCK or run scripts/run_qemu.sh)
[msquic] stream: RECEIVE bytes=52 buffers=1 pending=0
[heal] key=23 heal_ms=54.1717
[hidra] HID socket connect failed (/run/user/1000/hidra.kbd). Waiting for QEMU to listen... (set HID_SOCK or run scripts/run_qemu.sh)
[msquic] stream: RECEIVE bytes=52 buffers=1 pending=0
[hidra] HID socket connect failed (/run/user/1000/hidra.kbd). Waiting for QEMU to listen... (set HID_SOCK or run scripts/run_qemu.sh)
[msquic] stream: RECEIVE bytes=52 buffers=1 pending=0
[lat] dt_ms=55.9761 cmd=down key=ENTER
[hidra] HID socket connect failed (/run/user/1000/hidra.kbd). Waiting for QEMU to listen... (set HID_SOCK or run scripts/run_qemu.sh)
[lat] dt_ms=67.9547 cmd=up key=t
[hidra] HID socket connect failed (/run/user/1000/hidra.kbd). Waiting for QEMU to listen... (set HID_SOCK or run scripts/run_qemu.sh)
[hidra] HID socket connect failed (/run/user/1000/hidra.kbd). Waiting for QEMU to listen... (set HID_SOCK or run scripts/run_qemu.sh)
[msquic] stream: RECEIVE bytes=52 buffers=1 pending=0
[heal] key=40 heal_ms=59.2143
[hidra] HID socket connect failed (/run/user/1000/hidra.kbd). Waiting for QEMU to listen... (set HID_SOCK or run scripts/run_qemu.sh)
[msquic] stream: RECEIVE bytes=52 buffers=1 pending=0
[hidra] HID socket connect failed (/run/user/1000/hidra.kbd). Waiting for QEMU to listen... (set HID_SOCK or run scripts/run_qemu.sh)
[msquic] stream: RECEIVE bytes=52 buffers=1 pending=0
[hidra] HID socket connect failed (/run/user/1000/hidra.kbd). Waiting for QEMU to listen... (set HID_SOCK or run scripts/run_qemu.sh)
[msquic] stream: RECEIVE bytes=52 buffers=1 pending=0
[lat] dt_ms=42.6131 cmd=down key=p
[hidra] HID socket connect failed (/run/user/1000/hidra.kbd). Waiting for QEMU to listen... (set HID_SOCK or run scripts/run_qemu.sh)
[hidra] progress: rx=280 emits=403 quic_snapshots=219 socket=[hidra] HID socket connect failed (/run/user/1000/hidra.kbd). Waiting for QEMU to listen... (set HID_SOCK or run scripts/run_qemu.sh)
waiting
[lat] dt_ms=79.2945 cmd=up key=ENTER
[hidra] HID socket connect failed (/run/user/1000/hidra.kbd). Waiting for QEMU to listen... (set HID_SOCK or run scripts/run_qemu.sh)
[lat] dt_ms=60.7999 cmd=up key=a
[hidra] HID socket connect failed (/run/user/1000/hidra.kbd). Waiting for QEMU to listen... (set HID_SOCK or run scripts/run_qemu.sh)
[hidra] HID socket connect failed (/run/user/1000/hidra.kbd). Waiting for QEMU to listen... (set HID_SOCK or run scripts/run_qemu.sh)
[msquic] stream: RECEIVE bytes=52 buffers=1 pending=0
[lat] dt_ms=73.5891 cmd=down key=a
[hidra] HID socket connect failed (/run/user/1000/hidra.kbd). Waiting for QEMU to listen... (set HID_SOCK or run scripts/run_qemu.sh)
[lat] dt_ms=45.843 cmd=up key=p
[hidra] HID socket connect failed (/run/user/1000/hidra.kbd). Waiting for QEMU to listen... (set HID_SOCK or run scripts/run_qemu.sh)
[lat] dt_ms=58.2503 cmd=down key=t
[hidra] HID socket connect failed (/run/user/1000/hidra.kbd). Waiting for QEMU to listen... (set HID_SOCK or run scripts/run_qemu.sh)
[heal] key=4 heal_ms=90.2885
[hidra] HID socket connect failed (/run/user/1000/hidra.kbd). Waiting for QEMU to listen... (set HID_SOCK or run scripts/run_qemu.sh)
[msquic] stream: RECEIVE bytes=52 buffers=1 pending=0
[heal] key=19 heal_ms=76.9625
[hidra] HID socket connect failed (/run/user/1000/hidra.kbd). Waiting for QEMU to listen... (set HID_SOCK or run scripts/run_qemu.sh)
[msquic] stream: RECEIVE bytes=52 buffers=1 pending=0
[hidra] HID socket connect failed (/run/user/1000/hidra.kbd). Waiting for QEMU to listen... (set HID_SOCK or run scripts/run_qemu.sh)
[msquic] stream: RECEIVE bytes=52 buffers=1 pending=0
[hidra] HID socket connect failed (/run/user/1000/hidra.kbd). Waiting for QEMU to listen... (set HID_SOCK or run scripts/run_qemu.sh)
[msquic] stream: RECEIVE bytes=52 buffers=1 pending=0
[lat] dt_ms=74.3568 cmd=up key=t
[hidra] HID socket connect failed (/run/user/1000/hidra.kbd). Waiting for QEMU to listen... (set HID_SOCK or run scripts/run_qemu.sh)
[hidra] HID socket connect failed (/run/user/1000/hidra.kbd). Waiting for QEMU to listen... (set HID_SOCK or run scripts/run_qemu.sh)
[msquic] stream: RECEIVE bytes=52 buffers=1 pending=0
[lat] dt_ms=53.9443 cmd=down key=a
[hidra] HID socket connect failed (/run/user/1000/hidra.kbd). Waiting for QEMU to listen... (set HID_SOCK or run scripts/run_qemu.sh)
[hidra] HID socket connect failed (/run/user/1000/hidra.kbd). Waiting for QEMU to listen... (set HID_SOCK or run scripts/run_qemu.sh)
[msquic] stream: RECEIVE bytes=52 buffers=1 pending=0
[lat] dt_ms=50.1682 cmd=up key=a
[hidra] HID socket connect failed (/run/user/1000/hidra.kbd). Waiting for QEMU to listen... (set HID_SOCK or run scripts/run_qemu.sh)
[lat] dt_ms=71.8254 cmd=up key=ENTER
[hidra] HID socket connect failed (/run/user/1000/hidra.kbd). Waiting for QEMU to listen... (set HID_SOCK or run scripts/run_qemu.sh)
[hidra] HID socket connect failed (/run/user/1000/hidra.kbd). Waiting for QEMU to listen... (set HID_SOCK or run scripts/run_qemu.sh)
[heal] key=4 heal_ms=53.5272
[hidra] HID socket connect failed (/run/user/1000/hidra.kbd). Waiting for QEMU to listen... (set HID_SOCK or run scripts/run_qemu.sh)
[msquic] stream: RECEIVE bytes=104 buffers=1 pending=0
[hidra] HID socket connect failed (/run/user/1000/hidra.kbd). Waiting for QEMU to listen... (set HID_SOCK or run scripts/run_qemu.sh)
[msquic] stream: RECEIVE bytes=52 buffers=1 pending=0
[hidra] HID socket connect failed (/run/user/1000/hidra.kbd). Waiting for QEMU to listen... (set HID_SOCK or run scripts/run_qemu.sh)
[msquic] stream: RECEIVE bytes=52 buffers=1 pending=0
[lat] dt_ms=60.6384 cmd=up key=p
[hidra] HID socket connect failed (/run/user/1000/hidra.kbd). Waiting for QEMU to listen... (set HID_SOCK or run scripts/run_qemu.sh)
[lat] dt_ms=56.015 cmd=down key=t
[hidra] HID socket connect failed (/run/user/1000/hidra.kbd). Waiting for QEMU to listen... (set HID_SOCK or run scripts/run_qemu.sh)
[hidra] HID socket connect failed (/run/user/1000/hidra.kbd). Waiting for QEMU to listen... (set HID_SOCK or run scripts/run_qemu.sh)
[msquic] stream: RECEIVE bytes=52 buffers=1 pending=0
[hidra] HID socket connect failed (/run/user/1000/hidra.kbd). Waiting for QEMU to listen... (set HID_SOCK or run scripts/run_qemu.sh)
[msquic] stream: RECEIVE bytes=52 buffers=1 pending=0
[lat] dt_ms=80.1587 cmd=down key=p
[hidra] HID socket connect failed (/run/user/1000/hidra.kbd). Waiting for QEMU to listen... (set HID_SOCK or run scripts/run_qemu.sh)
[lat] dt_ms=56.4954 cmd=up key=t
[hidra] HID socket connect failed (/run/user/1000/hidra.kbd). Waiting for QEMU to listen... (set HID_SOCK or run scripts/run_qemu.sh)
[hidra] HID socket connect failed (/run/user/1000/hidra.kbd). Waiting for QEMU to listen... (set HID_SOCK or run scripts/run_qemu.sh)
[msquic] stream: RECEIVE bytes=52 buffers=1 pending=0
[hidra] HID socket connect failed (/run/user/1000/hidra.kbd). Waiting for QEMU to listen... (set HID_SOCK or run scripts/run_qemu.sh)
[msquic] stream: RECEIVE bytes=52 buffers=1 pending=0
[hidra] HID socket connect failed (/run/user/1000/hidra.kbd). Waiting for QEMU to listen... (set HID_SOCK or run scripts/run_qemu.sh)
[msquic] stream: RECEIVE bytes=52 buffers=1 pending=0
[lat] dt_ms=62.8735 cmd=down key=ENTER
[hidra] HID socket connect failed (/run/user/1000/hidra.kbd). Waiting for QEMU to listen... (set HID_SOCK or run scripts/run_qemu.sh)
[hidra] HID socket connect failed (/run/user/1000/hidra.kbd). Waiting for QEMU to listen... (set HID_SOCK or run scripts/run_qemu.sh)
[msquic] stream: RECEIVE bytes=52 buffers=1 pending=0
[lat] dt_ms=44.9571 cmd=up key=a
[hidra] HID socket connect failed (/run/user/1000/hidra.kbd). Waiting for QEMU to listen... (set HID_SOCK or run scripts/run_qemu.sh)
[lat] dt_ms=69.8355 cmd=up key=ENTER
[hidra] HID socket connect failed (/run/user/1000/hidra.kbd). Waiting for QEMU to listen... (set HID_SOCK or run scripts/run_qemu.sh)
[hidra] HID socket connect failed (/run/user/1000/hidra.kbd). Waiting for QEMU to listen... (set HID_SOCK or run scripts/run_qemu.sh)
[msquic] stream: RECEIVE bytes=52 buffers=2 pending=0
[lat] dt_ms=62.4428 cmd=down key=a
[hidra] HID socket connect failed (/run/user/1000/hidra.kbd). Waiting for QEMU to listen... (set HID_SOCK or run scripts/run_qemu.sh)
[hidra] HID socket connect failed (/run/user/1000/hidra.kbd). Waiting for QEMU to listen... (set HID_SOCK or run scripts/run_qemu.sh)
[msquic] stream: RECEIVE bytes=52 buffers=1 pending=0
[hidra] HID socket connect failed (/run/user/1000/hidra.kbd). Waiting for QEMU to listen... (set HID_SOCK or run scripts/run_qemu.sh)
[msquic] stream: RECEIVE bytes=52 buffers=1 pending=0
[lat] dt_ms=71.3982 cmd=down key=p
[hidra] HID socket connect failed (/run/user/1000/hidra.kbd). Waiting for QEMU to listen... (set HID_SOCK or run scripts/run_qemu.sh)
[hidra] HID socket connect failed (/run/user/1000/hidra.kbd). Waiting for QEMU to listen... (set HID_SOCK or run scripts/run_qemu.sh)
[msquic] stream: RECEIVE bytes=52 buffers=1 pending=0
[hidra] snapshot v1 mods=0x0 pressed=1
[hidra] HID socket connect failed (/run/user/1000/hidra.kbd). Waiting for QEMU to listen... (set HID_SOCK or run scripts/run_qemu.sh)
[msquic] stream: RECEIVE bytes=52 buffers=1 pending=0
[lat] dt_ms=72.2973 cmd=up key=p
[hidra] HID socket connect failed (/run/user/1000/hidra.kbd). Waiting for QEMU to listen... (set HID_SOCK or run scripts/run_qemu.sh)
[lat] dt_ms=63.7665 cmd=down key=t
[hidra] HID socket connect failed (/run/user/1000/hidra.kbd). Waiting for QEMU to listen... (set HID_SOCK or run scripts/run_qemu.sh)
[hidra] HID socket connect failed (/run/user/1000/hidra.kbd). Waiting for QEMU to listen... (set HID_SOCK or run scripts/run_qemu.sh)
[msquic] stream: RECEIVE bytes=52 buffers=1 pending=0
[hidra] HID socket connect failed (/run/user/1000/hidra.kbd). Waiting for QEMU to listen... (set HID_SOCK or run scripts/run_qemu.sh)
[msquic] stream: RECEIVE bytes=52 buffers=1 pending=0
[hidra] HID socket connect failed (/run/user/1000/hidra.kbd). Waiting for QEMU to listen... (set HID_SOCK or run scripts/run_qemu.sh)
[msquic] stream: RECEIVE bytes=52 buffers=1 pending=0
[lat] dt_ms=65.1089 cmd=down key=ENTER
[hidra] HID socket connect failed (/run/user/1000/hidra.kbd). Waiting for QEMU to listen... (set HID_SOCK or run scripts/run_qemu.sh)
[lat] dt_ms=77.6007 cmd=up key=t
[hidra] HID socket connect failed (/run/user/1000/hidra.kbd). Waiting for QEMU to listen... (set HID_SOCK or run scripts/run_qemu.sh)
[heal] key=40 heal_ms=57.0484
[hidra] HID socket connect failed (/run/user/1000/hidra.kbd). Waiting for QEMU to listen... (set HID_SOCK or run scripts/run_qemu.sh)
[msquic] stream: RECEIVE bytes=52 buffers=1 pending=0
[lat] dt_ms=49.2615 cmd=down key=a
[hidra] HID socket connect failed (/run/user/1000/hidra.kbd). Waiting for QEMU to listen... (set HID_SOCK or run scripts/run_qemu.sh)
[hidra] HID socket connect failed (/run/user/1000/hidra.kbd). Waiting for QEMU to listen... (set HID_SOCK or run scripts/run_qemu.sh)
[msquic] stream: RECEIVE bytes=52 buffers=1 pending=0
[heal] key=4 heal_ms=130.299
[hidra] HID socket connect failed (/run/user/1000/hidra.kbd). Waiting for QEMU to listen... (set HID_SOCK or run scripts/run_qemu.sh)
[msquic] stream: RECEIVE bytes=52 buffers=1 pending=0
[lat] dt_ms=76.1981 cmd=up key=ENTER
[hidra] HID socket connect failed (/run/user/1000/hidra.kbd). Waiting for QEMU to listen... (set HID_SOCK or run scripts/run_qemu.sh)
[hidra] HID socket connect failed (/run/user/1000/hidra.kbd). Waiting for QEMU to listen... (set HID_SOCK or run scripts/run_qemu.sh)
[msquic] stream: RECEIVE bytes=52 buffers=1 pending=0
[hidra] HID socket connect failed (/run/user/1000/hidra.kbd). Waiting for QEMU to listen... (set HID_SOCK or run scripts/run_qemu.sh)
[msquic] stream: RECEIVE bytes=52 buffers=1 pending=0
[lat] dt_ms=49.2506 cmd=down key=p
[hidra] HID socket connect failed (/run/user/1000/hidra.kbd). Waiting for QEMU to listen... (set HID_SOCK or run scripts/run_qemu.sh)
[lat] dt_ms=63.0391 cmd=up key=a
[hidra] HID socket connect failed (/run/user/1000/hidra.kbd). Waiting for QEMU to listen... (set HID_SOCK or run scripts/run_qemu.sh)
[hidra] HID socket connect failed (/run/user/1000/hidra.kbd). Waiting for QEMU to listen... (set HID_SOCK or run scripts/run_qemu.sh)
[msquic] stream: RECEIVE bytes=52 buffers=1 pending=0
[lat] dt_ms=66.6756 cmd=up key=p
[hidra] HID socket connect failed (/run/user/1000/hidra.kbd). Waiting for QEMU to listen... (set HID_SOCK or run scripts/run_qemu.sh)
[hidra] HID socket connect failed (/run/user/1000/hidra.kbd). Waiting for QEMU to listen... (set HID_SOCK or run scripts/run_qemu.sh)
[msquic] stream: RECEIVE bytes=52 buffers=1 pending=0
[lat] dt_ms=65.5847 cmd=down key=t
[hidra] HID socket connect failed (/run/user/1000/hidra.kbd). Waiting for QEMU to listen... (set HID_SOCK or run scripts/run_qemu.sh)
[heal] key=23 heal_ms=55.8706
[hidra] HID socket connect failed (/run/user/1000/hidra.kbd). Waiting for QEMU to listen... (set HID_SOCK or run scripts/run_qemu.sh)
[msquic] stream: RECEIVE bytes=52 buffers=1 pending=0
[heal] key=19 heal_ms=90.9294
[hidra] HID socket connect failed (/run/user/1000/hidra.kbd). Waiting for QEMU to listen... (set HID_SOCK or run scripts/run_qemu.sh)
[msquic] stream: RECEIVE bytes=52 buffers=1 pending=0
[lat] dt_ms=70.5751 cmd=up key=t
[hidra] HID socket connect failed (/run/user/1000/hidra.kbd). Waiting for QEMU to listen... (set HID_SOCK or run scripts/run_qemu.sh)
[hidra] HID socket connect failed (/run/user/1000/hidra.kbd). Waiting for QEMU to listen... (set HID_SOCK or run scripts/run_qemu.sh)
[hidra] HID socket connect failed (/run/user/1000/hidra.kbd). Waiting for QEMU to listen... (set HID_SOCK or run scripts/run_qemu.sh)
[msquic] stream: RECEIVE bytes=104 buffers=1 pending=0
[lat] dt_ms=66.3715 cmd=down key=ENTER
[hidra] HID socket connect failed (/run/user/1000/hidra.kbd). Waiting for QEMU to listen... (set HID_SOCK or run scripts/run_qemu.sh)
[lat] dt_ms=51.5008 cmd=down key=a
[hidra] HID socket connect failed (/run/user/1000/hidra.kbd). Waiting for QEMU to listen... (set HID_SOCK or run scripts/run_qemu.sh)
[hidra] HID socket connect failed (/run/user/1000/hidra.kbd). Waiting for QEMU to listen... (set HID_SOCK or run scripts/run_qemu.sh)
[msquic] stream: RECEIVE bytes=52 buffers=1 pending=0
[lat] dt_ms=54.9704 cmd=up key=a
[hidra] HID socket connect failed (/run/user/1000/hidra.kbd). Waiting for QEMU to listen... (set HID_SOCK or run scripts/run_qemu.sh)
[hidra] HID socket connect failed (/run/user/1000/hidra.kbd). Waiting for QEMU to listen... (set HID_SOCK or run scripts/run_qemu.sh)
[msquic] stream: RECEIVE bytes=52 buffers=1 pending=0
[lat] dt_ms=77.7685 cmd=up key=ENTER
[hidra] HID socket connect failed (/run/user/1000/hidra.kbd). Waiting for QEMU to listen... (set HID_SOCK or run scripts/run_qemu.sh)
[hidra] HID socket connect failed (/run/user/1000/hidra.kbd). Waiting for QEMU to listen... (set HID_SOCK or run scripts/run_qemu.sh)
[msquic] stream: RECEIVE bytes=52 buffers=1 pending=0
[hidra] HID socket connect failed (/run/user/1000/hidra.kbd). Waiting for QEMU to listen... (set HID_SOCK or run scripts/run_qemu.sh)
[msquic] stream: RECEIVE bytes=52 buffers=1 pending=0
[lat] dt_ms=42.6907 cmd=up key=p
[hidra] HID socket connect failed (/run/user/1000/hidra.kbd). Waiting for QEMU to listen... (set HID_SOCK or run scripts/run_qemu.sh)
[lat] dt_ms=63.3519 cmd=down key=p
[hidra] HID socket connect failed (/run/user/1000/hidra.kbd). Waiting for QEMU to listen... (set HID_SOCK or run scripts/run_qemu.sh)
[lat] dt_ms=43.2946 cmd=down key=t
[hidra] HID socket connect failed (/run/user/1000/hidra.kbd). Waiting for QEMU to listen... (set HID_SOCK or run scripts/run_qemu.sh)
[lat] dt_ms=46.7671 cmd=up key=t
[hidra] HID socket connect failed (/run/user/1000/hidra.kbd). Waiting for QEMU to listen... (set HID_SOCK or run scripts/run_qemu.sh)
[heal] key=19 heal_ms=74.3401
[hidra] HID socket connect failed (/run/user/1000/hidra.kbd). Waiting for QEMU to listen... (set HID_SOCK or run scripts/run_qemu.sh)
[msquic] stream: RECEIVE bytes=52 buffers=1 pending=0
[hidra] HID socket connect failed (/run/user/1000/hidra.kbd). Waiting for QEMU to listen... (set HID_SOCK or run scripts/run_qemu.sh)
[hidra] HID socket connect failed (/run/user/1000/hidra.kbd). Waiting for QEMU to listen... (set HID_SOCK or run scripts/run_qemu.sh)
[msquic] stream: RECEIVE bytes=104 buffers=1 pending=0
[hidra] HID socket connect failed (/run/user/1000/hidra.kbd). Waiting for QEMU to listen... (set HID_SOCK or run scripts/run_qemu.sh)
[msquic] stream: RECEIVE bytes=52 buffers=1 pending=0
[hidra] HID socket connect failed (/run/user/1000/hidra.kbd). Waiting for QEMU to listen... (set HID_SOCK or run scripts/run_qemu.sh)
[msquic] stream: RECEIVE bytes=52 buffers=1 pending=0
[lat] dt_ms=67.1666 cmd=down key=ENTER
[hidra] HID socket connect failed (/run/user/1000/hidra.kbd). Waiting for QEMU to listen... (set HID_SOCK or run scripts/run_qemu.sh)
[hidra] HID socket connect failed (/run/user/1000/hidra.kbd). Waiting for QEMU to listen... (set HID_SOCK or run scripts/run_qemu.sh)
[msquic] stream: RECEIVE bytes=52 buffers=1 pending=0
[lat] dt_ms=55.4064 cmd=down key=a
[hidra] HID socket connect failed (/run/user/1000/hidra.kbd). Waiting for QEMU to listen... (set HID_SOCK or run scripts/run_qemu.sh)
[lat] dt_ms=44.5375 cmd=up key=a
[hidra] HID socket connect failed (/run/user/1000/hidra.kbd). Waiting for QEMU to listen... (set HID_SOCK or run scripts/run_qemu.sh)
[lat] dt_ms=71.8289 cmd=up key=ENTER
[hidra] HID socket connect failed (/run/user/1000/hidra.kbd). Waiting for QEMU to listen... (set HID_SOCK or run scripts/run_qemu.sh)
[hidra] HID socket connect failed (/run/user/1000/hidra.kbd). Waiting for QEMU to listen... (set HID_SOCK or run scripts/run_qemu.sh)
[msquic] stream: RECEIVE bytes=52 buffers=1 pending=0
[hidra] HID socket connect failed (/run/user/1000/hidra.kbd). Waiting for QEMU to listen... (set HID_SOCK or run scripts/run_qemu.sh)
[msquic] stream: RECEIVE bytes=52 buffers=1 pending=0
[hidra] HID socket connect failed (/run/user/1000/hidra.kbd). Waiting for QEMU to listen... (set HID_SOCK or run scripts/run_qemu.sh)
[msquic] stream: RECEIVE bytes=52 buffers=1 pending=0
[hidra] HID socket connect failed (/run/user/1000/hidra.kbd). Waiting for QEMU to listen... (set HID_SOCK or run scripts/run_qemu.sh)
[msquic] stream: RECEIVE bytes=52 buffers=1 pending=0
[lat] dt_ms=54.6754 cmd=down key=p
[hidra] HID socket connect failed (/run/user/1000/hidra.kbd). Waiting for QEMU to listen... (set HID_SOCK or run scripts/run_qemu.sh)
[lat] dt_ms=72.0515 cmd=up key=p
[hidra] HID socket connect failed (/run/user/1000/hidra.kbd). Waiting for QEMU to listen... (set HID_SOCK or run scripts/run_qemu.sh)
[lat] dt_ms=43.2038 cmd=down key=ENTER
[hidra] HID socket connect failed (/run/user/1000/hidra.kbd). Waiting for QEMU to listen... (set HID_SOCK or run scripts/run_qemu.sh)
[heal] key=40 heal_ms=119.81
[hidra] HID socket connect failed (/run/user/1000/hidra.kbd). Waiting for QEMU to listen... (set HID_SOCK or run scripts/run_qemu.sh)
[msquic] stream: RECEIVE bytes=52 buffers=1 pending=0
[hidra] HID socket connect failed (/run/user/1000/hidra.kbd). Waiting for QEMU to listen... (set HID_SOCK or run scripts/run_qemu.sh)
[msquic] stream: RECEIVE bytes=52 buffers=1 pending=0
[lat] dt_ms=61.7683 cmd=up key=t
[hidra] HID socket connect failed (/run/user/1000/hidra.kbd). Waiting for QEMU to listen... (set HID_SOCK or run scripts/run_qemu.sh)
[hidra] HID socket connect failed (/run/user/1000/hidra.kbd). Waiting for QEMU to listen... (set HID_SOCK or run scripts/run_qemu.sh)
[msquic] stream: RECEIVE bytes=52 buffers=1 pending=0
[hidra] HID socket connect failed (/run/user/1000/hidra.kbd). Waiting for QEMU to listen... (set HID_SOCK or run scripts/run_qemu.sh)
[msquic] stream: RECEIVE bytes=52 buffers=1 pending=0
[lat] dt_ms=75.6414 cmd=down key=t
[hidra] HID socket connect failed (/run/user/1000/hidra.kbd). Waiting for QEMU to listen... (set HID_SOCK or run scripts/run_qemu.sh)
[heal] key=23 heal_ms=69.4777
[hidra] HID socket connect failed (/run/user/1000/hidra.kbd). Waiting for QEMU to listen... (set HID_SOCK or run scripts/run_qemu.sh)
[msquic] stream: RECEIVE bytes=52 buffers=1 pending=0
[lat] dt_ms=51.9654 cmd=up key=ENTER
[hidra] HID socket connect failed (/run/user/1000/hidra.kbd). Waiting for QEMU to listen... (set HID_SOCK or run scripts/run_qemu.sh)
[hidra] HID socket connect failed (/run/user/1000/hidra.kbd). Waiting for QEMU to listen... (set HID_SOCK or run scripts/run_qemu.sh)
[msquic] stream: RECEIVE bytes=52 buffers=1 pending=0
[lat] dt_ms=55.3911 cmd=down key=a
[hidra] HID socket connect failed (/run/user/1000/hidra.kbd). Waiting for QEMU to listen... (set HID_SOCK or run scripts/run_qemu.sh)
[heal] key=4 heal_ms=136.839
[hidra] HID socket connect failed (/run/user/1000/hidra.kbd). Waiting for QEMU to listen... (set HID_SOCK or run scripts/run_qemu.sh)
[hidra] HID socket connect failed (/run/user/1000/hidra.kbd). Waiting for QEMU to listen... (set HID_SOCK or run scripts/run_qemu.sh)
[msquic] stream: RECEIVE bytes=104 buffers=1 pending=0
[hidra] HID socket connect failed (/run/user/1000/hidra.kbd). Waiting for QEMU to listen... (set HID_SOCK or run scripts/run_qemu.sh)
[msquic] stream: RECEIVE bytes=52 buffers=1 pending=0
[lat] dt_ms=69.0693 cmd=up key=a
[hidra] HID socket connect failed (/run/user/1000/hidra.kbd). Waiting for QEMU to listen... (set HID_SOCK or run scripts/run_qemu.sh)
[lat] dt_ms=43.7998 cmd=down key=t
[hidra] HID socket connect failed (/run/user/1000/hidra.kbd). Waiting for QEMU to listen... (set HID_SOCK or run scripts/run_qemu.sh)
[lat] dt_ms=66.7958 cmd=up key=p
[hidra] HID socket connect failed (/run/user/1000/hidra.kbd). Waiting for QEMU to listen... (set HID_SOCK or run scripts/run_qemu.sh)
[lat] dt_ms=78.8367 cmd=down key=p
[hidra] HID socket connect failed (/run/user/1000/hidra.kbd). Waiting for QEMU to listen... (set HID_SOCK or run scripts/run_qemu.sh)
[hidra] HID socket connect failed (/run/user/1000/hidra.kbd). Waiting for QEMU to listen... (set HID_SOCK or run scripts/run_qemu.sh)
[msquic] stream: RECEIVE bytes=52 buffers=1 pending=0
[hidra] HID socket connect failed (/run/user/1000/hidra.kbd). Waiting for QEMU to listen... (set HID_SOCK or run scripts/run_qemu.sh)
[msquic] stream: RECEIVE bytes=52 buffers=1 pending=0
[heal] key=19 heal_ms=81.8775
[hidra] HID socket connect failed (/run/user/1000/hidra.kbd). Waiting for QEMU to listen... (set HID_SOCK or run scripts/run_qemu.sh)
[msquic] stream: RECEIVE bytes=52 buffers=1 pending=0
[hidra] HID socket connect failed (/run/user/1000/hidra.kbd). Waiting for QEMU to listen... (set HID_SOCK or run scripts/run_qemu.sh)
[msquic] stream: RECEIVE bytes=52 buffers=1 pending=0
[lat] dt_ms=66.2325 cmd=up key=t
[hidra] HID socket connect failed (/run/user/1000/hidra.kbd). Waiting for QEMU to listen... (set HID_SOCK or run scripts/run_qemu.sh)
[hidra] HID socket connect failed (/run/user/1000/hidra.kbd). Waiting for QEMU to listen... (set HID_SOCK or run scripts/run_qemu.sh)
[msquic] stream: RECEIVE bytes=52 buffers=1 pending=0
[hidra] HID socket connect failed (/run/user/1000/hidra.kbd). Waiting for QEMU to listen... (set HID_SOCK or run scripts/run_qemu.sh)
[msquic] stream: RECEIVE bytes=52 buffers=1 pending=0
[lat] dt_ms=69.612 cmd=down key=ENTER
[hidra] HID socket connect failed (/run/user/1000/hidra.kbd). Waiting for QEMU to listen... (set HID_SOCK or run scripts/run_qemu.sh)
[lat] dt_ms=56.1806 cmd=down key=a
[hidra] HID socket connect failed (/run/user/1000/hidra.kbd). Waiting for QEMU to listen... (set HID_SOCK or run scripts/run_qemu.sh)
[lat] dt_ms=68.5524 cmd=up key=ENTER
[hidra] HID socket connect failed (/run/user/1000/hidra.kbd). Waiting for QEMU to listen... (set HID_SOCK or run scripts/run_qemu.sh)
[lat] dt_ms=48.0477 cmd=up key=a
[hidra] HID socket connect failed (/run/user/1000/hidra.kbd). Waiting for QEMU to listen... (set HID_SOCK or run scripts/run_qemu.sh)
[lat] dt_ms=43.7055 cmd=down key=p
[hidra] HID socket connect failed (/run/user/1000/hidra.kbd). Waiting for QEMU to listen... (set HID_SOCK or run scripts/run_qemu.sh)
[hidra] HID socket connect failed (/run/user/1000/hidra.kbd). Waiting for QEMU to listen... (set HID_SOCK or run scripts/run_qemu.sh)
[msquic] stream: RECEIVE bytes=52 buffers=1 pending=0
[lat] dt_ms=51.2213 cmd=up key=p
[hidra] HID socket connect failed (/run/user/1000/hidra.kbd). Waiting for QEMU to listen... (set HID_SOCK or run scripts/run_qemu.sh)
[hidra] HID socket connect failed (/run/user/1000/hidra.kbd). Waiting for QEMU to listen... (set HID_SOCK or run scripts/run_qemu.sh)
[msquic] stream: RECEIVE bytes=52 buffers=1 pending=0
[hidra] HID socket connect failed (/run/user/1000/hidra.kbd). Waiting for QEMU to listen... (set HID_SOCK or run scripts/run_qemu.sh)
[msquic] stream: RECEIVE bytes=52 buffers=1 pending=0
[hidra] HID socket connect failed (/run/user/1000/hidra.kbd). Waiting for QEMU to listen... (set HID_SOCK or run scripts/run_qemu.sh)
[msquic] stream: RECEIVE bytes=52 buffers=1 pending=0
[hidra] HID socket connect failed (/run/user/1000/hidra.kbd). Waiting for QEMU to listen... (set HID_SOCK or run scripts/run_qemu.sh)
[msquic] stream: RECEIVE bytes=52 buffers=1 pending=0
[heal] key=23 heal_ms=51.4076
[hidra] HID socket connect failed (/run/user/1000/hidra.kbd). Waiting for QEMU to listen... (set HID_SOCK or run scripts/run_qemu.sh)
[msquic] stream: RECEIVE bytes=52 buffers=1 pending=0
[lat] dt_ms=58.7923 cmd=up key=t
[hidra] HID socket connect failed (/run/user/1000/hidra.kbd). Waiting for QEMU to listen... (set HID_SOCK or run scripts/run_qemu.sh)
[lat] dt_ms=72.188 cmd=down key=t
[hidra] HID socket connect failed (/run/user/1000/hidra.kbd). Waiting for QEMU to listen... (set HID_SOCK or run scripts/run_qemu.sh)
[heal] key=19 heal_ms=85.5779
[hidra] HID socket connect failed (/run/user/1000/hidra.kbd). Waiting for QEMU to listen... (set HID_SOCK or run scripts/run_qemu.sh)
[msquic] stream: RECEIVE bytes=52 buffers=1 pending=0
[hidra] HID socket connect failed (/run/user/1000/hidra.kbd). Waiting for QEMU to listen... (set HID_SOCK or run scripts/run_qemu.sh)
[msquic] stream: RECEIVE bytes=52 buffers=1 pending=0
[lat] dt_ms=62.0606 cmd=down key=ENTER
[hidra] HID socket connect failed (/run/user/1000/hidra.kbd). Waiting for QEMU to listen... (set HID_SOCK or run scripts/run_qemu.sh)
[lat] dt_ms=55.9269 cmd=up key=ENTER
[hidra] HID socket connect failed (/run/user/1000/hidra.kbd). Waiting for QEMU to listen... (set HID_SOCK or run scripts/run_qemu.sh)
[hidra] HID socket connect failed (/run/user/1000/hidra.kbd). Waiting for QEMU to listen... (set HID_SOCK or run scripts/run_qemu.sh)
[msquic] stream: RECEIVE bytes=52 buffers=1 pending=0
[hidra] HID socket connect failed (/run/user/1000/hidra.kbd). Waiting for QEMU to listen... (set HID_SOCK or run scripts/run_qemu.sh)
[msquic] stream: RECEIVE bytes=52 buffers=1 pending=0
[lat] dt_ms=60.461 cmd=down key=a
[hidra] HID socket connect failed (/run/user/1000/hidra.kbd). Waiting for QEMU to listen... (set HID_SOCK or run scripts/run_qemu.sh)
[heal] key=4 heal_ms=57.5608
[hidra] HID socket connect failed (/run/user/1000/hidra.kbd). Waiting for QEMU to listen... (set HID_SOCK or run scripts/run_qemu.sh)
[msquic] stream: RECEIVE bytes=52 buffers=1 pending=0
[hidra] HID socket connect failed (/run/user/1000/hidra.kbd). Waiting for QEMU to listen... (set HID_SOCK or run scripts/run_qemu.sh)
[msquic] stream: RECEIVE bytes=52 buffers=1 pending=0
[lat] dt_ms=43.1314 cmd=up key=p
[hidra] HID socket connect failed (/run/user/1000/hidra.kbd). Waiting for QEMU to listen... (set HID_SOCK or run scripts/run_qemu.sh)
[hidra] HID socket connect failed (/run/user/1000/hidra.kbd). Waiting for QEMU to listen... (set HID_SOCK or run scripts/run_qemu.sh)
[msquic] stream: RECEIVE bytes=52 buffers=1 pending=0
[lat] dt_ms=66.1384 cmd=down key=p
[hidra] HID socket connect failed (/run/user/1000/hidra.kbd). Waiting for QEMU to listen... (set HID_SOCK or run scripts/run_qemu.sh)
[lat] dt_ms=78.5979 cmd=up key=a
[hidra] HID socket connect failed (/run/user/1000/hidra.kbd). Waiting for QEMU to listen... (set HID_SOCK or run scripts/run_qemu.sh)
[hidra] HID socket connect failed (/run/user/1000/hidra.kbd). Waiting for QEMU to listen... (set HID_SOCK or run scripts/run_qemu.sh)
[msquic] stream: RECEIVE bytes=52 buffers=1 pending=0
[heal] key=19 heal_ms=76.4912
[hidra] HID socket connect failed (/run/user/1000/hidra.kbd). Waiting for QEMU to listen... (set HID_SOCK or run scripts/run_qemu.sh)
[msquic] stream: RECEIVE bytes=52 buffers=1 pending=0
[lat] dt_ms=75.2237 cmd=down key=t
[hidra] HID socket connect failed (/run/user/1000/hidra.kbd). Waiting for QEMU to listen... (set HID_SOCK or run scripts/run_qemu.sh)
[lat] dt_ms=69.6564 cmd=up key=t
[hidra] HID socket connect failed (/run/user/1000/hidra.kbd). Waiting for QEMU to listen... (set HID_SOCK or run scripts/run_qemu.sh)
[hidra] HID socket connect failed (/run/user/1000/hidra.kbd). Waiting for QEMU to listen... (set HID_SOCK or run scripts/run_qemu.sh)
[msquic] stream: RECEIVE bytes=52 buffers=1 pending=0
[heal] key=23 heal_ms=73.1542
[hidra] HID socket connect failed (/run/user/1000/hidra.kbd). Waiting for QEMU to listen... (set HID_SOCK or run scripts/run_qemu.sh)
[msquic] stream: RECEIVE bytes=52 buffers=1 pending=0
[hidra] HID socket connect failed (/run/user/1000/hidra.kbd). Waiting for QEMU to listen... (set HID_SOCK or run scripts/run_qemu.sh)
[msquic] stream: RECEIVE bytes=52 buffers=1 pending=0
[lat] dt_ms=41.9656 cmd=up key=a
[hidra] HID socket connect failed (/run/user/1000/hidra.kbd). Waiting for QEMU to listen... (set HID_SOCK or run scripts/run_qemu.sh)
[lat] dt_ms=64.8185 cmd=up key=ENTER
[hidra] HID socket connect failed (/run/user/1000/hidra.kbd). Waiting for QEMU to listen... (set HID_SOCK or run scripts/run_qemu.sh)
[hidra] HID socket connect failed (/run/user/1000/hidra.kbd). Waiting for QEMU to listen... (set HID_SOCK or run scripts/run_qemu.sh)
[msquic] stream: RECEIVE bytes=52 buffers=1 pending=0
[hidra] HID socket connect failed (/run/user/1000/hidra.kbd). Waiting for QEMU to listen... (set HID_SOCK or run scripts/run_qemu.sh)
[msquic] stream: RECEIVE bytes=52 buffers=1 pending=0
[lat] dt_ms=51.6399 cmd=down key=p
[hidra] HID socket connect failed (/run/user/1000/hidra.kbd). Waiting for QEMU to listen... (set HID_SOCK or run scripts/run_qemu.sh)
[hidra] HID socket connect failed (/run/user/1000/hidra.kbd). Waiting for QEMU to listen... (set HID_SOCK or run scripts/run_qemu.sh)
[msquic] stream: RECEIVE bytes=52 buffers=1 pending=0
[hidra] HID socket connect failed (/run/user/1000/hidra.kbd). Waiting for QEMU to listen... (set HID_SOCK or run scripts/run_qemu.sh)
[msquic] stream: RECEIVE bytes=52 buffers=1 pending=0
[lat] dt_ms=75.1605 cmd=up key=p
[hidra] HID socket connect failed (/run/user/1000/hidra.kbd). Waiting for QEMU to listen... (set HID_SOCK or run scripts/run_qemu.sh)
[heal] key=4 heal_ms=95.9984
[hidra] HID socket connect failed (/run/user/1000/hidra.kbd). Waiting for QEMU to listen... (set HID_SOCK or run scripts/run_qemu.sh)
[msquic] stream: RECEIVE bytes=52 buffers=1 pending=0
[lat] dt_ms=45.6905 cmd=down key=ENTER
[hidra] HID socket connect failed (/run/user/1000/hidra.kbd). Waiting for QEMU to listen... (set HID_SOCK or run scripts/run_qemu.sh)
[heal] key=40 heal_ms=120.984
[hidra] HID socket connect failed (/run/user/1000/hidra.kbd). Waiting for QEMU to listen... (set HID_SOCK or run scripts/run_qemu.sh)
[msquic] stream: RECEIVE bytes=52 buffers=1 pending=0
[hidra] HID socket connect failed (/run/user/1000/hidra.kbd). Waiting for QEMU to listen... (set HID_SOCK or run scripts/run_qemu.sh)
[msquic] stream: RECEIVE bytes=52 buffers=1 pending=0
[lat] dt_ms=74.2139 cmd=down key=t
[hidra] HID socket connect failed (/run/user/1000/hidra.kbd). Waiting for QEMU to listen... (set HID_SOCK or run scripts/run_qemu.sh)
[lat] dt_ms=42.7904 cmd=up key=ENTER
[hidra] HID socket connect failed (/run/user/1000/hidra.kbd). Waiting for QEMU to listen... (set HID_SOCK or run scripts/run_qemu.sh)
[lat] dt_ms=67.8166 cmd=up key=t
[hidra] HID socket connect failed (/run/user/1000/hidra.kbd). Waiting for QEMU to listen... (set HID_SOCK or run scripts/run_qemu.sh)
[hidra] HID socket connect failed (/run/user/1000/hidra.kbd). Waiting for QEMU to listen... (set HID_SOCK or run scripts/run_qemu.sh)
[msquic] stream: RECEIVE bytes=52 buffers=1 pending=0
[hidra] HID socket connect failed (/run/user/1000/hidra.kbd). Waiting for QEMU to listen... (set HID_SOCK or run scripts/run_qemu.sh)
[msquic] stream: RECEIVE bytes=52 buffers=1 pending=0
[hidra] HID socket connect failed (/run/user/1000/hidra.kbd). Waiting for QEMU to listen... (set HID_SOCK or run scripts/run_qemu.sh)
[msquic] stream: RECEIVE bytes=52 buffers=1 pending=0
[lat] dt_ms=53.3656 cmd=down key=a
[hidra] HID socket connect failed (/run/user/1000/hidra.kbd). Waiting for QEMU to listen... (set HID_SOCK or run scripts/run_qemu.sh)
[hidra] HID socket connect failed (/run/user/1000/hidra.kbd). Waiting for QEMU to listen... (set HID_SOCK or run scripts/run_qemu.sh)
[msquic] stream: RECEIVE bytes=52 buffers=1 pending=0
[lat] dt_ms=51.3915 cmd=down key=p
[hidra] HID socket connect failed (/run/user/1000/hidra.kbd). Waiting for QEMU to listen... (set HID_SOCK or run scripts/run_qemu.sh)
[lat] dt_ms=69.7549 cmd=up key=a
[hidra] HID socket connect failed (/run/user/1000/hidra.kbd). Waiting for QEMU to listen... (set HID_SOCK or run scripts/run_qemu.sh)
[hidra] HID socket connect failed (/run/user/1000/hidra.kbd). Waiting for QEMU to listen... (set HID_SOCK or run scripts/run_qemu.sh)
[msquic] stream: RECEIVE bytes=52 buffers=1 pending=0
[hidra] HID socket connect failed (/run/user/1000/hidra.kbd). Waiting for QEMU to listen... (set HID_SOCK or run scripts/run_qemu.sh)
[msquic] stream: RECEIVE bytes=52 buffers=1 pending=0
[heal] key=4 heal_ms=91.9112
[hidra] HID socket connect failed (/run/user/1000/hidra.kbd). Waiting for QEMU to listen... (set HID_SOCK or run scripts/run_qemu.sh)
[msquic] stream: RECEIVE bytes=52 buffers=2 pending=0
[lat] dt_ms=71.1414 cmd=up key=p
[hidra] HID socket connect failed (/run/user/1000/hidra.kbd). Waiting for QEMU to listen... (set HID_SOCK or run scripts/run_qemu.sh)
[lat] dt_ms=40.952 cmd=down key=ENTER
[hidra] HID socket connect failed (/run/user/1000/hidra.kbd). Waiting for QEMU to listen... (set HID_SOCK or run scripts/run_qemu.sh)
[heal] key=40 heal_ms=115.155
[hidra] HID socket connect failed (/run/user/1000/hidra.kbd). Waiting for QEMU to listen... (set HID_SOCK or run scripts/run_qemu.sh)
[msquic] stream: RECEIVE bytes=52 buffers=1 pending=0
[lat] dt_ms=65.2805 cmd=down key=t
[hidra] HID socket connect failed (/run/user/1000/hidra.kbd). Waiting for QEMU to listen... (set HID_SOCK or run scripts/run_qemu.sh)
[hidra] HID socket connect failed (/run/user/1000/hidra.kbd). Waiting for QEMU to listen... (set HID_SOCK or run scripts/run_qemu.sh)
[msquic] stream: RECEIVE bytes=52 buffers=1 pending=0
[heal] key=23 heal_ms=63.1185
[hidra] HID socket connect failed (/run/user/1000/hidra.kbd). Waiting for QEMU to listen... (set HID_SOCK or run scripts/run_qemu.sh)
[msquic] stream: RECEIVE bytes=52 buffers=1 pending=0
[lat] dt_ms=43.6302 cmd=up key=ENTER
[hidra] HID socket connect failed (/run/user/1000/hidra.kbd). Waiting for QEMU to listen... (set HID_SOCK or run scripts/run_qemu.sh)
[lat] dt_ms=68.2701 cmd=up key=t
[hidra] HID socket connect failed (/run/user/1000/hidra.kbd). Waiting for QEMU to listen... (set HID_SOCK or run scripts/run_qemu.sh)
[hidra] HID socket connect failed (/run/user/1000/hidra.kbd). Waiting for QEMU to listen... (set HID_SOCK or run scripts/run_qemu.sh)
[msquic] stream: RECEIVE bytes=52 buffers=1 pending=0
[lat] dt_ms=67.4586 cmd=down key=a
[hidra] HID socket connect failed (/run/user/1000/hidra.kbd). Waiting for QEMU to listen... (set HID_SOCK or run scripts/run_qemu.sh)
[lat] dt_ms=46.9952 cmd=down key=p
[hidra] HID socket connect failed (/run/user/1000/hidra.kbd). Waiting for QEMU to listen... (set HID_SOCK or run scripts/run_qemu.sh)
[heal] key=40 heal_ms=88.1439
[hidra] HID socket connect failed (/run/user/1000/hidra.kbd). Waiting for QEMU to listen... (set HID_SOCK or run scripts/run_qemu.sh)
[msquic] stream: RECEIVE bytes=52 buffers=1 pending=0
[lat] dt_ms=78.512 cmd=up key=a
[hidra] HID socket connect failed (/run/user/1000/hidra.kbd). Waiting for QEMU to listen... (set HID_SOCK or run scripts/run_qemu.sh)
[hidra] HID socket connect failed (/run/user/1000/hidra.kbd). Waiting for QEMU to listen... (set HID_SOCK or run scripts/run_qemu.sh)
[hidra] HID socket connect failed (/run/user/1000/hidra.kbd). Waiting for QEMU to listen... (set HID_SOCK or run scripts/run_qemu.sh)
[msquic] stream: RECEIVE bytes=104 buffers=1 pending=0
[hidra] HID socket connect failed (/run/user/1000/hidra.kbd). Waiting for QEMU to listen... (set HID_SOCK or run scripts/run_qemu.sh)
[msquic] stream: RECEIVE bytes=52 buffers=1 pending=0
[lat] dt_ms=50.0183 cmd=down key=t
[hidra] HID socket connect failed (/run/user/1000/hidra.kbd). Waiting for QEMU to listen... (set HID_SOCK or run scripts/run_qemu.sh)
[hidra] HID socket connect failed (/run/user/1000/hidra.kbd). Waiting for QEMU to listen... (set HID_SOCK or run scripts/run_qemu.sh)
[msquic] stream: RECEIVE bytes=52 buffers=1 pending=0
[lat] dt_ms=56.3789 cmd=up key=t
[hidra] HID socket connect failed (/run/user/1000/hidra.kbd). Waiting for QEMU to listen... (set HID_SOCK or run scripts/run_qemu.sh)
[lat] dt_ms=77.3758 cmd=up key=p
[hidra] HID socket connect failed (/run/user/1000/hidra.kbd). Waiting for QEMU to listen... (set HID_SOCK or run scripts/run_qemu.sh)
[lat] dt_ms=51.3873 cmd=down key=ENTER
[hidra] HID socket connect failed (/run/user/1000/hidra.kbd). Waiting for QEMU to listen... (set HID_SOCK or run scripts/run_qemu.sh)
[heal] key=40 heal_ms=48.3393
[hidra] HID socket connect failed (/run/user/1000/hidra.kbd). Waiting for QEMU to listen... (set HID_SOCK or run scripts/run_qemu.sh)
[msquic] stream: RECEIVE bytes=52 buffers=1 pending=0
[hidra] HID socket connect failed (/run/user/1000/hidra.kbd). Waiting for QEMU to listen... (set HID_SOCK or run scripts/run_qemu.sh)
[msquic] stream: RECEIVE bytes=52 buffers=1 pending=0
[lat] dt_ms=46.477 cmd=down key=a
[hidra] HID socket connect failed (/run/user/1000/hidra.kbd). Waiting for QEMU to listen... (set HID_SOCK or run scripts/run_qemu.sh)
[lat] dt_ms=57.9126 cmd=up key=ENTER
[hidra] HID socket connect failed (/run/user/1000/hidra.kbd). Waiting for QEMU to listen... (set HID_SOCK or run scripts/run_qemu.sh)
[hidra] HID socket connect failed (/run/user/1000/hidra.kbd). Waiting for QEMU to listen... (set HID_SOCK or run scripts/run_qemu.sh)
[msquic] stream: RECEIVE bytes=52 buffers=1 pending=0
[hidra] HID socket connect failed (/run/user/1000/hidra.kbd). Waiting for QEMU to listen... (set HID_SOCK or run scripts/run_qemu.sh)
[msquic] stream: RECEIVE bytes=52 buffers=1 pending=0
[lat] dt_ms=41.9383 cmd=down key=p
[hidra] HID socket connect failed (/run/user/1000/hidra.kbd). Waiting for QEMU to listen... (set HID_SOCK or run scripts/run_qemu.sh)
[hidra] HID socket connect failed (/run/user/1000/hidra.kbd). Waiting for QEMU to listen... (set HID_SOCK or run scripts/run_qemu.sh)
[msquic] stream: RECEIVE bytes=52 buffers=1 pending=0
[heal] key=19 heal_ms=118.419
[hidra] HID socket connect failed (/run/user/1000/hidra.kbd). Waiting for QEMU to listen... (set HID_SOCK or run scripts/run_qemu.sh)
[msquic] stream: RECEIVE bytes=52 buffers=1 pending=0
[hidra] HID socket connect failed (/run/user/1000/hidra.kbd). Waiting for QEMU to listen... (set HID_SOCK or run scripts/run_qemu.sh)
[msquic] stream: RECEIVE bytes=52 buffers=1 pending=0
[lat] dt_ms=60.3878 cmd=up key=a
[hidra] HID socket connect failed (/run/user/1000/hidra.kbd). Waiting for QEMU to listen... (set HID_SOCK or run scripts/run_qemu.sh)
[lat] dt_ms=43.4413 cmd=up key=p
[hidra] HID socket connect failed (/run/user/1000/hidra.kbd). Waiting for QEMU to listen... (set HID_SOCK or run scripts/run_qemu.sh)
[hidra] HID socket connect failed (/run/user/1000/hidra.kbd). Waiting for QEMU to listen... (set HID_SOCK or run scripts/run_qemu.sh)
[msquic] stream: RECEIVE bytes=52 buffers=1 pending=0
[lat] dt_ms=46.3073 cmd=down key=t
[hidra] HID socket connect failed (/run/user/1000/hidra.kbd). Waiting for QEMU to listen... (set HID_SOCK or run scripts/run_qemu.sh)
[heal] key=19 heal_ms=73.5197
[hidra] HID socket connect failed (/run/user/1000/hidra.kbd). Waiting for QEMU to listen... (set HID_SOCK or run scripts/run_qemu.sh)
[msquic] stream: RECEIVE bytes=52 buffers=1 pending=0
[hidra] HID socket connect failed (/run/user/1000/hidra.kbd). Waiting for QEMU to listen... (set HID_SOCK or run scripts/run_qemu.sh)
[msquic] stream: RECEIVE bytes=52 buffers=1 pending=0
[lat] dt_ms=50.5103 cmd=down key=ENTER
[hidra] HID socket connect failed (/run/user/1000/hidra.kbd). Waiting for QEMU to listen... (set HID_SOCK or run scripts/run_qemu.sh)
[hidra] HID socket connect failed (/run/user/1000/hidra.kbd). Waiting for QEMU to listen... (set HID_SOCK or run scripts/run_qemu.sh)
[msquic] stream: RECEIVE bytes=52 buffers=1 pending=0
[lat] dt_ms=72.4463 cmd=up key=t
[hidra] HID socket connect failed (/run/user/1000/hidra.kbd). Waiting for QEMU to listen... (set HID_SOCK or run scripts/run_qemu.sh)
[hidra] HID socket connect failed (/run/user/1000/hidra.kbd). Waiting for QEMU to listen... (set HID_SOCK or run scripts/run_qemu.sh)
[msquic] stream: RECEIVE bytes=52 buffers=1 pending=0
[hidra] HID socket connect failed (/run/user/1000/hidra.kbd). Waiting for QEMU to listen... (set HID_SOCK or run scripts/run_qemu.sh)
[msquic] stream: RECEIVE bytes=52 buffers=1 pending=0
[lat] dt_ms=50.2072 cmd=down key=a
[hidra] HID socket connect failed (/run/user/1000/hidra.kbd). Waiting for QEMU to listen... (set HID_SOCK or run scripts/run_qemu.sh)
[lat] dt_ms=65.8884 cmd=up key=ENTER
[hidra] HID socket connect failed (/run/user/1000/hidra.kbd). Waiting for QEMU to listen... (set HID_SOCK or run scripts/run_qemu.sh)
[hidra] HID socket connect failed (/run/user/1000/hidra.kbd). Waiting for QEMU to listen... (set HID_SOCK or run scripts/run_qemu.sh)
[msquic] stream: RECEIVE bytes=52 buffers=1 pending=0
[hidra] HID socket connect failed (/run/user/1000/hidra.kbd). Waiting for QEMU to listen... (set HID_SOCK or run scripts/run_qemu.sh)
[msquic] stream: RECEIVE bytes=52 buffers=1 pending=0
[hidra] HID socket connect failed (/run/user/1000/hidra.kbd). Waiting for QEMU to listen... (set HID_SOCK or run scripts/run_qemu.sh)
[msquic] stream: RECEIVE bytes=52 buffers=1 pending=0
[hidra] HID socket connect failed (/run/user/1000/hidra.kbd). Waiting for QEMU to listen... (set HID_SOCK or run scripts/run_qemu.sh)
[msquic] stream: RECEIVE bytes=52 buffers=1 pending=0
[lat] dt_ms=75.9661 cmd=up key=a
[hidra] HID socket connect failed (/run/user/1000/hidra.kbd). Waiting for QEMU to listen... (set HID_SOCK or run scripts/run_qemu.sh)
[lat] dt_ms=69.7844 cmd=down key=p
[hidra] HID socket connect failed (/run/user/1000/hidra.kbd). Waiting for QEMU to listen... (set HID_SOCK or run scripts/run_qemu.sh)
[lat] dt_ms=48.5771 cmd=down key=t
[hidra] HID socket connect failed (/run/user/1000/hidra.kbd). Waiting for QEMU to listen... (set HID_SOCK or run scripts/run_qemu.sh)
[heal] key=23 heal_ms=126.531
[hidra] HID socket connect failed (/run/user/1000/hidra.kbd). Waiting for QEMU to listen... (set HID_SOCK or run scripts/run_qemu.sh)
[msquic] stream: RECEIVE bytes=52 buffers=1 pending=0
[lat] dt_ms=45.7094 cmd=up key=t
[hidra] HID socket connect failed (/run/user/1000/hidra.kbd). Waiting for QEMU to listen... (set HID_SOCK or run scripts/run_qemu.sh)
[hidra] HID socket connect failed (/run/user/1000/hidra.kbd). Waiting for QEMU to listen... (set HID_SOCK or run scripts/run_qemu.sh)
[msquic] stream: RECEIVE bytes=52 buffers=1 pending=0
[lat] dt_ms=80.1258 cmd=up key=p
[hidra] HID socket connect failed (/run/user/1000/hidra.kbd). Waiting for QEMU to listen... (set HID_SOCK or run scripts/run_qemu.sh)
[hidra] HID socket connect failed (/run/user/1000/hidra.kbd). Waiting for QEMU to listen... (set HID_SOCK or run scripts/run_qemu.sh)
[msquic] stream: RECEIVE bytes=52 buffers=1 pending=0
[lat] dt_ms=41.3882 cmd=up key=ENTER
[hidra] HID socket connect failed (/run/user/1000/hidra.kbd). Waiting for QEMU to listen... (set HID_SOCK or run scripts/run_qemu.sh)
[hidra] HID socket connect failed (/run/user/1000/hidra.kbd). Waiting for QEMU to listen... (set HID_SOCK or run scripts/run_qemu.sh)
[msquic] stream: RECEIVE bytes=52 buffers=1 pending=0
[lat] dt_ms=79.797 cmd=down key=ENTER
[hidra] HID socket connect failed (/run/user/1000/hidra.kbd). Waiting for QEMU to listen... (set HID_SOCK or run scripts/run_qemu.sh)
[heal] key=40 heal_ms=74.6981
[hidra] HID socket connect failed (/run/user/1000/hidra.kbd). Waiting for QEMU to listen... (set HID_SOCK or run scripts/run_qemu.sh)
[msquic] stream: RECEIVE bytes=52 buffers=1 pending=0
[lat] dt_ms=56.1814 cmd=up key=a
[hidra] HID socket connect failed (/run/user/1000/hidra.kbd). Waiting for QEMU to listen... (set HID_SOCK or run scripts/run_qemu.sh)
[hidra] HID socket connect failed (/run/user/1000/hidra.kbd). Waiting for QEMU to listen... (set HID_SOCK or run scripts/run_qemu.sh)
[msquic] stream: RECEIVE bytes=52 buffers=1 pending=0
[hidra] HID socket connect failed (/run/user/1000/hidra.kbd). Waiting for QEMU to listen... (set HID_SOCK or run scripts/run_qemu.sh)
[msquic] stream: RECEIVE bytes=52 buffers=1 pending=0
[hidra] HID socket connect failed (/run/user/1000/hidra.kbd). Waiting for QEMU to listen... (set HID_SOCK or run scripts/run_qemu.sh)
[msquic] stream: RECEIVE bytes=52 buffers=1 pending=0
[lat] dt_ms=55.349 cmd=down key=p
[hidra] HID socket connect failed (/run/user/1000/hidra.kbd). Waiting for QEMU to listen... (set HID_SOCK or run scripts/run_qemu.sh)
[lat] dt_ms=77.4406 cmd=down key=a
[hidra] HID socket connect failed (/run/user/1000/hidra.kbd). Waiting for QEMU to listen... (set HID_SOCK or run scripts/run_qemu.sh)
[lat] dt_ms=50.6114 cmd=up key=p
[hidra] HID socket connect failed (/run/user/1000/hidra.kbd). Waiting for QEMU to listen... (set HID_SOCK or run scripts/run_qemu.sh)
[hidra] HID socket connect failed (/run/user/1000/hidra.kbd). Waiting for QEMU to listen... (set HID_SOCK or run scripts/run_qemu.sh)
[msquic] stream: RECEIVE bytes=52 buffers=1 pending=0
[hidra] HID socket connect failed (/run/user/1000/hidra.kbd). Waiting for QEMU to listen... (set HID_SOCK or run scripts/run_qemu.sh)
[msquic] stream: RECEIVE bytes=52 buffers=1 pending=0
[lat] dt_ms=56.2531 cmd=down key=t
[hidra] HID socket connect failed (/run/user/1000/hidra.kbd). Waiting for QEMU to listen... (set HID_SOCK or run scripts/run_qemu.sh)
[heal] key=23 heal_ms=64.2774
[hidra] HID socket connect failed (/run/user/1000/hidra.kbd). Waiting for QEMU to listen... (set HID_SOCK or run scripts/run_qemu.sh)
[msquic] stream: RECEIVE bytes=52 buffers=1 pending=0
[lat] dt_ms=65.5297 cmd=up key=t
[hidra] HID socket connect failed (/run/user/1000/hidra.kbd). Waiting for QEMU to listen... (set HID_SOCK or run scripts/run_qemu.sh)
[lat] dt_ms=55.1922 cmd=down key=ENTER
[hidra] HID socket connect failed (/run/user/1000/hidra.kbd). Waiting for QEMU to listen... (set HID_SOCK or run scripts/run_qemu.sh)
[hidra] HID socket connect failed (/run/user/1000/hidra.kbd). Waiting for QEMU to listen... (set HID_SOCK or run scripts/run_qemu.sh)
[msquic] stream: RECEIVE bytes=52 buffers=1 pending=0
[lat] dt_ms=56.4165 cmd=up key=ENTER
[hidra] HID socket connect failed (/run/user/1000/hidra.kbd). Waiting for QEMU to listen... (set HID_SOCK or run scripts/run_qemu.sh)
[hidra] HID socket connect failed (/run/user/1000/hidra.kbd). Waiting for QEMU to listen... (set HID_SOCK or run scripts/run_qemu.sh)
[msquic] stream: RECEIVE bytes=52 buffers=1 pending=0
[hidra] HID socket connect failed (/run/user/1000/hidra.kbd). Waiting for QEMU to listen... (set HID_SOCK or run scripts/run_qemu.sh)
[msquic] stream: RECEIVE bytes=52 buffers=1 pending=0
[lat] dt_ms=57.4591 cmd=down key=a
[hidra] HID socket connect failed (/run/user/1000/hidra.kbd). Waiting for QEMU to listen... (set HID_SOCK or run scripts/run_qemu.sh)
[hidra] HID socket connect failed (/run/user/1000/hidra.kbd). Waiting for QEMU to listen... (set HID_SOCK or run scripts/run_qemu.sh)
[msquic] stream: RECEIVE bytes=52 buffers=1 pending=0
[hidra] HID socket connect failed (/run/user/1000/hidra.kbd). Waiting for QEMU to listen... (set HID_SOCK or run scripts/run_qemu.sh)
[msquic] stream: RECEIVE bytes=52 buffers=1 pending=0
[hidra] HID socket connect failed (/run/user/1000/hidra.kbd). Waiting for QEMU to listen... (set HID_SOCK or run scripts/run_qemu.sh)
[msquic] stream: RECEIVE bytes=52 buffers=1 pending=0
[lat] dt_ms=44.7191 cmd=up key=p
[hidra] HID socket connect failed (/run/user/1000/hidra.kbd). Waiting for QEMU to listen... (set HID_SOCK or run scripts/run_qemu.sh)
[hidra] HID socket connect failed (/run/user/1000/hidra.kbd). Waiting for QEMU to listen... (set HID_SOCK or run scripts/run_qemu.sh)
[msquic] stream: RECEIVE bytes=52 buffers=1 pending=0
[lat] dt_ms=78.3795 cmd=up key=a
[hidra] HID socket connect failed (/run/user/1000/hidra.kbd). Waiting for QEMU to listen... (set HID_SOCK or run scripts/run_qemu.sh)
[lat] dt_ms=56.5625 cmd=up key=t
[hidra] HID socket connect failed (/run/user/1000/hidra.kbd). Waiting for QEMU to listen... (set HID_SOCK or run scripts/run_qemu.sh)
[heal] key=19 heal_ms=78.2772
[hidra] snapshot v1 mods=0x0 pressed=0
[hidra] HID socket connect failed (/run/user/1000/hidra.kbd). Waiting for QEMU to listen... (set HID_SOCK or run scripts/run_qemu.sh)
[msquic] stream: RECEIVE bytes=52 buffers=1 pending=0
[lat] dt_ms=46.0196 cmd=up key=ENTER
[hidra] HID socket connect failed (/run/user/1000/hidra.kbd). Waiting for QEMU to listen... (set HID_SOCK or run scripts/run_qemu.sh)
[lat] dt_ms=80.7948 cmd=down key=t
[hidra] HID socket connect failed (/run/user/1000/hidra.kbd). Waiting for QEMU to listen... (set HID_SOCK or run scripts/run_qemu.sh)
[hidra] HID socket connect failed (/run/user/1000/hidra.kbd). Waiting for QEMU to listen... (set HID_SOCK or run scripts/run_qemu.sh)
[msquic] stream: RECEIVE bytes=52 buffers=1 pending=0
[heal] key=23 heal_ms=82.6565
[hidra] HID socket connect failed (/run/user/1000/hidra.kbd). Waiting for QEMU to listen... (set HID_SOCK or run scripts/run_qemu.sh)
[msquic] stream: RECEIVE bytes=52 buffers=1 pending=0
[hidra] HID socket connect failed (/run/user/1000/hidra.kbd). Waiting for QEMU to listen... (set HID_SOCK or run scripts/run_qemu.sh)
[msquic] stream: RECEIVE bytes=52 buffers=1 pending=0
[lat] dt_ms=77.5831 cmd=down key=ENTER
[hidra] HID socket connect failed (/run/user/1000/hidra.kbd). Waiting for QEMU to listen... (set HID_SOCK or run scripts/run_qemu.sh)
[hidra] HID socket connect failed (/run/user/1000/hidra.kbd). Waiting for QEMU to listen... (set HID_SOCK or run scripts/run_qemu.sh)
[msquic] stream: RECEIVE bytes=52 buffers=1 pending=0
[hidra] HID socket connect failed (/run/user/1000/hidra.kbd). Waiting for QEMU to listen... (set HID_SOCK or run scripts/run_qemu.sh)
[hidra] HID socket connect failed (/run/user/1000/hidra.kbd). Waiting for QEMU to listen... (set HID_SOCK or run scripts/run_qemu.sh)
[msquic] stream: RECEIVE bytes=104 buffers=1 pending=0
[lat] dt_ms=69.3827 cmd=down key=a
[hidra] HID socket connect failed (/run/user/1000/hidra.kbd). Waiting for QEMU to listen... (set HID_SOCK or run scripts/run_qemu.sh)
[hidra] HID socket connect failed (/run/user/1000/hidra.kbd). Waiting for QEMU to listen... (set HID_SOCK or run scripts/run_qemu.sh)
[msquic] stream: RECEIVE bytes=52 buffers=1 pending=0
[lat] dt_ms=63.2726 cmd=up key=a
[hidra] HID socket connect failed (/run/user/1000/hidra.kbd). Waiting for QEMU to listen... (set HID_SOCK or run scripts/run_qemu.sh)
[hidra] HID socket connect failed (/run/user/1000/hidra.kbd). Waiting for QEMU to listen... (set HID_SOCK or run scripts/run_qemu.sh)
[msquic] stream: RECEIVE bytes=52 buffers=1 pending=0
[lat] dt_ms=51.5286 cmd=up key=p
[hidra] HID socket connect failed (/run/user/1000/hidra.kbd). Waiting for QEMU to listen... (set HID_SOCK or run scripts/run_qemu.sh)
[lat] dt_ms=64.976 cmd=down key=p
[hidra] HID socket connect failed (/run/user/1000/hidra.kbd). Waiting for QEMU to listen... (set HID_SOCK or run scripts/run_qemu.sh)
[lat] dt_ms=56.5979 cmd=down key=t
[hidra] HID socket connect failed (/run/user/1000/hidra.kbd). Waiting for QEMU to listen... (set HID_SOCK or run scripts/run_qemu.sh)
[heal] key=23 heal_ms=55.444
[heal] key=19 heal_ms=76.345
[hidra] HID socket connect failed (/run/user/1000/hidra.kbd). Waiting for QEMU to listen... (set HID_SOCK or run scripts/run_qemu.sh)
[msquic] stream: RECEIVE bytes=52 buffers=1 pending=0
[hidra] HID socket connect failed (/run/user/1000/hidra.kbd). Waiting for QEMU to listen... (set HID_SOCK or run scripts/run_qemu.sh)
[msquic] stream: RECEIVE bytes=52 buffers=1 pending=0
[lat] dt_ms=68.9864 cmd=up key=t
[hidra] HID socket connect failed (/run/user/1000/hidra.kbd). Waiting for QEMU to listen... (set HID_SOCK or run scripts/run_qemu.sh)
[lat] dt_ms=47.8288 cmd=up key=ENTER
[hidra] HID socket connect failed (/run/user/1000/hidra.kbd). Waiting for QEMU to listen... (set HID_SOCK or run scripts/run_qemu.sh)
[hidra] HID socket connect failed (/run/user/1000/hidra.kbd). Waiting for QEMU to listen... (set HID_SOCK or run scripts/run_qemu.sh)
[msquic] stream: RECEIVE bytes=52 buffers=1 pending=0
[lat] dt_ms=67.4125 cmd=down key=ENTER
[hidra] HID socket connect failed (/run/user/1000/hidra.kbd). Waiting for QEMU to listen... (set HID_SOCK or run scripts/run_qemu.sh)
[hidra] HID socket connect failed (/run/user/1000/hidra.kbd). Waiting for QEMU to listen... (set HID_SOCK or run scripts/run_qemu.sh)
[msquic] stream: RECEIVE bytes=52 buffers=1 pending=0
[hidra] HID socket connect failed (/run/user/1000/hidra.kbd). Waiting for QEMU to listen... (set HID_SOCK or run scripts/run_qemu.sh)
[msquic] stream: RECEIVE bytes=52 buffers=1 pending=0
[lat] dt_ms=56.1923 cmd=down key=a
[hidra] HID socket connect failed (/run/user/1000/hidra.kbd). Waiting for QEMU to listen... (set HID_SOCK or run scripts/run_qemu.sh)
[hidra] HID socket connect failed (/run/user/1000/hidra.kbd). Waiting for QEMU to listen... (set HID_SOCK or run scripts/run_qemu.sh)
[msquic] stream: RECEIVE bytes=52 buffers=1 pending=0
[lat] dt_ms=45.2036 cmd=down key=p
[hidra] HID socket connect failed (/run/user/1000/hidra.kbd). Waiting for QEMU to listen... (set HID_SOCK or run scripts/run_qemu.sh)
[hidra] HID socket connect failed (/run/user/1000/hidra.kbd). Waiting for QEMU to listen... (set HID_SOCK or run scripts/run_qemu.sh)
[msquic] stream: RECEIVE bytes=52 buffers=1 pending=0
[hidra] HID socket connect failed (/run/user/1000/hidra.kbd). Waiting for QEMU to listen... (set HID_SOCK or run scripts/run_qemu.sh)
[msquic] stream: RECEIVE bytes=52 buffers=1 pending=0
[lat] dt_ms=46.0604 cmd=down key=t
[hidra] HID socket connect failed (/run/user/1000/hidra.kbd). Waiting for QEMU to listen... (set HID_SOCK or run scripts/run_qemu.sh)
[lat] dt_ms=79.4083 cmd=up key=a
[hidra] HID socket connect failed (/run/user/1000/hidra.kbd). Waiting for QEMU to listen... (set HID_SOCK or run scripts/run_qemu.sh)
[hidra] HID socket connect failed (/run/user/1000/hidra.kbd). Waiting for QEMU to listen... (set HID_SOCK or run scripts/run_qemu.sh)
[msquic] stream: RECEIVE bytes=52 buffers=1 pending=0
[lat] dt_ms=66.8187 cmd=up key=p
[hidra] HID socket connect failed (/run/user/1000/hidra.kbd). Waiting for QEMU to listen... (set HID_SOCK or run scripts/run_qemu.sh)
[hidra] HID socket connect failed (/run/user/1000/hidra.kbd). Waiting for QEMU to listen... (set HID_SOCK or run scripts/run_qemu.sh)
[msquic] stream: RECEIVE bytes=52 buffers=1 pending=0
[hidra] HID socket connect failed (/run/user/1000/hidra.kbd). Waiting for QEMU to listen... (set HID_SOCK or run scripts/run_qemu.sh)
[msquic] stream: RECEIVE bytes=52 buffers=1 pending=0
[lat] dt_ms=40.7882 cmd=down key=ENTER
[hidra] HID socket connect failed (/run/user/1000/hidra.kbd). Waiting for QEMU to listen... (set HID_SOCK or run scripts/run_qemu.sh)
[heal] key=40 heal_ms=119.185
[hidra] HID socket connect failed (/run/user/1000/hidra.kbd). Waiting for QEMU to listen... (set HID_SOCK or run scripts/run_qemu.sh)
[msquic] stream: RECEIVE bytes=52 buffers=1 pending=0
[hidra] HID socket connect failed (/run/user/1000/hidra.kbd). Waiting for QEMU to listen... (set HID_SOCK or run scripts/run_qemu.sh)
[msquic] stream: RECEIVE bytes=52 buffers=1 pending=0
[hidra] HID socket connect failed (/run/user/1000/hidra.kbd). Waiting for QEMU to listen... (set HID_SOCK or run scripts/run_qemu.sh)
[msquic] stream: RECEIVE bytes=52 buffers=1 pending=0
[lat] dt_ms=76.8001 cmd=up key=t
[hidra] HID socket connect failed (/run/user/1000/hidra.kbd). Waiting for QEMU to listen... (set HID_SOCK or run scripts/run_qemu.sh)
[hidra] HID socket connect failed (/run/user/1000/hidra.kbd). Waiting for QEMU to listen... (set HID_SOCK or run scripts/run_qemu.sh)
[msquic] stream: RECEIVE bytes=52 buffers=1 pending=0
[lat] dt_ms=60.0927 cmd=down key=a
[hidra] HID socket connect failed (/run/user/1000/hidra.kbd). Waiting for QEMU to listen... (set HID_SOCK or run scripts/run_qemu.sh)
[hidra] HID socket connect failed (/run/user/1000/hidra.kbd). Waiting for QEMU to listen... (set HID_SOCK or run scripts/run_qemu.sh)
[msquic] stream: RECEIVE bytes=52 buffers=1 pending=0
[hidra] HID socket connect failed (/run/user/1000/hidra.kbd). Waiting for QEMU to listen... (set HID_SOCK or run scripts/run_qemu.sh)
[msquic] stream: RECEIVE bytes=52 buffers=1 pending=0
[lat] dt_ms=47.7273 cmd=down key=p
[hidra] HID socket connect failed (/run/user/1000/hidra.kbd). Waiting for QEMU to listen... (set HID_SOCK or run scripts/run_qemu.sh)
[lat] dt_ms=58.4194 cmd=up key=a
[hidra] HID socket connect failed (/run/user/1000/hidra.kbd). Waiting for QEMU to listen... (set HID_SOCK or run scripts/run_qemu.sh)
[lat] dt_ms=79.3142 cmd=up key=ENTER
[hidra] HID socket connect failed (/run/user/1000/hidra.kbd). Waiting for QEMU to listen... (set HID_SOCK or run scripts/run_qemu.sh)
[heal] key=19 heal_ms=128.672
[hidra] HID socket connect failed (/run/user/1000/hidra.kbd). Waiting for QEMU to listen... (set HID_SOCK or run scripts/run_qemu.sh)
[msquic] stream: RECEIVE bytes=52 buffers=1 pending=0
[lat] dt_ms=40.6729 cmd=down key=t
[hidra] HID socket connect failed (/run/user/1000/hidra.kbd). Waiting for QEMU to listen... (set HID_SOCK or run scripts/run_qemu.sh)
[lat] dt_ms=52.5214 cmd=up key=p
[hidra] HID socket connect failed (/run/user/1000/hidra.kbd). Waiting for QEMU to listen... (set HID_SOCK or run scripts/run_qemu.sh)
[hidra] HID socket connect failed (/run/user/1000/hidra.kbd). Waiting for QEMU to listen... (set HID_SOCK or run scripts/run_qemu.sh)
[msquic] stream: RECEIVE bytes=52 buffers=1 pending=0
[hidra] HID socket connect failed (/run/user/1000/hidra.kbd). Waiting for QEMU to listen... (set HID_SOCK or run scripts/run_qemu.sh)
[msquic] stream: RECEIVE bytes=52 buffers=1 pending=0
[heal] key=23 heal_ms=55.046
[hidra] HID socket connect failed (/run/user/1000/hidra.kbd). Waiting for QEMU to listen... (set HID_SOCK or run scripts/run_qemu.sh)
[msquic] stream: RECEIVE bytes=52 buffers=1 pending=0
[lat] dt_ms=59.1242 cmd=up key=t
[hidra] HID socket connect failed (/run/user/1000/hidra.kbd). Waiting for QEMU to listen... (set HID_SOCK or run scripts/run_qemu.sh)
[lat] dt_ms=61.9247 cmd=down key=ENTER
[hidra] HID socket connect failed (/run/user/1000/hidra.kbd). Waiting for QEMU to listen... (set HID_SOCK or run scripts/run_qemu.sh)
[heal] key=40 heal_ms=58.8772
[hidra] HID socket connect failed (/run/user/1000/hidra.kbd). Waiting for QEMU to listen... (set HID_SOCK or run scripts/run_qemu.sh)
[msquic] stream: RECEIVE bytes=52 buffers=1 pending=0
[hidra] HID socket connect failed (/run/user/1000/hidra.kbd). Waiting for QEMU to listen... (set HID_SOCK or run scripts/run_qemu.sh)
[msquic] stream: RECEIVE bytes=52 buffers=1 pending=0
[hidra] HID socket connect failed (/run/user/1000/hidra.kbd). Waiting for QEMU to listen... (set HID_SOCK or run scripts/run_qemu.sh)
[hidra] HID socket connect failed (/run/user/1000/hidra.kbd). Waiting for QEMU to listen... (set HID_SOCK or run scripts/run_qemu.sh)
[msquic] stream: RECEIVE bytes=104 buffers=2 pending=0
[hidra] HID socket connect failed (/run/user/1000/hidra.kbd). Waiting for QEMU to listen... (set HID_SOCK or run scripts/run_qemu.sh)
[msquic] stream: RECEIVE bytes=52 buffers=1 pending=0
[hidra] HID socket connect failed (/run/user/1000/hidra.kbd). Waiting for QEMU to listen... (set HID_SOCK or run scripts/run_qemu.sh)
[msquic] stream: RECEIVE bytes=52 buffers=1 pending=0
[lat] dt_ms=65.0196 cmd=up key=a
[hidra] HID socket connect failed (/run/user/1000/hidra.kbd). Waiting for QEMU to listen... (set HID_SOCK or run scripts/run_qemu.sh)
[lat] dt_ms=77.591 cmd=down key=a
[hidra] HID socket connect failed (/run/user/1000/hidra.kbd). Waiting for QEMU to listen... (set HID_SOCK or run scripts/run_qemu.sh)
[lat] dt_ms=62.4394 cmd=down key=p
[hidra] HID socket connect failed (/run/user/1000/hidra.kbd). Waiting for QEMU to listen... (set HID_SOCK or run scripts/run_qemu.sh)
[lat] dt_ms=55.2757 cmd=up key=p
[hidra] HID socket connect failed (/run/user/1000/hidra.kbd). Waiting for QEMU to listen... (set HID_SOCK or run scripts/run_qemu.sh)
[lat] dt_ms=52.9552 cmd=down key=t
[hidra] HID socket connect failed (/run/user/1000/hidra.kbd). Waiting for QEMU to listen... (set HID_SOCK or run scripts/run_qemu.sh)
[hidra] HID socket connect failed (/run/user/1000/hidra.kbd). Waiting for QEMU to listen... (set HID_SOCK or run scripts/run_qemu.sh)
[msquic] stream: RECEIVE bytes=52 buffers=1 pending=0
[hidra] HID socket connect failed (/run/user/1000/hidra.kbd). Waiting for QEMU to listen... (set HID_SOCK or run scripts/run_qemu.sh)
[heal] key=19 heal_ms=68.1622
[hidra] HID socket connect failed (/run/user/1000/hidra.kbd). Waiting for QEMU to listen... (set HID_SOCK or run scripts/run_qemu.sh)
[msquic] stream: RECEIVE bytes=104 buffers=1 pending=0
[lat] dt_ms=47.9756 cmd=up key=t
[hidra] HID socket connect failed (/run/user/1000/hidra.kbd). Waiting for QEMU to listen... (set HID_SOCK or run scripts/run_qemu.sh)
[hidra] HID socket connect failed (/run/user/1000/hidra.kbd). Waiting for QEMU to listen... (set HID_SOCK or run scripts/run_qemu.sh)
[msquic] stream: RECEIVE bytes=52 buffers=1 pending=0
[hidra] HID socket connect failed (/run/user/1000/hidra.kbd). Waiting for QEMU to listen... (set HID_SOCK or run scripts/run_qemu.sh)
[msquic] stream: RECEIVE bytes=52 buffers=1 pending=0
[lat] dt_ms=43.4557 cmd=up key=ENTER
[hidra] HID socket connect failed (/run/user/1000/hidra.kbd). Waiting for QEMU to listen... (set HID_SOCK or run scripts/run_qemu.sh)
[lat] dt_ms=60.3163 cmd=down key=ENTER
[hidra] HID socket connect failed (/run/user/1000/hidra.kbd). Waiting for QEMU to listen... (set HID_SOCK or run scripts/run_qemu.sh)
[hidra] HID socket connect failed (/run/user/1000/hidra.kbd). Waiting for QEMU to listen... (set HID_SOCK or run scripts/run_qemu.sh)
[heal] key=40 heal_ms=62.0647
[hidra] HID socket connect failed (/run/user/1000/hidra.kbd). Waiting for QEMU to listen... (set HID_SOCK or run scripts/run_qemu.sh)
[msquic] stream: RECEIVE bytes=104 buffers=1 pending=0
[lat] dt_ms=62.8993 cmd=down key=a
[hidra] HID socket connect failed (/run/user/1000/hidra.kbd). Waiting for QEMU to listen... (set HID_SOCK or run scripts/run_qemu.sh)
[hidra] HID socket connect failed (/run/user/1000/hidra.kbd). Waiting for QEMU to listen... (set HID_SOCK or run scripts/run_qemu.sh)
[msquic] stream: RECEIVE bytes=52 buffers=1 pending=0
[hidra] HID socket connect failed (/run/user/1000/hidra.kbd). Waiting for QEMU to listen... (set HID_SOCK or run scripts/run_qemu.sh)
[msquic] stream: RECEIVE bytes=52 buffers=1 pending=0
[hidra] HID socket connect failed (/run/user/1000/hidra.kbd). Waiting for QEMU to listen... (set HID_SOCK or run scripts/run_qemu.sh)
[msquic] stream: RECEIVE bytes=52 buffers=1 pending=0
[lat] dt_ms=68.7009 cmd=up key=a
[hidra] HID socket connect failed (/run/user/1000/hidra.kbd). Waiting for QEMU to listen... (set HID_SOCK or run scripts/run_qemu.sh)
[lat] dt_ms=54.2423 cmd=up key=p
[hidra] HID socket connect failed (/run/user/1000/hidra.kbd). Waiting for QEMU to listen... (set HID_SOCK or run scripts/run_qemu.sh)
[lat] dt_ms=64.8573 cmd=down key=p
[hidra] HID socket connect failed (/run/user/1000/hidra.kbd). Waiting for QEMU to listen... (set HID_SOCK or run scripts/run_qemu.sh)
[hidra] HID socket connect failed (/run/user/1000/hidra.kbd). Waiting for QEMU to listen... (set HID_SOCK or run scripts/run_qemu.sh)
[msquic] stream: RECEIVE bytes=52 buffers=1 pending=0
[heal] key=23 heal_ms=122.252
[hidra] HID socket connect failed (/run/user/1000/hidra.kbd). Waiting for QEMU to listen... (set HID_SOCK or run scripts/run_qemu.sh)
[msquic] stream: RECEIVE bytes=52 buffers=1 pending=0
[lat] dt_ms=43.2567 cmd=up key=t
[hidra] HID socket connect failed (/run/user/1000/hidra.kbd). Waiting for QEMU to listen... (set HID_SOCK or run scripts/run_qemu.sh)
[hidra] HID socket connect failed (/run/user/1000/hidra.kbd). Waiting for QEMU to listen... (set HID_SOCK or run scripts/run_qemu.sh)
[msquic] stream: RECEIVE bytes=52 buffers=1 pending=0
[lat] dt_ms=56.6269 cmd=down key=t
[hidra] HID socket connect failed (/run/user/1000/hidra.kbd). Waiting for QEMU to listen... (set HID_SOCK or run scripts/run_qemu.sh)
[heal] key=23 heal_ms=70.7685
[hidra] HID socket connect failed (/run/user/1000/hidra.kbd). Waiting for QEMU to listen... (set HID_SOCK or run scripts/run_qemu.sh)
[msquic] stream: RECEIVE bytes=52 buffers=1 pending=0
[lat] dt_ms=60.0742 cmd=up key=ENTER
[hidra] HID socket connect failed (/run/user/1000/hidra.kbd). Waiting for QEMU to listen... (set HID_SOCK or run scripts/run_qemu.sh)
[hidra] HID socket connect failed (/run/user/1000/hidra.kbd). Waiting for QEMU to listen... (set HID_SOCK or run scripts/run_qemu.sh)
[msquic] stream: RECEIVE bytes=52 buffers=1 pending=0
[hidra] HID socket connect failed (/run/user/1000/hidra.kbd). Waiting for QEMU to listen... (set HID_SOCK or run scripts/run_qemu.sh)
[msquic] stream: RECEIVE bytes=52 buffers=1 pending=0
[hidra] HID socket connect failed (/run/user/1000/hidra.kbd). Waiting for QEMU to listen... (set HID_SOCK or run scripts/run_qemu.sh)
[msquic] stream: RECEIVE bytes=52 buffers=1 pending=0
[lat] dt_ms=62.4331 cmd=down key=a
[hidra] HID socket connect failed (/run/user/1000/hidra.kbd). Waiting for QEMU to listen... (set HID_SOCK or run scripts/run_qemu.sh)
[hidra] HID socket connect failed (/run/user/1000/hidra.kbd). Waiting for QEMU to listen... (set HID_SOCK or run scripts/run_qemu.sh)
[msquic] stream: RECEIVE bytes=52 buffers=1 pending=0
[lat] dt_ms=55.8675 cmd=down key=p
[hidra] HID socket connect failed (/run/user/1000/hidra.kbd). Waiting for QEMU to listen... (set HID_SOCK or run scripts/run_qemu.sh)
[heal] key=4 heal_ms=74.5595
[hidra] HID socket connect failed (/run/user/1000/hidra.kbd). Waiting for QEMU to listen... (set HID_SOCK or run scripts/run_qemu.sh)
[msquic] stream: RECEIVE bytes=52 buffers=1 pending=0
[hidra] HID socket connect failed (/run/user/1000/hidra.kbd). Waiting for QEMU to listen... (set HID_SOCK or run scripts/run_qemu.sh)
[msquic] stream: RECEIVE bytes=52 buffers=1 pending=0
[lat] dt_ms=42.126 cmd=up key=t
[hidra] HID socket connect failed (/run/user/1000/hidra.kbd). Waiting for QEMU to listen... (set HID_SOCK or run scripts/run_qemu.sh)
[lat] dt_ms=53.5505 cmd=down key=t
[hidra] HID socket connect failed (/run/user/1000/hidra.kbd). Waiting for QEMU to listen... (set HID_SOCK or run scripts/run_qemu.sh)
[lat] dt_ms=71.6403 cmd=up key=p
[hidra] HID socket connect failed (/run/user/1000/hidra.kbd). Waiting for QEMU to listen... (set HID_SOCK or run scripts/run_qemu.sh)
[hidra] HID socket connect failed (/run/user/1000/hidra.kbd). Waiting for QEMU to listen... (set HID_SOCK or run scripts/run_qemu.sh)
[msquic] stream: RECEIVE bytes=52 buffers=1 pending=0
[hidra] HID socket connect failed (/run/user/1000/hidra.kbd). Waiting for QEMU to listen... (set HID_SOCK or run scripts/run_qemu.sh)
[msquic] stream: RECEIVE bytes=52 buffers=1 pending=0
[hidra] HID socket connect failed (/run/user/1000/hidra.kbd). Waiting for QEMU to listen... (set HID_SOCK or run scripts/run_qemu.sh)
[msquic] stream: RECEIVE bytes=52 buffers=1 pending=0
[lat] dt_ms=52.3996 cmd=down key=ENTER
[hidra] HID socket connect failed (/run/user/1000/hidra.kbd). Waiting for QEMU to listen... (set HID_SOCK or run scripts/run_qemu.sh)
[lat] dt_ms=49.2437 cmd=up key=ENTER
[hidra] HID socket connect failed (/run/user/1000/hidra.kbd). Waiting for QEMU to listen... (set HID_SOCK or run scripts/run_qemu.sh)
[hidra] HID socket connect failed (/run/user/1000/hidra.kbd). Waiting for QEMU to listen... (set HID_SOCK or run scripts/run_qemu.sh)
[msquic] stream: RECEIVE bytes=52 buffers=1 pending=0
[lat] dt_ms=40.8466 cmd=up key=a
[hidra] HID socket connect failed (/run/user/1000/hidra.kbd). Waiting for QEMU to listen... (set HID_SOCK or run scripts/run_qemu.sh)
[hidra] HID socket connect failed (/run/user/1000/hidra.kbd). Waiting for QEMU to listen... (set HID_SOCK or run scripts/run_qemu.sh)
[msquic] stream: RECEIVE bytes=52 buffers=1 pending=0
[lat] dt_ms=58.123 cmd=down key=a
[hidra] HID socket connect failed (/run/user/1000/hidra.kbd). Waiting for QEMU to listen... (set HID_SOCK or run scripts/run_qemu.sh)
[heal] key=4 heal_ms=54.7859
[heal] key=40 heal_ms=75.6909
[hidra] HID socket connect failed (/run/user/1000/hidra.kbd). Waiting for QEMU to listen... (set HID_SOCK or run scripts/run_qemu.sh)
[msquic] stream: RECEIVE bytes=52 buffers=1 pending=0
[hidra] HID socket connect failed (/run/user/1000/hidra.kbd). Waiting for QEMU to listen... (set HID_SOCK or run scripts/run_qemu.sh)
[msquic] stream: RECEIVE bytes=52 buffers=1 pending=0
[lat] dt_ms=64.2579 cmd=down key=p
[hidra] HID socket connect failed (/run/user/1000/hidra.kbd). Waiting for QEMU to listen... (set HID_SOCK or run scripts/run_qemu.sh)
[hidra] HID socket connect failed (/run/user/1000/hidra.kbd). Waiting for QEMU to listen... (set HID_SOCK or run scripts/run_qemu.sh)
[msquic] stream: RECEIVE bytes=52 buffers=1 pending=0
[lat] dt_ms=68.8187 cmd=up key=p
[hidra] HID socket connect failed (/run/user/1000/hidra.kbd). Waiting for QEMU to listen... (set HID_SOCK or run scripts/run_qemu.sh)
[hidra] HID socket connect failed (/run/user/1000/hidra.kbd). Waiting for QEMU to listen... (set HID_SOCK or run scripts/run_qemu.sh)
[hidra] HID socket connect failed (/run/user/1000/hidra.kbd). Waiting for QEMU to listen... (set HID_SOCK or run scripts/run_qemu.sh)
[msquic] stream: RECEIVE bytes=104 buffers=1 pending=0
[hidra] HID socket connect failed (/run/user/1000/hidra.kbd). Waiting for QEMU to listen... (set HID_SOCK or run scripts/run_qemu.sh)
[msquic] stream: RECEIVE bytes=52 buffers=1 pending=0
[hidra] HID socket connect failed (/run/user/1000/hidra.kbd). Waiting for QEMU to listen... (set HID_SOCK or run scripts/run_qemu.sh)
[msquic] stream: RECEIVE bytes=52 buffers=1 pending=0
[lat] dt_ms=62.3256 cmd=up key=t
[hidra] HID socket connect failed (/run/user/1000/hidra.kbd). Waiting for QEMU to listen... (set HID_SOCK or run scripts/run_qemu.sh)
[lat] dt_ms=73.8829 cmd=down key=t
[hidra] HID socket connect failed (/run/user/1000/hidra.kbd). Waiting for QEMU to listen... (set HID_SOCK or run scripts/run_qemu.sh)
[lat] dt_ms=60.904 cmd=down key=ENTER
[hidra] HID socket connect failed (/run/user/1000/hidra.kbd). Waiting for QEMU to listen... (set HID_SOCK or run scripts/run_qemu.sh)
[hidra] HID socket connect failed (/run/user/1000/hidra.kbd). Waiting for QEMU to listen... (set HID_SOCK or run scripts/run_qemu.sh)
[msquic] stream: RECEIVE bytes=52 buffers=1 pending=0
[lat] dt_ms=57.9826 cmd=up key=ENTER
[hidra] HID socket connect failed (/run/user/1000/hidra.kbd). Waiting for QEMU to listen... (set HID_SOCK or run scripts/run_qemu.sh)
[hidra] HID socket connect failed (/run/user/1000/hidra.kbd). Waiting for QEMU to listen... (set HID_SOCK or run scripts/run_qemu.sh)
[msquic] stream: RECEIVE bytes=52 buffers=1 pending=0
[lat] dt_ms=43.5755 cmd=up key=a
[hidra] HID socket connect failed (/run/user/1000/hidra.kbd). Waiting for QEMU to listen... (set HID_SOCK or run scripts/run_qemu.sh)
[hidra] HID socket connect failed (/run/user/1000/hidra.kbd). Waiting for QEMU to listen... (set HID_SOCK or run scripts/run_qemu.sh)
[msquic] stream: RECEIVE bytes=52 buffers=1 pending=0
[lat] dt_ms=65.2683 cmd=down key=a
[hidra] HID socket connect failed (/run/user/1000/hidra.kbd). Waiting for QEMU to listen... (set HID_SOCK or run scripts/run_qemu.sh)
[hidra] HID socket connect failed (/run/user/1000/hidra.kbd). Waiting for QEMU to listen... (set HID_SOCK or run scripts/run_qemu.sh)
[msquic] stream: RECEIVE bytes=52 buffers=1 pending=0
[heal] key=4 heal_ms=72.7071
[hidra] HID socket connect failed (/run/user/1000/hidra.kbd). Waiting for QEMU to listen... (set HID_SOCK or run scripts/run_qemu.sh)
[msquic] stream: RECEIVE bytes=52 buffers=1 pending=0
[hidra] HID socket connect failed (/run/user/1000/hidra.kbd). Waiting for QEMU to listen... (set HID_SOCK or run scripts/run_qemu.sh)
[msquic] stream: RECEIVE bytes=52 buffers=1 pending=0
[lat] dt_ms=78.8518 cmd=down key=p
[hidra] HID socket connect failed (/run/user/1000/hidra.kbd). Waiting for QEMU to listen... (set HID_SOCK or run scripts/run_qemu.sh)
[heal] key=19 heal_ms=72.9919
[hidra] HID socket connect failed (/run/user/1000/hidra.kbd). Waiting for QEMU to listen... (set HID_SOCK or run scripts/run_qemu.sh)
[msquic] stream: RECEIVE bytes=52 buffers=1 pending=0
[lat] dt_ms=65.8083 cmd=down key=t
[hidra] HID socket connect failed (/run/user/1000/hidra.kbd). Waiting for QEMU to listen... (set HID_SOCK or run scripts/run_qemu.sh)
[lat] dt_ms=67.0394 cmd=down key=ENTER
[hidra] HID socket connect failed (/run/user/1000/hidra.kbd). Waiting for QEMU to listen... (set HID_SOCK or run scripts/run_qemu.sh)
[hidra] progress: rx=557 emits=801 quic_snapshots=435 socket=[hidra] HID socket connect failed (/run/user/1000/hidra.kbd). Waiting for QEMU to listen... (set HID_SOCK or run scripts/run_qemu.sh)
waiting
[lat] dt_ms=78.4407 cmd=up key=t
[hidra] HID socket connect failed (/run/user/1000/hidra.kbd). Waiting for QEMU to listen... (set HID_SOCK or run scripts/run_qemu.sh)
[hidra] HID socket connect failed (/run/user/1000/hidra.kbd). Waiting for QEMU to listen... (set HID_SOCK or run scripts/run_qemu.sh)
[heal] key=40 heal_ms=140.842
[hidra] HID socket connect failed (/run/user/1000/hidra.kbd). Waiting for QEMU to listen... (set HID_SOCK or run scripts/run_qemu.sh)
[msquic] stream: RECEIVE bytes=104 buffers=1 pending=0
[lat] dt_ms=58.9583 cmd=up key=ENTER
[hidra] HID socket connect failed (/run/user/1000/hidra.kbd). Waiting for QEMU to listen... (set HID_SOCK or run scripts/run_qemu.sh)
[lat] dt_ms=46.1022 cmd=up key=a
[hidra] HID socket connect failed (/run/user/1000/hidra.kbd). Waiting for QEMU to listen... (set HID_SOCK or run scripts/run_qemu.sh)
[hidra] HID socket connect failed (/run/user/1000/hidra.kbd). Waiting for QEMU to listen... (set HID_SOCK or run scripts/run_qemu.sh)
[msquic] stream: RECEIVE bytes=52 buffers=1 pending=0
[hidra] HID socket connect failed (/run/user/1000/hidra.kbd). Waiting for QEMU to listen... (set HID_SOCK or run scripts/run_qemu.sh)
[msquic] stream: RECEIVE bytes=52 buffers=1 pending=0
[lat] dt_ms=46.4252 cmd=down key=p
[hidra] HID socket connect failed (/run/user/1000/hidra.kbd). Waiting for QEMU to listen... (set HID_SOCK or run scripts/run_qemu.sh)
[heal] key=40 heal_ms=78.8918
[hidra] HID socket connect failed (/run/user/1000/hidra.kbd). Waiting for QEMU to listen... (set HID_SOCK or run scripts/run_qemu.sh)
[msquic] stream: RECEIVE bytes=52 buffers=1 pending=0
[hidra] HID socket connect failed (/run/user/1000/hidra.kbd). Waiting for QEMU to listen... (set HID_SOCK or run scripts/run_qemu.sh)
[msquic] stream: RECEIVE bytes=52 buffers=1 pending=0
[lat] dt_ms=44.6418 cmd=up key=p
[hidra] HID socket connect failed (/run/user/1000/hidra.kbd). Waiting for QEMU to listen... (set HID_SOCK or run scripts/run_qemu.sh)
[lat] dt_ms=78.9421 cmd=down key=a
[hidra] HID socket connect failed (/run/user/1000/hidra.kbd). Waiting for QEMU to listen... (set HID_SOCK or run scripts/run_qemu.sh)
[heal] key=4 heal_ms=84.3947
[hidra] HID socket connect failed (/run/user/1000/hidra.kbd). Waiting for QEMU to listen... (set HID_SOCK or run scripts/run_qemu.sh)
[hidra] HID socket connect failed (/run/user/1000/hidra.kbd). Waiting for QEMU to listen... (set HID_SOCK or run scripts/run_qemu.sh)
[msquic] stream: RECEIVE bytes=104 buffers=1 pending=0
[lat] dt_ms=48.4502 cmd=up key=t
[hidra] HID socket connect failed (/run/user/1000/hidra.kbd). Waiting for QEMU to listen... (set HID_SOCK or run scripts/run_qemu.sh)
[hidra] HID socket connect failed (/run/user/1000/hidra.kbd). Waiting for QEMU to listen... (set HID_SOCK or run scripts/run_qemu.sh)
[msquic] stream: RECEIVE bytes=52 buffers=1 pending=0
[lat] dt_ms=66.266 cmd=down key=t
[hidra] HID socket connect failed (/run/user/1000/hidra.kbd). Waiting for QEMU to listen... (set HID_SOCK or run scripts/run_qemu.sh)
[heal] key=23 heal_ms=61.2447
[heal] key=19 heal_ms=81.634
[hidra] HID socket connect failed (/run/user/1000/hidra.kbd). Waiting for QEMU to listen... (set HID_SOCK or run scripts/run_qemu.sh)
[msquic] stream: RECEIVE bytes=52 buffers=1 pending=0
[hidra] HID socket connect failed (/run/user/1000/hidra.kbd). Waiting for QEMU to listen... (set HID_SOCK or run scripts/run_qemu.sh)
[msquic] stream: RECEIVE bytes=52 buffers=1 pending=0
[heal] key=40 heal_ms=63.1903
[hidra] HID socket connect failed (/run/user/1000/hidra.kbd). Waiting for QEMU to listen... (set HID_SOCK or run scripts/run_qemu.sh)
[msquic] stream: RECEIVE bytes=52 buffers=1 pending=0
[lat] dt_ms=77.8722 cmd=down key=ENTER
[hidra] HID socket connect failed (/run/user/1000/hidra.kbd). Waiting for QEMU to listen... (set HID_SOCK or run scripts/run_qemu.sh)
[lat] dt_ms=56.93 cmd=down key=a
[hidra] HID socket connect failed (/run/user/1000/hidra.kbd). Waiting for QEMU to listen... (set HID_SOCK or run scripts/run_qemu.sh)
[lat] dt_ms=76.4808 cmd=up key=ENTER
[hidra] HID socket connect failed (/run/user/1000/hidra.kbd). Waiting for QEMU to listen... (set HID_SOCK or run scripts/run_qemu.sh)
[heal] key=4 heal_ms=57.0646
[hidra] HID socket connect failed (/run/user/1000/hidra.kbd). Waiting for QEMU to listen... (set HID_SOCK or run scripts/run_qemu.sh)
[msquic] stream: RECEIVE bytes=52 buffers=1 pending=0
[lat] dt_ms=60.3609 cmd=up key=a
[hidra] HID socket connect failed (/run/user/1000/hidra.kbd). Waiting for QEMU to listen... (set HID_SOCK or run scripts/run_qemu.sh)
[hidra] HID socket connect failed (/run/user/1000/hidra.kbd). Waiting for QEMU to listen... (set HID_SOCK or run scripts/run_qemu.sh)
[msquic] stream: RECEIVE bytes=52 buffers=1 pending=0
[lat] dt_ms=61.8324 cmd=down key=p
[hidra] HID socket connect failed (/run/user/1000/hidra.kbd). Waiting for QEMU to listen... (set HID_SOCK or run scripts/run_qemu.sh)
[hidra] HID socket connect failed (/run/user/1000/hidra.kbd). Waiting for QEMU to listen... (set HID_SOCK or run scripts/run_qemu.sh)
[msquic] stream: RECEIVE bytes=52 buffers=1 pending=0
[lat] dt_ms=62.76 cmd=up key=p
[hidra] HID socket connect failed (/run/user/1000/hidra.kbd). Waiting for QEMU to listen... (set HID_SOCK or run scripts/run_qemu.sh)
[hidra] HID socket connect failed (/run/user/1000/hidra.kbd). Waiting for QEMU to listen... (set HID_SOCK or run scripts/run_qemu.sh)
[msquic] stream: RECEIVE bytes=52 buffers=1 pending=0
[lat] dt_ms=62.983 cmd=down key=t
[hidra] HID socket connect failed (/run/user/1000/hidra.kbd). Waiting for QEMU to listen... (set HID_SOCK or run scripts/run_qemu.sh)
[heal] key=23 heal_ms=54.3951
[hidra] HID socket connect failed (/run/user/1000/hidra.kbd). Waiting for QEMU to listen... (set HID_SOCK or run scripts/run_qemu.sh)
[msquic] stream: RECEIVE bytes=52 buffers=1 pending=0
[heal] key=19 heal_ms=76.5511
[hidra] HID socket connect failed (/run/user/1000/hidra.kbd). Waiting for QEMU to listen... (set HID_SOCK or run scripts/run_qemu.sh)
[msquic] stream: RECEIVE bytes=52 buffers=1 pending=0
[lat] dt_ms=60.7734 cmd=up key=t
[hidra] HID socket connect failed (/run/user/1000/hidra.kbd). Waiting for QEMU to listen... (set HID_SOCK or run scripts/run_qemu.sh)
[hidra] HID socket connect failed (/run/user/1000/hidra.kbd). Waiting for QEMU to listen... (set HID_SOCK or run scripts/run_qemu.sh)
[msquic] stream: RECEIVE bytes=52 buffers=1 pending=0
[heal] key=40 heal_ms=54.6294
[hidra] HID socket connect failed (/run/user/1000/hidra.kbd). Waiting for QEMU to listen... (set HID_SOCK or run scripts/run_qemu.sh)
[msquic] stream: RECEIVE bytes=52 buffers=1 pending=0
[lat] dt_ms=60.7135 cmd=up key=ENTER
[hidra] HID socket connect failed (/run/user/1000/hidra.kbd). Waiting for QEMU to listen... (set HID_SOCK or run scripts/run_qemu.sh)
[hidra] HID socket connect failed (/run/user/1000/hidra.kbd). Waiting for QEMU to listen... (set HID_SOCK or run scripts/run_qemu.sh)
[msquic] stream: RECEIVE bytes=52 buffers=1 pending=0
[lat] dt_ms=73.779 cmd=down key=ENTER
[hidra] HID socket connect failed (/run/user/1000/hidra.kbd). Waiting for QEMU to listen... (set HID_SOCK or run scripts/run_qemu.sh)
[lat] dt_ms=64.9163 cmd=down key=a
[hidra] HID socket connect failed (/run/user/1000/hidra.kbd). Waiting for QEMU to listen... (set HID_SOCK or run scripts/run_qemu.sh)
[lat] dt_ms=54.4224 cmd=up key=a
[hidra] HID socket connect failed (/run/user/1000/hidra.kbd). Waiting for QEMU to listen... (set HID_SOCK or run scripts/run_qemu.sh)
[lat] dt_ms=41.5087 cmd=up key=p
[hidra] HID socket connect failed (/run/user/1000/hidra.kbd). Waiting for QEMU to listen... (set HID_SOCK or run scripts/run_qemu.sh)
[hidra] HID socket connect failed (/run/user/1000/hidra.kbd). Waiting for QEMU to listen... (set HID_SOCK or run scripts/run_qemu.sh)
[hidra] HID socket connect failed (/run/user/1000/hidra.kbd). Waiting for QEMU to listen... (set HID_SOCK or run scripts/run_qemu.sh)
[msquic] stream: RECEIVE bytes=104 buffers=1 pending=0
[hidra] HID socket connect failed (/run/user/1000/hidra.kbd). Waiting for QEMU to listen... (set HID_SOCK or run scripts/run_qemu.sh)
[msquic] stream: RECEIVE bytes=52 buffers=1 pending=0
[lat] dt_ms=46.0294 cmd=down key=t
[hidra] HID socket connect failed (/run/user/1000/hidra.kbd). Waiting for QEMU to listen... (set HID_SOCK or run scripts/run_qemu.sh)
[lat] dt_ms=67.9699 cmd=down key=p
[hidra] HID socket connect failed (/run/user/1000/hidra.kbd). Waiting for QEMU to listen... (set HID_SOCK or run scripts/run_qemu.sh)
[heal] key=4 heal_ms=82.6899
[hidra] HID socket connect failed (/run/user/1000/hidra.kbd). Waiting for QEMU to listen... (set HID_SOCK or run scripts/run_qemu.sh)
[msquic] stream: RECEIVE bytes=52 buffers=1 pending=0
[hidra] HID socket connect failed (/run/user/1000/hidra.kbd). Waiting for QEMU to listen... (set HID_SOCK or run scripts/run_qemu.sh)
[msquic] stream: RECEIVE bytes=52 buffers=1 pending=0
[hidra] HID socket connect failed (/run/user/1000/hidra.kbd). Waiting for QEMU to listen... (set HID_SOCK or run scripts/run_qemu.sh)
[msquic] stream: RECEIVE bytes=52 buffers=1 pending=0
[hidra] HID socket connect failed (/run/user/1000/hidra.kbd). Waiting for QEMU to listen... (set HID_SOCK or run scripts/run_qemu.sh)
[msquic] stream: RECEIVE bytes=52 buffers=1 pending=0
[lat] dt_ms=70.7231 cmd=up key=t
[hidra] HID socket connect failed (/run/user/1000/hidra.kbd). Waiting for QEMU to listen... (set HID_SOCK or run scripts/run_qemu.sh)
[hidra] send() failed; will retry connect
[msquic] stream: RECEIVE bytes=52 buffers=1 pending=0
[lat] dt_ms=65.8686 cmd=down key=ENTER
[hidra] HID socket connect failed (/run/user/1000/hidra.kbd). Waiting for QEMU to listen... (set HID_SOCK or run scripts/run_qemu.sh)
[hidra] HID socket connect failed (/run/user/1000/hidra.kbd). Waiting for QEMU to listen... (set HID_SOCK or run scripts/run_qemu.sh)
[msquic] stream: RECEIVE bytes=52 buffers=1 pending=0
[lat] dt_ms=50.2302 cmd=up key=a
[hidra] HID socket connect failed (/run/user/1000/hidra.kbd). Waiting for QEMU to listen... (set HID_SOCK or run scripts/run_qemu.sh)
[heal] key=40 heal_ms=74.626
[hidra] HID socket connect failed (/run/user/1000/hidra.kbd). Waiting for QEMU to listen... (set HID_SOCK or run scripts/run_qemu.sh)
[hidra] HID socket connect failed (/run/user/1000/hidra.kbd). Waiting for QEMU to listen... (set HID_SOCK or run scripts/run_qemu.sh)
[msquic] stream: RECEIVE bytes=104 buffers=1 pending=0
[lat] dt_ms=44.0113 cmd=down key=p
[hidra] HID socket connect failed (/run/user/1000/hidra.kbd). Waiting for QEMU to listen... (set HID_SOCK or run scripts/run_qemu.sh)
[hidra] HID socket connect failed (/run/user/1000/hidra.kbd). Waiting for QEMU to listen... (set HID_SOCK or run scripts/run_qemu.sh)
[msquic] stream: RECEIVE bytes=52 buffers=1 pending=0
[lat] dt_ms=73.7589 cmd=down key=a
[hidra] HID socket connect failed (/run/user/1000/hidra.kbd). Waiting for QEMU to listen... (set HID_SOCK or run scripts/run_qemu.sh)
[heal] key=19 heal_ms=125.697
[hidra] HID socket connect failed (/run/user/1000/hidra.kbd). Waiting for QEMU to listen... (set HID_SOCK or run scripts/run_qemu.sh)
[msquic] stream: RECEIVE bytes=52 buffers=1 pending=0
[hidra] HID socket connect failed (/run/user/1000/hidra.kbd). Waiting for QEMU to listen... (set HID_SOCK or run scripts/run_qemu.sh)
[msquic] stream: RECEIVE bytes=52 buffers=1 pending=0
[lat] dt_ms=60.4318 cmd=down key=t
[hidra] HID socket connect failed (/run/user/1000/hidra.kbd). Waiting for QEMU to listen... (set HID_SOCK or run scripts/run_qemu.sh)
[lat] dt_ms=71.8357 cmd=up key=p
[hidra] HID socket connect failed (/run/user/1000/hidra.kbd). Waiting for QEMU to listen... (set HID_SOCK or run scripts/run_qemu.sh)
[heal] key=23 heal_ms=134.484
[hidra] HID socket connect failed (/run/user/1000/hidra.kbd). Waiting for QEMU to listen... (set HID_SOCK or run scripts/run_qemu.sh)
[msquic] stream: RECEIVE bytes=52 buffers=1 pending=0
[lat] dt_ms=52.0905 cmd=up key=t
[hidra] HID socket connect failed (/run/user/1000/hidra.kbd). Waiting for QEMU to listen... (set HID_SOCK or run scripts/run_qemu.sh)
[lat] dt_ms=41.7355 cmd=down key=ENTER
[hidra] HID socket connect failed (/run/user/1000/hidra.kbd). Waiting for QEMU to listen... (set HID_SOCK or run scripts/run_qemu.sh)
[hidra] HID socket connect failed (/run/user/1000/hidra.kbd). Waiting for QEMU to listen... (set HID_SOCK or run scripts/run_qemu.sh)
[msquic] stream: RECEIVE bytes=52 buffers=1 pending=0
[hidra] HID socket connect failed (/run/user/1000/hidra.kbd). Waiting for QEMU to listen... (set HID_SOCK or run scripts/run_qemu.sh)
[msquic] stream: RECEIVE bytes=52 buffers=2 pending=0
[hidra] HID socket connect failed (/run/user/1000/hidra.kbd). Waiting for QEMU to listen... (set HID_SOCK or run scripts/run_qemu.sh)
[msquic] stream: RECEIVE bytes=52 buffers=1 pending=0
[lat] dt_ms=71.6721 cmd=up key=ENTER
[hidra] HID socket connect failed (/run/user/1000/hidra.kbd). Waiting for QEMU to listen... (set HID_SOCK or run scripts/run_qemu.sh)
[hidra] HID socket connect failed (/run/user/1000/hidra.kbd). Waiting for QEMU to listen... (set HID_SOCK or run scripts/run_qemu.sh)
[msquic] stream: RECEIVE bytes=52 buffers=1 pending=0
[hidra] HID socket connect failed (/run/user/1000/hidra.kbd). Waiting for QEMU to listen... (set HID_SOCK or run scripts/run_qemu.sh)
[msquic] stream: RECEIVE bytes=[lat] dt_ms=57.3944 cmd=up key=52 buffers=1 pending=0
a
[hidra] HID socket connect failed (/run/user/1000/hidra.kbd). Waiting for QEMU to listen... (set HID_SOCK or run scripts/run_qemu.sh)
[lat] dt_ms=71.8832 cmd=down key=a
[hidra] HID socket connect failed (/run/user/1000/hidra.kbd). Waiting for QEMU to listen... (set HID_SOCK or run scripts/run_qemu.sh)
[hidra] send() failed; will retry connect
[msquic] stream: RECEIVE bytes=52 buffers=1 pending=0
[hidra] HID socket connect failed (/run/user/1000/hidra.kbd). Waiting for QEMU to listen... (set HID_SOCK or run scripts/run_qemu.sh)
[msquic] stream: RECEIVE bytes=52 buffers=1 pending=0
[hidra] HID socket connect failed (/run/user/1000/hidra.kbd). Waiting for QEMU to listen... (set HID_SOCK or run scripts/run_qemu.sh)
[msquic] stream: RECEIVE bytes=52 buffers=1 pending=0
[lat] dt_ms=68.0517 cmd=down key=p
[hidra] HID socket connect failed (/run/user/1000/hidra.kbd). Waiting for QEMU to listen... (set HID_SOCK or run scripts/run_qemu.sh)
[lat] dt_ms=62.6197 cmd=up key=p
[hidra] HID socket connect failed (/run/user/1000/hidra.kbd). Waiting for QEMU to listen... (set HID_SOCK or run scripts/run_qemu.sh)
[hidra] HID socket connect failed (/run/user/1000/hidra.kbd). Waiting for QEMU to listen... (set HID_SOCK or run scripts/run_qemu.sh)
[msquic] stream: RECEIVE bytes=52 buffers=1 pending=0
[lat] dt_ms=45.3285 cmd=up key=t
[hidra] HID socket connect failed (/run/user/1000/hidra.kbd). Waiting for QEMU to listen... (set HID_SOCK or run scripts/run_qemu.sh)
[lat] dt_ms=68.8592 cmd=down key=t
[hidra] HID socket connect failed (/run/user/1000/hidra.kbd). Waiting for QEMU to listen... (set HID_SOCK or run scripts/run_qemu.sh)
[lat] dt_ms=53.5311 cmd=down key=ENTER
[hidra] HID socket connect failed (/run/user/1000/hidra.kbd). Waiting for QEMU to listen... (set HID_SOCK or run scripts/run_qemu.sh)
[hidra] snapshot v1 mods=0x0 pressed=0
[hidra] HID socket connect failed (/run/user/1000/hidra.kbd). Waiting for QEMU to listen... (set HID_SOCK or run scripts/run_qemu.sh)
[msquic] stream: RECEIVE bytes=52 buffers=1 pending=0
[hidra] HID socket connect failed (/run/user/1000/hidra.kbd). Waiting for QEMU to listen... (set HID_SOCK or run scripts/run_qemu.sh)
[msquic] stream: RECEIVE bytes=52 buffers=1 pending=0
[heal] key=40 heal_ms=55.5445
[hidra] HID socket connect failed (/run/user/1000/hidra.kbd). Waiting for QEMU to listen... (set HID_SOCK or run scripts/run_qemu.sh)
[msquic] stream: RECEIVE bytes=52 buffers=1 pending=0
[hidra] HID socket connect failed (/run/user/1000/hidra.kbd). Waiting for QEMU to listen... (set HID_SOCK or run scripts/run_qemu.sh)
[msquic] stream: RECEIVE bytes=52 buffers=1 pending=0
[lat] dt_ms=61.0218 cmd=up key=ENTER
[hidra] HID socket connect failed (/run/user/1000/hidra.kbd). Waiting for QEMU to listen... (set HID_SOCK or run scripts/run_qemu.sh)
[hidra] HID socket connect failed (/run/user/1000/hidra.kbd). Waiting for QEMU to listen... (set HID_SOCK or run scripts/run_qemu.sh)
[msquic] stream: RECEIVE bytes=52 buffers=1 pending=0
[lat] dt_ms=64.983 cmd=down key=a
[hidra] HID socket connect failed (/run/user/1000/hidra.kbd). Waiting for QEMU to listen... (set HID_SOCK or run scripts/run_qemu.sh)
[lat] dt_ms=56.8251 cmd=up key=a
[hidra] HID socket connect failed (/run/user/1000/hidra.kbd). Waiting for QEMU to listen... (set HID_SOCK or run scripts/run_qemu.sh)
[hidra] HID socket connect failed (/run/user/1000/hidra.kbd). Waiting for QEMU to listen... (set HID_SOCK or run scripts/run_qemu.sh)
[msquic] stream: RECEIVE bytes=52 buffers=1 pending=0
[lat] dt_ms=51.5297 cmd=up key=p
[hidra] HID socket connect failed (/run/user/1000/hidra.kbd). Waiting for QEMU to listen... (set HID_SOCK or run scripts/run_qemu.sh)
[lat] dt_ms=62.8886 cmd=down key=p
[hidra] HID socket connect failed (/run/user/1000/hidra.kbd). Waiting for QEMU to listen... (set HID_SOCK or run scripts/run_qemu.sh)
[hidra] HID socket connect failed (/run/user/1000/hidra.kbd). Waiting for QEMU to listen... (set HID_SOCK or run scripts/run_qemu.sh)
[msquic] stream: RECEIVE bytes=52 buffers=1 pending=0
[hidra] HID socket connect failed (/run/user/1000/hidra.kbd). Waiting for QEMU to listen... (set HID_SOCK or run scripts/run_qemu.sh)
[msquic] stream: RECEIVE bytes=52 buffers=1 pending=0
[heal] key=19 heal_ms=66.4395
[hidra] HID socket connect failed (/run/user/1000/hidra.kbd). Waiting for QEMU to listen... (set HID_SOCK or run scripts/run_qemu.sh)
[msquic] stream: RECEIVE bytes=52 buffers=1 pending=0
[hidra] HID socket connect failed (/run/user/1000/hidra.kbd). Waiting for QEMU to listen... (set HID_SOCK or run scripts/run_qemu.sh)
[msquic] stream: RECEIVE bytes=52 buffers=1 pending=0
[lat] dt_ms=67.9242 cmd=up key=t
[hidra] HID socket connect failed (/run/user/1000/hidra.kbd). Waiting for QEMU to listen... (set HID_SOCK or run scripts/run_qemu.sh)
[lat] dt_ms=79.8151 cmd=down key=t
[hidra] HID socket connect failed (/run/user/1000/hidra.kbd). Waiting for QEMU to listen... (set HID_SOCK or run scripts/run_qemu.sh)
[hidra] HID socket connect failed (/run/user/1000/hidra.kbd). Waiting for QEMU to listen... (set HID_SOCK or run scripts/run_qemu.sh)
[msquic] stream: RECEIVE bytes=52 buffers=1 pending=0
[lat] dt_ms=62.9755 cmd=down key=ENTER
[hidra] HID socket connect failed (/run/user/1000/hidra.kbd). Waiting for QEMU to listen... (set HID_SOCK or run scripts/run_qemu.sh)
[hidra] HID socket connect failed (/run/user/1000/hidra.kbd). Waiting for QEMU to listen... (set HID_SOCK or run scripts/run_qemu.sh)
[msquic] stream: RECEIVE bytes=52 buffers=1 pending=0
[lat] dt_ms=57.8219 cmd=up key=ENTER
[hidra] HID socket connect failed (/run/user/1000/hidra.kbd). Waiting for QEMU to listen... (set HID_SOCK or run scripts/run_qemu.sh)
[hidra] HID socket connect failed (/run/user/1000/hidra.kbd). Waiting for QEMU to listen... (set HID_SOCK or run scripts/run_qemu.sh)
[msquic] stream: RECEIVE bytes=52 buffers=1 pending=0
[lat] dt_ms=55.939 cmd=down key=a
[hidra] HID socket connect failed (/run/user/1000/hidra.kbd). Waiting for QEMU to listen... (set HID_SOCK or run scripts/run_qemu.sh)
[heal] key=4 heal_ms=133.645
[hidra] HID socket connect failed (/run/user/1000/hidra.kbd). Waiting for QEMU to listen... (set HID_SOCK or run scripts/run_qemu.sh)
[msquic] stream: RECEIVE bytes=52 buffers=1 pending=0
[hidra] HID socket connect failed (/run/user/1000/hidra.kbd). Waiting for QEMU to listen... (set HID_SOCK or run scripts/run_qemu.sh)
[msquic] stream: RECEIVE bytes=52 buffers=1 pending=0
[lat] dt_ms=48.8006 cmd=down key=p
[hidra] HID socket connect failed (/run/user/1000/hidra.kbd). Waiting for QEMU to listen... (set HID_SOCK or run scripts/run_qemu.sh)
[lat] dt_ms=41.3333 cmd=up key=p
[hidra] HID socket connect failed (/run/user/1000/hidra.kbd). Waiting for QEMU to listen... (set HID_SOCK or run scripts/run_qemu.sh)
[hidra] HID socket connect failed (/run/user/1000/hidra.kbd). Waiting for QEMU to listen... (set HID_SOCK or run scripts/run_qemu.sh)
[msquic] stream: RECEIVE bytes=52 buffers=1 pending=0
[hidra] HID socket connect failed (/run/user/1000/hidra.kbd). Waiting for QEMU to listen... (set HID_SOCK or run scripts/run_qemu.sh)
[msquic] stream: RECEIVE bytes=52 buffers=1 pending=0
[lat] dt_ms=64.7573 cmd=up key=a
[hidra] HID socket connect failed (/run/user/1000/hidra.kbd). Waiting for QEMU to listen... (set HID_SOCK or run scripts/run_qemu.sh)
[hidra] HID socket connect failed (/run/user/1000/hidra.kbd). Waiting for QEMU to listen... (set HID_SOCK or run scripts/run_qemu.sh)
[hidra] HID socket connect failed (/run/user/1000/hidra.kbd). Waiting for QEMU to listen... (set HID_SOCK or run scripts/run_qemu.sh)
[msquic] stream: RECEIVE bytes=104 buffers=1 pending=0
[lat] dt_ms=48.7304 cmd=down key=t
[hidra] HID socket connect failed (/run/user/1000/hidra.kbd). Waiting for QEMU to listen... (set HID_SOCK or run scripts/run_qemu.sh)
[lat] dt_ms=43.2891 cmd=up key=t
[hidra] HID socket connect failed (/run/user/1000/hidra.kbd). Waiting for QEMU to listen... (set HID_SOCK or run scripts/run_qemu.sh)
[hidra] HID socket connect failed (/run/user/1000/hidra.kbd). Waiting for QEMU to listen... (set HID_SOCK or run scripts/run_qemu.sh)
[msquic] stream: RECEIVE bytes=52 buffers=1 pending=0
[lat] dt_ms=58.141 cmd=down key=ENTER
[hidra] HID socket connect failed (/run/user/1000/hidra.kbd). Waiting for QEMU to listen... (set HID_SOCK or run scripts/run_qemu.sh)
[heal] key=23 heal_ms=69.0048
[hidra] HID socket connect failed (/run/user/1000/hidra.kbd). Waiting for QEMU to listen... (set HID_SOCK or run scripts/run_qemu.sh)
[msquic] stream: RECEIVE bytes=52 buffers=1 pending=0
[hidra] HID socket connect failed (/run/user/1000/hidra.kbd). Waiting for QEMU to listen... (set HID_SOCK or run scripts/run_qemu.sh)
[msquic] stream: RECEIVE bytes=52 buffers=1 pending=0
[lat] dt_ms=50.9863 cmd=up key=ENTER
[hidra] HID socket connect failed (/run/user/1000/hidra.kbd). Waiting for QEMU to listen... (set HID_SOCK or run scripts/run_qemu.sh)
[hidra] HID socket connect failed (/run/user/1000/hidra.kbd). Waiting for QEMU to listen... (set HID_SOCK or run scripts/run_qemu.sh)
[msquic] stream: RECEIVE bytes=52 buffers=1 pending=0
[lat] dt_ms=59.5236 cmd=down key=a
[hidra] HID socket connect failed (/run/user/1000/hidra.kbd). Waiting for QEMU to listen... (set HID_SOCK or run scripts/run_qemu.sh)
[hidra] HID socket connect failed (/run/user/1000/hidra.kbd). Waiting for QEMU to listen... (set HID_SOCK or run scripts/run_qemu.sh)
[msquic] stream: RECEIVE bytes=52 buffers=1 pending=0
[lat] dt_ms=46.9308 cmd=down key=p
[hidra] HID socket connect failed (/run/user/1000/hidra.kbd). Waiting for QEMU to listen... (set HID_SOCK or run scripts/run_qemu.sh)
[heal] key=19 heal_ms=120.875
[hidra] HID socket connect failed (/run/user/1000/hidra.kbd). Waiting for QEMU to listen... (set HID_SOCK or run scripts/run_qemu.sh)
[msquic] stream: RECEIVE bytes=52 buffers=1 pending=0
[hidra] HID socket connect failed (/run/user/1000/hidra.kbd). Waiting for QEMU to listen... (set HID_SOCK or run scripts/run_qemu.sh)
[msquic] stream: RECEIVE bytes=52 buffers=1 pending=0
[lat] dt_ms=67.9815 cmd=up key=a
[hidra] HID socket connect failed (/run/user/1000/hidra.kbd). Waiting for QEMU to listen... (set HID_SOCK or run scripts/run_qemu.sh)
[hidra] HID socket connect failed (/run/user/1000/hidra.kbd). Waiting for QEMU to listen... (set HID_SOCK or run scripts/run_qemu.sh)
[msquic] stream: RECEIVE bytes=52 buffers=1 pending=0
[heal] key=19 heal_ms=65.3342
[hidra] HID socket connect failed (/run/user/1000/hidra.kbd). Waiting for QEMU to listen... (set HID_SOCK or run scripts/run_qemu.sh)
[msquic] stream: RECEIVE bytes=52 buffers=1 pending=0
[lat] dt_ms=56.7428 cmd=down key=t
[hidra] HID socket connect failed (/run/user/1000/hidra.kbd). Waiting for QEMU to listen... (set HID_SOCK or run scripts/run_qemu.sh)
[lat] dt_ms=70.5105 cmd=up key=p
[hidra] HID socket connect failed (/run/user/1000/hidra.kbd). Waiting for QEMU to listen... (set HID_SOCK or run scripts/run_qemu.sh)
[hidra] HID socket connect failed (/run/user/1000/hidra.kbd). Waiting for QEMU to listen... (set HID_SOCK or run scripts/run_qemu.sh)
[msquic] stream: RECEIVE bytes=52 buffers=1 pending=0
[lat] dt_ms=63.9695 cmd=up key=t
[hidra] HID socket connect failed (/run/user/1000/hidra.kbd). Waiting for QEMU to listen... (set HID_SOCK or run scripts/run_qemu.sh)
[lat] dt_ms=57.8773 cmd=down key=ENTER
[hidra] HID socket connect failed (/run/user/1000/hidra.kbd). Waiting for QEMU to listen... (set HID_SOCK or run scripts/run_qemu.sh)
[hidra] HID socket connect failed (/run/user/1000/hidra.kbd). Waiting for QEMU to listen... (set HID_SOCK or run scripts/run_qemu.sh)
[msquic] stream: RECEIVE bytes=52 buffers=1 pending=0
[heal] key=40 heal_ms=140.297
[hidra] HID socket connect failed (/run/user/1000/hidra.kbd). Waiting for QEMU to listen... (set HID_SOCK or run scripts/run_qemu.sh)
[msquic] stream: RECEIVE bytes=52 buffers=1 pending=0
[lat] dt_ms=56.7261 cmd=up key=ENTER
[hidra] HID socket connect failed (/run/user/1000/hidra.kbd). Waiting for QEMU to listen... (set HID_SOCK or run scripts/run_qemu.sh)
[lat] dt_ms=48.6155 cmd=down key=a
[hidra] HID socket connect failed (/run/user/1000/hidra.kbd). Waiting for QEMU to listen... (set HID_SOCK or run scripts/run_qemu.sh)
[hidra] HID socket connect failed (/run/user/1000/hidra.kbd). Waiting for QEMU to listen... (set HID_SOCK or run scripts/run_qemu.sh)
[msquic] stream: RECEIVE bytes=52 buffers=1 pending=0
[heal] key=4 heal_ms=128.205
[hidra] HID socket connect failed (/run/user/1000/hidra.kbd). Waiting for QEMU to listen... (set HID_SOCK or run scripts/run_qemu.sh)
[msquic] stream: RECEIVE bytes=52 buffers=1 pending=0
[heal] key=40 heal_ms=76.9119
[hidra] HID socket connect failed (/run/user/1000/hidra.kbd). Waiting for QEMU to listen... (set HID_SOCK or run scripts/run_qemu.sh)
[msquic] stream: RECEIVE bytes=52 buffers=1 pending=0
[lat] dt_ms=53.5981 cmd=down key=p
[hidra] HID socket connect failed (/run/user/1000/hidra.kbd). Waiting for QEMU to listen... (set HID_SOCK or run scripts/run_qemu.sh)
[lat] dt_ms=43.3708 cmd=up key=p
[hidra] HID socket connect failed (/run/user/1000/hidra.kbd). Waiting for QEMU to listen... (set HID_SOCK or run scripts/run_qemu.sh)
[hidra] HID socket connect failed (/run/user/1000/hidra.kbd). Waiting for QEMU to listen... (set HID_SOCK or run scripts/run_qemu.sh)
[msquic] stream: RECEIVE bytes=52 buffers=1 pending=0
[lat] dt_ms=42.3108 cmd=down key=t
[hidra] HID socket connect failed (/run/user/1000/hidra.kbd). Waiting for QEMU to listen... (set HID_SOCK or run scripts/run_qemu.sh)
[lat] dt_ms=80.8659 cmd=up key=a
[hidra] HID socket connect failed (/run/user/1000/hidra.kbd). Waiting for QEMU to listen... (set HID_SOCK or run scripts/run_qemu.sh)
[hidra] HID socket connect failed (/run/user/1000/hidra.kbd). Waiting for QEMU to listen... (set HID_SOCK or run scripts/run_qemu.sh)
[msquic] stream: RECEIVE bytes=52 buffers=1 pending=0
[hidra] HID socket connect failed (/run/user/1000/hidra.kbd). Waiting for QEMU to listen... (set HID_SOCK or run scripts/run_qemu.sh)
[msquic] stream: RECEIVE bytes=52 buffers=1 pending=0
[hidra] HID socket connect failed (/run/user/1000/hidra.kbd). Waiting for QEMU to listen... (set HID_SOCK or run scripts/run_qemu.sh)
[msquic] stream: RECEIVE bytes=52 buffers=1 pending=0
[hidra] HID socket connect failed (/run/user/1000/hidra.kbd). Waiting for QEMU to listen... (set HID_SOCK or run scripts/run_qemu.sh)
[msquic] stream: RECEIVE bytes=52 buffers=1 pending=0
[hidra] HID socket connect failed (/run/user/1000/hidra.kbd). Waiting for QEMU to listen... (set HID_SOCK or run scripts/run_qemu.sh)
[msquic] stream: RECEIVE bytes=52 buffers=1 pending=0
[lat] dt_ms=56.2164 cmd=down key=ENTER
[hidra] HID socket connect failed (/run/user/1000/hidra.kbd). Waiting for QEMU to listen... (set HID_SOCK or run scripts/run_qemu.sh)
[lat] dt_ms=73.0253 cmd=up key=t
[hidra] HID socket connect failed (/run/user/1000/hidra.kbd). Waiting for QEMU to listen... (set HID_SOCK or run scripts/run_qemu.sh)
[hidra] HID socket connect failed (/run/user/1000/hidra.kbd). Waiting for QEMU to listen... (set HID_SOCK or run scripts/run_qemu.sh)
[msquic] stream: RECEIVE bytes=52 buffers=1 pending=0
[hidra] HID socket connect failed (/run/user/1000/hidra.kbd). Waiting for QEMU to listen... (set HID_SOCK or run scripts/run_qemu.sh)
[msquic] stream: RECEIVE bytes=52 buffers=1 pending=0
[heal] key=40 heal_ms=66.9954
[hidra] HID socket connect failed (/run/user/1000/hidra.kbd). Waiting for QEMU to listen... (set HID_SOCK or run scripts/run_qemu.sh)
[msquic] stream: RECEIVE bytes=52 buffers=1 pending=0
[lat] dt_ms=60.8344 cmd=down key=a
[hidra] HID socket connect failed (/run/user/1000/hidra.kbd). Waiting for QEMU to listen... (set HID_SOCK or run scripts/run_qemu.sh)
[heal] key=4 heal_ms=53.7549
[hidra] HID socket connect failed (/run/user/1000/hidra.kbd). Waiting for QEMU to listen... (set HID_SOCK or run scripts/run_qemu.sh)
[msquic] stream: RECEIVE bytes=52 buffers=1 pending=0
[lat] dt_ms=75.5479 cmd=up key=ENTER
[hidra] HID socket connect failed (/run/user/1000/hidra.kbd). Waiting for QEMU to listen... (set HID_SOCK or run scripts/run_qemu.sh)
[lat] dt_ms=44.3272 cmd=down key=p
[hidra] HID socket connect failed (/run/user/1000/hidra.kbd). Waiting for QEMU to listen... (set HID_SOCK or run scripts/run_qemu.sh)
[lat] dt_ms=64.9718 cmd=up key=a
[hidra] HID socket connect failed (/run/user/1000/hidra.kbd). Waiting for QEMU to listen... (set HID_SOCK or run scripts/run_qemu.sh)
[heal] key=19 heal_ms=133.183
[hidra] HID socket connect failed (/run/user/1000/hidra.kbd). Waiting for QEMU to listen... (set HID_SOCK or run scripts/run_qemu.sh)
[msquic] stream: RECEIVE bytes=52 buffers=1 pending=0
[lat] dt_ms=55.5774 cmd=up key=p
[hidra] HID socket connect failed (/run/user/1000/hidra.kbd). Waiting for QEMU to listen... (set HID_SOCK or run scripts/run_qemu.sh)
[hidra] HID socket connect failed (/run/user/1000/hidra.kbd). Waiting for QEMU to listen... (set HID_SOCK or run scripts/run_qemu.sh)
[msquic] stream: RECEIVE bytes=52 buffers=1 pending=0
[hidra] HID socket connect failed (/run/user/1000/hidra.kbd). Waiting for QEMU to listen... (set HID_SOCK or run scripts/run_qemu.sh)
[msquic] stream: RECEIVE bytes=52 buffers=1 pending=0
[lat] dt_ms=60.8969 cmd=down key=t
[hidra] HID socket connect failed (/run/user/1000/hidra.kbd). Waiting for QEMU to listen... (set HID_SOCK or run scripts/run_qemu.sh)
[msquic] stream: RECEIVE bytes=52 buffers=1 pending=0
[hidra] HID socket connect failed (/run/user/1000/hidra.kbd). Waiting for QEMU to listen... (set HID_SOCK or run scripts/run_qemu.sh)
[lat] dt_ms=46.846 cmd=down key=ENTER
[hidra] HID socket connect failed (/run/user/1000/hidra.kbd). Waiting for QEMU to listen... (set HID_SOCK or run scripts/run_qemu.sh)
[hidra] HID socket connect failed (/run/user/1000/hidra.kbd). Waiting for QEMU to listen... (set HID_SOCK or run scripts/run_qemu.sh)
[msquic] stream: RECEIVE bytes=52 buffers=1 pending=0
[hidra] HID socket connect failed (/run/user/1000/hidra.kbd). Waiting for QEMU to listen... (set HID_SOCK or run scripts/run_qemu.sh)
[msquic] stream: RECEIVE bytes=52 buffers=1 pending=0
[lat] dt_ms=67.2639 cmd=up key=t
[hidra] HID socket connect failed (/run/user/1000/hidra.kbd). Waiting for QEMU to listen... (set HID_SOCK or run scripts/run_qemu.sh)
[lat] dt_ms=47.3402 cmd=up key=ENTER
[hidra] HID socket connect failed (/run/user/1000/hidra.kbd). Waiting for QEMU to listen... (set HID_SOCK or run scripts/run_qemu.sh)
[hidra] HID socket connect failed (/run/user/1000/hidra.kbd). Waiting for QEMU to listen... (set HID_SOCK or run scripts/run_qemu.sh)
[msquic] stream: RECEIVE bytes=52 buffers=1 pending=0
[lat] dt_ms=54.3851 cmd=down key=a
[hidra] HID socket connect failed (/run/user/1000/hidra.kbd). Waiting for QEMU to listen... (set HID_SOCK or run scripts/run_qemu.sh)
[heal] key=4 heal_ms=48.9687
[hidra] HID socket connect failed (/run/user/1000/hidra.kbd). Waiting for QEMU to listen... (set HID_SOCK or run scripts/run_qemu.sh)
[hidra] HID socket connect failed (/run/user/1000/hidra.kbd). Waiting for QEMU to listen... (set HID_SOCK or run scripts/run_qemu.sh)
[msquic] stream: RECEIVE bytes=104 buffers=1 pending=0
[hidra] HID socket connect failed (/run/user/1000/hidra.kbd). Waiting for QEMU to listen... (set HID_SOCK or run scripts/run_qemu.sh)
[msquic] stream: RECEIVE bytes=52 buffers=1 pending=0
[hidra] HID socket connect failed (/run/user/1000/hidra.kbd). Waiting for QEMU to listen... (set HID_SOCK or run scripts/run_qemu.sh)
[msquic] stream: RECEIVE bytes=52 buffers=1 pending=0
[lat] dt_ms=63.8821 cmd=up key=a
[hidra] HID socket connect failed (/run/user/1000/hidra.kbd). Waiting for QEMU to listen... (set HID_SOCK or run scripts/run_qemu.sh)
[lat] dt_ms=70.9603 cmd=down key=p
[hidra] HID socket connect failed (/run/user/1000/hidra.kbd). Waiting for QEMU to listen... (set HID_SOCK or run scripts/run_qemu.sh)
[lat] dt_ms=48.6206 cmd=up key=t
[hidra] HID socket connect failed (/run/user/1000/hidra.kbd). Waiting for QEMU to listen... (set HID_SOCK or run scripts/run_qemu.sh)
[lat] dt_ms=69.2905 cmd=up key=p
[hidra] HID socket connect failed (/run/user/1000/hidra.kbd). Waiting for QEMU to listen... (set HID_SOCK or run scripts/run_qemu.sh)
[hidra] HID socket connect failed (/run/user/1000/hidra.kbd). Waiting for QEMU to listen... (set HID_SOCK or run scripts/run_qemu.sh)
[msquic] stream: RECEIVE bytes=52 buffers=1 pending=0
[hidra] HID socket connect failed (/run/user/1000/hidra.kbd). Waiting for QEMU to listen... (set HID_SOCK or run scripts/run_qemu.sh)
[msquic] stream: RECEIVE bytes=52 buffers=1 pending=0
[lat] dt_ms=69.4577 cmd=down key=t
[hidra] HID socket connect failed (/run/user/1000/hidra.kbd). Waiting for QEMU to listen... (set HID_SOCK or run scripts/run_qemu.sh)
[heal] key=23 heal_ms=61.4458
[hidra] HID socket connect failed (/run/user/1000/hidra.kbd). Waiting for QEMU to listen... (set HID_SOCK or run scripts/run_qemu.sh)
[msquic] stream: RECEIVE bytes=52 buffers=1 pending=0
[lat] dt_ms=59.9631 cmd=down key=ENTER
[hidra] HID socket connect failed (/run/user/1000/hidra.kbd). Waiting for QEMU to listen... (set HID_SOCK or run scripts/run_qemu.sh)
[heal] key=40 heal_ms=143.602
[hidra] HID socket connect failed (/run/user/1000/hidra.kbd). Waiting for QEMU to listen... (set HID_SOCK or run scripts/run_qemu.sh)
[msquic] stream: RECEIVE bytes=52 buffers=1 pending=0
[hidra] HID socket connect failed (/run/user/1000/hidra.kbd). Waiting for QEMU to listen... (set HID_SOCK or run scripts/run_qemu.sh)
[msquic] stream: RECEIVE bytes=52 buffers=1 pending=0
[hidra] HID socket connect failed (/run/user/1000/hidra.kbd). Waiting for QEMU to listen... (set HID_SOCK or run scripts/run_qemu.sh)
[msquic] stream: RECEIVE bytes=52 buffers=1 pending=0
[lat] dt_ms=67.4668 cmd=up key=ENTER
[hidra] HID socket connect failed (/run/user/1000/hidra.kbd). Waiting for QEMU to listen... (set HID_SOCK or run scripts/run_qemu.sh)
[hidra] HID socket connect failed (/run/user/1000/hidra.kbd). Waiting for QEMU to listen... (set HID_SOCK or run scripts/run_qemu.sh)
[msquic] stream: RECEIVE bytes=52 buffers=1 pending=0
[hidra] HID socket connect failed (/run/user/1000/hidra.kbd). Waiting for QEMU to listen... (set HID_SOCK or run scripts/run_qemu.sh)
[msquic] stream: RECEIVE bytes=52 buffers=1 pending=0
[lat] dt_ms=52.4813 cmd=up key=a
[hidra] HID socket connect failed (/run/user/1000/hidra.kbd). Waiting for QEMU to listen... (set HID_SOCK or run scripts/run_qemu.sh)
[heal] key=40 heal_ms=74.1288
[hidra] HID socket connect failed (/run/user/1000/hidra.kbd). Waiting for QEMU to listen... (set HID_SOCK or run scripts/run_qemu.sh)
[msquic] stream: RECEIVE bytes=52 buffers=1 pending=0
[lat] dt_ms=74.0505 cmd=down key=a
[hidra] HID socket connect failed (/run/user/1000/hidra.kbd). Waiting for QEMU to listen... (set HID_SOCK or run scripts/run_qemu.sh)
[lat] dt_ms=61.1067 cmd=down key=p
[hidra] HID socket connect failed (/run/user/1000/hidra.kbd). Waiting for QEMU to listen... (set HID_SOCK or run scripts/run_qemu.sh)
[heal] key=4 heal_ms=83.0068
[hidra] HID socket connect failed (/run/user/1000/hidra.kbd). Waiting for QEMU to listen... (set HID_SOCK or run scripts/run_qemu.sh)
[msquic] stream: RECEIVE bytes=52 buffers=1 pending=0
[lat] dt_ms=64.5572 cmd=up key=p
[hidra] HID socket connect failed (/run/user/1000/hidra.kbd). Waiting for QEMU to listen... (set HID_SOCK or run scripts/run_qemu.sh)
[hidra] HID socket connect failed (/run/user/1000/hidra.kbd). Waiting for QEMU to listen... (set HID_SOCK or run scripts/run_qemu.sh)
[msquic] stream: RECEIVE bytes=52 buffers=1 pending=0
[hidra] HID socket connect failed (/run/user/1000/hidra.kbd). Waiting for QEMU to listen... (set HID_SOCK or run scripts/run_qemu.sh)
[msquic] stream: RECEIVE bytes=52 buffers=1 pending=0
[lat] dt_ms=65.059 cmd=down key=t
[hidra] HID socket connect failed (/run/user/1000/hidra.kbd). Waiting for QEMU to listen... (set HID_SOCK or run scripts/run_qemu.sh)
[lat] dt_ms=45.4646 cmd=down key=ENTER
[hidra] HID socket connect failed (/run/user/1000/hidra.kbd). Waiting for QEMU to listen... (set HID_SOCK or run scripts/run_qemu.sh)
[hidra] HID socket connect failed (/run/user/1000/hidra.kbd). Waiting for QEMU to listen... (set HID_SOCK or run scripts/run_qemu.sh)
[msquic] stream: RECEIVE bytes=52 buffers=1 pending=0
[hidra] HID socket connect failed (/run/user/1000/hidra.kbd). Waiting for QEMU to listen... (set HID_SOCK or run scripts/run_qemu.sh)
[msquic] stream: RECEIVE bytes=52 buffers=1 pending=0
[hidra] HID socket connect failed (/run/user/1000/hidra.kbd). Waiting for QEMU to listen... (set HID_SOCK or run scripts/run_qemu.sh)
[msquic] stream: RECEIVE bytes=52 buffers=1 pending=0
[lat] dt_ms=65.5357 cmd=up key=ENTER
[hidra] HID socket connect failed (/run/user/1000/hidra.kbd). Waiting for QEMU to listen... (set HID_SOCK or run scripts/run_qemu.sh)
[hidra] HID socket connect failed (/run/user/1000/hidra.kbd). Waiting for QEMU to listen... (set HID_SOCK or run scripts/run_qemu.sh)
[msquic] stream: RECEIVE bytes=52 buffers=1 pending=0
[lat] dt_ms=41.6704 cmd=down key=p
[hidra] HID socket connect failed (/run/user/1000/hidra.kbd). Waiting for QEMU to listen... (set HID_SOCK or run scripts/run_qemu.sh)
[lat] dt_ms=66.7194 cmd=up key=a
[hidra] HID socket connect failed (/run/user/1000/hidra.kbd). Waiting for QEMU to listen... (set HID_SOCK or run scripts/run_qemu.sh)
[lat] dt_ms=77.7608 cmd=down key=a
[hidra] HID socket connect failed (/run/user/1000/hidra.kbd). Waiting for QEMU to listen... (set HID_SOCK or run scripts/run_qemu.sh)
[hidra] HID socket connect failed (/run/user/1000/hidra.kbd). Waiting for QEMU to listen... (set HID_SOCK or run scripts/run_qemu.sh)
[msquic] stream: RECEIVE bytes=52 buffers=2 pending=0
[heal] key=4 heal_ms=78.413
[hidra] HID socket connect failed (/run/user/1000/hidra.kbd). Waiting for QEMU to listen... (set HID_SOCK or run scripts/run_qemu.sh)
[msquic] stream: RECEIVE bytes=52 buffers=1 pending=0
[lat] dt_ms=60.2718 cmd=up key=p
[hidra] HID socket connect failed (/run/user/1000/hidra.kbd). Waiting for QEMU to listen... (set HID_SOCK or run scripts/run_qemu.sh)
[hidra] HID socket connect failed (/run/user/1000/hidra.kbd). Waiting for QEMU to listen... (set HID_SOCK or run scripts/run_qemu.sh)
[msquic] stream: RECEIVE bytes=52 buffers=1 pending=0
[hidra] HID socket connect failed (/run/user/1000/hidra.kbd). Waiting for QEMU to listen... (set HID_SOCK or run scripts/run_qemu.sh)
[msquic] stream: RECEIVE bytes=52 buffers=1 pending=0
[heal] key=23 heal_ms=139.211
[hidra] HID socket connect failed (/run/user/1000/hidra.kbd). Waiting for QEMU to listen... (set HID_SOCK or run scripts/run_qemu.sh)
[msquic] stream: RECEIVE bytes=52 buffers=1 pending=0
[lat] dt_ms=59.8899 cmd=up key=t
[hidra] HID socket connect failed (/run/user/1000/hidra.kbd). Waiting for QEMU to listen... (set HID_SOCK or run scripts/run_qemu.sh)
[lat] dt_ms=53.8269 cmd=down key=ENTER
[hidra] HID socket connect failed (/run/user/1000/hidra.kbd). Waiting for QEMU to listen... (set HID_SOCK or run scripts/run_qemu.sh)
[lat] dt_ms=74.5782 cmd=down key=t
[hidra] HID socket connect failed (/run/user/1000/hidra.kbd). Waiting for QEMU to listen... (set HID_SOCK or run scripts/run_qemu.sh)
[heal] key=23 heal_ms=72.3407
[heal] key=40 heal_ms=135.738
[hidra] HID socket connect failed (/run/user/1000/hidra.kbd). Waiting for QEMU to listen... (set HID_SOCK or run scripts/run_qemu.sh)
[hidra] HID socket connect failed (/run/user/1000/hidra.kbd). Waiting for QEMU to listen... (set HID_SOCK or run scripts/run_qemu.sh)
[msquic] stream: RECEIVE bytes=104 buffers=1 pending=0
[hidra] HID socket connect failed (/run/user/1000/hidra.kbd). Waiting for QEMU to listen... (set HID_SOCK or run scripts/run_qemu.sh)
[msquic] stream: RECEIVE bytes=52 buffers=1 pending=0
[hidra] HID socket connect failed (/run/user/1000/hidra.kbd). Waiting for QEMU to listen... (set HID_SOCK or run scripts/run_qemu.sh)
[msquic] stream: RECEIVE bytes=52 buffers=1 pending=0
[lat] dt_ms=60.1292 cmd=down key=a
[hidra] HID socket connect failed (/run/user/1000/hidra.kbd). Waiting for QEMU to listen... (set HID_SOCK or run scripts/run_qemu.sh)
[lat] dt_ms=76.097 cmd=up key=ENTER
[hidra] HID socket connect failed (/run/user/1000/hidra.kbd). Waiting for QEMU to listen... (set HID_SOCK or run scripts/run_qemu.sh)
[heal] key=4 heal_ms=61.2928
[hidra] HID socket connect failed (/run/user/1000/hidra.kbd). Waiting for QEMU to listen... (set HID_SOCK or run scripts/run_qemu.sh)
[msquic] stream: RECEIVE bytes=52 buffers=1 pending=0
[hidra] HID socket connect failed (/run/user/1000/hidra.kbd). Waiting for QEMU to listen... (set HID_SOCK or run scripts/run_qemu.sh)
[msquic] stream: RECEIVE bytes=52 buffers=1 pending=0
[hidra] HID socket connect failed (/run/user/1000/hidra.kbd). Waiting for QEMU to listen... (set HID_SOCK or run scripts/run_qemu.sh)
[msquic] stream: RECEIVE bytes=52 buffers=1 pending=0
[lat] dt_ms=72.551 cmd=up key=a
[hidra] HID socket connect failed (/run/user/1000/hidra.kbd). Waiting for QEMU to listen... (set HID_SOCK or run scripts/run_qemu.sh)
[hidra] HID socket connect failed (/run/user/1000/hidra.kbd). Waiting for QEMU to listen... (set HID_SOCK or run scripts/run_qemu.sh)
[msquic] stream: RECEIVE bytes=52 buffers=1 pending=0
[lat] dt_ms=62.9714 cmd=down key=p
[hidra] HID socket connect failed (/run/user/1000/hidra.kbd). Waiting for QEMU to listen... (set HID_SOCK or run scripts/run_qemu.sh)
[hidra] HID socket connect failed (/run/user/1000/hidra.kbd). Waiting for QEMU to listen... (set HID_SOCK or run scripts/run_qemu.sh)
[msquic] stream: RECEIVE bytes=52 buffers=1 pending=0
[hidra] HID socket connect failed (/run/user/1000/hidra.kbd). Waiting for QEMU to listen... (set HID_SOCK or run scripts/run_qemu.sh)
[msquic] stream: RECEIVE bytes=52 buffers=1 pending=0
[lat] dt_ms=74.6815 cmd=up key=p
[hidra] HID socket connect failed (/run/user/1000/hidra.kbd). Waiting for QEMU to listen... (set HID_SOCK or run scripts/run_qemu.sh)
[heal] key=23 heal_ms=61.1135
[hidra] HID socket connect failed (/run/user/1000/hidra.kbd). Waiting for QEMU to listen... (set HID_SOCK or run scripts/run_qemu.sh)
[msquic] stream: RECEIVE bytes=52 buffers=1 pending=0
[lat] dt_ms=52.8971 cmd=down key=ENTER
[hidra] HID socket connect failed (/run/user/1000/hidra.kbd). Waiting for QEMU to listen... (set HID_SOCK or run scripts/run_qemu.sh)
[lat] dt_ms=45.2094 cmd=up key=ENTER
[hidra] HID socket connect failed (/run/user/1000/hidra.kbd). Waiting for QEMU to listen... (set HID_SOCK or run scripts/run_qemu.sh)
[hidra] HID socket connect failed (/run/user/1000/hidra.kbd). Waiting for QEMU to listen... (set HID_SOCK or run scripts/run_qemu.sh)
[msquic] stream: RECEIVE bytes=52 buffers=1 pending=0
[hidra] HID socket connect failed (/run/user/1000/hidra.kbd). Waiting for QEMU to listen... (set HID_SOCK or run scripts/run_qemu.sh)
[msquic] stream: RECEIVE bytes=52 buffers=1 pending=0
[lat] dt_ms=76.2958 cmd=up key=t
[hidra] HID socket connect failed (/run/user/1000/hidra.kbd). Waiting for QEMU to listen... (set HID_SOCK or run scripts/run_qemu.sh)
[lat] dt_ms=55.7045 cmd=up key=a
[hidra] HID socket connect failed (/run/user/1000/hidra.kbd). Waiting for QEMU to listen... (set HID_SOCK or run scripts/run_qemu.sh)
[hidra] HID socket connect failed (/run/user/1000/hidra.kbd). Waiting for QEMU to listen... (set HID_SOCK or run scripts/run_qemu.sh)
[msquic] stream: RECEIVE bytes=52 buffers=1 pending=0
[hidra] HID socket connect failed (/run/user/1000/hidra.kbd). Waiting for QEMU to listen... (set HID_SOCK or run scripts/run_qemu.sh)
[msquic] stream: RECEIVE bytes=52 buffers=1 pending=0
[lat] dt_ms=74.0685 cmd=down key=a
[hidra] HID socket connect failed (/run/user/1000/hidra.kbd). Waiting for QEMU to listen... (set HID_SOCK or run scripts/run_qemu.sh)
[lat] dt_ms=56.9919 cmd=down key=p
[hidra] HID socket connect failed (/run/user/1000/hidra.kbd). Waiting for QEMU to listen... (set HID_SOCK or run scripts/run_qemu.sh)
[hidra] HID socket connect failed (/run/user/1000/hidra.kbd). Waiting for QEMU to listen... (set HID_SOCK or run scripts/run_qemu.sh)
[msquic] stream: RECEIVE bytes=52 buffers=1 pending=0
[hidra] HID socket connect failed (/run/user/1000/hidra.kbd). Waiting for QEMU to listen... (set HID_SOCK or run scripts/run_qemu.sh)
[msquic] stream: RECEIVE bytes=52 buffers=1 pending=0
[hidra] HID socket connect failed (/run/user/1000/hidra.kbd). Waiting for QEMU to listen... (set HID_SOCK or run scripts/run_qemu.sh)
[msquic] stream: RECEIVE bytes=52 buffers=1 pending=0
[hidra] HID socket connect failed (/run/user/1000/hidra.kbd). Waiting for QEMU to listen... (set HID_SOCK or run scripts/run_qemu.sh)
[hidra] HID socket connect failed (/run/user/1000/hidra.kbd). Waiting for QEMU to listen... (set HID_SOCK or run scripts/run_qemu.sh)
[msquic] stream: RECEIVE bytes=104 buffers=1 pending=0
[lat] dt_ms=76.088 cmd=up key=p
[hidra] HID socket connect failed (/run/user/1000/hidra.kbd). Waiting for QEMU to listen... (set HID_SOCK or run scripts/run_qemu.sh)
[lat] dt_ms=61.2129 cmd=up key=t
[hidra] HID socket connect failed (/run/user/1000/hidra.kbd). Waiting for QEMU to listen... (set HID_SOCK or run scripts/run_qemu.sh)
[lat] dt_ms=76.968 cmd=down key=t
[hidra] HID socket connect failed (/run/user/1000/hidra.kbd). Waiting for QEMU to listen... (set HID_SOCK or run scripts/run_qemu.sh)
[heal] key=23 heal_ms=66.5148
[hidra] HID socket connect failed (/run/user/1000/hidra.kbd). Waiting for QEMU to listen... (set HID_SOCK or run scripts/run_qemu.sh)
[msquic] stream: RECEIVE bytes=52 buffers=1 pending=0
[hidra] HID socket connect failed (/run/user/1000/hidra.kbd). Waiting for QEMU to listen... (set HID_SOCK or run scripts/run_qemu.sh)
[msquic] stream: RECEIVE bytes=52 buffers=1 pending=0
[lat] dt_ms=42.0746 cmd=up key=a
[hidra] HID socket connect failed (/run/user/1000/hidra.kbd). Waiting for QEMU to listen... (set HID_SOCK or run scripts/run_qemu.sh)
[hidra] HID socket connect failed (/run/user/1000/hidra.kbd). Waiting for QEMU to listen... (set HID_SOCK or run scripts/run_qemu.sh)
[msquic] stream: RECEIVE bytes=52 buffers=1 pending=0
[heal] key=40 heal_ms=78.8123
[hidra] HID socket connect failed (/run/user/1000/hidra.kbd). Waiting for QEMU to listen... (set HID_SOCK or run scripts/run_qemu.sh)
[msquic] stream: RECEIVE bytes=52 buffers=1 pending=0
[lat] dt_ms=69.2617 cmd=down key=a
[hidra] HID socket connect failed (/run/user/1000/hidra.kbd). Waiting for QEMU to listen... (set HID_SOCK or run scripts/run_qemu.sh)
[heal] key=19 heal_ms=122.117
[hidra] HID socket connect failed (/run/user/1000/hidra.kbd). Waiting for QEMU to listen... (set HID_SOCK or run scripts/run_qemu.sh)
[msquic] stream: RECEIVE bytes=52 buffers=1 pending=0
[lat] dt_ms=56.4225 cmd=down key=p
[hidra] HID socket connect failed (/run/user/1000/hidra.kbd). Waiting for QEMU to listen... (set HID_SOCK or run scripts/run_qemu.sh)
[lat] dt_ms=44.5756 cmd=down key=t
[hidra] HID socket connect failed (/run/user/1000/hidra.kbd). Waiting for QEMU to listen... (set HID_SOCK or run scripts/run_qemu.sh)
[hidra] HID socket connect failed (/run/user/1000/hidra.kbd). Waiting for QEMU to listen... (set HID_SOCK or run scripts/run_qemu.sh)
[hidra] HID socket connect failed (/run/user/1000/hidra.kbd). Waiting for QEMU to listen... (set HID_SOCK or run scripts/run_qemu.sh)
[msquic] stream: RECEIVE bytes=104 buffers=1 pending=0
[lat] dt_ms=57.6678 cmd=up key=p
[hidra] HID socket connect failed (/run/user/1000/hidra.kbd). Waiting for QEMU to listen... (set HID_SOCK or run scripts/run_qemu.sh)
[hidra] HID socket connect failed (/run/user/1000/hidra.kbd). Waiting for QEMU to listen... (set HID_SOCK or run scripts/run_qemu.sh)
[msquic] stream: RECEIVE bytes=52 buffers=1 pending=0
[lat] dt_ms=69.6717 cmd=up key=t
[hidra] HID socket connect failed (/run/user/1000/hidra.kbd). Waiting for QEMU to listen... (set HID_SOCK or run scripts/run_qemu.sh)
[hidra] HID socket connect failed (/run/user/1000/hidra.kbd). Waiting for QEMU to listen... (set HID_SOCK or run scripts/run_qemu.sh)
[msquic] stream: RECEIVE bytes=52 buffers=1 pending=0
[lat] dt_ms=55.2527 cmd=up key=ENTER
[hidra] HID socket connect failed (/run/user/1000/hidra.kbd). Waiting for QEMU to listen... (set HID_SOCK or run scripts/run_qemu.sh)
[hidra] HID socket connect failed (/run/user/1000/hidra.kbd). Waiting for QEMU to listen... (set HID_SOCK or run scripts/run_qemu.sh)
[msquic] stream: RECEIVE bytes=52 buffers=1 pending=0
[lat] dt_ms=41.527 cmd=up key=a
[hidra] HID socket connect failed (/run/user/1000/hidra.kbd). Waiting for QEMU to listen... (set HID_SOCK or run scripts/run_qemu.sh)
[hidra] HID socket connect failed (/run/user/1000/hidra.kbd). Waiting for QEMU to listen... (set HID_SOCK or run scripts/run_qemu.sh)
[msquic] stream: RECEIVE bytes=52 buffers=1 pending=0
[hidra] HID socket connect failed (/run/user/1000/hidra.kbd). Waiting for QEMU to listen... (set HID_SOCK or run scripts/run_qemu.sh)
[msquic] stream: RECEIVE bytes=52 buffers=1 pending=0
[lat] dt_ms=76.6506 cmd=down key=ENTER
[hidra] HID socket connect failed (/run/user/1000/hidra.kbd). Waiting for QEMU to listen... (set HID_SOCK or run scripts/run_qemu.sh)
[lat] dt_ms=62.0082 cmd=down key=a
[hidra] HID socket connect failed (/run/user/1000/hidra.kbd). Waiting for QEMU to listen... (set HID_SOCK or run scripts/run_qemu.sh)
[heal] key=40 heal_ms=88.7576
[heal] key=4 heal_ms=67.7439
[hidra] HID socket connect failed (/run/user/1000/hidra.kbd). Waiting for QEMU to listen... (set HID_SOCK or run scripts/run_qemu.sh)
[msquic] stream: RECEIVE bytes=52 buffers=1 pending=0
[hidra] HID socket connect failed (/run/user/1000/hidra.kbd). Waiting for QEMU to listen... (set HID_SOCK or run scripts/run_qemu.sh)
[msquic] stream: RECEIVE bytes=52 buffers=1 pending=0
[hidra] HID socket connect failed (/run/user/1000/hidra.kbd). Waiting for QEMU to listen... (set HID_SOCK or run scripts/run_qemu.sh)
[msquic] stream: RECEIVE bytes=52 buffers=1 pending=0
[heal] key=19 heal_ms=65.3299
[hidra] HID socket connect failed (/run/user/1000/hidra.kbd). Waiting for QEMU to listen... (set HID_SOCK or run scripts/run_qemu.sh)
[msquic] stream: RECEIVE bytes=52 buffers=1 pending=0
[lat] dt_ms=76.7322 cmd=down key=p
[hidra] HID socket connect failed (/run/user/1000/hidra.kbd). Waiting for QEMU to listen... (set HID_SOCK or run scripts/run_qemu.sh)
[lat] dt_ms=67.4409 cmd=up key=p
[hidra] HID socket connect failed (/run/user/1000/hidra.kbd). Waiting for QEMU to listen... (set HID_SOCK or run scripts/run_qemu.sh)
[lat] dt_ms=51.6326 cmd=up key=t
[hidra] HID socket connect failed (/run/user/1000/hidra.kbd). Waiting for QEMU to listen... (set HID_SOCK or run scripts/run_qemu.sh)
[lat] dt_ms=43.0641 cmd=down key=ENTER
[hidra] HID socket connect failed (/run/user/1000/hidra.kbd). Waiting for QEMU to listen... (set HID_SOCK or run scripts/run_qemu.sh)
[hidra] HID socket connect failed (/run/user/1000/hidra.kbd). Waiting for QEMU to listen... (set HID_SOCK or run scripts/run_qemu.sh)
[hidra] HID socket connect failed (/run/user/1000/hidra.kbd). Waiting for QEMU to listen... (set HID_SOCK or run scripts/run_qemu.sh)
[msquic] stream: RECEIVE bytes=104 buffers=1 pending=0
[hidra] HID socket connect failed (/run/user/1000/hidra.kbd). Waiting for QEMU to listen... (set HID_SOCK or run scripts/run_qemu.sh)
[msquic] stream: RECEIVE bytes=52 buffers=1 pending=0
[lat] dt_ms=77.9535 cmd=down key=t
[hidra] HID socket connect failed (/run/user/1000/hidra.kbd). Waiting for QEMU to listen... (set HID_SOCK or run scripts/run_qemu.sh)
[heal] key=23 heal_ms=74.8295
[hidra] HID socket connect failed (/run/user/1000/hidra.kbd). Waiting for QEMU to listen... (set HID_SOCK or run scripts/run_qemu.sh)
[msquic] stream: RECEIVE bytes=52 buffers=1 pending=0
[hidra] HID socket connect failed (/run/user/1000/hidra.kbd). Waiting for QEMU to listen... (set HID_SOCK or run scripts/run_qemu.sh)
[msquic] stream: RECEIVE bytes=52 buffers=1 pending=0
[lat] dt_ms=59.883 cmd=down key=a
[hidra] HID socket connect failed (/run/user/1000/hidra.kbd). Waiting for QEMU to listen... (set HID_SOCK or run scripts/run_qemu.sh)
[hidra] HID socket connect failed (/run/user/1000/hidra.kbd). Waiting for QEMU to listen... (set HID_SOCK or run scripts/run_qemu.sh)
[msquic] stream: RECEIVE bytes=52 buffers=1 pending=0
[lat] dt_ms=53.9044 cmd=up key=a
[hidra] HID socket connect failed (/run/user/1000/hidra.kbd). Waiting for QEMU to listen... (set HID_SOCK or run scripts/run_qemu.sh)
[lat] dt_ms=43.4749 cmd=down key=p
[hidra] HID socket connect failed (/run/user/1000/hidra.kbd). Waiting for QEMU to listen... (set HID_SOCK or run scripts/run_qemu.sh)
[lat] dt_ms=80.3473 cmd=up key=ENTER
[hidra] HID socket connect failed (/run/user/1000/hidra.kbd). Waiting for QEMU to listen... (set HID_SOCK or run scripts/run_qemu.sh)
[hidra] HID socket connect failed (/run/user/1000/hidra.kbd). Waiting for QEMU to listen... (set HID_SOCK or run scripts/run_qemu.sh)
[msquic] stream: RECEIVE bytes=52 buffers=1 pending=0
[lat] dt_ms=41.0029 cmd=down key=t
[hidra] HID socket connect failed (/run/user/1000/hidra.kbd). Waiting for QEMU to listen... (set HID_SOCK or run scripts/run_qemu.sh)
[hidra] HID socket connect failed (/run/user/1000/hidra.kbd). Waiting for QEMU to listen... (set HID_SOCK or run scripts/run_qemu.sh)
[msquic] stream: RECEIVE bytes=52 buffers=1 pending=0
[lat] dt_ms=77.4084 cmd=up key=p
[hidra] HID socket connect failed (/run/user/1000/hidra.kbd). Waiting for QEMU to listen... (set HID_SOCK or run scripts/run_qemu.sh)
[lat] dt_ms=47.0791 cmd=down key=ENTER
[hidra] HID socket connect failed (/run/user/1000/hidra.kbd). Waiting for QEMU to listen... (set HID_SOCK or run scripts/run_qemu.sh)
[hidra] snapshot v1 mods=0x0 pressed=1
[hidra] HID socket connect failed (/run/user/1000/hidra.kbd). Waiting for QEMU to listen... (set HID_SOCK or run scripts/run_qemu.sh)
[msquic] stream: RECEIVE bytes=52 buffers=1 pending=0
[hidra] HID socket connect failed (/run/user/1000/hidra.kbd). Waiting for QEMU to listen... (set HID_SOCK or run scripts/run_qemu.sh)
[msquic] stream: RECEIVE bytes=52 buffers=1 pending=0
[hidra] HID socket connect failed (/run/user/1000/hidra.kbd). Waiting for QEMU to listen... (set HID_SOCK or run scripts/run_qemu.sh)
[msquic] stream: RECEIVE bytes=52 buffers=1 pending=0
[lat] dt_ms=43.075 cmd=up key=ENTER
[hidra] HID socket connect failed (/run/user/1000/hidra.kbd). Waiting for QEMU to listen... (set HID_SOCK or run scripts/run_qemu.sh)
[lat] dt_ms=72.3574 cmd=up key=t
[hidra] HID socket connect failed (/run/user/1000/hidra.kbd). Waiting for QEMU to listen... (set HID_SOCK or run scripts/run_qemu.sh)
[hidra] HID socket connect failed (/run/user/1000/hidra.kbd). Waiting for QEMU to listen... (set HID_SOCK or run scripts/run_qemu.sh)
[msquic] stream: RECEIVE bytes=52 buffers=1 pending=0
[hidra] HID socket connect failed (/run/user/1000/hidra.kbd). Waiting for QEMU to listen... (set HID_SOCK or run scripts/run_qemu.sh)
[msquic] stream: RECEIVE bytes=52 buffers=1 pending=0
[hidra] HID socket connect failed (/run/user/1000/hidra.kbd). Waiting for QEMU to listen... (set HID_SOCK or run scripts/run_qemu.sh)
[msquic] stream: RECEIVE bytes=52 buffers=1 pending=0
[hidra] HID socket connect failed (/run/user/1000/hidra.kbd). Waiting for QEMU to listen... (set HID_SOCK or run scripts/run_qemu.sh)
[msquic] stream: RECEIVE bytes=52 buffers=1 pending=0
[lat] dt_ms=45.385 cmd=down key=p
[hidra] HID socket connect failed (/run/user/1000/hidra.kbd). Waiting for QEMU to listen... (set HID_SOCK or run scripts/run_qemu.sh)
[lat] dt_ms=67.2774 cmd=down key=a
[hidra] HID socket connect failed (/run/user/1000/hidra.kbd). Waiting for QEMU to listen... (set HID_SOCK or run scripts/run_qemu.sh)
[hidra] HID socket connect failed (/run/user/1000/hidra.kbd). Waiting for QEMU to listen... (set HID_SOCK or run scripts/run_qemu.sh)
[msquic] stream: RECEIVE bytes=52 buffers=1 pending=0
[hidra] HID socket connect failed (/run/user/1000/hidra.kbd). Waiting for QEMU to listen... (set HID_SOCK or run scripts/run_qemu.sh)
[msquic] stream: RECEIVE bytes=52 buffers=1 pending=0
[lat] dt_ms=75.9433 cmd=up key=a
[hidra] HID socket connect failed (/run/user/1000/hidra.kbd). Waiting for QEMU to listen... (set HID_SOCK or run scripts/run_qemu.sh)
[hidra] HID socket connect failed (/run/user/1000/hidra.kbd). Waiting for QEMU to listen... (set HID_SOCK or run scripts/run_qemu.sh)
[msquic] stream: RECEIVE bytes=52 buffers=1 pending=0
[hidra] HID socket connect failed (/run/user/1000/hidra.kbd). Waiting for QEMU to listen... (set HID_SOCK or run scripts/run_qemu.sh)
[msquic] stream: RECEIVE bytes=52 buffers=1 pending=0
[lat] dt_ms=75.256 cmd=up key=p
[hidra] HID socket connect failed (/run/user/1000/hidra.kbd). Waiting for QEMU to listen... (set HID_SOCK or run scripts/run_qemu.sh)
[hidra] HID socket connect failed (/run/user/1000/hidra.kbd). Waiting for QEMU to listen... (set HID_SOCK or run scripts/run_qemu.sh)
[msquic] stream: RECEIVE bytes=52 buffers=1 pending=0
[lat] dt_ms=49.3971 cmd=down key=ENTER
[hidra] HID socket connect failed (/run/user/1000/hidra.kbd). Waiting for QEMU to listen... (set HID_SOCK or run scripts/run_qemu.sh)
[lat] dt_ms=66.777 cmd=up key=t
[hidra] HID socket connect failed (/run/user/1000/hidra.kbd). Waiting for QEMU to listen... (set HID_SOCK or run scripts/run_qemu.sh)
[lat] dt_ms=78.4347 cmd=down key=t
[hidra] HID socket connect failed (/run/user/1000/hidra.kbd). Waiting for QEMU to listen... (set HID_SOCK or run scripts/run_qemu.sh)
[heal] key=40 heal_ms=53.4404
[hidra] HID socket connect failed (/run/user/1000/hidra.kbd). Waiting for QEMU to listen... (set HID_SOCK or run scripts/run_qemu.sh)
[msquic] stream: RECEIVE bytes=52 buffers=1 pending=0
[heal] key=23 heal_ms=84.4241
[hidra] HID socket connect failed (/run/user/1000/hidra.kbd). Waiting for QEMU to listen... (set HID_SOCK or run scripts/run_qemu.sh)
[msquic] stream: RECEIVE bytes=52 buffers=1 pending=0
[hidra] HID socket connect failed (/run/user/1000/hidra.kbd). Waiting for QEMU to listen... (set HID_SOCK or run scripts/run_qemu.sh)
[msquic] stream: RECEIVE bytes=52 buffers=1 pending=0
[lat] dt_ms=47.9186 cmd=up key=a
[hidra] HID socket connect failed (/run/user/1000/hidra.kbd). Waiting for QEMU to listen... (set HID_SOCK or run scripts/run_qemu.sh)
[hidra] HID socket connect failed (/run/user/1000/hidra.kbd). Waiting for QEMU to listen... (set HID_SOCK or run scripts/run_qemu.sh)
[msquic] stream: RECEIVE bytes=52 buffers=1 pending=0
[lat] dt_ms=60.8905 cmd=down key=a
[hidra] HID socket connect failed (/run/user/1000/hidra.kbd). Waiting for QEMU to listen... (set HID_SOCK or run scripts/run_qemu.sh)
[lat] dt_ms=42.2398 cmd=down key=p
[hidra] HID socket connect failed (/run/user/1000/hidra.kbd). Waiting for QEMU to listen... (set HID_SOCK or run scripts/run_qemu.sh)
[lat] dt_ms=79.7863 cmd=up key=ENTER
[hidra] HID socket connect failed (/run/user/1000/hidra.kbd). Waiting for QEMU to listen... (set HID_SOCK or run scripts/run_qemu.sh)
[heal] key=4 heal_ms=66.8171
[hidra] HID socket connect failed (/run/user/1000/hidra.kbd). Waiting for QEMU to listen... (set HID_SOCK or run scripts/run_qemu.sh)
[msquic] stream: RECEIVE bytes=52 buffers=1 pending=0
[hidra] HID socket connect failed (/run/user/1000/hidra.kbd). Waiting for QEMU to listen... (set HID_SOCK or run scripts/run_qemu.sh)
[msquic] stream: RECEIVE bytes=52 buffers=1 pending=0
[hidra] HID socket connect failed (/run/user/1000/hidra.kbd). Waiting for QEMU to listen... (set HID_SOCK or run scripts/run_qemu.sh)
[msquic] stream: RECEIVE bytes=52 buffers=1 pending=0
[lat] dt_ms=51.5739 cmd=up key=t
[hidra] HID socket connect failed (/run/user/1000/hidra.kbd). Waiting for QEMU to listen... (set HID_SOCK or run scripts/run_qemu.sh)
[hidra] HID socket connect failed (/run/user/1000/hidra.kbd). Waiting for QEMU to listen... (set HID_SOCK or run scripts/run_qemu.sh)
[msquic] stream: RECEIVE bytes=52 buffers=1 pending=0
[lat] dt_ms=44.0162 cmd=down key=ENTER
[hidra] HID socket connect failed (/run/user/1000/hidra.kbd). Waiting for QEMU to listen... (set HID_SOCK or run scripts/run_qemu.sh)
[lat] dt_ms=80.7488 cmd=up key=p
[hidra] HID socket connect failed (/run/user/1000/hidra.kbd). Waiting for QEMU to listen... (set HID_SOCK or run scripts/run_qemu.sh)
[lat] dt_ms=73.7558 cmd=down key=t
[hidra] HID socket connect failed (/run/user/1000/hidra.kbd). Waiting for QEMU to listen... (set HID_SOCK or run scripts/run_qemu.sh)
[heal] key=23 heal_ms=65.7112
[hidra] HID socket connect failed (/run/user/1000/hidra.kbd). Waiting for QEMU to listen... (set HID_SOCK or run scripts/run_qemu.sh)
[msquic] stream: RECEIVE bytes=52 buffers=1 pending=0
[hidra] HID socket connect failed (/run/user/1000/hidra.kbd). Waiting for QEMU to listen... (set HID_SOCK or run scripts/run_qemu.sh)
[msquic] stream: RECEIVE bytes=52 buffers=1 pending=0
[lat] dt_ms=49.6378 cmd=down key=a
[hidra] HID socket connect failed (/run/user/1000/hidra.kbd). Waiting for QEMU to listen... (set HID_SOCK or run scripts/run_qemu.sh)
[lat] dt_ms=44.636 cmd=up key=a
[hidra] HID socket connect failed (/run/user/1000/hidra.kbd). Waiting for QEMU to listen... (set HID_SOCK or run scripts/run_qemu.sh)
[lat] dt_ms=76.8393 cmd=up key=ENTER
[hidra] HID socket connect failed (/run/user/1000/hidra.kbd). Waiting for QEMU to listen... (set HID_SOCK or run scripts/run_qemu.sh)
[hidra] HID socket connect failed (/run/user/1000/hidra.kbd). Waiting for QEMU to listen... (set HID_SOCK or run scripts/run_qemu.sh)
[msquic] stream: RECEIVE bytes=52 buffers=1 pending=0
[lat] dt_ms=53.681 cmd=down key=p
[hidra] HID socket connect failed (/run/user/1000/hidra.kbd). Waiting for QEMU to listen... (set HID_SOCK or run scripts/run_qemu.sh)
[lat] dt_ms=44.2904 cmd=up key=p
[hidra] HID socket connect failed (/run/user/1000/hidra.kbd). Waiting for QEMU to listen... (set HID_SOCK or run scripts/run_qemu.sh)
[hidra] HID socket connect failed (/run/user/1000/hidra.kbd). Waiting for QEMU to listen... (set HID_SOCK or run scripts/run_qemu.sh)
[hidra] HID socket connect failed (/run/user/1000/hidra.kbd). Waiting for QEMU to listen... (set HID_SOCK or run scripts/run_qemu.sh)
[msquic] stream: RECEIVE bytes=104 buffers=1 pending=0
[hidra] HID socket connect failed (/run/user/1000/hidra.kbd). Waiting for QEMU to listen... (set HID_SOCK or run scripts/run_qemu.sh)
[hidra] HID socket connect failed (/run/user/1000/hidra.kbd). Waiting for QEMU to listen... (set HID_SOCK or run scripts/run_qemu.sh)
[msquic] stream: RECEIVE bytes=104 buffers=1 pending=0
[lat] dt_ms=45.9673 cmd=down key=t
[hidra] HID socket connect failed (/run/user/1000/hidra.kbd). Waiting for QEMU to listen... (set HID_SOCK or run scripts/run_qemu.sh)
[lat] dt_ms=44.5424 cmd=up key=t
[hidra] HID socket connect failed (/run/user/1000/hidra.kbd). Waiting for QEMU to listen... (set HID_SOCK or run scripts/run_qemu.sh)
[heal] key=4 heal_ms=93.2901
[hidra] HID socket connect failed (/run/user/1000/hidra.kbd). Waiting for QEMU to listen... (set HID_SOCK or run scripts/run_qemu.sh)
[msquic] stream: RECEIVE bytes=52 buffers=1 pending=0
[hidra] HID socket connect failed (/run/user/1000/hidra.kbd). Waiting for QEMU to listen... (set HID_SOCK or run scripts/run_qemu.sh)
[msquic] stream: RECEIVE bytes=52 buffers=1 pending=0
[hidra] HID socket connect failed (/run/user/1000/hidra.kbd). Waiting for QEMU to listen... (set HID_SOCK or run scripts/run_qemu.sh)
[msquic] stream: RECEIVE bytes=52 buffers=1 pending=0
[lat] dt_ms=56.7141 cmd=down key=ENTER
[hidra] HID socket connect failed (/run/user/1000/hidra.kbd). Waiting for QEMU to listen... (set HID_SOCK or run scripts/run_qemu.sh)
[heal] key=40 heal_ms=57.5855
[heal] key=23 heal_ms=78.4533
[hidra] HID socket connect failed (/run/user/1000/hidra.kbd). Waiting for QEMU to listen... (set HID_SOCK or run scripts/run_qemu.sh)
[msquic] stream: RECEIVE bytes=52 buffers=2 pending=0
[lat] dt_ms=58.6117 cmd=up key=ENTER
[hidra] HID socket connect failed (/run/user/1000/hidra.kbd). Waiting for QEMU to listen... (set HID_SOCK or run scripts/run_qemu.sh)
[lat] dt_ms=53.8388 cmd=down key=a
[hidra] HID socket connect failed (/run/user/1000/hidra.kbd). Waiting for QEMU to listen... (set HID_SOCK or run scripts/run_qemu.sh)
[hidra] HID socket connect failed (/run/user/1000/hidra.kbd). Waiting for QEMU to listen... (set HID_SOCK or run scripts/run_qemu.sh)
[msquic] stream: RECEIVE bytes=52 buffers=1 pending=0
[lat] dt_ms=47.6984 cmd=up key=a
[hidra] HID socket connect failed (/run/user/1000/hidra.kbd). Waiting for QEMU to listen... (set HID_SOCK or run scripts/run_qemu.sh)
[hidra] HID socket connect failed (/run/user/1000/hidra.kbd). Waiting for QEMU to listen... (set HID_SOCK or run scripts/run_qemu.sh)
[msquic] stream: RECEIVE bytes=52 buffers=1 pending=0
[hidra] HID socket connect failed (/run/user/1000/hidra.kbd). Waiting for QEMU to listen... (set HID_SOCK or run scripts/run_qemu.sh)
[msquic] stream: RECEIVE bytes=52 buffers=1 pending=0
[hidra] HID socket connect failed (/run/user/1000/hidra.kbd). Waiting for QEMU to listen... (set HID_SOCK or run scripts/run_qemu.sh)
[msquic] stream: RECEIVE bytes=52 buffers=1 pending=0
[heal] key=19 heal_ms=135.576
[hidra] HID socket connect failed (/run/user/1000/hidra.kbd). Waiting for QEMU to listen... (set HID_SOCK or run scripts/run_qemu.sh)
[msquic] stream: RECEIVE bytes=52 buffers=1 pending=0
[lat] dt_ms=66.6342 cmd=down key=p
[hidra] HID socket connect failed (/run/user/1000/hidra.kbd). Waiting for QEMU to listen... (set HID_SOCK or run scripts/run_qemu.sh)
[lat] dt_ms=64.1668 cmd=up key=p
[hidra] HID socket connect failed (/run/user/1000/hidra.kbd). Waiting for QEMU to listen... (set HID_SOCK or run scripts/run_qemu.sh)
[heal] key=4 heal_ms=86.7903
[hidra] HID socket connect failed (/run/user/1000/hidra.kbd). Waiting for QEMU to listen... (set HID_SOCK or run scripts/run_qemu.sh)
[msquic] stream: RECEIVE bytes=52 buffers=1 pending=0
[lat] dt_ms=74.4301 cmd=down key=t
[hidra] HID socket connect failed (/run/user/1000/hidra.kbd). Waiting for QEMU to listen... (set HID_SOCK or run scripts/run_qemu.sh)
[hidra] send() failed; will retry connect
[msquic] stream: RECEIVE bytes=52 buffers=1 pending=0
[lat] dt_ms=64.1791 cmd=up key=t
[hidra] HID socket connect failed (/run/user/1000/hidra.kbd). Waiting for QEMU to listen... (set HID_SOCK or run scripts/run_qemu.sh)
[hidra] HID socket connect failed (/run/user/1000/hidra.kbd). Waiting for QEMU to listen... (set HID_SOCK or run scripts/run_qemu.sh)
[msquic] stream: RECEIVE bytes=52 buffers=1 pending=0
[lat] dt_ms=58.8617 cmd=down key=ENTER
[hidra] HID socket connect failed (/run/user/1000/hidra.kbd). Waiting for QEMU to listen... (set HID_SOCK or run scripts/run_qemu.sh)
[lat] dt_ms=51.3445 cmd=up key=ENTER
[hidra] HID socket connect failed (/run/user/1000/hidra.kbd). Waiting for QEMU to listen... (set HID_SOCK or run scripts/run_qemu.sh)
[hidra] HID socket connect failed (/run/user/1000/hidra.kbd). Waiting for QEMU to listen... (set HID_SOCK or run scripts/run_qemu.sh)
[msquic] stream: RECEIVE bytes=52 buffers=1 pending=0
[lat] dt_ms=45.0967 cmd=down key=a
[hidra] HID socket connect failed (/run/user/1000/hidra.kbd). Waiting for QEMU to listen... (set HID_SOCK or run scripts/run_qemu.sh)
[heal] key=40 heal_ms=71.3566
[hidra] HID socket connect failed (/run/user/1000/hidra.kbd). Waiting for QEMU to listen... (set HID_SOCK or run scripts/run_qemu.sh)
[msquic] stream: RECEIVE bytes=52 buffers=1 pending=0
[hidra] HID socket connect failed (/run/user/1000/hidra.kbd). Waiting for QEMU to listen... (set HID_SOCK or run scripts/run_qemu.sh)
[msquic] stream: RECEIVE bytes=52 buffers=1 pending=0
[heal] key=4 heal_ms=67.1722
[hidra] HID socket connect failed (/run/user/1000/hidra.kbd). Waiting for QEMU to listen... (set HID_SOCK or run scripts/run_qemu.sh)
[msquic] stream: RECEIVE bytes=52 buffers=1 pending=0
[hidra] HID socket connect failed (/run/user/1000/hidra.kbd). Waiting for QEMU to listen... (set HID_SOCK or run scripts/run_qemu.sh)
[msquic] stream: RECEIVE bytes=52 buffers=1 pending=0
[lat] dt_ms=79.7073 cmd=up key=a
[hidra] HID socket connect failed (/run/user/1000/hidra.kbd). Waiting for QEMU to listen... (set HID_SOCK or run scripts/run_qemu.sh)
[heal] key=19 heal_ms=66.5258
[hidra] HID socket connect failed (/run/user/1000/hidra.kbd). Waiting for QEMU to listen... (set HID_SOCK or run scripts/run_qemu.sh)
[msquic] stream: RECEIVE bytes=52 buffers=1 pending=0
[lat] dt_ms=56.7871 cmd=down key=t
[hidra] HID socket connect failed (/run/user/1000/hidra.kbd). Waiting for QEMU to listen... (set HID_SOCK or run scripts/run_qemu.sh)
[lat] dt_ms=46.2321 cmd=up key=t
[hidra] HID socket connect failed (/run/user/1000/hidra.kbd). Waiting for QEMU to listen... (set HID_SOCK or run scripts/run_qemu.sh)
[lat] dt_ms=79.8474 cmd=down key=p
[hidra] HID socket connect failed (/run/user/1000/hidra.kbd). Waiting for QEMU to listen... (set HID_SOCK or run scripts/run_qemu.sh)
[lat] dt_ms=76.8603 cmd=up key=p
[hidra] HID socket connect failed (/run/user/1000/hidra.kbd). Waiting for QEMU to listen... (set HID_SOCK or run scripts/run_qemu.sh)
[hidra] HID socket connect failed (/run/user/1000/hidra.kbd). Waiting for QEMU to listen... (set HID_SOCK or run scripts/run_qemu.sh)
[msquic] stream: RECEIVE bytes=52 buffers=1 pending=0
[hidra] HID socket connect failed (/run/user/1000/hidra.kbd). Waiting for QEMU to listen... (set HID_SOCK or run scripts/run_qemu.sh)
[msquic] stream: RECEIVE bytes=52 buffers=1 pending=0
[hidra] HID socket connect failed (/run/user/1000/hidra.kbd). Waiting for QEMU to listen... (set HID_SOCK or run scripts/run_qemu.sh)
[msquic] stream: RECEIVE bytes=52 buffers=1 pending=0
[lat] dt_ms=47.54 cmd=down key=a
[hidra] HID socket connect failed (/run/user/1000/hidra.kbd). Waiting for QEMU to listen... (set HID_SOCK or run scripts/run_qemu.sh)
[heal] key=23 heal_ms=81.9398
[hidra] HID socket connect failed (/run/user/1000/hidra.kbd). Waiting for QEMU to listen... (set HID_SOCK or run scripts/run_qemu.sh)
[msquic] stream: RECEIVE bytes=52 buffers=1 pending=0
[hidra] HID socket connect failed (/run/user/1000/hidra.kbd). Waiting for QEMU to listen... (set HID_SOCK or run scripts/run_qemu.sh)
[msquic] stream: RECEIVE bytes=52 buffers=1 pending=0
[lat] dt_ms=63.2758 cmd=up key=ENTER
[hidra] HID socket connect failed (/run/user/1000/hidra.kbd). Waiting for QEMU to listen... (set HID_SOCK or run scripts/run_qemu.sh)
[lat] dt_ms=80.0531 cmd=down key=ENTER
[hidra] HID socket connect failed (/run/user/1000/hidra.kbd). Waiting for QEMU to listen... (set HID_SOCK or run scripts/run_qemu.sh)
[lat] dt_ms=62.9934 cmd=up key=a
[hidra] HID socket connect failed (/run/user/1000/hidra.kbd). Waiting for QEMU to listen... (set HID_SOCK or run scripts/run_qemu.sh)
[heal] key=40 heal_ms=87.1041
[hidra] HID socket connect failed (/run/user/1000/hidra.kbd). Waiting for QEMU to listen... (set HID_SOCK or run scripts/run_qemu.sh)
[msquic] stream: RECEIVE bytes=52 buffers=1 pending=0
[hidra] HID socket connect failed (/run/user/1000/hidra.kbd). Waiting for QEMU to listen... (set HID_SOCK or run scripts/run_qemu.sh)
[msquic] stream: RECEIVE bytes=52 buffers=1 pending=0
[hidra] HID socket connect failed (/run/user/1000/hidra.kbd). Waiting for QEMU to listen... (set HID_SOCK or run scripts/run_qemu.sh)
[msquic] stream: RECEIVE bytes=52 buffers=1 pending=0
[hidra] HID socket connect failed (/run/user/1000/hidra.kbd). Waiting for QEMU to listen... (set HID_SOCK or run scripts/run_qemu.sh)
[msquic] stream: RECEIVE bytes=52 buffers=1 pending=0
[lat] dt_ms=51.6089 cmd=down key=t
[hidra] HID socket connect failed (/run/user/1000/hidra.kbd). Waiting for QEMU to listen... (set HID_SOCK or run scripts/run_qemu.sh)
[lat] dt_ms=73.654 cmd=down key=p
[hidra] HID socket connect failed (/run/user/1000/hidra.kbd). Waiting for QEMU to listen... (set HID_SOCK or run scripts/run_qemu.sh)
[hidra] HID socket connect failed (/run/user/1000/hidra.kbd). Waiting for QEMU to listen... (set HID_SOCK or run scripts/run_qemu.sh)
[msquic] stream: RECEIVE bytes=52 buffers=1 pending=0
[hidra] HID socket connect failed (/run/user/1000/hidra.kbd). Waiting for QEMU to listen... (set HID_SOCK or run scripts/run_qemu.sh)
[msquic] stream: RECEIVE bytes=52 buffers=1 pending=0
[lat] dt_ms=74.7498 cmd=up key=p
[hidra] HID socket connect failed (/run/user/1000/hidra.kbd). Waiting for QEMU to listen... (set HID_SOCK or run scripts/run_qemu.sh)
[hidra] HID socket connect failed (/run/user/1000/hidra.kbd). Waiting for QEMU to listen... (set HID_SOCK or run scripts/run_qemu.sh)
[msquic] stream: RECEIVE bytes=52 buffers=1 pending=0
[hidra] HID socket connect failed (/run/user/1000/hidra.kbd). Waiting for QEMU to listen... (set HID_SOCK or run scripts/run_qemu.sh)
[msquic] stream: RECEIVE bytes=52 buffers=1 pending=0
[hidra] progress: rx=839 emits=1210 quic_snapshots=658 socket=[hidra] HID socket connect failed (/run/user/1000/hidra.kbd). Waiting for QEMU to listen... (set HID_SOCK or run scripts/run_qemu.sh)
waiting
[heal] key=23 heal_ms=77.5482
[hidra] HID socket connect failed (/run/user/1000/hidra.kbd). Waiting for QEMU to listen... (set HID_SOCK or run scripts/run_qemu.sh)
[msquic] stream: RECEIVE bytes=52 buffers=1 pending=0
[lat] dt_ms=80.5969 cmd=up key=t
[hidra] HID socket connect failed (/run/user/1000/hidra.kbd). Waiting for QEMU to listen... (set HID_SOCK or run scripts/run_qemu.sh)
[lat] dt_ms=51.3878 cmd=down key=a
[hidra] HID socket connect failed (/run/user/1000/hidra.kbd). Waiting for QEMU to listen... (set HID_SOCK or run scripts/run_qemu.sh)
[lat] dt_ms=78.4904 cmd=down key=ENTER
[hidra] HID socket connect failed (/run/user/1000/hidra.kbd). Waiting for QEMU to listen... (set HID_SOCK or run scripts/run_qemu.sh)
[heal] key=40 heal_ms=69.3435
[hidra] HID socket connect failed (/run/user/1000/hidra.kbd). Waiting for QEMU to listen... (set HID_SOCK or run scripts/run_qemu.sh)
[msquic] stream: RECEIVE bytes=52 buffers=1 pending=0
[lat] dt_ms=51.4337 cmd=up key=a
[hidra] HID socket connect failed (/run/user/1000/hidra.kbd). Waiting for QEMU to listen... (set HID_SOCK or run scripts/run_qemu.sh)
[hidra] HID socket connect failed (/run/user/1000/hidra.kbd). Waiting for QEMU to listen... (set HID_SOCK or run scripts/run_qemu.sh)
[msquic] stream: RECEIVE bytes=52 buffers=1 pending=0
[lat] dt_ms=80.9986 cmd=up key=ENTER
[hidra] HID socket connect failed (/run/user/1000/hidra.kbd). Waiting for QEMU to listen... (set HID_SOCK or run scripts/run_qemu.sh)
[hidra] HID socket connect failed (/run/user/1000/hidra.kbd). Waiting for QEMU to listen... (set HID_SOCK or run scripts/run_qemu.sh)
[msquic] stream: RECEIVE bytes=52 buffers=1 pending=0
[hidra] HID socket connect failed (/run/user/1000/hidra.kbd). Waiting for QEMU to listen... (set HID_SOCK or run scripts/run_qemu.sh)
[msquic] stream: RECEIVE bytes=52 buffers=1 pending=0
[heal] key=19 heal_ms=129.464
[hidra] HID socket connect failed (/run/user/1000/hidra.kbd). Waiting for QEMU to listen... (set HID_SOCK or run scripts/run_qemu.sh)
[msquic] stream: RECEIVE bytes=52 buffers=1 pending=0
[lat] dt_ms=58.0768 cmd=down key=p
[hidra] HID socket connect failed (/run/user/1000/hidra.kbd). Waiting for QEMU to listen... (set HID_SOCK or run scripts/run_qemu.sh)
[lat] dt_ms=49.5211 cmd=down key=t
[hidra] HID socket connect failed (/run/user/1000/hidra.kbd). Waiting for QEMU to listen... (set HID_SOCK or run scripts/run_qemu.sh)
[lat] dt_ms=53.5428 cmd=up key=t
[hidra] HID socket connect failed (/run/user/1000/hidra.kbd). Waiting for QEMU to listen... (set HID_SOCK or run scripts/run_qemu.sh)
[lat] dt_ms=76.5387 cmd=up key=p
[hidra] HID socket connect failed (/run/user/1000/hidra.kbd). Waiting for QEMU to listen... (set HID_SOCK or run scripts/run_qemu.sh)
[hidra] HID socket connect failed (/run/user/1000/hidra.kbd). Waiting for QEMU to listen... (set HID_SOCK or run scripts/run_qemu.sh)
[msquic] stream: RECEIVE bytes=52 buffers=1 pending=0
[heal] key=23 heal_ms=61.9164
[hidra] HID socket connect failed (/run/user/1000/hidra.kbd). Waiting for QEMU to listen... (set HID_SOCK or run scripts/run_qemu.sh)
[msquic] stream: RECEIVE bytes=52 buffers=1 pending=0
[hidra] HID socket connect failed (/run/user/1000/hidra.kbd). Waiting for QEMU to listen... (set HID_SOCK or run scripts/run_qemu.sh)
[msquic] stream: RECEIVE bytes=52 buffers=1 pending=0
[lat] dt_ms=58.732 cmd=down key=ENTER
[hidra] HID socket connect failed (/run/user/1000/hidra.kbd). Waiting for QEMU to listen... (set HID_SOCK or run scripts/run_qemu.sh)
[hidra] HID socket connect failed (/run/user/1000/hidra.kbd). Waiting for QEMU to listen... (set HID_SOCK or run scripts/run_qemu.sh)
[msquic] stream: RECEIVE bytes=52 buffers=1 pending=0
[hidra] HID socket connect failed (/run/user/1000/hidra.kbd). Waiting for QEMU to listen... (set HID_SOCK or run scripts/run_qemu.sh)
[msquic] stream: RECEIVE bytes=52 buffers=1 pending=0
[lat] dt_ms=61.7785 cmd=up key=ENTER
[hidra] HID socket connect failed (/run/user/1000/hidra.kbd). Waiting for QEMU to listen... (set HID_SOCK or run scripts/run_qemu.sh)
[hidra] HID socket connect failed (/run/user/1000/hidra.kbd). Waiting for QEMU to listen... (set HID_SOCK or run scripts/run_qemu.sh)
[msquic] stream: RECEIVE bytes=52 buffers=1 pending=0
[lat] dt_ms=56.727 cmd=down key=a
[hidra] HID socket connect failed (/run/user/1000/hidra.kbd). Waiting for QEMU to listen... (set HID_SOCK or run scripts/run_qemu.sh)
[lat] dt_ms=48.4826 cmd=up key=a
[hidra] HID socket connect failed (/run/user/1000/hidra.kbd). Waiting for QEMU to listen... (set HID_SOCK or run scripts/run_qemu.sh)
[hidra] HID socket connect failed (/run/user/1000/hidra.kbd). Waiting for QEMU to listen... (set HID_SOCK or run scripts/run_qemu.sh)
[msquic] stream: RECEIVE bytes=52 buffers=1 pending=0
[hidra] HID socket connect failed (/run/user/1000/hidra.kbd). Waiting for QEMU to listen... (set HID_SOCK or run scripts/run_qemu.sh)
[msquic] stream: RECEIVE bytes=52 buffers=1 pending=0
[lat] dt_ms=71.2193 cmd=down key=p
[hidra] HID socket connect failed (/run/user/1000/hidra.kbd). Waiting for QEMU to listen... (set HID_SOCK or run scripts/run_qemu.sh)
[heal] key=19 heal_ms=70.9556
[hidra] HID socket connect failed (/run/user/1000/hidra.kbd). Waiting for QEMU to listen... (set HID_SOCK or run scripts/run_qemu.sh)
[msquic] stream: RECEIVE bytes=52 buffers=1 pending=0
[hidra] HID socket connect failed (/run/user/1000/hidra.kbd). Waiting for QEMU to listen... (set HID_SOCK or run scripts/run_qemu.sh)
[msquic] stream: RECEIVE bytes=52 buffers=1 pending=0
[lat] dt_ms=73.2901 cmd=up key=p
[hidra] HID socket connect failed (/run/user/1000/hidra.kbd). Waiting for QEMU to listen... (set HID_SOCK or run scripts/run_qemu.sh)
[lat] dt_ms=69.1124 cmd=down key=t
[hidra] send() failed; will retry connect
[hidra] HID socket connect failed (/run/user/1000/hidra.kbd). Waiting for QEMU to listen... (set HID_SOCK or run scripts/run_qemu.sh)
[heal] key=23 heal_ms=58.4798
[hidra] HID socket connect failed (/run/user/1000/hidra.kbd). Waiting for QEMU to listen... (set HID_SOCK or run scripts/run_qemu.sh)
[msquic] stream: RECEIVE bytes=104 buffers=1 pending=0
[lat] dt_ms=63.59 cmd=up key=t
[hidra] HID socket connect failed (/run/user/1000/hidra.kbd). Waiting for QEMU to listen... (set HID_SOCK or run scripts/run_qemu.sh)
[hidra] HID socket connect failed (/run/user/1000/hidra.kbd). Waiting for QEMU to listen... (set HID_SOCK or run scripts/run_qemu.sh)
[msquic] stream: RECEIVE bytes=52 buffers=1 pending=0
[lat] dt_ms=61.4129 cmd=down key=ENTER
[hidra] HID socket connect failed (/run/user/1000/hidra.kbd). Waiting for QEMU to listen... (set HID_SOCK or run scripts/run_qemu.sh)
[lat] dt_ms=57.0346 cmd=up key=ENTER
[hidra] HID socket connect failed (/run/user/1000/hidra.kbd). Waiting for QEMU to listen... (set HID_SOCK or run scripts/run_qemu.sh)
[hidra] HID socket connect failed (/run/user/1000/hidra.kbd). Waiting for QEMU to listen... (set HID_SOCK or run scripts/run_qemu.sh)
[msquic] stream: RECEIVE bytes=52 buffers=1 pending=0
[hidra] HID socket connect failed (/run/user/1000/hidra.kbd). Waiting for QEMU to listen... (set HID_SOCK or run scripts/run_qemu.sh)
[msquic] stream: RECEIVE bytes=52 buffers=1 pending=0
[hidra] HID socket connect failed (/run/user/1000/hidra.kbd). Waiting for QEMU to listen... (set HID_SOCK or run scripts/run_qemu.sh)
[msquic] stream: RECEIVE bytes=52 buffers=1 pending=0
[lat] dt_ms=74.4676 cmd=down key=a
[hidra] HID socket connect failed (/run/user/1000/hidra.kbd). Waiting for QEMU to listen... (set HID_SOCK or run scripts/run_qemu.sh)
[heal] key=4 heal_ms=66.3783
[hidra] HID socket connect failed (/run/user/1000/hidra.kbd). Waiting for QEMU to listen... (set HID_SOCK or run scripts/run_qemu.sh)
[msquic] stream: RECEIVE bytes=52 buffers=1 pending=0
[lat] dt_ms=73.7693 cmd=up key=a
[hidra] HID socket connect failed (/run/user/1000/hidra.kbd). Waiting for QEMU to listen... (set HID_SOCK or run scripts/run_qemu.sh)
[heal] key=19 heal_ms=62.3086
[hidra] HID socket connect failed (/run/user/1000/hidra.kbd). Waiting for QEMU to listen... (set HID_SOCK or run scripts/run_qemu.sh)
[msquic] stream: RECEIVE bytes=52 buffers=1 pending=0
[lat] dt_ms=73.5824 cmd=down key=p
[hidra] HID socket connect failed (/run/user/1000/hidra.kbd). Waiting for QEMU to listen... (set HID_SOCK or run scripts/run_qemu.sh)
[hidra] HID socket connect failed (/run/user/1000/hidra.kbd). Waiting for QEMU to listen... (set HID_SOCK or run scripts/run_qemu.sh)
[heal] key=23 heal_ms=42.3075
[hidra] HID socket connect failed (/run/user/1000/hidra.kbd). Waiting for QEMU to listen... (set HID_SOCK or run scripts/run_qemu.sh)
[msquic] stream: RECEIVE bytes=104 buffers=1 pending=0
[lat] dt_ms=76.8864 cmd=up key=p
[hidra] HID socket connect failed (/run/user/1000/hidra.kbd). Waiting for QEMU to listen... (set HID_SOCK or run scripts/run_qemu.sh)
[lat] dt_ms=68.3103 cmd=down key=t
[hidra] HID socket connect failed (/run/user/1000/hidra.kbd). Waiting for QEMU to listen... (set HID_SOCK or run scripts/run_qemu.sh)
[hidra] HID socket connect failed (/run/user/1000/hidra.kbd). Waiting for QEMU to listen... (set HID_SOCK or run scripts/run_qemu.sh)
[msquic] stream: RECEIVE bytes=52 buffers=1 pending=0
[lat] dt_ms=44.4369 cmd=down key=a
[hidra] HID socket connect failed (/run/user/1000/hidra.kbd). Waiting for QEMU to listen... (set HID_SOCK or run scripts/run_qemu.sh)
[lat] dt_ms=79.343 cmd=up key=t
[hidra] HID socket connect failed (/run/user/1000/hidra.kbd). Waiting for QEMU to listen... (set HID_SOCK or run scripts/run_qemu.sh)
[lat] dt_ms=73.8084 cmd=down key=ENTER
[hidra] HID socket connect failed (/run/user/1000/hidra.kbd). Waiting for QEMU to listen... (set HID_SOCK or run scripts/run_qemu.sh)
[heal] key=40 heal_ms=67.6828
[hidra] HID socket connect failed (/run/user/1000/hidra.kbd). Waiting for QEMU to listen... (set HID_SOCK or run scripts/run_qemu.sh)
[msquic] stream: RECEIVE bytes=52 buffers=1 pending=0
[lat] dt_ms=76.2103 cmd=up key=ENTER
[hidra] HID socket connect failed (/run/user/1000/hidra.kbd). Waiting for QEMU to listen... (set HID_SOCK or run scripts/run_qemu.sh)
[hidra] HID socket connect failed (/run/user/1000/hidra.kbd). Waiting for QEMU to listen... (set HID_SOCK or run scripts/run_qemu.sh)
[hidra] HID socket connect failed (/run/user/1000/hidra.kbd). Waiting for QEMU to listen... (set HID_SOCK or run scripts/run_qemu.sh)
[msquic] stream: RECEIVE bytes=104 buffers=1 pending=0
[hidra] HID socket connect failed (/run/user/1000/hidra.kbd). Waiting for QEMU to listen... (set HID_SOCK or run scripts/run_qemu.sh)
[msquic] stream: RECEIVE bytes=52 buffers=1 pending=0
[lat] dt_ms=53.3519 cmd=down key=p
[hidra] HID socket connect failed (/run/user/1000/hidra.kbd). Waiting for QEMU to listen... (set HID_SOCK or run scripts/run_qemu.sh)
[lat] dt_ms=73.9146 cmd=up key=a
[hidra] HID socket connect failed (/run/user/1000/hidra.kbd). Waiting for QEMU to listen... (set HID_SOCK or run scripts/run_qemu.sh)
[hidra] HID socket connect failed (/run/user/1000/hidra.kbd). Waiting for QEMU to listen... (set HID_SOCK or run scripts/run_qemu.sh)
[msquic] stream: RECEIVE bytes=52 buffers=1 pending=0
[heal] key=19 heal_ms=58.6481
[hidra] HID socket connect failed (/run/user/1000/hidra.kbd). Waiting for QEMU to listen... (set HID_SOCK or run scripts/run_qemu.sh)
[msquic] stream: RECEIVE bytes=52 buffers=1 pending=0
[lat] dt_ms=49.7263 cmd=down key=t
[hidra] HID socket connect failed (/run/user/1000/hidra.kbd). Waiting for QEMU to listen... (set HID_SOCK or run scripts/run_qemu.sh)
[hidra] HID socket connect failed (/run/user/1000/hidra.kbd). Waiting for QEMU to listen... (set HID_SOCK or run scripts/run_qemu.sh)
[msquic] stream: RECEIVE bytes=52 buffers=1 pending=0
[lat] dt_ms=79.484 cmd=up key=p
[hidra] HID socket connect failed (/run/user/1000/hidra.kbd). Waiting for QEMU to listen... (set HID_SOCK or run scripts/run_qemu.sh)
[hidra] HID socket connect failed (/run/user/1000/hidra.kbd). Waiting for QEMU to listen... (set HID_SOCK or run scripts/run_qemu.sh)
[msquic] stream: RECEIVE bytes=52 buffers=1 pending=0
[hidra] HID socket connect failed (/run/user/1000/hidra.kbd). Waiting for QEMU to listen... (set HID_SOCK or run scripts/run_qemu.sh)
[msquic] stream: RECEIVE bytes=52 buffers=1 pending=0
[lat] dt_ms=62.9124 cmd=down key=ENTER
[hidra] HID socket connect failed (/run/user/1000/hidra.kbd). Waiting for QEMU to listen... (set HID_SOCK or run scripts/run_qemu.sh)
[hidra] HID socket connect failed (/run/user/1000/hidra.kbd). Waiting for QEMU to listen... (set HID_SOCK or run scripts/run_qemu.sh)
[msquic] stream: RECEIVE bytes=52 buffers=1 pending=0
[heal] key=23 heal_ms=74.9582
[hidra] HID socket connect failed (/run/user/1000/hidra.kbd). Waiting for QEMU to listen... (set HID_SOCK or run scripts/run_qemu.sh)
[msquic] stream: RECEIVE bytes=52 buffers=1 pending=0
[lat] dt_ms=79.001 cmd=up key=t
[hidra] HID socket connect failed (/run/user/1000/hidra.kbd). Waiting for QEMU to listen... (set HID_SOCK or run scripts/run_qemu.sh)
[hidra] HID socket connect failed (/run/user/1000/hidra.kbd). Waiting for QEMU to listen... (set HID_SOCK or run scripts/run_qemu.sh)
[hidra] HID socket connect failed (/run/user/1000/hidra.kbd). Waiting for QEMU to listen... (set HID_SOCK or run scripts/run_qemu.sh)
[msquic] stream: RECEIVE bytes=104 buffers=1 pending=0
[hidra] HID socket connect failed (/run/user/1000/hidra.kbd). Waiting for QEMU to listen... (set HID_SOCK or run scripts/run_qemu.sh)
[msquic] stream: RECEIVE bytes=52 buffers=1 pending=0
[lat] dt_ms=64.2856 cmd=down key=a
[hidra] HID socket connect failed (/run/user/1000/hidra.kbd). Waiting for QEMU to listen... (set HID_SOCK or run scripts/run_qemu.sh)
[lat] dt_ms=55.6879 cmd=up key=a
[hidra] HID socket connect failed (/run/user/1000/hidra.kbd). Waiting for QEMU to listen... (set HID_SOCK or run scripts/run_qemu.sh)
[lat] dt_ms=45.346 cmd=down key=p
[hidra] HID socket connect failed (/run/user/1000/hidra.kbd). Waiting for QEMU to listen... (set HID_SOCK or run scripts/run_qemu.sh)
[lat] dt_ms=77.7342 cmd=up key=ENTER
[hidra] HID socket connect failed (/run/user/1000/hidra.kbd). Waiting for QEMU to listen... (set HID_SOCK or run scripts/run_qemu.sh)
[hidra] HID socket connect failed (/run/user/1000/hidra.kbd). Waiting for QEMU to listen... (set HID_SOCK or run scripts/run_qemu.sh)
[msquic] stream: RECEIVE bytes=52 buffers=1 pending=0
[hidra] HID socket connect failed (/run/user/1000/hidra.kbd). Waiting for QEMU to listen... (set HID_SOCK or run scripts/run_qemu.sh)
[msquic] stream: RECEIVE bytes=52 buffers=1 pending=0
[hidra] HID socket connect failed (/run/user/1000/hidra.kbd). Waiting for QEMU to listen... (set HID_SOCK or run scripts/run_qemu.sh)
[msquic] stream: RECEIVE bytes=52 buffers=1 pending=0
[lat] dt_ms=58.5464 cmd=down key=t
[hidra] HID socket connect failed (/run/user/1000/hidra.kbd). Waiting for QEMU to listen... (set HID_SOCK or run scripts/run_qemu.sh)
[lat] dt_ms=80.555 cmd=up key=p
[hidra] HID socket connect failed (/run/user/1000/hidra.kbd). Waiting for QEMU to listen... (set HID_SOCK or run scripts/run_qemu.sh)
[lat] dt_ms=61.4729 cmd=up key=t
[hidra] HID socket connect failed (/run/user/1000/hidra.kbd). Waiting for QEMU to listen... (set HID_SOCK or run scripts/run_qemu.sh)
[hidra] HID socket connect failed (/run/user/1000/hidra.kbd). Waiting for QEMU to listen... (set HID_SOCK or run scripts/run_qemu.sh)
[msquic] stream: RECEIVE bytes=52 buffers=1 pending=0
[hidra] HID socket connect failed (/run/user/1000/hidra.kbd). Waiting for QEMU to listen... (set HID_SOCK or run scripts/run_qemu.sh)
[msquic] stream: RECEIVE bytes=52 buffers=1 pending=0
[hidra] HID socket connect failed (/run/user/1000/hidra.kbd). Waiting for QEMU to listen... (set HID_SOCK or run scripts/run_qemu.sh)
[msquic] stream: RECEIVE bytes=52 buffers=1 pending=0
[lat] dt_ms=55.0624 cmd=up key=ENTER
[hidra] HID socket connect failed (/run/user/1000/hidra.kbd). Waiting for QEMU to listen... (set HID_SOCK or run scripts/run_qemu.sh)
[hidra] HID socket connect failed (/run/user/1000/hidra.kbd). Waiting for QEMU to listen... (set HID_SOCK or run scripts/run_qemu.sh)
[msquic] stream: RECEIVE bytes=52 buffers=1 pending=0
[lat] dt_ms=68.1931 cmd=down key=ENTER
[hidra] HID socket connect failed (/run/user/1000/hidra.kbd). Waiting for QEMU to listen... (set HID_SOCK or run scripts/run_qemu.sh)
[lat] dt_ms=54.5139 cmd=up key=a
[hidra] HID socket connect failed (/run/user/1000/hidra.kbd). Waiting for QEMU to listen... (set HID_SOCK or run scripts/run_qemu.sh)
[lat] dt_ms=65.7468 cmd=down key=a
[hidra] HID socket connect failed (/run/user/1000/hidra.kbd). Waiting for QEMU to listen... (set HID_SOCK or run scripts/run_qemu.sh)
[heal] key=4 heal_ms=58.7961
[hidra] HID socket connect failed (/run/user/1000/hidra.kbd). Waiting for QEMU to listen... (set HID_SOCK or run scripts/run_qemu.sh)
[msquic] stream: RECEIVE bytes=52 buffers=1 pending=0
[hidra] HID socket connect failed (/run/user/1000/hidra.kbd). Waiting for QEMU to listen... (set HID_SOCK or run scripts/run_qemu.sh)
[msquic] stream: RECEIVE bytes=52 buffers=1 pending=0
[hidra] HID socket connect failed (/run/user/1000/hidra.kbd). Waiting for QEMU to listen... (set HID_SOCK or run scripts/run_qemu.sh)
[msquic] stream: RECEIVE bytes=52 buffers=2 pending=0
[lat] dt_ms=58.8148 cmd=down key=p
[hidra] HID socket connect failed (/run/user/1000/hidra.kbd). Waiting for QEMU to listen... (set HID_SOCK or run scripts/run_qemu.sh)
[lat] dt_ms=44.0354 cmd=down key=t
[hidra] HID socket connect failed (/run/user/1000/hidra.kbd). Waiting for QEMU to listen... (set HID_SOCK or run scripts/run_qemu.sh)
[heal] key=23 heal_ms=122.497
[hidra] HID socket connect failed (/run/user/1000/hidra.kbd). Waiting for QEMU to listen... (set HID_SOCK or run scripts/run_qemu.sh)
[msquic] stream: RECEIVE bytes=52 buffers=1 pending=0
[heal] key=19 heal_ms=64.2667
[hidra] HID socket connect failed (/run/user/1000/hidra.kbd). Waiting for QEMU to listen... (set HID_SOCK or run scripts/run_qemu.sh)
[msquic] stream: RECEIVE bytes=52 buffers=1 pending=0
[hidra] HID socket connect failed (/run/user/1000/hidra.kbd). Waiting for QEMU to listen... (set HID_SOCK or run scripts/run_qemu.sh)
[msquic] stream: RECEIVE bytes=52 buffers=1 pending=0
[lat] dt_ms=54.3967 cmd=up key=t
[hidra] HID socket connect failed (/run/user/1000/hidra.kbd). Waiting for QEMU to listen... (set HID_SOCK or run scripts/run_qemu.sh)
[lat] dt_ms=75.7623 cmd=up key=p
[hidra] HID socket connect failed (/run/user/1000/hidra.kbd). Waiting for QEMU to listen... (set HID_SOCK or run scripts/run_qemu.sh)
[hidra] HID socket connect failed (/run/user/1000/hidra.kbd). Waiting for QEMU to listen... (set HID_SOCK or run scripts/run_qemu.sh)
[msquic] stream: RECEIVE bytes=52 buffers=1 pending=0
[hidra] HID socket connect failed (/run/user/1000/hidra.kbd). Waiting for QEMU to listen... (set HID_SOCK or run scripts/run_qemu.sh)
[msquic] stream: RECEIVE bytes=52 buffers=1 pending=0
[hidra] HID socket connect failed (/run/user/1000/hidra.kbd). Waiting for QEMU to listen... (set HID_SOCK or run scripts/run_qemu.sh)
[msquic] stream: RECEIVE bytes=52 buffers=1 pending=0
[hidra] HID socket connect failed (/run/user/1000/hidra.kbd). Waiting for QEMU to listen... (set HID_SOCK or run scripts/run_qemu.sh)
[msquic] stream: RECEIVE bytes=52 buffers=1 pending=0
[lat] dt_ms=67.5916 cmd=down key=ENTER
[hidra] HID socket connect failed (/run/user/1000/hidra.kbd). Waiting for QEMU to listen... (set HID_SOCK or run scripts/run_qemu.sh)
[lat] dt_ms=63.3745 cmd=up key=ENTER
[hidra] HID socket connect failed (/run/user/1000/hidra.kbd). Waiting for QEMU to listen... (set HID_SOCK or run scripts/run_qemu.sh)
[lat] dt_ms=46.3018 cmd=up key=a
[hidra] HID socket connect failed (/run/user/1000/hidra.kbd). Waiting for QEMU to listen... (set HID_SOCK or run scripts/run_qemu.sh)
[lat] dt_ms=41.9942 cmd=down key=p
[hidra] HID socket connect failed (/run/user/1000/hidra.kbd). Waiting for QEMU to listen... (set HID_SOCK or run scripts/run_qemu.sh)
[lat] dt_ms=66.1686 cmd=down key=a
[hidra] HID socket connect failed (/run/user/1000/hidra.kbd). Waiting for QEMU to listen... (set HID_SOCK or run scripts/run_qemu.sh)
[hidra] HID socket connect failed (/run/user/1000/hidra.kbd). Waiting for QEMU to listen... (set HID_SOCK or run scripts/run_qemu.sh)
[msquic] stream: RECEIVE bytes=52 buffers=1 pending=0
[hidra] HID socket connect failed (/run/user/1000/hidra.kbd). Waiting for QEMU to listen... (set HID_SOCK or run scripts/run_qemu.sh)
[msquic] stream: RECEIVE bytes=52 buffers=1 pending=0
[heal] key=19 heal_ms=63.952
[hidra] HID socket connect failed (/run/user/1000/hidra.kbd). Waiting for QEMU to listen... (set HID_SOCK or run scripts/run_qemu.sh)
[msquic] stream: RECEIVE bytes=52 buffers=1 pending=0
[lat] dt_ms=71.0755 cmd=up key=p
[hidra] send() failed; will retry connect
[msquic] stream: RECEIVE bytes=52 buffers=1 pending=0
[hidra] HID socket connect failed (/run/user/1000/hidra.kbd). Waiting for QEMU to listen... (set HID_SOCK or run scripts/run_qemu.sh)
[lat] dt_ms=52.0303 cmd=up key=t
[hidra] HID socket connect failed (/run/user/1000/hidra.kbd). Waiting for QEMU to listen... (set HID_SOCK or run scripts/run_qemu.sh)
[lat] dt_ms=62.8539 cmd=down key=t
[hidra] HID socket connect failed (/run/user/1000/hidra.kbd). Waiting for QEMU to listen... (set HID_SOCK or run scripts/run_qemu.sh)
[hidra] snapshot v1 mods=0x0 pressed=0
[hidra] HID socket connect failed (/run/user/1000/hidra.kbd). Waiting for QEMU to listen... (set HID_SOCK or run scripts/run_qemu.sh)
[msquic] stream: RECEIVE bytes=52 buffers=1 pending=0
[hidra] HID socket connect failed (/run/user/1000/hidra.kbd). Waiting for QEMU to listen... (set HID_SOCK or run scripts/run_qemu.sh)
[msquic] stream: RECEIVE bytes=52 buffers=1 pending=0
[heal] key=23 heal_ms=68.8338
[hidra] HID socket connect failed (/run/user/1000/hidra.kbd). Waiting for QEMU to listen... (set HID_SOCK or run scripts/run_qemu.sh)
[msquic] stream: RECEIVE bytes=52 buffers=1 pending=0
[hidra] HID socket connect failed (/run/user/1000/hidra.kbd). Waiting for QEMU to listen... (set HID_SOCK or run scripts/run_qemu.sh)
[msquic] stream: RECEIVE bytes=52 buffers=1 pending=0
[lat] dt_ms=54.6962 cmd=up key=ENTER
[hidra] HID socket connect failed (/run/user/1000/hidra.kbd). Waiting for QEMU to listen... (set HID_SOCK or run scripts/run_qemu.sh)
[lat] dt_ms=72.2222 cmd=down key=ENTER
[hidra] HID socket connect failed (/run/user/1000/hidra.kbd). Waiting for QEMU to listen... (set HID_SOCK or run scripts/run_qemu.sh)
[hidra] HID socket connect failed (/run/user/1000/hidra.kbd). Waiting for QEMU to listen... (set HID_SOCK or run scripts/run_qemu.sh)
[msquic] stream: RECEIVE bytes=52 buffers=1 pending=0
[lat] dt_ms=58.7394 cmd=down key=a
[hidra] HID socket connect failed (/run/user/1000/hidra.kbd). Waiting for QEMU to listen... (set HID_SOCK or run scripts/run_qemu.sh)
[lat] dt_ms=43.0686 cmd=down key=p
[hidra] HID socket connect failed (/run/user/1000/hidra.kbd). Waiting for QEMU to listen... (set HID_SOCK or run scripts/run_qemu.sh)
[hidra] HID socket connect failed (/run/user/1000/hidra.kbd). Waiting for QEMU to listen... (set HID_SOCK or run scripts/run_qemu.sh)
[hidra] HID socket connect failed (/run/user/1000/hidra.kbd). Waiting for QEMU to listen... (set HID_SOCK or run scripts/run_qemu.sh)
[msquic] stream: RECEIVE bytes=104 buffers=1 pending=0
[hidra] HID socket connect failed (/run/user/1000/hidra.kbd). Waiting for QEMU to listen... (set HID_SOCK or run scripts/run_qemu.sh)
[msquic] stream: RECEIVE bytes=52 buffers=1 pending=0
[lat] dt_ms=51.2823 cmd=up key=p
[hidra] HID socket connect failed (/run/user/1000/hidra.kbd). Waiting for QEMU to listen... (set HID_SOCK or run scripts/run_qemu.sh)
[lat] dt_ms=75.7658 cmd=up key=a
[hidra] HID socket connect failed (/run/user/1000/hidra.kbd). Waiting for QEMU to listen... (set HID_SOCK or run scripts/run_qemu.sh)
[hidra] HID socket connect failed (/run/user/1000/hidra.kbd). Waiting for QEMU to listen... (set HID_SOCK or run scripts/run_qemu.sh)
[msquic] stream: RECEIVE bytes=52 buffers=1 pending=0
[lat] dt_ms=50.7011 cmd=down key=t
[hidra] HID socket connect failed (/run/user/1000/hidra.kbd). Waiting for QEMU to listen... (set HID_SOCK or run scripts/run_qemu.sh)
[lat] dt_ms=46.9402 cmd=down key=ENTER
[hidra] HID socket connect failed (/run/user/1000/hidra.kbd). Waiting for QEMU to listen... (set HID_SOCK or run scripts/run_qemu.sh)
[hidra] HID socket connect failed (/run/user/1000/hidra.kbd). Waiting for QEMU to listen... (set HID_SOCK or run scripts/run_qemu.sh)
[msquic] stream: RECEIVE bytes=52 buffers=1 pending=0
[heal] key=40 heal_ms=125.499
[hidra] HID socket connect failed (/run/user/1000/hidra.kbd). Waiting for QEMU to listen... (set HID_SOCK or run scripts/run_qemu.sh)
[msquic] stream: RECEIVE bytes=52 buffers=1 pending=0
[lat] dt_ms=43.142 cmd=up key=ENTER
[hidra] HID socket connect failed (/run/user/1000/hidra.kbd). Waiting for QEMU to listen... (set HID_SOCK or run scripts/run_qemu.sh)
[hidra] HID socket connect failed (/run/user/1000/hidra.kbd). Waiting for QEMU to listen... (set HID_SOCK or run scripts/run_qemu.sh)
[msquic] stream: RECEIVE bytes=52 buffers=1 pending=0
[lat] dt_ms=42.7478 cmd=down key=a
[hidra] HID socket connect failed (/run/user/1000/hidra.kbd). Waiting for QEMU to listen... (set HID_SOCK or run scripts/run_qemu.sh)
[hidra] HID socket connect failed (/run/user/1000/hidra.kbd). Waiting for QEMU to listen... (set HID_SOCK or run scripts/run_qemu.sh)
[msquic] stream: RECEIVE bytes=52 buffers=1 pending=0
[lat] dt_ms=77.6236 cmd=up key=t
[hidra] HID socket connect failed (/run/user/1000/hidra.kbd). Waiting for QEMU to listen... (set HID_SOCK or run scripts/run_qemu.sh)
[hidra] HID socket connect failed (/run/user/1000/hidra.kbd). Waiting for QEMU to listen... (set HID_SOCK or run scripts/run_qemu.sh)
[msquic] stream: RECEIVE bytes=52 buffers=1 pending=0
[hidra] HID socket connect failed (/run/user/1000/hidra.kbd). Waiting for QEMU to listen... (set HID_SOCK or run scripts/run_qemu.sh)
[msquic] stream: RECEIVE bytes=52 buffers=1 pending=0
[hidra] HID socket connect failed (/run/user/1000/hidra.kbd). Waiting for QEMU to listen... (set HID_SOCK or run scripts/run_qemu.sh)
[msquic] stream: RECEIVE bytes=52 buffers=1 pending=0
[hidra] HID socket connect failed (/run/user/1000/hidra.kbd). Waiting for QEMU to listen... (set HID_SOCK or run scripts/run_qemu.sh)
[msquic] stream: RECEIVE bytes=52 buffers=1 pending=0
[lat] dt_ms=69.1729 cmd=up key=a
[hidra] HID socket connect failed (/run/user/1000/hidra.kbd). Waiting for QEMU to listen... (set HID_SOCK or run scripts/run_qemu.sh)
[lat] dt_ms=75.5293 cmd=down key=p
[hidra] HID socket connect failed (/run/user/1000/hidra.kbd). Waiting for QEMU to listen... (set HID_SOCK or run scripts/run_qemu.sh)
[heal] key=19 heal_ms=72.5153
[hidra] HID socket connect failed (/run/user/1000/hidra.kbd). Waiting for QEMU to listen... (set HID_SOCK or run scripts/run_qemu.sh)
[msquic] stream: RECEIVE bytes=52 buffers=1 pending=0
[lat] dt_ms=41.6313 cmd=down key=ENTER
[hidra] HID socket connect failed (/run/user/1000/hidra.kbd). Waiting for QEMU to listen... (set HID_SOCK or run scripts/run_qemu.sh)
[lat] dt_ms=63.0247 cmd=down key=t
[hidra] HID socket connect failed (/run/user/1000/hidra.kbd). Waiting for QEMU to listen... (set HID_SOCK or run scripts/run_qemu.sh)
[heal] key=40 heal_ms=116.571
[hidra] HID socket connect failed (/run/user/1000/hidra.kbd). Waiting for QEMU to listen... (set HID_SOCK or run scripts/run_qemu.sh)
[msquic] stream: RECEIVE bytes=52 buffers=1 pending=0
[lat] dt_ms=78.9629 cmd=up key=p
[hidra] HID socket connect failed (/run/user/1000/hidra.kbd). Waiting for QEMU to listen... (set HID_SOCK or run scripts/run_qemu.sh)
[lat] dt_ms=58.8808 cmd=up key=t
[hidra] HID socket connect failed (/run/user/1000/hidra.kbd). Waiting for QEMU to listen... (set HID_SOCK or run scripts/run_qemu.sh)
[hidra] HID socket connect failed (/run/user/1000/hidra.kbd). Waiting for QEMU to listen... (set HID_SOCK or run scripts/run_qemu.sh)
[msquic] stream: RECEIVE bytes=52 buffers=1 pending=0
[heal] key=40 heal_ms=53.2408
[hidra] HID socket connect failed (/run/user/1000/hidra.kbd). Waiting for QEMU to listen... (set HID_SOCK or run scripts/run_qemu.sh)
[hidra] HID socket connect failed (/run/user/1000/hidra.kbd). Waiting for QEMU to listen... (set HID_SOCK or run scripts/run_qemu.sh)
[msquic] stream: RECEIVE bytes=104 buffers=1 pending=0
[hidra] HID socket connect failed (/run/user/1000/hidra.kbd). Waiting for QEMU to listen... (set HID_SOCK or run scripts/run_qemu.sh)
[msquic] stream: RECEIVE bytes=52 buffers=1 pending=0
[lat] dt_ms=45.3473 cmd=down key=a
[hidra] HID socket connect failed (/run/user/1000/hidra.kbd). Waiting for QEMU to listen... (set HID_SOCK or run scripts/run_qemu.sh)
[hidra] HID socket connect failed (/run/user/1000/hidra.kbd). Waiting for QEMU to listen... (set HID_SOCK or run scripts/run_qemu.sh)
[msquic] stream: RECEIVE bytes=52 buffers=1 pending=0
[lat] dt_ms=68.369 cmd=up key=ENTER
[hidra] HID socket connect failed (/run/user/1000/hidra.kbd). Waiting for QEMU to listen... (set HID_SOCK or run scripts/run_qemu.sh)
[lat] dt_ms=52.9162 cmd=up key=a
[hidra] HID socket connect failed (/run/user/1000/hidra.kbd). Waiting for QEMU to listen... (set HID_SOCK or run scripts/run_qemu.sh)
[lat] dt_ms=50.7058 cmd=down key=p
[hidra] HID socket connect failed (/run/user/1000/hidra.kbd). Waiting for QEMU to listen... (set HID_SOCK or run scripts/run_qemu.sh)
[hidra] HID socket connect failed (/run/user/1000/hidra.kbd). Waiting for QEMU to listen... (set HID_SOCK or run scripts/run_qemu.sh)
[msquic] stream: RECEIVE bytes=52 buffers=1 pending=0
[hidra] HID socket connect failed (/run/user/1000/hidra.kbd). Waiting for QEMU to listen... (set HID_SOCK or run scripts/run_qemu.sh)
[hidra] HID socket connect failed (/run/user/1000/hidra.kbd). Waiting for QEMU to listen... (set HID_SOCK or run scripts/run_qemu.sh)
[msquic] stream: RECEIVE bytes=104 buffers=1 pending=0
[lat] dt_ms=56.8582 cmd=up key=p
[hidra] HID socket connect failed (/run/user/1000/hidra.kbd). Waiting for QEMU to listen... (set HID_SOCK or run scripts/run_qemu.sh)
[hidra] HID socket connect failed (/run/user/1000/hidra.kbd). Waiting for QEMU to listen... (set HID_SOCK or run scripts/run_qemu.sh)
[msquic] stream: RECEIVE bytes=52 buffers=1 pending=0
[hidra] HID socket connect failed (/run/user/1000/hidra.kbd). Waiting for QEMU to listen... (set HID_SOCK or run scripts/run_qemu.sh)
[msquic] stream: RECEIVE bytes=52 buffers=1 pending=0
[lat] dt_ms=74.7501 cmd=down key=t
[hidra] HID socket connect failed (/run/user/1000/hidra.kbd). Waiting for QEMU to listen... (set HID_SOCK or run scripts/run_qemu.sh)
[lat] dt_ms=74.309 cmd=up key=t
[hidra] HID socket connect failed (/run/user/1000/hidra.kbd). Waiting for QEMU to listen... (set HID_SOCK or run scripts/run_qemu.sh)
[lat] dt_ms=63.6139 cmd=down key=ENTER
[hidra] HID socket connect failed (/run/user/1000/hidra.kbd). Waiting for QEMU to listen... (set HID_SOCK or run scripts/run_qemu.sh)
[hidra] HID socket connect failed (/run/user/1000/hidra.kbd). Waiting for QEMU to listen... (set HID_SOCK or run scripts/run_qemu.sh)
[hidra] HID socket connect failed (/run/user/1000/hidra.kbd). Waiting for QEMU to listen... (set HID_SOCK or run scripts/run_qemu.sh)
[msquic] stream: RECEIVE bytes=104 buffers=1 pending=0
[hidra] HID socket connect failed (/run/user/1000/hidra.kbd). Waiting for QEMU to listen... (set HID_SOCK or run scripts/run_qemu.sh)
[msquic] stream: RECEIVE bytes=52 buffers=1 pending=0
[lat] dt_ms=70.1932 cmd=up key=ENTER
[hidra] HID socket connect failed (/run/user/1000/hidra.kbd). Waiting for QEMU to listen... (set HID_SOCK or run scripts/run_qemu.sh)
[lat] dt_ms=62.0942 cmd=down key=a
[hidra] HID socket connect failed (/run/user/1000/hidra.kbd). Waiting for QEMU to listen... (set HID_SOCK or run scripts/run_qemu.sh)
[hidra] HID socket connect failed (/run/user/1000/hidra.kbd). Waiting for QEMU to listen... (set HID_SOCK or run scripts/run_qemu.sh)
[msquic] stream: RECEIVE bytes=52 buffers=1 pending=0
[hidra] HID socket connect failed (/run/user/1000/hidra.kbd). Waiting for QEMU to listen... (set HID_SOCK or run scripts/run_qemu.sh)
[msquic] stream: RECEIVE bytes=52 buffers=1 pending=0
[lat] dt_ms=72.3263 cmd=up key=a
[hidra] HID socket connect failed (/run/user/1000/hidra.kbd). Waiting for QEMU to listen... (set HID_SOCK or run scripts/run_qemu.sh)
[lat] dt_ms=63.0213 cmd=down key=p
[hidra] HID socket connect failed (/run/user/1000/hidra.kbd). Waiting for QEMU to listen... (set HID_SOCK or run scripts/run_qemu.sh)
[lat] dt_ms=47.2025 cmd=down key=t
[hidra] HID socket connect failed (/run/user/1000/hidra.kbd). Waiting for QEMU to listen... (set HID_SOCK or run scripts/run_qemu.sh)
[heal] key=23 heal_ms=42.1043
[hidra] HID socket connect failed (/run/user/1000/hidra.kbd). Waiting for QEMU to listen... (set HID_SOCK or run scripts/run_qemu.sh)
[msquic] stream: RECEIVE bytes=52 buffers=1 pending=0
[lat] dt_ms=63.9241 cmd=up key=p
[hidra] HID socket connect failed (/run/user/1000/hidra.kbd). Waiting for QEMU to listen... (set HID_SOCK or run scripts/run_qemu.sh)
[hidra] HID socket connect failed (/run/user/1000/hidra.kbd). Waiting for QEMU to listen... (set HID_SOCK or run scripts/run_qemu.sh)
[msquic] stream: RECEIVE bytes=52 buffers=1 pending=0
[hidra] HID socket connect failed (/run/user/1000/hidra.kbd). Waiting for QEMU to listen... (set HID_SOCK or run scripts/run_qemu.sh)
[msquic] stream: RECEIVE bytes=52 buffers=1 pending=0
[hidra] HID socket connect failed (/run/user/1000/hidra.kbd). Waiting for QEMU to listen... (set HID_SOCK or run scripts/run_qemu.sh)
[msquic] stream: RECEIVE bytes=52 buffers=1 pending=0
[hidra] HID socket connect failed (/run/user/1000/hidra.kbd). Waiting for QEMU to listen... (set HID_SOCK or run scripts/run_qemu.sh)
[msquic] stream: RECEIVE bytes=52 buffers=1 pending=0
[hidra] HID socket connect failed (/run/user/1000/hidra.kbd). Waiting for QEMU to listen... (set HID_SOCK or run scripts/run_qemu.sh)
[msquic] stream: RECEIVE bytes=52 buffers=1 pending=0
[lat] dt_ms=60.2845 cmd=down key=ENTER
[hidra] HID socket connect failed (/run/user/1000/hidra.kbd). Waiting for QEMU to listen... (set HID_SOCK or run scripts/run_qemu.sh)
[lat] dt_ms=73.0016 cmd=up key=t
[hidra] HID socket connect failed (/run/user/1000/hidra.kbd). Waiting for QEMU to listen... (set HID_SOCK or run scripts/run_qemu.sh)
[lat] dt_ms=43.5794 cmd=down key=a
[hidra] HID socket connect failed (/run/user/1000/hidra.kbd). Waiting for QEMU to listen... (set HID_SOCK or run scripts/run_qemu.sh)
[heal] key=40 heal_ms=62.4248
[hidra] HID socket connect failed (/run/user/1000/hidra.kbd). Waiting for QEMU to listen... (set HID_SOCK or run scripts/run_qemu.sh)
[msquic] stream: RECEIVE bytes=52 buffers=1 pending=0
[lat] dt_ms=64.533 cmd=up key=ENTER
[hidra] HID socket connect failed (/run/user/1000/hidra.kbd). Waiting for QEMU to listen... (set HID_SOCK or run scripts/run_qemu.sh)
[lat] dt_ms=53.7498 cmd=up key=a
[hidra] HID socket connect failed (/run/user/1000/hidra.kbd). Waiting for QEMU to listen... (set HID_SOCK or run scripts/run_qemu.sh)
[hidra] HID socket connect failed (/run/user/1000/hidra.kbd). Waiting for QEMU to listen... (set HID_SOCK or run scripts/run_qemu.sh)
[msquic] stream: RECEIVE bytes=52 buffers=1 pending=0
[hidra] HID socket connect failed (/run/user/1000/hidra.kbd). Waiting for QEMU to listen... (set HID_SOCK or run scripts/run_qemu.sh)
[msquic] stream: RECEIVE bytes=52 buffers=1 pending=0
[hidra] HID socket connect failed (/run/user/1000/hidra.kbd). Waiting for QEMU to listen... (set HID_SOCK or run scripts/run_qemu.sh)
[msquic] stream: RECEIVE bytes=52 buffers=1 pending=0
[lat] dt_ms=65.7379 cmd=down key=p
[hidra] HID socket connect failed (/run/user/1000/hidra.kbd). Waiting for QEMU to listen... (set HID_SOCK or run scripts/run_qemu.sh)
[heal] key=19 heal_ms=69.5101
[hidra] HID socket connect failed (/run/user/1000/hidra.kbd). Waiting for QEMU to listen... (set HID_SOCK or run scripts/run_qemu.sh)
[msquic] stream: RECEIVE bytes=52 buffers=1 pending=0
[lat] dt_ms=63.193 cmd=down key=t
[hidra] HID socket connect failed (/run/user/1000/hidra.kbd). Waiting for QEMU to listen... (set HID_SOCK or run scripts/run_qemu.sh)
[hidra] HID socket connect failed (/run/user/1000/hidra.kbd). Waiting for QEMU to listen... (set HID_SOCK or run scripts/run_qemu.sh)
[msquic] stream: RECEIVE bytes=52 buffers=1 pending=0
[lat] dt_ms=80.0839 cmd=up key=p
[hidra] HID socket connect failed (/run/user/1000/hidra.kbd). Waiting for QEMU to listen... (set HID_SOCK or run scripts/run_qemu.sh)
[lat] dt_ms=65.2629 cmd=up key=t
[hidra] HID socket connect failed (/run/user/1000/hidra.kbd). Waiting for QEMU to listen... (set HID_SOCK or run scripts/run_qemu.sh)
[hidra] HID socket connect failed (/run/user/1000/hidra.kbd). Waiting for QEMU to listen... (set HID_SOCK or run scripts/run_qemu.sh)
[msquic] stream: RECEIVE bytes=52 buffers=1 pending=0
[hidra] HID socket connect failed (/run/user/1000/hidra.kbd). Waiting for QEMU to listen... (set HID_SOCK or run scripts/run_qemu.sh)
[msquic] stream: RECEIVE bytes=52 buffers=1 pending=0
[lat] dt_ms=51.2578 cmd=up key=ENTER
[hidra] HID socket connect failed (/run/user/1000/hidra.kbd). Waiting for QEMU to listen... (set HID_SOCK or run scripts/run_qemu.sh)
[lat] dt_ms=69.759 cmd=down key=ENTER
[hidra] HID socket connect failed (/run/user/1000/hidra.kbd). Waiting for QEMU to listen... (set HID_SOCK or run scripts/run_qemu.sh)
[heal] key=23 heal_ms=87.2994
[hidra] HID socket connect failed (/run/user/1000/hidra.kbd). Waiting for QEMU to listen... (set HID_SOCK or run scripts/run_qemu.sh)
[msquic] stream: RECEIVE bytes=52 buffers=1 pending=0
[heal] key=40 heal_ms=72.2263
[hidra] HID socket connect failed (/run/user/1000/hidra.kbd). Waiting for QEMU to listen... (set HID_SOCK or run scripts/run_qemu.sh)
[msquic] stream: RECEIVE bytes=52 buffers=1 pending=0
[hidra] HID socket connect failed (/run/user/1000/hidra.kbd). Waiting for QEMU to listen... (set HID_SOCK or run scripts/run_qemu.sh)
[msquic] stream: RECEIVE bytes=52 buffers=1 pending=0
[lat] dt_ms=75.4733 cmd=down key=a
[hidra] HID socket connect failed (/run/user/1000/hidra.kbd). Waiting for QEMU to listen... (set HID_SOCK or run scripts/run_qemu.sh)
[heal] key=4 heal_ms=66.3393
[hidra] HID socket connect failed (/run/user/1000/hidra.kbd). Waiting for QEMU to listen... (set HID_SOCK or run scripts/run_qemu.sh)
[hidra] HID socket connect failed (/run/user/1000/hidra.kbd). Waiting for QEMU to listen... (set HID_SOCK or run scripts/run_qemu.sh)
[msquic] stream: RECEIVE bytes=104 buffers=1 pending=0
[lat] dt_ms=67.4272 cmd=up key=a
[hidra] HID socket connect failed (/run/user/1000/hidra.kbd). Waiting for QEMU to listen... (set HID_SOCK or run scripts/run_qemu.sh)
[lat] dt_ms=73.0989 cmd=down key=p
[hidra] HID socket connect failed (/run/user/1000/hidra.kbd). Waiting for QEMU to listen... (set HID_SOCK or run scripts/run_qemu.sh)
[hidra] HID socket connect failed (/run/user/1000/hidra.kbd). Waiting for QEMU to listen... (set HID_SOCK or run scripts/run_qemu.sh)
[msquic] stream: RECEIVE bytes=52 buffers=1 pending=0
[lat] dt_ms=49.2066 cmd=up key=t
[hidra] HID socket connect failed (/run/user/1000/hidra.kbd). Waiting for QEMU to listen... (set HID_SOCK or run scripts/run_qemu.sh)
[heal] key=19 heal_ms=72.3914
[hidra] HID socket connect failed (/run/user/1000/hidra.kbd). Waiting for QEMU to listen... (set HID_SOCK or run scripts/run_qemu.sh)
[msquic] stream: RECEIVE bytes=52 buffers=1 pending=0
[lat] dt_ms=78.5514 cmd=up key=p
[hidra] HID socket connect failed (/run/user/1000/hidra.kbd). Waiting for QEMU to listen... (set HID_SOCK or run scripts/run_qemu.sh)
[lat] dt_ms=69.9896 cmd=down key=t
[hidra] HID socket connect failed (/run/user/1000/hidra.kbd). Waiting for QEMU to listen... (set HID_SOCK or run scripts/run_qemu.sh)
[lat] dt_ms=54.2131 cmd=down key=ENTER
[hidra] HID socket connect failed (/run/user/1000/hidra.kbd). Waiting for QEMU to listen... (set HID_SOCK or run scripts/run_qemu.sh)
[hidra] HID socket connect failed (/run/user/1000/hidra.kbd). Waiting for QEMU to listen... (set HID_SOCK or run scripts/run_qemu.sh)
[msquic] stream: RECEIVE bytes=52 buffers=1 pending=0
[lat] dt_ms=43.7685 cmd=down key=a
[hidra] HID socket connect failed (/run/user/1000/hidra.kbd). Waiting for QEMU to listen... (set HID_SOCK or run scripts/run_qemu.sh)
[hidra] HID socket connect failed (/run/user/1000/hidra.kbd). Waiting for QEMU to listen... (set HID_SOCK or run scripts/run_qemu.sh)
[msquic] stream: RECEIVE bytes=52 buffers=1 pending=0
[heal] key=23 heal_ms=82.7938
[hidra] HID socket connect failed (/run/user/1000/hidra.kbd). Waiting for QEMU to listen... (set HID_SOCK or run scripts/run_qemu.sh)
[msquic] stream: RECEIVE bytes=52 buffers=1 pending=0
[lat] dt_ms=67.1108 cmd=up key=ENTER
[hidra] HID socket connect failed (/run/user/1000/hidra.kbd). Waiting for QEMU to listen... (set HID_SOCK or run scripts/run_qemu.sh)
[hidra] HID socket connect failed (/run/user/1000/hidra.kbd). Waiting for QEMU to listen... (set HID_SOCK or run scripts/run_qemu.sh)
[hidra] HID socket connect failed (/run/user/1000/hidra.kbd). Waiting for QEMU to listen... (set HID_SOCK or run scripts/run_qemu.sh)
[msquic] stream: RECEIVE bytes=104 buffers=1 pending=0
[hidra] HID socket connect failed (/run/user/1000/hidra.kbd). Waiting for QEMU to listen... (set HID_SOCK or run scripts/run_qemu.sh)
[msquic] stream: RECEIVE bytes=52 buffers=1 pending=0
[hidra] HID socket connect failed (/run/user/1000/hidra.kbd). Waiting for QEMU to listen... (set HID_SOCK or run scripts/run_qemu.sh)
[msquic] stream: RECEIVE bytes=52 buffers=1 pending=0
[lat] dt_ms=55.7521 cmd=down key=p
[hidra] HID socket connect failed (/run/user/1000/hidra.kbd). Waiting for QEMU to listen... (set HID_SOCK or run scripts/run_qemu.sh)
[hidra] HID socket connect failed (/run/user/1000/hidra.kbd). Waiting for QEMU to listen... (set HID_SOCK or run scripts/run_qemu.sh)
[msquic] stream: RECEIVE bytes=52 buffers=1 pending=0
[lat] dt_ms=74.9989 cmd=up key=a
[hidra] HID socket connect failed (/run/user/1000/hidra.kbd). Waiting for QEMU to listen... (set HID_SOCK or run scripts/run_qemu.sh)
[lat] dt_ms=56.0789 cmd=up key=p
[hidra] HID socket connect failed (/run/user/1000/hidra.kbd). Waiting for QEMU to listen... (set HID_SOCK or run scripts/run_qemu.sh)
[hidra] HID socket connect failed (/run/user/1000/hidra.kbd). Waiting for QEMU to listen... (set HID_SOCK or run scripts/run_qemu.sh)
[msquic] stream: RECEIVE bytes=52 buffers=1 pending=0
[hidra] HID socket connect failed (/run/user/1000/hidra.kbd). Waiting for QEMU to listen... (set HID_SOCK or run scripts/run_qemu.sh)
[msquic] stream: RECEIVE bytes=52 buffers=1 pending=0
[lat] dt_ms=64.6076 cmd=down key=t
[hidra] HID socket connect failed (/run/user/1000/hidra.kbd). Waiting for QEMU to listen... (set HID_SOCK or run scripts/run_qemu.sh)
[lat] dt_ms=45.6986 cmd=down key=ENTER
[hidra] HID socket connect failed (/run/user/1000/hidra.kbd). Waiting for QEMU to listen... (set HID_SOCK or run scripts/run_qemu.sh)
[lat] dt_ms=62.0259 cmd=up key=t
[hidra] HID socket connect failed (/run/user/1000/hidra.kbd). Waiting for QEMU to listen... (set HID_SOCK or run scripts/run_qemu.sh)
[hidra] HID socket connect failed (/run/user/1000/hidra.kbd). Waiting for QEMU to listen... (set HID_SOCK or run scripts/run_qemu.sh)
[msquic] stream: RECEIVE bytes=52 buffers=1 pending=0
[hidra] HID socket connect failed (/run/user/1000/hidra.kbd). Waiting for QEMU to listen... (set HID_SOCK or run scripts/run_qemu.sh)
[msquic] stream: RECEIVE bytes=52 buffers=1 pending=0
[hidra] HID socket connect failed (/run/user/1000/hidra.kbd). Waiting for QEMU to listen... (set HID_SOCK or run scripts/run_qemu.sh)
[hidra] HID socket connect failed (/run/user/1000/hidra.kbd). Waiting for QEMU to listen... (set HID_SOCK or run scripts/run_qemu.sh)
[msquic] stream: RECEIVE bytes=104 buffers=2 pending=0
[hidra] HID socket connect failed (/run/user/1000/hidra.kbd). Waiting for QEMU to listen... (set HID_SOCK or run scripts/run_qemu.sh)
[msquic] stream: RECEIVE bytes=52 buffers=1 pending=0
[lat] dt_ms=71.8354 cmd=up key=ENTER
[hidra] HID socket connect failed (/run/user/1000/hidra.kbd). Waiting for QEMU to listen... (set HID_SOCK or run scripts/run_qemu.sh)
[lat] dt_ms=41.2089 cmd=down key=p
[hidra] HID socket connect failed (/run/user/1000/hidra.kbd). Waiting for QEMU to listen... (set HID_SOCK or run scripts/run_qemu.sh)
[lat] dt_ms=70.5565 cmd=down key=a
[hidra] HID socket connect failed (/run/user/1000/hidra.kbd). Waiting for QEMU to listen... (set HID_SOCK or run scripts/run_qemu.sh)
[lat] dt_ms=62.1162 cmd=up key=a
[hidra] HID socket connect failed (/run/user/1000/hidra.kbd). Waiting for QEMU to listen... (set HID_SOCK or run scripts/run_qemu.sh)
[hidra] HID socket connect failed (/run/user/1000/hidra.kbd). Waiting for QEMU to listen... (set HID_SOCK or run scripts/run_qemu.sh)
[msquic] stream: RECEIVE bytes=52 buffers=1 pending=0
[lat] dt_ms=49.6886 cmd=down key=t
[hidra] HID socket connect failed (/run/user/1000/hidra.kbd). Waiting for QEMU to listen... (set HID_SOCK or run scripts/run_qemu.sh)
[heal] key=19 heal_ms=59.9699
[hidra] HID socket connect failed (/run/user/1000/hidra.kbd). Waiting for QEMU to listen... (set HID_SOCK or run scripts/run_qemu.sh)
[msquic] stream: RECEIVE bytes=52 buffers=1 pending=0
[hidra] HID socket connect failed (/run/user/1000/hidra.kbd). Waiting for QEMU to listen... (set HID_SOCK or run scripts/run_qemu.sh)
[msquic] stream: RECEIVE bytes=52 buffers=1 pending=0
[lat] dt_ms=71.6418 cmd=up key=p
[hidra] HID socket connect failed (/run/user/1000/hidra.kbd). Waiting for QEMU to listen... (set HID_SOCK or run scripts/run_qemu.sh)
[hidra] HID socket connect failed (/run/user/1000/hidra.kbd). Waiting for QEMU to listen... (set HID_SOCK or run scripts/run_qemu.sh)
[msquic] stream: RECEIVE bytes=52 buffers=1 pending=0
[lat] dt_ms=62.367 cmd=up key=t
[hidra] HID socket connect failed (/run/user/1000/hidra.kbd). Waiting for QEMU to listen... (set HID_SOCK or run scripts/run_qemu.sh)
[lat] dt_ms=50.5509 cmd=up key=ENTER
[hidra] HID socket connect failed (/run/user/1000/hidra.kbd). Waiting for QEMU to listen... (set HID_SOCK or run scripts/run_qemu.sh)
[hidra] HID socket connect failed (/run/user/1000/hidra.kbd). Waiting for QEMU to listen... (set HID_SOCK or run scripts/run_qemu.sh)
[hidra] HID socket connect failed (/run/user/1000/hidra.kbd). Waiting for QEMU to listen... (set HID_SOCK or run scripts/run_qemu.sh)
[msquic] stream: RECEIVE bytes=104 buffers=1 pending=0
[hidra] HID socket connect failed (/run/user/1000/hidra.kbd). Waiting for QEMU to listen... (set HID_SOCK or run scripts/run_qemu.sh)
[msquic] stream: RECEIVE bytes=52 buffers=1 pending=0
[lat] dt_ms=66.4987 cmd=down key=ENTER
[hidra] HID socket connect failed (/run/user/1000/hidra.kbd). Waiting for QEMU to listen... (set HID_SOCK or run scripts/run_qemu.sh)
[lat] dt_ms=51.9772 cmd=down key=a
[hidra] HID socket connect failed (/run/user/1000/hidra.kbd). Waiting for QEMU to listen... (set HID_SOCK or run scripts/run_qemu.sh)
[lat] dt_ms=53.6119 cmd=up key=a
[hidra] HID socket connect failed (/run/user/1000/hidra.kbd). Waiting for QEMU to listen... (set HID_SOCK or run scripts/run_qemu.sh)
[heal] key=23 heal_ms=95.9918
[hidra] HID socket connect failed (/run/user/1000/hidra.kbd). Waiting for QEMU to listen... (set HID_SOCK or run scripts/run_qemu.sh)
[msquic] stream: RECEIVE bytes=52 buffers=1 pending=0
[hidra] HID socket connect failed (/run/user/1000/hidra.kbd). Waiting for QEMU to listen... (set HID_SOCK or run scripts/run_qemu.sh)
[msquic] stream: RECEIVE bytes=52 buffers=1 pending=0
[hidra] HID socket connect failed (/run/user/1000/hidra.kbd). Waiting for QEMU to listen... (set HID_SOCK or run scripts/run_qemu.sh)
[msquic] stream: RECEIVE bytes=52 buffers=1 pending=0
[heal] key=4 heal_ms=70.6958
[hidra] HID socket connect failed (/run/user/1000/hidra.kbd). Waiting for QEMU to listen... (set HID_SOCK or run scripts/run_qemu.sh)
[msquic] stream: RECEIVE bytes=52 buffers=1 pending=0
[lat] dt_ms=63.5715 cmd=down key=p
[hidra] HID socket connect failed (/run/user/1000/hidra.kbd). Waiting for QEMU to listen... (set HID_SOCK or run scripts/run_qemu.sh)
[hidra] HID socket connect failed (/run/user/1000/hidra.kbd). Waiting for QEMU to listen... (set HID_SOCK or run scripts/run_qemu.sh)
[msquic] stream: RECEIVE bytes=52 buffers=1 pending=0
[heal] key=19 heal_ms=59.2057
[hidra] HID socket connect failed (/run/user/1000/hidra.kbd). Waiting for QEMU to listen... (set HID_SOCK or run scripts/run_qemu.sh)
[msquic] stream: RECEIVE bytes=52 buffers=1 pending=0
[lat] dt_ms=51.0414 cmd=down key=t
[hidra] HID socket connect failed (/run/user/1000/hidra.kbd). Waiting for QEMU to listen... (set HID_SOCK or run scripts/run_qemu.sh)
[hidra] HID socket connect failed (/run/user/1000/hidra.kbd). Waiting for QEMU to listen... (set HID_SOCK or run scripts/run_qemu.sh)
[msquic] stream: RECEIVE bytes=52 buffers=1 pending=0
[lat] dt_ms=74.9301 cmd=up key=p
[hidra] HID socket connect failed (/run/user/1000/hidra.kbd). Waiting for QEMU to listen... (set HID_SOCK or run scripts/run_qemu.sh)
[lat] dt_ms=56.8069 cmd=up key=t
[hidra] HID socket connect failed (/run/user/1000/hidra.kbd). Waiting for QEMU to listen... (set HID_SOCK or run scripts/run_qemu.sh)
[lat] dt_ms=45.2588 cmd=up key=ENTER
[hidra] HID socket connect failed (/run/user/1000/hidra.kbd). Waiting for QEMU to listen... (set HID_SOCK or run scripts/run_qemu.sh)
[hidra] HID socket connect failed (/run/user/1000/hidra.kbd). Waiting for QEMU to listen... (set HID_SOCK or run scripts/run_qemu.sh)
[hidra] HID socket connect failed (/run/user/1000/hidra.kbd). Waiting for QEMU to listen... (set HID_SOCK or run scripts/run_qemu.sh)
[msquic] stream: RECEIVE bytes=104 buffers=1 pending=0
[hidra] HID socket connect failed (/run/user/1000/hidra.kbd). Waiting for QEMU to listen... (set HID_SOCK or run scripts/run_qemu.sh)
[msquic] stream: RECEIVE bytes=52 buffers=1 pending=0
[lat] dt_ms=48.2638 cmd=up key=a
[hidra] HID socket connect failed (/run/user/1000/hidra.kbd). Waiting for QEMU to listen... (set HID_SOCK or run scripts/run_qemu.sh)
[hidra] HID socket connect failed (/run/user/1000/hidra.kbd). Waiting for QEMU to listen... (set HID_SOCK or run scripts/run_qemu.sh)
[msquic] stream: RECEIVE bytes=52 buffers=1 pending=0
[lat] dt_ms=70.3239 cmd=down key=a
[hidra] HID socket connect failed (/run/user/1000/hidra.kbd). Waiting for QEMU to listen... (set HID_SOCK or run scripts/run_qemu.sh)
[heal] key=40 heal_ms=86.3392
[hidra] HID socket connect failed (/run/user/1000/hidra.kbd). Waiting for QEMU to listen... (set HID_SOCK or run scripts/run_qemu.sh)
[msquic] stream: RECEIVE bytes=52 buffers=1 pending=0
[hidra] HID socket connect failed (/run/user/1000/hidra.kbd). Waiting for QEMU to listen... (set HID_SOCK or run scripts/run_qemu.sh)
[msquic] stream: RECEIVE bytes=52 buffers=1 pending=0
[lat] dt_ms=46.0583 cmd=down key=t
[hidra] HID socket connect failed (/run/user/1000/hidra.kbd). Waiting for QEMU to listen... (set HID_SOCK or run scripts/run_qemu.sh)
[lat] dt_ms=57.9471 cmd=up key=p
[hidra] HID socket connect failed (/run/user/1000/hidra.kbd). Waiting for QEMU to listen... (set HID_SOCK or run scripts/run_qemu.sh)
[heal] key=23 heal_ms=41.9651
[hidra] HID socket connect failed (/run/user/1000/hidra.kbd). Waiting for QEMU to listen... (set HID_SOCK or run scripts/run_qemu.sh)
[hidra] HID socket connect failed (/run/user/1000/hidra.kbd). Waiting for QEMU to listen... (set HID_SOCK or run scripts/run_qemu.sh)
[msquic] stream: RECEIVE bytes=104 buffers=1 pending=0
[lat] dt_ms=43.2052 cmd=up key=t
[hidra] HID socket connect failed (/run/user/1000/hidra.kbd). Waiting for QEMU to listen... (set HID_SOCK or run scripts/run_qemu.sh)
[lat] dt_ms=76.8356 cmd=down key=p
[hidra] HID socket connect failed (/run/user/1000/hidra.kbd). Waiting for QEMU to listen... (set HID_SOCK or run scripts/run_qemu.sh)
[lat] dt_ms=40.6764 cmd=down key=ENTER
[hidra] HID socket connect failed (/run/user/1000/hidra.kbd). Waiting for QEMU to listen... (set HID_SOCK or run scripts/run_qemu.sh)
[heal] key=19 heal_ms=86.9744
[hidra] HID socket connect failed (/run/user/1000/hidra.kbd). Waiting for QEMU to listen... (set HID_SOCK or run scripts/run_qemu.sh)
[msquic] stream: RECEIVE bytes=52 buffers=1 pending=0
[lat] dt_ms=45.8776 cmd=up key=ENTER
[hidra] HID socket connect failed (/run/user/1000/hidra.kbd). Waiting for QEMU to listen... (set HID_SOCK or run scripts/run_qemu.sh)
[hidra] HID socket connect failed (/run/user/1000/hidra.kbd). Waiting for QEMU to listen... (set HID_SOCK or run scripts/run_qemu.sh)
[msquic] stream: RECEIVE bytes=52 buffers=1 pending=0
[hidra] HID socket connect failed (/run/user/1000/hidra.kbd). Waiting for QEMU to listen... (set HID_SOCK or run scripts/run_qemu.sh)
[msquic] stream: RECEIVE bytes=52 buffers=1 pending=0
[hidra] HID socket connect failed (/run/user/1000/hidra.kbd). Waiting for QEMU to listen... (set HID_SOCK or run scripts/run_qemu.sh)
[msquic] stream: RECEIVE bytes=52 buffers=1 pending=0
[lat] dt_ms=48.1534 cmd=up key=a
[hidra] HID socket connect failed (/run/user/1000/hidra.kbd). Waiting for QEMU to listen... (set HID_SOCK or run scripts/run_qemu.sh)
[hidra] HID socket connect failed (/run/user/1000/hidra.kbd). Waiting for QEMU to listen... (set HID_SOCK or run scripts/run_qemu.sh)
[msquic] stream: RECEIVE bytes=52 buffers=1 pending=0
[lat] dt_ms=44.0357 cmd=down key=p
[hidra] HID socket connect failed (/run/user/1000/hidra.kbd). Waiting for QEMU to listen... (set HID_SOCK or run scripts/run_qemu.sh)
[heal] key=19 heal_ms=44.3679
[heal] key=40 heal_ms=87.0527
[hidra] HID socket connect failed (/run/user/1000/hidra.kbd). Waiting for QEMU to listen... (set HID_SOCK or run scripts/run_qemu.sh)
[msquic] stream: RECEIVE bytes=52 buffers=1 pending=0
[hidra] HID socket connect failed (/run/user/1000/hidra.kbd). Waiting for QEMU to listen... (set HID_SOCK or run scripts/run_qemu.sh)
[msquic] stream: RECEIVE bytes=52 buffers=1 pending=0
[hidra] HID socket connect failed (/run/user/1000/hidra.kbd). Waiting for QEMU to listen... (set HID_SOCK or run scripts/run_qemu.sh)
[msquic] stream: RECEIVE bytes=52 buffers=1 pending=0
[lat] dt_ms=55.2457 cmd=up key=p
[hidra] HID socket connect failed (/run/user/1000/hidra.kbd). Waiting for QEMU to listen... (set HID_SOCK or run scripts/run_qemu.sh)
[heal] key=4 heal_ms=83.2341
[hidra] HID socket connect failed (/run/user/1000/hidra.kbd). Waiting for QEMU to listen... (set HID_SOCK or run scripts/run_qemu.sh)
[msquic] stream: RECEIVE bytes=52 buffers=1 pending=0
[hidra] HID socket connect failed (/run/user/1000/hidra.kbd). Waiting for QEMU to listen... (set HID_SOCK or run scripts/run_qemu.sh)
[msquic] stream: RECEIVE bytes=52 buffers=1 pending=0
[hidra] HID socket connect failed (/run/user/1000/hidra.kbd). Waiting for QEMU to listen... (set HID_SOCK or run scripts/run_qemu.sh)
[msquic] stream: RECEIVE bytes=52 buffers=1 pending=0
[hidra] HID socket connect failed (/run/user/1000/hidra.kbd). Waiting for QEMU to listen... (set HID_SOCK or run scripts/run_qemu.sh)
[msquic] stream: RECEIVE bytes=52 buffers=1 pending=0
[lat] dt_ms=60.4989 cmd=up key=t
[hidra] HID socket connect failed (/run/user/1000/hidra.kbd). Waiting for QEMU to listen... (set HID_SOCK or run scripts/run_qemu.sh)
[lat] dt_ms=74.9507 cmd=down key=t
[hidra] HID socket connect failed (/run/user/1000/hidra.kbd). Waiting for QEMU to listen... (set HID_SOCK or run scripts/run_qemu.sh)
[hidra] HID socket connect failed (/run/user/1000/hidra.kbd). Waiting for QEMU to listen... (set HID_SOCK or run scripts/run_qemu.sh)
[msquic] stream: RECEIVE bytes=52 buffers=1 pending=0
[hidra] HID socket connect failed (/run/user/1000/hidra.kbd). Waiting for QEMU to listen... (set HID_SOCK or run scripts/run_qemu.sh)
[msquic] stream: RECEIVE bytes=52 buffers=1 pending=0
[lat] dt_ms=69.005 cmd=down key=ENTER
[hidra] HID socket connect failed (/run/user/1000/hidra.kbd). Waiting for QEMU to listen... (set HID_SOCK or run scripts/run_qemu.sh)
[lat] dt_ms=78.0867 cmd=up key=ENTER
[hidra] HID socket connect failed (/run/user/1000/hidra.kbd). Waiting for QEMU to listen... (set HID_SOCK or run scripts/run_qemu.sh)
[lat] dt_ms=73.2636 cmd=down key=a
[hidra] HID socket connect failed (/run/user/1000/hidra.kbd). Waiting for QEMU to listen... (set HID_SOCK or run scripts/run_qemu.sh)
[hidra] HID socket connect failed (/run/user/1000/hidra.kbd). Waiting for QEMU to listen... (set HID_SOCK or run scripts/run_qemu.sh)
[msquic] stream: RECEIVE bytes=52 buffers=1 pending=0
[hidra] HID socket connect failed (/run/user/1000/hidra.kbd). Waiting for QEMU to listen... (set HID_SOCK or run scripts/run_qemu.sh)
[msquic] stream: RECEIVE bytes=52 buffers=1 pending=0
[lat] dt_ms=51.1984 cmd=up key=p
[hidra] HID socket connect failed (/run/user/1000/hidra.kbd). Waiting for QEMU to listen... (set HID_SOCK or run scripts/run_qemu.sh)
[lat] dt_ms=40.8246 cmd=down key=t
[hidra] HID socket connect failed (/run/user/1000/hidra.kbd). Waiting for QEMU to listen... (set HID_SOCK or run scripts/run_qemu.sh)
[heal] key=4 heal_ms=78.7745
[hidra] HID socket connect failed (/run/user/1000/hidra.kbd). Waiting for QEMU to listen... (set HID_SOCK or run scripts/run_qemu.sh)
[msquic] stream: RECEIVE bytes=52 buffers=1 pending=0
[lat] dt_ms=79.8439 cmd=up key=a
[hidra] HID socket connect failed (/run/user/1000/hidra.kbd). Waiting for QEMU to listen... (set HID_SOCK or run scripts/run_qemu.sh)
[lat] dt_ms=70.1864 cmd=down key=p
[hidra] HID socket connect failed (/run/user/1000/hidra.kbd). Waiting for QEMU to listen... (set HID_SOCK or run scripts/run_qemu.sh)
[heal] key=19 heal_ms=65.7967
[hidra] HID socket connect failed (/run/user/1000/hidra.kbd). Waiting for QEMU to listen... (set HID_SOCK or run scripts/run_qemu.sh)
[msquic] stream: RECEIVE bytes=52 buffers=1 pending=0
[lat] dt_ms=41.8545 cmd=down key=ENTER
[hidra] HID socket connect failed (/run/user/1000/hidra.kbd). Waiting for QEMU to listen... (set HID_SOCK or run scripts/run_qemu.sh)
[hidra] HID socket connect failed (/run/user/1000/hidra.kbd). Waiting for QEMU to listen... (set HID_SOCK or run scripts/run_qemu.sh)
[msquic] stream: RECEIVE bytes=52 buffers=1 pending=0
[hidra] HID socket connect failed (/run/user/1000/hidra.kbd). Waiting for QEMU to listen... (set HID_SOCK or run scripts/run_qemu.sh)
[msquic] stream: RECEIVE bytes=52 buffers=1 pending=0
[hidra] HID socket connect failed (/run/user/1000/hidra.kbd). Waiting for QEMU to listen... (set HID_SOCK or run scripts/run_qemu.sh)
[msquic] stream: RECEIVE bytes=52 buffers=1 pending=0
[heal] key=23 heal_ms=68.1295
[hidra] HID socket connect failed (/run/user/1000/hidra.kbd). Waiting for QEMU to listen... (set HID_SOCK or run scripts/run_qemu.sh)
[msquic] stream: RECEIVE bytes=52 buffers=1 pending=0
[hidra] HID socket connect failed (/run/user/1000/hidra.kbd). Waiting for QEMU to listen... (set HID_SOCK or run scripts/run_qemu.sh)
[msquic] stream: RECEIVE bytes=52 buffers=1 pending=0
[heal] key=40 heal_ms=63.4848
[hidra] HID socket connect failed (/run/user/1000/hidra.kbd). Waiting for QEMU to listen... (set HID_SOCK or run scripts/run_qemu.sh)
[msquic] stream: RECEIVE bytes=52 buffers=1 pending=0
[lat] dt_ms=67.7395 cmd=up key=ENTER
[hidra] HID socket connect failed (/run/user/1000/hidra.kbd). Waiting for QEMU to listen... (set HID_SOCK or run scripts/run_qemu.sh)
[lat] dt_ms=60.2138 cmd=down key=a
[hidra] HID socket connect failed (/run/user/1000/hidra.kbd). Waiting for QEMU to listen... (set HID_SOCK or run scripts/run_qemu.sh)
[hidra] HID socket connect failed (/run/user/1000/hidra.kbd). Waiting for QEMU to listen... (set HID_SOCK or run scripts/run_qemu.sh)
[msquic] stream: RECEIVE bytes=52 buffers=1 pending=0
[hidra] HID socket connect failed (/run/user/1000/hidra.kbd). Waiting for QEMU to listen... (set HID_SOCK or run scripts/run_qemu.sh)
[msquic] stream: RECEIVE bytes=52 buffers=1 pending=0
[hidra] HID socket connect failed (/run/user/1000/hidra.kbd). Waiting for QEMU to listen... (set HID_SOCK or run scripts/run_qemu.sh)
[msquic] stream: RECEIVE bytes=52 buffers=1 pending=0
[lat] dt_ms=56.2966 cmd=down key=p
[hidra] HID socket connect failed (/run/user/1000/hidra.kbd). Waiting for QEMU to listen... (set HID_SOCK or run scripts/run_qemu.sh)
[heal] key=19 heal_ms=50.8599
[hidra] HID socket connect failed (/run/user/1000/hidra.kbd). Waiting for QEMU to listen... (set HID_SOCK or run scripts/run_qemu.sh)
[msquic] stream: RECEIVE bytes=52 buffers=1 pending=0
[hidra] snapshot v1 mods=0x0 pressed=0
[hidra] HID socket connect failed (/run/user/1000/hidra.kbd). Waiting for QEMU to listen... (set HID_SOCK or run scripts/run_qemu.sh)
[msquic] stream: RECEIVE bytes=52 buffers=1 pending=0
[lat] dt_ms=78.5642 cmd=up key=a
[hidra] HID socket connect failed (/run/user/1000/hidra.kbd). Waiting for QEMU to listen... (set HID_SOCK or run scripts/run_qemu.sh)
[lat] dt_ms=45.5567 cmd=up key=t
[hidra] HID socket connect failed (/run/user/1000/hidra.kbd). Waiting for QEMU to listen... (set HID_SOCK or run scripts/run_qemu.sh)
[hidra] HID socket connect failed (/run/user/1000/hidra.kbd). Waiting for QEMU to listen... (set HID_SOCK or run scripts/run_qemu.sh)
[msquic] stream: RECEIVE bytes=52 buffers=1 pending=0
[hidra] HID socket connect failed (/run/user/1000/hidra.kbd). Waiting for QEMU to listen... (set HID_SOCK or run scripts/run_qemu.sh)
[msquic] stream: RECEIVE bytes=52 buffers=1 pending=0
[lat] dt_ms=62.4637 cmd=down key=t
[hidra] HID socket connect failed (/run/user/1000/hidra.kbd). Waiting for QEMU to listen... (set HID_SOCK or run scripts/run_qemu.sh)
[lat] dt_ms=80.4719 cmd=up key=p
[hidra] HID socket connect failed (/run/user/1000/hidra.kbd). Waiting for QEMU to listen... (set HID_SOCK or run scripts/run_qemu.sh)
[lat] dt_ms=56.8466 cmd=down key=ENTER
[hidra] HID socket connect failed (/run/user/1000/hidra.kbd). Waiting for QEMU to listen... (set HID_SOCK or run scripts/run_qemu.sh)
[heal] key=23 heal_ms=76.456
[hidra] HID socket connect failed (/run/user/1000/hidra.kbd). Waiting for QEMU to listen... (set HID_SOCK or run scripts/run_qemu.sh)
[msquic] stream: RECEIVE bytes=52 buffers=1 pending=0
[heal] key=40 heal_ms=60.4423
[hidra] HID socket connect failed (/run/user/1000/hidra.kbd). Waiting for QEMU to listen... (set HID_SOCK or run scripts/run_qemu.sh)
[msquic] stream: RECEIVE bytes=52 buffers=1 pending=0
[hidra] HID socket connect failed (/run/user/1000/hidra.kbd). Waiting for QEMU to listen... (set HID_SOCK or run scripts/run_qemu.sh)
[msquic] stream: RECEIVE bytes=52 buffers=1 pending=0
[lat] dt_ms=77.0185 cmd=up key=ENTER
[hidra] HID socket connect failed (/run/user/1000/hidra.kbd). Waiting for QEMU to listen... (set HID_SOCK or run scripts/run_qemu.sh)
[lat] dt_ms=78.4855 cmd=down key=a
[hidra] HID socket connect failed (/run/user/1000/hidra.kbd). Waiting for QEMU to listen... (set HID_SOCK or run scripts/run_qemu.sh)
[lat] dt_ms=72.0164 cmd=up key=a
[hidra] HID socket connect failed (/run/user/1000/hidra.kbd). Waiting for QEMU to listen... (set HID_SOCK or run scripts/run_qemu.sh)
[hidra] HID socket connect failed (/run/user/1000/hidra.kbd). Waiting for QEMU to listen... (set HID_SOCK or run scripts/run_qemu.sh)
[msquic] stream: RECEIVE bytes=52 buffers=1 pending=0
[lat] dt_ms=64.5134 cmd=down key=p
[hidra] HID socket connect failed (/run/user/1000/hidra.kbd). Waiting for QEMU to listen... (set HID_SOCK or run scripts/run_qemu.sh)
[hidra] HID socket connect failed (/run/user/1000/hidra.kbd). Waiting for QEMU to listen... (set HID_SOCK or run scripts/run_qemu.sh)
[msquic] stream: RECEIVE bytes=52 buffers=1 pending=0
[hidra] HID socket connect failed (/run/user/1000/hidra.kbd). Waiting for QEMU to listen... (set HID_SOCK or run scripts/run_qemu.sh)
[msquic] stream: RECEIVE bytes=52 buffers=1 pending=0
[lat] dt_ms=55.6775 cmd=up key=p
[hidra] HID socket connect failed (/run/user/1000/hidra.kbd). Waiting for QEMU to listen... (set HID_SOCK or run scripts/run_qemu.sh)
[hidra] HID socket connect failed (/run/user/1000/hidra.kbd). Waiting for QEMU to listen... (set HID_SOCK or run scripts/run_qemu.sh)
[msquic] stream: RECEIVE bytes=52 buffers=1 pending=0
[hidra] HID socket connect failed (/run/user/1000/hidra.kbd). Waiting for QEMU to listen... (set HID_SOCK or run scripts/run_qemu.sh)
[msquic] stream: RECEIVE bytes=52 buffers=1 pending=0
[lat] dt_ms=70.2945 cmd=down key=t
[hidra] HID socket connect failed (/run/user/1000/hidra.kbd). Waiting for QEMU to listen... (set HID_SOCK or run scripts/run_qemu.sh)
[hidra] HID socket connect failed (/run/user/1000/hidra.kbd). Waiting for QEMU to listen... (set HID_SOCK or run scripts/run_qemu.sh)
[msquic] stream: RECEIVE bytes=52 buffers=1 pending=0
[hidra] HID socket connect failed (/run/user/1000/hidra.kbd). Waiting for QEMU to listen... (set HID_SOCK or run scripts/run_qemu.sh)
[msquic] stream: RECEIVE bytes=52 buffers=1 pending=0
[lat] dt_ms=62.3135 cmd=down key=ENTER
[hidra] HID socket connect failed (/run/user/1000/hidra.kbd). Waiting for QEMU to listen... (set HID_SOCK or run scripts/run_qemu.sh)
[hidra] HID socket connect failed (/run/user/1000/hidra.kbd). Waiting for QEMU to listen... (set HID_SOCK or run scripts/run_qemu.sh)
[msquic] stream: RECEIVE bytes=52 buffers=1 pending=0
[lat] dt_ms=77.8574 cmd=up key=t
[hidra] HID socket connect failed (/run/user/1000/hidra.kbd). Waiting for QEMU to listen... (set HID_SOCK or run scripts/run_qemu.sh)
[lat] dt_ms=41.5525 cmd=down key=p
[hidra] HID socket connect failed (/run/user/1000/hidra.kbd). Waiting for QEMU to listen... (set HID_SOCK or run scripts/run_qemu.sh)
[lat] dt_ms=74.9369 cmd=up key=ENTER
[hidra] HID socket connect failed (/run/user/1000/hidra.kbd). Waiting for QEMU to listen... (set HID_SOCK or run scripts/run_qemu.sh)
[heal] key=19 heal_ms=119.191
[hidra] HID socket connect failed (/run/user/1000/hidra.kbd). Waiting for QEMU to listen... (set HID_SOCK or run scripts/run_qemu.sh)
[msquic] stream: RECEIVE bytes=52 buffers=1 pending=0
[lat] dt_ms=70.2898 cmd=down key=a
[hidra] HID socket connect failed (/run/user/1000/hidra.kbd). Waiting for QEMU to listen... (set HID_SOCK or run scripts/run_qemu.sh)
[lat] dt_ms=63.3745 cmd=up key=a
[hidra] HID socket connect failed (/run/user/1000/hidra.kbd). Waiting for QEMU to listen... (set HID_SOCK or run scripts/run_qemu.sh)
[hidra] HID socket connect failed (/run/user/1000/hidra.kbd). Waiting for QEMU to listen... (set HID_SOCK or run scripts/run_qemu.sh)
[msquic] stream: RECEIVE bytes=52 buffers=1 pending=0
[lat] dt_ms=53.1126 cmd=up key=p
[hidra] HID socket connect failed (/run/user/1000/hidra.kbd). Waiting for QEMU to listen... (set HID_SOCK or run scripts/run_qemu.sh)
[hidra] HID socket connect failed (/run/user/1000/hidra.kbd). Waiting for QEMU to listen... (set HID_SOCK or run scripts/run_qemu.sh)
[msquic] stream: RECEIVE bytes=52 buffers=1 pending=0
[hidra] HID socket connect failed (/run/user/1000/hidra.kbd). Waiting for QEMU to listen... (set HID_SOCK or run scripts/run_qemu.sh)
[msquic] stream: RECEIVE bytes=52 buffers=1 pending=0
[heal] key=23 heal_ms=124.035
[hidra] HID socket connect failed (/run/user/1000/hidra.kbd). Waiting for QEMU to listen... (set HID_SOCK or run scripts/run_qemu.sh)
[msquic] stream: RECEIVE bytes=52 buffers=1 pending=0
[hidra] HID socket connect failed (/run/user/1000/hidra.kbd). Waiting for QEMU to listen... (set HID_SOCK or run scripts/run_qemu.sh)
[msquic] stream: RECEIVE bytes=52 buffers=1 pending=0
[lat] dt_ms=55.8224 cmd=down key=t
[hidra] HID socket connect failed (/run/user/1000/hidra.kbd). Waiting for QEMU to listen... (set HID_SOCK or run scripts/run_qemu.sh)
[hidra] HID socket connect failed (/run/user/1000/hidra.kbd). Waiting for QEMU to listen... (set HID_SOCK or run scripts/run_qemu.sh)
[msquic] stream: RECEIVE bytes=52 buffers=1 pending=0
[lat] dt_ms=45.3484 cmd=down key=ENTER
[hidra] HID socket connect failed (/run/user/1000/hidra.kbd). Waiting for QEMU to listen... (set HID_SOCK or run scripts/run_qemu.sh)
[hidra] HID socket connect failed (/run/user/1000/hidra.kbd). Waiting for QEMU to listen... (set HID_SOCK or run scripts/run_qemu.sh)
[msquic] stream: RECEIVE bytes=52 buffers=1 pending=0
[lat] dt_ms=76.2468 cmd=up key=t
[hidra] HID socket connect failed (/run/user/1000/hidra.kbd). Waiting for QEMU to listen... (set HID_SOCK or run scripts/run_qemu.sh)
[lat] dt_ms=63.5569 cmd=up key=ENTER
[hidra] HID socket connect failed (/run/user/1000/hidra.kbd). Waiting for QEMU to listen... (set HID_SOCK or run scripts/run_qemu.sh)
[hidra] HID socket connect failed (/run/user/1000/hidra.kbd). Waiting for QEMU to listen... (set HID_SOCK or run scripts/run_qemu.sh)
[msquic] stream: RECEIVE bytes=52 buffers=1 pending=0
[lat] dt_ms=42.2247 cmd=down key=p
[hidra] HID socket connect failed (/run/user/1000/hidra.kbd). Waiting for QEMU to listen... (set HID_SOCK or run scripts/run_qemu.sh)
[heal] key=19 heal_ms=119.449
[hidra] HID socket connect failed (/run/user/1000/hidra.kbd). Waiting for QEMU to listen... (set HID_SOCK or run scripts/run_qemu.sh)
[msquic] stream: RECEIVE bytes=52 buffers=1 pending=0
[lat] dt_ms=57.954 cmd=up key=a
[hidra] HID socket connect failed (/run/user/1000/hidra.kbd). Waiting for QEMU to listen... (set HID_SOCK or run scripts/run_qemu.sh)
[hidra] HID socket connect failed (/run/user/1000/hidra.kbd). Waiting for QEMU to listen... (set HID_SOCK or run scripts/run_qemu.sh)
[msquic] stream: RECEIVE bytes=52 buffers=1 pending=0
[lat] dt_ms=79.9685 cmd=down key=a
[hidra] HID socket connect failed (/run/user/1000/hidra.kbd). Waiting for QEMU to listen... (set HID_SOCK or run scripts/run_qemu.sh)
[heal] key=4 heal_ms=69.3848
[hidra] HID socket connect failed (/run/user/1000/hidra.kbd). Waiting for QEMU to listen... (set HID_SOCK or run scripts/run_qemu.sh)
[msquic] stream: RECEIVE bytes=52 buffers=1 pending=0
[lat] dt_ms=52.7775 cmd=up key=p
[hidra] HID socket connect failed (/run/user/1000/hidra.kbd). Waiting for QEMU to listen... (set HID_SOCK or run scripts/run_qemu.sh)
[hidra] HID socket connect failed (/run/user/1000/hidra.kbd). Waiting for QEMU to listen... (set HID_SOCK or run scripts/run_qemu.sh)
[msquic] stream: RECEIVE bytes=52 buffers=2 pending=0
[hidra] HID socket connect failed (/run/user/1000/hidra.kbd). Waiting for QEMU to listen... (set HID_SOCK or run scripts/run_qemu.sh)
[msquic] stream: RECEIVE bytes=52 buffers=1 pending=0
[heal] key=19 heal_ms=68.3517
[hidra] HID socket connect failed (/run/user/1000/hidra.kbd). Waiting for QEMU to listen... (set HID_SOCK or run scripts/run_qemu.sh)
[msquic] stream: RECEIVE bytes=52 buffers=1 pending=0
[hidra] HID socket connect failed (/run/user/1000/hidra.kbd). Waiting for QEMU to listen... (set HID_SOCK or run scripts/run_qemu.sh)
[msquic] stream: RECEIVE bytes=52 buffers=1 pending=0
[lat] dt_ms=74.7237 cmd=down key=t
[hidra] HID socket connect failed (/run/user/1000/hidra.kbd). Waiting for QEMU to listen... (set HID_SOCK or run scripts/run_qemu.sh)
[hidra] HID socket connect failed (/run/user/1000/hidra.kbd). Waiting for QEMU to listen... (set HID_SOCK or run scripts/run_qemu.sh)
[msquic] stream: RECEIVE bytes=52 buffers=1 pending=0
[lat] dt_ms=76.8665 cmd=up key=t
[hidra] HID socket connect failed (/run/user/1000/hidra.kbd). Waiting for QEMU to listen... (set HID_SOCK or run scripts/run_qemu.sh)
[lat] dt_ms=66.6647 cmd=down key=ENTER
[hidra] HID socket connect failed (/run/user/1000/hidra.kbd). Waiting for QEMU to listen... (set HID_SOCK or run scripts/run_qemu.sh)
[lat] dt_ms=50.7424 cmd=down key=a
[hidra] HID socket connect failed (/run/user/1000/hidra.kbd). Waiting for QEMU to listen... (set HID_SOCK or run scripts/run_qemu.sh)
[lat] dt_ms=74.2046 cmd=up key=ENTER
[hidra] HID socket connect failed (/run/user/1000/hidra.kbd). Waiting for QEMU to listen... (set HID_SOCK or run scripts/run_qemu.sh)
[hidra] HID socket connect failed (/run/user/1000/hidra.kbd). Waiting for QEMU to listen... (set HID_SOCK or run scripts/run_qemu.sh)
[msquic] stream: RECEIVE bytes=52 buffers=1 pending=0
[lat] dt_ms=58.6396 cmd=up key=a
[hidra] HID socket connect failed (/run/user/1000/hidra.kbd). Waiting for QEMU to listen... (set HID_SOCK or run scripts/run_qemu.sh)
[hidra] HID socket connect failed (/run/user/1000/hidra.kbd). Waiting for QEMU to listen... (set HID_SOCK or run scripts/run_qemu.sh)
[msquic] stream: RECEIVE bytes=52 buffers=1 pending=0
[lat] dt_ms=44.3575 cmd=up key=p
[hidra] HID socket connect failed (/run/user/1000/hidra.kbd). Waiting for QEMU to listen... (set HID_SOCK or run scripts/run_qemu.sh)
[hidra] HID socket connect failed (/run/user/1000/hidra.kbd). Waiting for QEMU to listen... (set HID_SOCK or run scripts/run_qemu.sh)
[msquic] stream: RECEIVE bytes=52 buffers=1 pending=0
[hidra] HID socket connect failed (/run/user/1000/hidra.kbd). Waiting for QEMU to listen... (set HID_SOCK or run scripts/run_qemu.sh)
[msquic] stream: RECEIVE bytes=52 buffers=1 pending=0
[hidra] HID socket connect failed (/run/user/1000/hidra.kbd). Waiting for QEMU to listen... (set HID_SOCK or run scripts/run_qemu.sh)
[msquic] stream: RECEIVE bytes=52 buffers=1 pending=0
[lat] dt_ms=61.146 cmd=down key=p
[hidra] HID socket connect failed (/run/user/1000/hidra.kbd). Waiting for QEMU to listen... (set HID_SOCK or run scripts/run_qemu.sh)
[hidra] HID socket connect failed (/run/user/1000/hidra.kbd). Waiting for QEMU to listen... (set HID_SOCK or run scripts/run_qemu.sh)
[msquic] stream: RECEIVE bytes=52 buffers=1 pending=0
[hidra] HID socket connect failed (/run/user/1000/hidra.kbd). Waiting for QEMU to listen... (set HID_SOCK or run scripts/run_qemu.sh)
[msquic] stream: RECEIVE bytes=52 buffers=1 pending=0
[hidra] progress: rx=1123 emits=1618 quic_snapshots=878 socket=[hidra] HID socket connect failed (/run/user/1000/hidra.kbd). Waiting for QEMU to listen... (set HID_SOCK or run scripts/run_qemu.sh)
waiting
[hidra] HID socket connect failed (/run/user/1000/hidra.kbd). Waiting for QEMU to listen... (set HID_SOCK or run scripts/run_qemu.sh)
[msquic] stream: RECEIVE bytes=52 buffers=1 pending=0
[lat] dt_ms=75.1457 cmd=down key=t
[hidra] HID socket connect failed (/run/user/1000/hidra.kbd). Waiting for QEMU to listen... (set HID_SOCK or run scripts/run_qemu.sh)
[heal] key=40 heal_ms=47.5296
[hidra] HID socket connect failed (/run/user/1000/hidra.kbd). Waiting for QEMU to listen... (set HID_SOCK or run scripts/run_qemu.sh)
[msquic] stream: RECEIVE bytes=52 buffers=1 pending=0
[lat] dt_ms=71.1786 cmd=up key=t
[hidra] HID socket connect failed (/run/user/1000/hidra.kbd). Waiting for QEMU to listen... (set HID_SOCK or run scripts/run_qemu.sh)
[hidra] HID socket connect failed (/run/user/1000/hidra.kbd). Waiting for QEMU to listen... (set HID_SOCK or run scripts/run_qemu.sh)
[msquic] stream: RECEIVE bytes=52 buffers=1 pending=0
[lat] dt_ms=61.63 cmd=down key=ENTER
[hidra] HID socket connect failed (/run/user/1000/hidra.kbd). Waiting for QEMU to listen... (set HID_SOCK or run scripts/run_qemu.sh)
[lat] dt_ms=55.0318 cmd=up key=ENTER
[hidra] HID socket connect failed (/run/user/1000/hidra.kbd). Waiting for QEMU to listen... (set HID_SOCK or run scripts/run_qemu.sh)
[hidra] HID socket connect failed (/run/user/1000/hidra.kbd). Waiting for QEMU to listen... (set HID_SOCK or run scripts/run_qemu.sh)
[msquic] stream: RECEIVE bytes=52 buffers=1 pending=0
[hidra] HID socket connect failed (/run/user/1000/hidra.kbd). Waiting for QEMU to listen... (set HID_SOCK or run scripts/run_qemu.sh)
[msquic] stream: RECEIVE bytes=52 buffers=1 pending=0
[lat] dt_ms=49.4199 cmd=down key=p
[hidra] HID socket connect failed (/run/user/1000/hidra.kbd). Waiting for QEMU to listen... (set HID_SOCK or run scripts/run_qemu.sh)
[heal] key=19 heal_ms=126.35
[heal] key=4 heal_ms=147.168
[hidra] HID socket connect failed (/run/user/1000/hidra.kbd). Waiting for QEMU to listen... (set HID_SOCK or run scripts/run_qemu.sh)
[msquic] stream: RECEIVE bytes=52 buffers=1 pending=0
[lat] dt_ms=75.3979 cmd=down key=a
[hidra] HID socket connect failed (/run/user/1000/hidra.kbd). Waiting for QEMU to listen... (set HID_SOCK or run scripts/run_qemu.sh)
[hidra] HID socket connect failed (/run/user/1000/hidra.kbd). Waiting for QEMU to listen... (set HID_SOCK or run scripts/run_qemu.sh)
[msquic] stream: RECEIVE bytes=52 buffers=1 pending=0
[hidra] HID socket connect failed (/run/user/1000/hidra.kbd). Waiting for QEMU to listen... (set HID_SOCK or run scripts/run_qemu.sh)
[msquic] stream: RECEIVE bytes=52 buffers=1 pending=0
[hidra] HID socket connect failed (/run/user/1000/hidra.kbd). Waiting for QEMU to listen... (set HID_SOCK or run scripts/run_qemu.sh)
[msquic] stream: RECEIVE bytes=52 buffers=1 pending=0
[lat] dt_ms=79.8262 cmd=up key=a
[hidra] HID socket connect failed (/run/user/1000/hidra.kbd). Waiting for QEMU to listen... (set HID_SOCK or run scripts/run_qemu.sh)
[lat] dt_ms=46.2205 cmd=up key=t
[hidra] HID socket connect failed (/run/user/1000/hidra.kbd). Waiting for QEMU to listen... (set HID_SOCK or run scripts/run_qemu.sh)
[lat] dt_ms=43.2431 cmd=down key=ENTER
[hidra] HID socket connect failed (/run/user/1000/hidra.kbd). Waiting for QEMU to listen... (set HID_SOCK or run scripts/run_qemu.sh)
[lat] dt_ms=75.5993 cmd=up key=p
[hidra] HID socket connect failed (/run/user/1000/hidra.kbd). Waiting for QEMU to listen... (set HID_SOCK or run scripts/run_qemu.sh)
[hidra] HID socket connect failed (/run/user/1000/hidra.kbd). Waiting for QEMU to listen... (set HID_SOCK or run scripts/run_qemu.sh)
[msquic] stream: RECEIVE bytes=52 buffers=1 pending=0
[lat] dt_ms=77.179 cmd=down key=t
[hidra] HID socket connect failed (/run/user/1000/hidra.kbd). Waiting for QEMU to listen... (set HID_SOCK or run scripts/run_qemu.sh)
[hidra] HID socket connect failed (/run/user/1000/hidra.kbd). Waiting for QEMU to listen... (set HID_SOCK or run scripts/run_qemu.sh)
[msquic] stream: RECEIVE bytes=52 buffers=1 pending=0
[lat] dt_ms=55.6414 cmd=up key=ENTER
[hidra] HID socket connect failed (/run/user/1000/hidra.kbd). Waiting for QEMU to listen... (set HID_SOCK or run scripts/run_qemu.sh)
[heal] key=23 heal_ms=76.6301
[hidra] HID socket connect failed (/run/user/1000/hidra.kbd). Waiting for QEMU to listen... (set HID_SOCK or run scripts/run_qemu.sh)
[msquic] stream: RECEIVE bytes=52 buffers=1 pending=0
[lat] dt_ms=51.2904 cmd=down key=a
[hidra] HID socket connect failed (/run/user/1000/hidra.kbd). Waiting for QEMU to listen... (set HID_SOCK or run scripts/run_qemu.sh)
[hidra] HID socket connect failed (/run/user/1000/hidra.kbd). Waiting for QEMU to listen... (set HID_SOCK or run scripts/run_qemu.sh)
[msquic] stream: RECEIVE bytes=52 buffers=1 pending=0
[heal] key=4 heal_ms=128.042
[hidra] HID socket connect failed (/run/user/1000/hidra.kbd). Waiting for QEMU to listen... (set HID_SOCK or run scripts/run_qemu.sh)
[msquic] stream: RECEIVE bytes=52 buffers=1 pending=0
[heal] key=40 heal_ms=79.8107
[hidra] HID socket connect failed (/run/user/1000/hidra.kbd). Waiting for QEMU to listen... (set HID_SOCK or run scripts/run_qemu.sh)
[msquic] stream: RECEIVE bytes=52 buffers=1 pending=0
[lat] dt_ms=59.8017 cmd=up key=a
[hidra] HID socket connect failed (/run/user/1000/hidra.kbd). Waiting for QEMU to listen... (set HID_SOCK or run scripts/run_qemu.sh)
[hidra] HID socket connect failed (/run/user/1000/hidra.kbd). Waiting for QEMU to listen... (set HID_SOCK or run scripts/run_qemu.sh)
[msquic] stream: RECEIVE bytes=52 buffers=1 pending=0
[hidra] HID socket connect failed (/run/user/1000/hidra.kbd). Waiting for QEMU to listen... (set HID_SOCK or run scripts/run_qemu.sh)
[msquic] stream: RECEIVE bytes=52 buffers=1 pending=0
[lat] dt_ms=65.3438 cmd=down key=p
[hidra] HID socket connect failed (/run/user/1000/hidra.kbd). Waiting for QEMU to listen... (set HID_SOCK or run scripts/run_qemu.sh)
[hidra] HID socket connect failed (/run/user/1000/hidra.kbd). Waiting for QEMU to listen... (set HID_SOCK or run scripts/run_qemu.sh)
[msquic] stream: RECEIVE bytes=52 buffers=1 pending=0
[lat] dt_ms=57.0349 cmd=up key=p
[hidra] HID socket connect failed (/run/user/1000/hidra.kbd). Waiting for QEMU to listen... (set HID_SOCK or run scripts/run_qemu.sh)
[hidra] HID socket connect failed (/run/user/1000/hidra.kbd). Waiting for QEMU to listen... (set HID_SOCK or run scripts/run_qemu.sh)
[msquic] stream: RECEIVE bytes=52 buffers=1 pending=0
[lat] dt_ms=57.1258 cmd=down key=t
[hidra] HID socket connect failed (/run/user/1000/hidra.kbd). Waiting for QEMU to listen... (set HID_SOCK or run scripts/run_qemu.sh)
[hidra] HID socket connect failed (/run/user/1000/hidra.kbd). Waiting for QEMU to listen... (set HID_SOCK or run scripts/run_qemu.sh)
[msquic] stream: RECEIVE bytes=52 buffers=1 pending=0
[lat] dt_ms=43.6058 cmd=down key=ENTER
[hidra] HID socket connect failed (/run/user/1000/hidra.kbd). Waiting for QEMU to listen... (set HID_SOCK or run scripts/run_qemu.sh)
[lat] dt_ms=58.1921 cmd=up key=t
[hidra] HID socket connect failed (/run/user/1000/hidra.kbd). Waiting for QEMU to listen... (set HID_SOCK or run scripts/run_qemu.sh)
[lat] dt_ms=47.3537 cmd=up key=ENTER
[hidra] HID socket connect failed (/run/user/1000/hidra.kbd). Waiting for QEMU to listen... (set HID_SOCK or run scripts/run_qemu.sh)
[hidra] HID socket connect failed (/run/user/1000/hidra.kbd). Waiting for QEMU to listen... (set HID_SOCK or run scripts/run_qemu.sh)
[msquic] stream: RECEIVE bytes=52 buffers=1 pending=0
[lat] dt_ms=52.6011 cmd=down key=a
[hidra] HID socket connect failed (/run/user/1000/hidra.kbd). Waiting for QEMU to listen... (set HID_SOCK or run scripts/run_qemu.sh)
[heal] key=4 heal_ms=44.9126
[hidra] HID socket connect failed (/run/user/1000/hidra.kbd). Waiting for QEMU to listen... (set HID_SOCK or run scripts/run_qemu.sh)
[msquic] stream: RECEIVE bytes=52 buffers=1 pending=0
[lat] dt_ms=47.1903 cmd=up key=a
[hidra] HID socket connect failed (/run/user/1000/hidra.kbd). Waiting for QEMU to listen... (set HID_SOCK or run scripts/run_qemu.sh)
[hidra] HID socket connect failed (/run/user/1000/hidra.kbd). Waiting for QEMU to listen... (set HID_SOCK or run scripts/run_qemu.sh)
[msquic] stream: RECEIVE bytes=52 buffers=1 pending=0
[hidra] HID socket connect failed (/run/user/1000/hidra.kbd). Waiting for QEMU to listen... (set HID_SOCK or run scripts/run_qemu.sh)
[msquic] stream: RECEIVE bytes=52 buffers=1 pending=0
[lat] dt_ms=48.517 cmd=down key=p
[hidra] HID socket connect failed (/run/user/1000/hidra.kbd). Waiting for QEMU to listen... (set HID_SOCK or run scripts/run_qemu.sh)
[hidra] HID socket connect failed (/run/user/1000/hidra.kbd). Waiting for QEMU to listen... (set HID_SOCK or run scripts/run_qemu.sh)
[msquic] stream: RECEIVE bytes=52 buffers=1 pending=0
[heal] key=19 heal_ms=136.979
[lat] dt_ms=52.6495 cmd=up key=p
[hidra] HID socket connect failed (/run/user/1000/hidra.kbd). Waiting for QEMU to listen... (set HID_SOCK or run scripts/run_qemu.sh)
[hidra] send() failed; will retry connect
[msquic] stream: RECEIVE bytes=52 buffers=1 pending=0
[hidra] HID socket connect failed (/run/user/1000/hidra.kbd). Waiting for QEMU to listen... (set HID_SOCK or run scripts/run_qemu.sh)
[msquic] stream: RECEIVE bytes=52 buffers=1 pending=0
[hidra] HID socket connect failed (/run/user/1000/hidra.kbd). Waiting for QEMU to listen... (set HID_SOCK or run scripts/run_qemu.sh)
[msquic] stream: RECEIVE bytes=52 buffers=1 pending=0
[hidra] HID socket connect failed (/run/user/1000/hidra.kbd). Waiting for QEMU to listen... (set HID_SOCK or run scripts/run_qemu.sh)
[msquic] stream: RECEIVE bytes=52 buffers=1 pending=0
[lat] dt_ms=49.0411 cmd=down key=ENTER
[hidra] HID socket connect failed (/run/user/1000/hidra.kbd). Waiting for QEMU to listen... (set HID_SOCK or run scripts/run_qemu.sh)
[lat] dt_ms=73.818 cmd=down key=t
[hidra] HID socket connect failed (/run/user/1000/hidra.kbd). Waiting for QEMU to listen... (set HID_SOCK or run scripts/run_qemu.sh)
[lat] dt_ms=65.0366 cmd=up key=t
[hidra] HID socket connect failed (/run/user/1000/hidra.kbd). Waiting for QEMU to listen... (set HID_SOCK or run scripts/run_qemu.sh)
[hidra] HID socket connect failed (/run/user/1000/hidra.kbd). Waiting for QEMU to listen... (set HID_SOCK or run scripts/run_qemu.sh)
[msquic] stream: RECEIVE bytes=52 buffers=1 pending=0
[heal] key=40 heal_ms=56.4955
[hidra] HID socket connect failed (/run/user/1000/hidra.kbd). Waiting for QEMU to listen... (set HID_SOCK or run scripts/run_qemu.sh)
[msquic] stream: RECEIVE bytes=52 buffers=1 pending=0
[hidra] HID socket connect failed (/run/user/1000/hidra.kbd). Waiting for QEMU to listen... (set HID_SOCK or run scripts/run_qemu.sh)
[msquic] stream: RECEIVE bytes=52 buffers=1 pending=0
[hidra] HID socket connect failed (/run/user/1000/hidra.kbd). Waiting for QEMU to listen... (set HID_SOCK or run scripts/run_qemu.sh)
[hidra] HID socket connect failed (/run/user/1000/hidra.kbd). Waiting for QEMU to listen... (set HID_SOCK or run scripts/run_qemu.sh)
[msquic] stream: RECEIVE bytes=104 buffers=1 pending=0
[lat] dt_ms=76.4886 cmd=up key=ENTER
[hidra] HID socket connect failed (/run/user/1000/hidra.kbd). Waiting for QEMU to listen... (set HID_SOCK or run scripts/run_qemu.sh)
[lat] dt_ms=68.0401 cmd=up key=a
[hidra] HID socket connect failed (/run/user/1000/hidra.kbd). Waiting for QEMU to listen... (set HID_SOCK or run scripts/run_qemu.sh)
[lat] dt_ms=48.159 cmd=up key=p
[hidra] HID socket connect failed (/run/user/1000/hidra.kbd). Waiting for QEMU to listen... (set HID_SOCK or run scripts/run_qemu.sh)
[hidra] HID socket connect failed (/run/user/1000/hidra.kbd). Waiting for QEMU to listen... (set HID_SOCK or run scripts/run_qemu.sh)
[msquic] stream: RECEIVE bytes=52 buffers=1 pending=0
[hidra] HID socket connect failed (/run/user/1000/hidra.kbd). Waiting for QEMU to listen... (set HID_SOCK or run scripts/run_qemu.sh)
[msquic] stream: RECEIVE bytes=52 buffers=1 pending=0
[hidra] HID socket connect failed (/run/user/1000/hidra.kbd). Waiting for QEMU to listen... (set HID_SOCK or run scripts/run_qemu.sh)
[msquic] stream: RECEIVE bytes=52 buffers=1 pending=0
[lat] dt_ms=79.9592 cmd=down key=p
[hidra] HID socket connect failed (/run/user/1000/hidra.kbd). Waiting for QEMU to listen... (set HID_SOCK or run scripts/run_qemu.sh)
[lat] dt_ms=65.072 cmd=down key=t
[hidra] HID socket connect failed (/run/user/1000/hidra.kbd). Waiting for QEMU to listen... (set HID_SOCK or run scripts/run_qemu.sh)
[heal] key=23 heal_ms=57.1633
[heal] key=19 heal_ms=78.4899
[hidra] HID socket connect failed (/run/user/1000/hidra.kbd). Waiting for QEMU to listen... (set HID_SOCK or run scripts/run_qemu.sh)
[msquic] stream: RECEIVE bytes=52 buffers=1 pending=0
[lat] dt_ms=62.3015 cmd=up key=t
[hidra] HID socket connect failed (/run/user/1000/hidra.kbd). Waiting for QEMU to listen... (set HID_SOCK or run scripts/run_qemu.sh)
[hidra] HID socket connect failed (/run/user/1000/hidra.kbd). Waiting for QEMU to listen... (set HID_SOCK or run scripts/run_qemu.sh)
[msquic] stream: RECEIVE bytes=52 buffers=1 pending=0
[hidra] HID socket connect failed (/run/user/1000/hidra.kbd). Waiting for QEMU to listen... (set HID_SOCK or run scripts/run_qemu.sh)
[msquic] stream: RECEIVE bytes=52 buffers=1 pending=0
[lat] dt_ms=71.5632 cmd=down key=ENTER
[hidra] HID socket connect failed (/run/user/1000/hidra.kbd). Waiting for QEMU to listen... (set HID_SOCK or run scripts/run_qemu.sh)
[lat] dt_ms=61.2956 cmd=up key=ENTER
[hidra] HID socket connect failed (/run/user/1000/hidra.kbd). Waiting for QEMU to listen... (set HID_SOCK or run scripts/run_qemu.sh)
[hidra] HID socket connect failed (/run/user/1000/hidra.kbd). Waiting for QEMU to listen... (set HID_SOCK or run scripts/run_qemu.sh)
[msquic] stream: RECEIVE bytes=52 buffers=1 pending=0
[hidra] HID socket connect failed (/run/user/1000/hidra.kbd). Waiting for QEMU to listen... (set HID_SOCK or run scripts/run_qemu.sh)
[msquic] stream: RECEIVE bytes=52 buffers=1 pending=0
[hidra] HID socket connect failed (/run/user/1000/hidra.kbd). Waiting for QEMU to listen... (set HID_SOCK or run scripts/run_qemu.sh)
[msquic] stream: RECEIVE bytes=52 buffers=1 pending=0
[hidra] HID socket connect failed (/run/user/1000/hidra.kbd). Waiting for QEMU to listen... (set HID_SOCK or run scripts/run_qemu.sh)
[hidra] HID socket connect failed (/run/user/1000/hidra.kbd). Waiting for QEMU to listen... (set HID_SOCK or run scripts/run_qemu.sh)
[msquic] stream: RECEIVE bytes=104 buffers=1 pending=0
[hidra] HID socket connect failed (/run/user/1000/hidra.kbd). Waiting for QEMU to listen... (set HID_SOCK or run scripts/run_qemu.sh)
[msquic] stream: RECEIVE bytes=52 buffers=1 pending=0
[hidra] HID socket connect failed (/run/user/1000/hidra.kbd). Waiting for QEMU to listen... (set HID_SOCK or run scripts/run_qemu.sh)
[msquic] stream: RECEIVE bytes=52 buffers=1 pending=0
[hidra] HID socket connect failed (/run/user/1000/hidra.kbd). Waiting for QEMU to listen... (set HID_SOCK or run scripts/run_qemu.sh)
[msquic] stream: RECEIVE bytes=52 buffers=1 pending=0
[hidra] HID socket connect failed (/run/user/1000/hidra.kbd). Waiting for QEMU to listen... (set HID_SOCK or run scripts/run_qemu.sh)
[msquic] stream: RECEIVE bytes=52 buffers=1 pending=0
[hidra] HID socket connect failed (/run/user/1000/hidra.kbd). Waiting for QEMU to listen... (set HID_SOCK or run scripts/run_qemu.sh)
[msquic] stream: RECEIVE bytes=52 buffers=1 pending=0
[hidra] HID socket connect failed (/run/user/1000/hidra.kbd). Waiting for QEMU to listen... (set HID_SOCK or run scripts/run_qemu.sh)
[msquic] stream: RECEIVE bytes=52 buffers=1 pending=0
[hidra] HID socket connect failed (/run/user/1000/hidra.kbd). Waiting for QEMU to listen... (set HID_SOCK or run scripts/run_qemu.sh)
[msquic] stream: RECEIVE bytes=52 buffers=1 pending=0
[hidra] HID socket connect failed (/run/user/1000/hidra.kbd). Waiting for QEMU to listen... (set HID_SOCK or run scripts/run_qemu.sh)
[msquic] stream: RECEIVE bytes=52 buffers=1 pending=0
[hidra] HID socket connect failed (/run/user/1000/hidra.kbd). Waiting for QEMU to listen... (set HID_SOCK or run scripts/run_qemu.sh)
[msquic] stream: RECEIVE bytes=52 buffers=1 pending=0
[hidra] HID socket connect failed (/run/user/1000/hidra.kbd). Waiting for QEMU to listen... (set HID_SOCK or run scripts/run_qemu.sh)
[msquic] stream: RECEIVE bytes=52 buffers=1 pending=0
[hidra] HID socket connect failed (/run/user/1000/hidra.kbd). Waiting for QEMU to listen... (set HID_SOCK or run scripts/run_qemu.sh)
[msquic] stream: RECEIVE bytes=52 buffers=1 pending=0
[hidra] HID socket connect failed (/run/user/1000/hidra.kbd). Waiting for QEMU to listen... (set HID_SOCK or run scripts/run_qemu.sh)
[msquic] stream: RECEIVE bytes=52 buffers=1 pending=0
[hidra] HID socket connect failed (/run/user/1000/hidra.kbd). Waiting for QEMU to listen... (set HID_SOCK or run scripts/run_qemu.sh)
[msquic] stream: RECEIVE bytes=52 buffers=1 pending=0
[hidra] HID socket connect failed (/run/user/1000/hidra.kbd). Waiting for QEMU to listen... (set HID_SOCK or run scripts/run_qemu.sh)
[msquic] stream: RECEIVE bytes=52 buffers=1 pending=0
[hidra] HID socket connect failed (/run/user/1000/hidra.kbd). Waiting for QEMU to listen... (set HID_SOCK or run scripts/run_qemu.sh)
[msquic] stream: RECEIVE bytes=52 buffers=1 pending=0
[hidra] HID socket connect failed (/run/user/1000/hidra.kbd). Waiting for QEMU to listen... (set HID_SOCK or run scripts/run_qemu.sh)
[hidra] HID socket connect failed (/run/user/1000/hidra.kbd). Waiting for QEMU to listen... (set HID_SOCK or run scripts/run_qemu.sh)
[msquic] stream: RECEIVE bytes=104 buffers=1 pending=0
[hidra] HID socket connect failed (/run/user/1000/hidra.kbd). Waiting for QEMU to listen... (set HID_SOCK or run scripts/run_qemu.sh)
[msquic] stream: RECEIVE bytes=52 buffers=1 pending=0
[hidra] HID socket connect failed (/run/user/1000/hidra.kbd). Waiting for QEMU to listen... (set HID_SOCK or run scripts/run_qemu.sh)
[msquic] stream: RECEIVE bytes=52 buffers=1 pending=0
[hidra] HID socket connect failed (/run/user/1000/hidra.kbd). Waiting for QEMU to listen... (set HID_SOCK or run scripts/run_qemu.sh)
[msquic] stream: RECEIVE bytes=52 buffers=1 pending=0
[hidra] HID socket connect failed (/run/user/1000/hidra.kbd). Waiting for QEMU to listen... (set HID_SOCK or run scripts/run_qemu.sh)
[msquic] stream: RECEIVE bytes=52 buffers=1 pending=0
[hidra] HID socket connect failed (/run/user/1000/hidra.kbd). Waiting for QEMU to listen... (set HID_SOCK or run scripts/run_qemu.sh)
[msquic] stream: RECEIVE bytes=52 buffers=1 pending=0
[hidra] HID socket connect failed (/run/user/1000/hidra.kbd). Waiting for QEMU to listen... (set HID_SOCK or run scripts/run_qemu.sh)
[msquic] stream: RECEIVE bytes=52 buffers=2 pending=0
[hidra] HID socket connect failed (/run/user/1000/hidra.kbd). Waiting for QEMU to listen... (set HID_SOCK or run scripts/run_qemu.sh)
[msquic] stream: RECEIVE bytes=52 buffers=1 pending=0
[hidra] HID socket connect failed (/run/user/1000/hidra.kbd). Waiting for QEMU to listen... (set HID_SOCK or run scripts/run_qemu.sh)
[msquic] stream: RECEIVE bytes=52 buffers=1 pending=0
[hidra] HID socket connect failed (/run/user/1000/hidra.kbd). Waiting for QEMU to listen... (set HID_SOCK or run scripts/run_qemu.sh)
[msquic] stream: RECEIVE bytes=52 buffers=1 pending=0
[hidra] HID socket connect failed (/run/user/1000/hidra.kbd). Waiting for QEMU to listen... (set HID_SOCK or run scripts/run_qemu.sh)
[msquic] stream: RECEIVE bytes=52 buffers=1 pending=0
[hidra] HID socket connect failed (/run/user/1000/hidra.kbd). Waiting for QEMU to listen... (set HID_SOCK or run scripts/run_qemu.sh)
[msquic] stream: RECEIVE bytes=52 buffers=1 pending=0
[hidra] HID socket connect failed (/run/user/1000/hidra.kbd). Waiting for QEMU to listen... (set HID_SOCK or run scripts/run_qemu.sh)
[hidra] HID socket connect failed (/run/user/1000/hidra.kbd). Waiting for QEMU to listen... (set HID_SOCK or run scripts/run_qemu.sh)
[msquic] stream: RECEIVE bytes=104 buffers=1 pending=0
[hidra] HID socket connect failed (/run/user/1000/hidra.kbd). Waiting for QEMU to listen... (set HID_SOCK or run scripts/run_qemu.sh)
[msquic] stream: RECEIVE bytes=52 buffers=1 pending=0
[hidra] HID socket connect failed (/run/user/1000/hidra.kbd). Waiting for QEMU to listen... (set HID_SOCK or run scripts/run_qemu.sh)
[msquic] stream: RECEIVE bytes=52 buffers=1 pending=0
[hidra] HID socket connect failed (/run/user/1000/hidra.kbd). Waiting for QEMU to listen... (set HID_SOCK or run scripts/run_qemu.sh)
[msquic] stream: RECEIVE bytes=52 buffers=1 pending=0
[hidra] HID socket connect failed (/run/user/1000/hidra.kbd). Waiting for QEMU to listen... (set HID_SOCK or run scripts/run_qemu.sh)
[msquic] stream: RECEIVE bytes=52 buffers=1 pending=0
[hidra] HID socket connect failed (/run/user/1000/hidra.kbd). Waiting for QEMU to listen... (set HID_SOCK or run scripts/run_qemu.sh)
[msquic] stream: RECEIVE bytes=52 buffers=1 pending=0
[hidra] HID socket connect failed (/run/user/1000/hidra.kbd). Waiting for QEMU to listen... (set HID_SOCK or run scripts/run_qemu.sh)
[msquic] stream: RECEIVE bytes=52 buffers=1 pending=0
[hidra] HID socket connect failed (/run/user/1000/hidra.kbd). Waiting for QEMU to listen... (set HID_SOCK or run scripts/run_qemu.sh)
[msquic] stream: RECEIVE bytes=52 buffers=1 pending=0
[hidra] snapshot v1 mods=0x0 pressed=0
[hidra] HID socket connect failed (/run/user/1000/hidra.kbd). Waiting for QEMU to listen... (set HID_SOCK or run scripts/run_qemu.sh)
[msquic] stream: RECEIVE bytes=52 buffers=1 pending=0
[hidra] HID socket connect failed (/run/user/1000/hidra.kbd). Waiting for QEMU to listen... (set HID_SOCK or run scripts/run_qemu.sh)
[msquic] stream: RECEIVE bytes=52 buffers=1 pending=0
[hidra] HID socket connect failed (/run/user/1000/hidra.kbd). Waiting for QEMU to listen... (set HID_SOCK or run scripts/run_qemu.sh)
[msquic] stream: RECEIVE bytes=52 buffers=1 pending=0
[hidra] HID socket connect failed (/run/user/1000/hidra.kbd). Waiting for QEMU to listen... (set HID_SOCK or run scripts/run_qemu.sh)
[msquic] stream: RECEIVE bytes=52 buffers=1 pending=0
[hidra] HID socket connect failed (/run/user/1000/hidra.kbd). Waiting for QEMU to listen... (set HID_SOCK or run scripts/run_qemu.sh)
[msquic] stream: RECEIVE bytes=52 buffers=1 pending=0
[hidra] HID socket connect failed (/run/user/1000/hidra.kbd). Waiting for QEMU to listen... (set HID_SOCK or run scripts/run_qemu.sh)
[msquic] stream: RECEIVE bytes=52 buffers=1 pending=0
[hidra] HID socket connect failed (/run/user/1000/hidra.kbd). Waiting for QEMU to listen... (set HID_SOCK or run scripts/run_qemu.sh)
[msquic] stream: RECEIVE bytes=52 buffers=1 pending=0
[hidra] HID socket connect failed (/run/user/1000/hidra.kbd). Waiting for QEMU to listen... (set HID_SOCK or run scripts/run_qemu.sh)
[msquic] stream: RECEIVE bytes=52 buffers=1 pending=0
[hidra] HID socket connect failed (/run/user/1000/hidra.kbd). Waiting for QEMU to listen... (set HID_SOCK or run scripts/run_qemu.sh)
[msquic] stream: RECEIVE bytes=52 buffers=1 pending=0
[hidra] HID socket connect failed (/run/user/1000/hidra.kbd). Waiting for QEMU to listen... (set HID_SOCK or run scripts/run_qemu.sh)
[msquic] stream: RECEIVE bytes=52 buffers=1 pending=0
[hidra] HID socket connect failed (/run/user/1000/hidra.kbd). Waiting for QEMU to listen... (set HID_SOCK or run scripts/run_qemu.sh)
[hidra] HID socket connect failed (/run/user/1000/hidra.kbd). Waiting for QEMU to listen... (set HID_SOCK or run scripts/run_qemu.sh)
[msquic] stream: RECEIVE bytes=104 buffers=1 pending=0
[hidra] HID socket connect failed (/run/user/1000/hidra.kbd). Waiting for QEMU to listen... (set HID_SOCK or run scripts/run_qemu.sh)
[msquic] stream: RECEIVE bytes=52 buffers=1 pending=0
[hidra] HID socket connect failed (/run/user/1000/hidra.kbd). Waiting for QEMU to listen... (set HID_SOCK or run scripts/run_qemu.sh)
[msquic] stream: RECEIVE bytes=52 buffers=1 pending=0
[hidra] HID socket connect failed (/run/user/1000/hidra.kbd). Waiting for QEMU to listen... (set HID_SOCK or run scripts/run_qemu.sh)
[msquic] stream: RECEIVE bytes=52 buffers=1 pending=0
[hidra] HID socket connect failed (/run/user/1000/hidra.kbd). Waiting for QEMU to listen... (set HID_SOCK or run scripts/run_qemu.sh)
[msquic] stream: RECEIVE bytes=52 buffers=1 pending=0
[hidra] HID socket connect failed (/run/user/1000/hidra.kbd). Waiting for QEMU to listen... (set HID_SOCK or run scripts/run_qemu.sh)
[msquic] stream: RECEIVE bytes=52 buffers=1 pending=0
[hidra] HID socket connect failed (/run/user/1000/hidra.kbd). Waiting for QEMU to listen... (set HID_SOCK or run scripts/run_qemu.sh)
[msquic] stream: RECEIVE bytes=52 buffers=1 pending=0
[hidra] HID socket connect failed (/run/user/1000/hidra.kbd). Waiting for QEMU to listen... (set HID_SOCK or run scripts/run_qemu.sh)
[msquic] stream: RECEIVE bytes=52 buffers=1 pending=0
[hidra] HID socket connect failed (/run/user/1000/hidra.kbd). Waiting for QEMU to listen... (set HID_SOCK or run scripts/run_qemu.sh)
[msquic] stream: RECEIVE bytes=52 buffers=1 pending=0
[hidra] HID socket connect failed (/run/user/1000/hidra.kbd). Waiting for QEMU to listen... (set HID_SOCK or run scripts/run_qemu.sh)
[msquic] stream: RECEIVE bytes=52 buffers=1 pending=0
[hidra] HID socket connect failed (/run/user/1000/hidra.kbd). Waiting for QEMU to listen... (set HID_SOCK or run scripts/run_qemu.sh)
[msquic] stream: RECEIVE bytes=52 buffers=1 pending=0
[hidra] HID socket connect failed (/run/user/1000/hidra.kbd). Waiting for QEMU to listen... (set HID_SOCK or run scripts/run_qemu.sh)
[msquic] stream: RECEIVE bytes=52 buffers=1 pending=0
[hidra] HID socket connect failed (/run/user/1000/hidra.kbd). Waiting for QEMU to listen... (set HID_SOCK or run scripts/run_qemu.sh)
[msquic] stream: RECEIVE bytes=52 buffers=1 pending=0
[hidra] HID socket connect failed (/run/user/1000/hidra.kbd). Waiting for QEMU to listen... (set HID_SOCK or run scripts/run_qemu.sh)
[msquic] stream: RECEIVE bytes=52 buffers=1 pending=0
[hidra] HID socket connect failed (/run/user/1000/hidra.kbd). Waiting for QEMU to listen... (set HID_SOCK or run scripts/run_qemu.sh)
[msquic] stream: RECEIVE bytes=52 buffers=1 pending=0
[hidra] HID socket connect failed (/run/user/1000/hidra.kbd). Waiting for QEMU to listen... (set HID_SOCK or run scripts/run_qemu.sh)
[msquic] stream: RECEIVE bytes=52 buffers=1 pending=0
[hidra] HID socket connect failed (/run/user/1000/hidra.kbd). Waiting for QEMU to listen... (set HID_SOCK or run scripts/run_qemu.sh)
[hidra] HID socket connect failed (/run/user/1000/hidra.kbd). Waiting for QEMU to listen... (set HID_SOCK or run scripts/run_qemu.sh)
[msquic] stream: RECEIVE bytes=104 buffers=1 pending=0
[hidra] HID socket connect failed (/run/user/1000/hidra.kbd). Waiting for QEMU to listen... (set HID_SOCK or run scripts/run_qemu.sh)
[msquic] stream: RECEIVE bytes=52 buffers=1 pending=0
[hidra] HID socket connect failed (/run/user/1000/hidra.kbd). Waiting for QEMU to listen... (set HID_SOCK or run scripts/run_qemu.sh)
[msquic] stream: RECEIVE bytes=52 buffers=1 pending=0
[hidra] HID socket connect failed (/run/user/1000/hidra.kbd). Waiting for QEMU to listen... (set HID_SOCK or run scripts/run_qemu.sh)
[msquic] stream: RECEIVE bytes=52 buffers=1 pending=0
[hidra] HID socket connect failed (/run/user/1000/hidra.kbd). Waiting for QEMU to listen... (set HID_SOCK or run scripts/run_qemu.sh)
[msquic] stream: RECEIVE bytes=52 buffers=1 pending=0
[hidra] HID socket connect failed (/run/user/1000/hidra.kbd). Waiting for QEMU to listen... (set HID_SOCK or run scripts/run_qemu.sh)
[msquic] stream: RECEIVE bytes=52 buffers=1 pending=0
[hidra] HID socket connect failed (/run/user/1000/hidra.kbd). Waiting for QEMU to listen... (set HID_SOCK or run scripts/run_qemu.sh)
[msquic] stream: RECEIVE bytes=52 buffers=1 pending=0
[hidra] HID socket connect failed (/run/user/1000/hidra.kbd). Waiting for QEMU to listen... (set HID_SOCK or run scripts/run_qemu.sh)
[msquic] stream: RECEIVE bytes=52 buffers=1 pending=0
[hidra] HID socket connect failed (/run/user/1000/hidra.kbd). Waiting for QEMU to listen... (set HID_SOCK or run scripts/run_qemu.sh)
[msquic] stream: RECEIVE bytes=52 buffers=1 pending=0
[hidra] HID socket connect failed (/run/user/1000/hidra.kbd). Waiting for QEMU to listen... (set HID_SOCK or run scripts/run_qemu.sh)
[msquic] stream: RECEIVE bytes=52 buffers=1 pending=0
[hidra] HID socket connect failed (/run/user/1000/hidra.kbd). Waiting for QEMU to listen... (set HID_SOCK or run scripts/run_qemu.sh)
[msquic] stream: RECEIVE bytes=52 buffers=1 pending=0
[hidra] HID socket connect failed (/run/user/1000/hidra.kbd). Waiting for QEMU to listen... (set HID_SOCK or run scripts/run_qemu.sh)
[msquic] stream: RECEIVE bytes=52 buffers=1 pending=0
[hidra] HID socket connect failed (/run/user/1000/hidra.kbd). Waiting for QEMU to listen... (set HID_SOCK or run scripts/run_qemu.sh)
[msquic] stream: RECEIVE bytes=52 buffers=1 pending=0
[hidra] HID socket connect failed (/run/user/1000/hidra.kbd). Waiting for QEMU to listen... (set HID_SOCK or run scripts/run_qemu.sh)
[msquic] stream: RECEIVE bytes=52 buffers=1 pending=0
[hidra] HID socket connect failed (/run/user/1000/hidra.kbd). Waiting for QEMU to listen... (set HID_SOCK or run scripts/run_qemu.sh)
[msquic] stream: RECEIVE bytes=52 buffers=1 pending=0
[hidra] HID socket connect failed (/run/user/1000/hidra.kbd). Waiting for QEMU to listen... (set HID_SOCK or run scripts/run_qemu.sh)
[msquic] stream: RECEIVE bytes=52 buffers=1 pending=0
[hidra] HID socket connect failed (/run/user/1000/hidra.kbd). Waiting for QEMU to listen... (set HID_SOCK or run scripts/run_qemu.sh)
[msquic] stream: RECEIVE bytes=52 buffers=1 pending=0
[hidra] HID socket connect failed (/run/user/1000/hidra.kbd). Waiting for QEMU to listen... (set HID_SOCK or run scripts/run_qemu.sh)
[msquic] stream: RECEIVE bytes=52 buffers=1 pending=0
[hidra] HID socket connect failed (/run/user/1000/hidra.kbd). Waiting for QEMU to listen... (set HID_SOCK or run scripts/run_qemu.sh)
[msquic] stream: RECEIVE bytes=52 buffers=1 pending=0
[hidra] HID socket connect failed (/run/user/1000/hidra.kbd). Waiting for QEMU to listen... (set HID_SOCK or run scripts/run_qemu.sh)
[msquic] stream: RECEIVE bytes=52 buffers=1 pending=0
[hidra] HID socket connect failed (/run/user/1000/hidra.kbd). Waiting for QEMU to listen... (set HID_SOCK or run scripts/run_qemu.sh)
[msquic] stream: RECEIVE bytes=52 buffers=1 pending=0
[hidra] HID socket connect failed (/run/user/1000/hidra.kbd). Waiting for QEMU to listen... (set HID_SOCK or run scripts/run_qemu.sh)
[msquic] stream: RECEIVE bytes=52 buffers=1 pending=0
[hidra] HID socket connect failed (/run/user/1000/hidra.kbd). Waiting for QEMU to listen... (set HID_SOCK or run scripts/run_qemu.sh)
[msquic] stream: RECEIVE bytes=52 buffers=1 pending=0
[hidra] HID socket connect failed (/run/user/1000/hidra.kbd). Waiting for QEMU to listen... (set HID_SOCK or run scripts/run_qemu.sh)
[msquic] stream: RECEIVE bytes=52 buffers=1 pending=0
[hidra] HID socket connect failed (/run/user/1000/hidra.kbd). Waiting for QEMU to listen... (set HID_SOCK or run scripts/run_qemu.sh)
[msquic] stream: RECEIVE bytes=52 buffers=1 pending=0
[hidra] HID socket connect failed (/run/user/1000/hidra.kbd). Waiting for QEMU to listen... (set HID_SOCK or run scripts/run_qemu.sh)
[msquic] stream: RECEIVE bytes=52 buffers=1 pending=0
[hidra] HID socket connect failed (/run/user/1000/hidra.kbd). Waiting for QEMU to listen... (set HID_SOCK or run scripts/run_qemu.sh)
[msquic] stream: RECEIVE bytes=52 buffers=1 pending=0
[hidra] HID socket connect failed (/run/user/1000/hidra.kbd). Waiting for QEMU to listen... (set HID_SOCK or run scripts/run_qemu.sh)
[msquic] stream: RECEIVE bytes=52 buffers=1 pending=0
[hidra] HID socket connect failed (/run/user/1000/hidra.kbd). Waiting for QEMU to listen... (set HID_SOCK or run scripts/run_qemu.sh)
[msquic] stream: RECEIVE bytes=52 buffers=1 pending=0
[hidra] HID socket connect failed (/run/user/1000/hidra.kbd). Waiting for QEMU to listen... (set HID_SOCK or run scripts/run_qemu.sh)
[msquic] stream: RECEIVE bytes=52 buffers=1 pending=0
[hidra] HID socket connect failed (/run/user/1000/hidra.kbd). Waiting for QEMU to listen... (set HID_SOCK or run scripts/run_qemu.sh)
[msquic] stream: RECEIVE bytes=52 buffers=1 pending=0
[hidra] HID socket connect failed (/run/user/1000/hidra.kbd). Waiting for QEMU to listen... (set HID_SOCK or run scripts/run_qemu.sh)
[msquic] stream: RECEIVE bytes=52 buffers=1 pending=0
[hidra] HID socket connect failed (/run/user/1000/hidra.kbd). Waiting for QEMU to listen... (set HID_SOCK or run scripts/run_qemu.sh)
[msquic] stream: RECEIVE bytes=52 buffers=1 pending=0
[hidra] HID socket connect failed (/run/user/1000/hidra.kbd). Waiting for QEMU to listen... (set HID_SOCK or run scripts/run_qemu.sh)
[msquic] stream: RECEIVE bytes=52 buffers=1 pending=0
[hidra] HID socket connect failed (/run/user/1000/hidra.kbd). Waiting for QEMU to listen... (set HID_SOCK or run scripts/run_qemu.sh)
[msquic] stream: RECEIVE bytes=52 buffers=1 pending=0
[hidra] HID socket connect failed (/run/user/1000/hidra.kbd). Waiting for QEMU to listen... (set HID_SOCK or run scripts/run_qemu.sh)
[msquic] stream: RECEIVE bytes=52 buffers=1 pending=0
[hidra] HID socket connect failed (/run/user/1000/hidra.kbd). Waiting for QEMU to listen... (set HID_SOCK or run scripts/run_qemu.sh)
[hidra] HID socket connect failed (/run/user/1000/hidra.kbd). Waiting for QEMU to listen... (set HID_SOCK or run scripts/run_qemu.sh)
[msquic] stream: RECEIVE bytes=104 buffers=1 pending=0
[hidra] HID socket connect failed (/run/user/1000/hidra.kbd). Waiting for QEMU to listen... (set HID_SOCK or run scripts/run_qemu.sh)
[msquic] stream: RECEIVE bytes=52 buffers=1 pending=0
[hidra] HID socket connect failed (/run/user/1000/hidra.kbd). Waiting for QEMU to listen... (set HID_SOCK or run scripts/run_qemu.sh)
[msquic] stream: RECEIVE bytes=52 buffers=1 pending=0
[hidra] HID socket connect failed (/run/user/1000/hidra.kbd). Waiting for QEMU to listen... (set HID_SOCK or run scripts/run_qemu.sh)
[msquic] stream: RECEIVE bytes=52 buffers=1 pending=0
[hidra] HID socket connect failed (/run/user/1000/hidra.kbd). Waiting for QEMU to listen... (set HID_SOCK or run scripts/run_qemu.sh)
[msquic] stream: RECEIVE bytes=52 buffers=1 pending=0
[hidra] HID socket connect failed (/run/user/1000/hidra.kbd). Waiting for QEMU to listen... (set HID_SOCK or run scripts/run_qemu.sh)
[msquic] stream: RECEIVE bytes=52 buffers=1 pending=0
[hidra] HID socket connect failed (/run/user/1000/hidra.kbd). Waiting for QEMU to listen... (set HID_SOCK or run scripts/run_qemu.sh)
[msquic] stream: RECEIVE bytes=52 buffers=1 pending=0
[hidra] HID socket connect failed (/run/user/1000/hidra.kbd). Waiting for QEMU to listen... (set HID_SOCK or run scripts/run_qemu.sh)
[msquic] stream: RECEIVE bytes=52 buffers=1 pending=0
[hidra] HID socket connect failed (/run/user/1000/hidra.kbd). Waiting for QEMU to listen... (set HID_SOCK or run scripts/run_qemu.sh)
[msquic] stream: RECEIVE bytes=52 buffers=1 pending=0
[hidra] HID socket connect failed (/run/user/1000/hidra.kbd). Waiting for QEMU to listen... (set HID_SOCK or run scripts/run_qemu.sh)
[msquic] stream: RECEIVE bytes=52 buffers=1 pending=0
[hidra] HID socket connect failed (/run/user/1000/hidra.kbd). Waiting for QEMU to listen... (set HID_SOCK or run scripts/run_qemu.sh)
[msquic] stream: RECEIVE bytes=52 buffers=1 pending=0
[hidra] HID socket connect failed (/run/user/1000/hidra.kbd). Waiting for QEMU to listen... (set HID_SOCK or run scripts/run_qemu.sh)
[msquic] stream: RECEIVE bytes=52 buffers=1 pending=0
[hidra] HID socket connect failed (/run/user/1000/hidra.kbd). Waiting for QEMU to listen... (set HID_SOCK or run scripts/run_qemu.sh)
[msquic] stream: RECEIVE bytes=52 buffers=1 pending=0
[hidra] HID socket connect failed (/run/user/1000/hidra.kbd). Waiting for QEMU to listen... (set HID_SOCK or run scripts/run_qemu.sh)
[msquic] stream: RECEIVE bytes=52 buffers=1 pending=0
[hidra] HID socket connect failed (/run/user/1000/hidra.kbd). Waiting for QEMU to listen... (set HID_SOCK or run scripts/run_qemu.sh)
[msquic] stream: RECEIVE bytes=52 buffers=1 pending=0
[hidra] HID socket connect failed (/run/user/1000/hidra.kbd). Waiting for QEMU to listen... (set HID_SOCK or run scripts/run_qemu.sh)
[msquic] stream: RECEIVE bytes=52 buffers=1 pending=0
[hidra] HID socket connect failed (/run/user/1000/hidra.kbd). Waiting for QEMU to listen... (set HID_SOCK or run scripts/run_qemu.sh)
[msquic] stream: RECEIVE bytes=52 buffers=1 pending=0
[hidra] HID socket connect failed (/run/user/1000/hidra.kbd). Waiting for QEMU to listen... (set HID_SOCK or run scripts/run_qemu.sh)
[msquic] stream: RECEIVE bytes=52 buffers=1 pending=0
[hidra] HID socket connect failed (/run/user/1000/hidra.kbd). Waiting for QEMU to listen... (set HID_SOCK or run scripts/run_qemu.sh)
[msquic] stream: RECEIVE bytes=52 buffers=1 pending=0
[hidra] HID socket connect failed (/run/user/1000/hidra.kbd). Waiting for QEMU to listen... (set HID_SOCK or run scripts/run_qemu.sh)
[hidra] HID socket connect failed (/run/user/1000/hidra.kbd). Waiting for QEMU to listen... (set HID_SOCK or run scripts/run_qemu.sh)
[hidra] HID socket connect failed (/run/user/1000/hidra.kbd). Waiting for QEMU to listen... (set HID_SOCK or run scripts/run_qemu.sh)
[msquic] stream: RECEIVE bytes=156 buffers=1 pending=0
[hidra] HID socket connect failed (/run/user/1000/hidra.kbd). Waiting for QEMU to listen... (set HID_SOCK or run scripts/run_qemu.sh)
[msquic] stream: RECEIVE bytes=52 buffers=1 pending=0
[hidra] HID socket connect failed (/run/user/1000/hidra.kbd). Waiting for QEMU to listen... (set HID_SOCK or run scripts/run_qemu.sh)
[msquic] stream: RECEIVE bytes=52 buffers=1 pending=0
[hidra] HID socket connect failed (/run/user/1000/hidra.kbd). Waiting for QEMU to listen... (set HID_SOCK or run scripts/run_qemu.sh)
[msquic] stream: RECEIVE bytes=52 buffers=1 pending=0
[hidra] HID socket connect failed (/run/user/1000/hidra.kbd). Waiting for QEMU to listen... (set HID_SOCK or run scripts/run_qemu.sh)
[msquic] stream: RECEIVE bytes=52 buffers=1 pending=0
[hidra] HID socket connect failed (/run/user/1000/hidra.kbd). Waiting for QEMU to listen... (set HID_SOCK or run scripts/run_qemu.sh)
[msquic] stream: RECEIVE bytes=52 buffers=1 pending=0
[hidra] HID socket connect failed (/run/user/1000/hidra.kbd). Waiting for QEMU to listen... (set HID_SOCK or run scripts/run_qemu.sh)
[msquic] stream: RECEIVE bytes=52 buffers=1 pending=0
[hidra] HID socket connect failed (/run/user/1000/hidra.kbd). Waiting for QEMU to listen... (set HID_SOCK or run scripts/run_qemu.sh)
[msquic] stream: RECEIVE bytes=52 buffers=1 pending=0
[hidra] HID socket connect failed (/run/user/1000/hidra.kbd). Waiting for QEMU to listen... (set HID_SOCK or run scripts/run_qemu.sh)
[msquic] stream: RECEIVE bytes=52 buffers=1 pending=0
[hidra] HID socket connect failed (/run/user/1000/hidra.kbd). Waiting for QEMU to listen... (set HID_SOCK or run scripts/run_qemu.sh)
[msquic] stream: RECEIVE bytes=52 buffers=1 pending=0
[hidra] HID socket connect failed (/run/user/1000/hidra.kbd). Waiting for QEMU to listen... (set HID_SOCK or run scripts/run_qemu.sh)
[msquic] stream: RECEIVE bytes=52 buffers=1 pending=0
[hidra] HID socket connect failed (/run/user/1000/hidra.kbd). Waiting for QEMU to listen... (set HID_SOCK or run scripts/run_qemu.sh)
[msquic] stream: RECEIVE bytes=52 buffers=1 pending=0
[hidra] HID socket connect failed (/run/user/1000/hidra.kbd). Waiting for QEMU to listen... (set HID_SOCK or run scripts/run_qemu.sh)
[msquic] stream: RECEIVE bytes=52 buffers=1 pending=0
[hidra] HID socket connect failed (/run/user/1000/hidra.kbd). Waiting for QEMU to listen... (set HID_SOCK or run scripts/run_qemu.sh)
[msquic] stream: RECEIVE bytes=52 buffers=1 pending=0
[hidra] HID socket connect failed (/run/user/1000/hidra.kbd). Waiting for QEMU to listen... (set HID_SOCK or run scripts/run_qemu.sh)
[msquic] stream: RECEIVE bytes=52 buffers=1 pending=0
[hidra] HID socket connect failed (/run/user/1000/hidra.kbd). Waiting for QEMU to listen... (set HID_SOCK or run scripts/run_qemu.sh)
[msquic] stream: RECEIVE bytes=52 buffers=1 pending=0
[hidra] HID socket connect failed (/run/user/1000/hidra.kbd). Waiting for QEMU to listen... (set HID_SOCK or run scripts/run_qemu.sh)
[msquic] stream: RECEIVE bytes=52 buffers=1 pending=0
[hidra] HID socket connect failed (/run/user/1000/hidra.kbd). Waiting for QEMU to listen... (set HID_SOCK or run scripts/run_qemu.sh)
[msquic] stream: RECEIVE bytes=52 buffers=1 pending=0
[hidra] HID socket connect failed (/run/user/1000/hidra.kbd). Waiting for QEMU to listen... (set HID_SOCK or run scripts/run_qemu.sh)
[msquic] stream: RECEIVE bytes=52 buffers=1 pending=0
[hidra] HID socket connect failed (/run/user/1000/hidra.kbd). Waiting for QEMU to listen... (set HID_SOCK or run scripts/run_qemu.sh)
[msquic] stream: RECEIVE bytes=52 buffers=1 pending=0
[hidra] HID socket connect failed (/run/user/1000/hidra.kbd). Waiting for QEMU to listen... (set HID_SOCK or run scripts/run_qemu.sh)
[msquic] stream: RECEIVE bytes=52 buffers=1 pending=0
[hidra] HID socket connect failed (/run/user/1000/hidra.kbd). Waiting for QEMU to listen... (set HID_SOCK or run scripts/run_qemu.sh)
[msquic] stream: RECEIVE bytes=52 buffers=1 pending=0
[hidra] HID socket connect failed (/run/user/1000/hidra.kbd). Waiting for QEMU to listen... (set HID_SOCK or run scripts/run_qemu.sh)
[msquic] stream: RECEIVE bytes=52 buffers=1 pending=0
[hidra] HID socket connect failed (/run/user/1000/hidra.kbd). Waiting for QEMU to listen... (set HID_SOCK or run scripts/run_qemu.sh)
[msquic] stream: RECEIVE bytes=52 buffers=1 pending=0
[hidra] HID socket connect failed (/run/user/1000/hidra.kbd). Waiting for QEMU to listen... (set HID_SOCK or run scripts/run_qemu.sh)
[msquic] stream: RECEIVE bytes=52 buffers=1 pending=0
[hidra] HID socket connect failed (/run/user/1000/hidra.kbd). Waiting for QEMU to listen... (set HID_SOCK or run scripts/run_qemu.sh)
[msquic] stream: RECEIVE bytes=52 buffers=1 pending=0
[hidra] HID socket connect failed (/run/user/1000/hidra.kbd). Waiting for QEMU to listen... (set HID_SOCK or run scripts/run_qemu.sh)
[msquic] stream: RECEIVE bytes=52 buffers=1 pending=0
[hidra] HID socket connect failed (/run/user/1000/hidra.kbd). Waiting for QEMU to listen... (set HID_SOCK or run scripts/run_qemu.sh)
[msquic] stream: RECEIVE bytes=52 buffers=1 pending=0
[hidra] HID socket connect failed (/run/user/1000/hidra.kbd). Waiting for QEMU to listen... (set HID_SOCK or run scripts/run_qemu.sh)
[msquic] stream: RECEIVE bytes=52 buffers=1 pending=0
[msquic] connection: SHUTDOWN_BY_PEER error_code=0
[msquic] connection: SHUTDOWN_COMPLETE handshake_completed=0 peer_ack=0 app_close_in_progress=0
[msquic] connection: SHUTDOWN_COMPLETE handshake_completed=1 peer_ack=1 app_close_in_progress=1
[msquic] connection: CONNECTED
[msquic] connection: PEER_STREAM_STARTED
[hidra] HID socket connect failed (/run/user/1000/hidra.kbd). Waiting for QEMU to listen... (set HID_SOCK or run scripts/run_qemu.sh)
[msquic] stream: RECEIVE bytes=52 buffers=1 pending=0
[hidra] HID socket connect failed (/run/user/1000/hidra.kbd). Waiting for QEMU to listen... (set HID_SOCK or run scripts/run_qemu.sh)
[msquic] stream: RECEIVE bytes=52 buffers=1 pending=0
[hidra] HID socket connect failed (/run/user/1000/hidra.kbd). Waiting for QEMU to listen... (set HID_SOCK or run scripts/run_qemu.sh)
[msquic] stream: RECEIVE bytes=52 buffers=1 pending=0
[hidra] HID socket connect failed (/run/user/1000/hidra.kbd). Waiting for QEMU to listen... (set HID_SOCK or run scripts/run_qemu.sh)
[msquic] stream: RECEIVE bytes=52 buffers=1 pending=0
[hidra] HID socket connect failed (/run/user/1000/hidra.kbd). Waiting for QEMU to listen... (set HID_SOCK or run scripts/run_qemu.sh)
[msquic] stream: RECEIVE bytes=52 buffers=1 pending=0
[hidra] snapshot v1 mods=0x0 pressed=0
[hidra] HID socket connect failed (/run/user/1000/hidra.kbd). Waiting for QEMU to listen... (set HID_SOCK or run scripts/run_qemu.sh)
[msquic] stream: RECEIVE bytes=52 buffers=1 pending=0
[hidra] HID socket connect failed (/run/user/1000/hidra.kbd). Waiting for QEMU to listen... (set HID_SOCK or run scripts/run_qemu.sh)
[msquic] stream: RECEIVE bytes=52 buffers=1 pending=0
[hidra] HID socket connect failed (/run/user/1000/hidra.kbd). Waiting for QEMU to listen... (set HID_SOCK or run scripts/run_qemu.sh)
[msquic] stream: RECEIVE bytes=52 buffers=1 pending=0
[hidra] HID socket connect failed (/run/user/1000/hidra.kbd). Waiting for QEMU to listen... (set HID_SOCK or run scripts/run_qemu.sh)
[msquic] stream: RECEIVE bytes=52 buffers=1 pending=0
[hidra] HID socket connect failed (/run/user/1000/hidra.kbd). Waiting for QEMU to listen... (set HID_SOCK or run scripts/run_qemu.sh)
[msquic] stream: RECEIVE bytes=52 buffers=1 pending=0
[hidra] HID socket connect failed (/run/user/1000/hidra.kbd). Waiting for QEMU to listen... (set HID_SOCK or run scripts/run_qemu.sh)
[msquic] stream: RECEIVE bytes=52 buffers=1 pending=0
[hidra] HID socket connect failed (/run/user/1000/hidra.kbd). Waiting for QEMU to listen... (set HID_SOCK or run scripts/run_qemu.sh)
[msquic] stream: RECEIVE bytes=52 buffers=1 pending=0
[hidra] HID socket connect failed (/run/user/1000/hidra.kbd). Waiting for QEMU to listen... (set HID_SOCK or run scripts/run_qemu.sh)
[msquic] stream: RECEIVE bytes=52 buffers=1 pending=0
[hidra] HID socket connect failed (/run/user/1000/hidra.kbd). Waiting for QEMU to listen... (set HID_SOCK or run scripts/run_qemu.sh)
[msquic] stream: RECEIVE bytes=52 buffers=1 pending=0
[hidra] HID socket connect failed (/run/user/1000/hidra.kbd). Waiting for QEMU to listen... (set HID_SOCK or run scripts/run_qemu.sh)
[msquic] stream: RECEIVE bytes=52 buffers=1 pending=0
[hidra] HID socket connect failed (/run/user/1000/hidra.kbd). Waiting for QEMU to listen... (set HID_SOCK or run scripts/run_qemu.sh)
[msquic] stream: RECEIVE bytes=52 buffers=1 pending=0
[hidra] HID socket connect failed (/run/user/1000/hidra.kbd). Waiting for QEMU to listen... (set HID_SOCK or run scripts/run_qemu.sh)
[msquic] stream: RECEIVE bytes=52 buffers=1 pending=0
[hidra] HID socket connect failed (/run/user/1000/hidra.kbd). Waiting for QEMU to listen... (set HID_SOCK or run scripts/run_qemu.sh)
[msquic] stream: RECEIVE bytes=52 buffers=1 pending=0
[hidra] HID socket connect failed (/run/user/1000/hidra.kbd). Waiting for QEMU to listen... (set HID_SOCK or run scripts/run_qemu.sh)
[msquic] stream: RECEIVE bytes=52 buffers=1 pending=0
[hidra] HID socket connect failed (/run/user/1000/hidra.kbd). Waiting for QEMU to listen... (set HID_SOCK or run scripts/run_qemu.sh)
[msquic] stream: RECEIVE bytes=52 buffers=1 pending=0
[hidra] HID socket connect failed (/run/user/1000/hidra.kbd). Waiting for QEMU to listen... (set HID_SOCK or run scripts/run_qemu.sh)
[msquic] stream: RECEIVE bytes=52 buffers=1 pending=0
[hidra] HID socket connect failed (/run/user/1000/hidra.kbd). Waiting for QEMU to listen... (set HID_SOCK or run scripts/run_qemu.sh)
[msquic] stream: RECEIVE bytes=52 buffers=1 pending=0
[hidra] HID socket connect failed (/run/user/1000/hidra.kbd). Waiting for QEMU to listen... (set HID_SOCK or run scripts/run_qemu.sh)
[msquic] stream: RECEIVE bytes=52 buffers=1 pending=0
[hidra] HID socket connect failed (/run/user/1000/hidra.kbd). Waiting for QEMU to listen... (set HID_SOCK or run scripts/run_qemu.sh)
[msquic] stream: RECEIVE bytes=52 buffers=1 pending=0
[hidra] HID socket connect failed (/run/user/1000/hidra.kbd). Waiting for QEMU to listen... (set HID_SOCK or run scripts/run_qemu.sh)
[msquic] stream: RECEIVE bytes=52 buffers=1 pending=0
[hidra] HID socket connect failed (/run/user/1000/hidra.kbd). Waiting for QEMU to listen... (set HID_SOCK or run scripts/run_qemu.sh)
[msquic] stream: RECEIVE bytes=52 buffers=1 pending=0
[hidra] HID socket connect failed (/run/user/1000/hidra.kbd). Waiting for QEMU to listen... (set HID_SOCK or run scripts/run_qemu.sh)
[msquic] stream: RECEIVE bytes=52 buffers=1 pending=0
[hidra] HID socket connect failed (/run/user/1000/hidra.kbd). Waiting for QEMU to listen... (set HID_SOCK or run scripts/run_qemu.sh)
[msquic] stream: RECEIVE bytes=52 buffers=1 pending=0
[hidra] HID socket connect failed (/run/user/1000/hidra.kbd). Waiting for QEMU to listen... (set HID_SOCK or run scripts/run_qemu.sh)
[msquic] stream: RECEIVE bytes=52 buffers=1 pending=0
[hidra] HID socket connect failed (/run/user/1000/hidra.kbd). Waiting for QEMU to listen... (set HID_SOCK or run scripts/run_qemu.sh)
[msquic] stream: RECEIVE bytes=52 buffers=1 pending=0
[hidra] HID socket connect failed (/run/user/1000/hidra.kbd). Waiting for QEMU to listen... (set HID_SOCK or run scripts/run_qemu.sh)
[msquic] stream: RECEIVE bytes=52 buffers=1 pending=0
[hidra] HID socket connect failed (/run/user/1000/hidra.kbd). Waiting for QEMU to listen... (set HID_SOCK or run scripts/run_qemu.sh)
[msquic] stream: RECEIVE bytes=52 buffers=1 pending=0
[hidra] HID socket connect failed (/run/user/1000/hidra.kbd). Waiting for QEMU to listen... (set HID_SOCK or run scripts/run_qemu.sh)
[msquic] stream: RECEIVE bytes=52 buffers=1 pending=0
[hidra] HID socket connect failed (/run/user/1000/hidra.kbd). Waiting for QEMU to listen... (set HID_SOCK or run scripts/run_qemu.sh)
[msquic] stream: RECEIVE bytes=52 buffers=1 pending=0
[hidra] HID socket connect failed (/run/user/1000/hidra.kbd). Waiting for QEMU to listen... (set HID_SOCK or run scripts/run_qemu.sh)
[msquic] stream: RECEIVE bytes=52 buffers=1 pending=0
[hidra] HID socket connect failed (/run/user/1000/hidra.kbd). Waiting for QEMU to listen... (set HID_SOCK or run scripts/run_qemu.sh)
[msquic] stream: RECEIVE bytes=52 buffers=1 pending=0
[hidra] HID socket connect failed (/run/user/1000/hidra.kbd). Waiting for QEMU to listen... (set HID_SOCK or run scripts/run_qemu.sh)
[msquic] stream: RECEIVE bytes=52 buffers=1 pending=0
[hidra] HID socket connect failed (/run/user/1000/hidra.kbd). Waiting for QEMU to listen... (set HID_SOCK or run scripts/run_qemu.sh)
[msquic] stream: RECEIVE bytes=52 buffers=1 pending=0
[msquic] connection: SHUTDOWN_BY_PEER error_code=0
[msquic] connection: SHUTDOWN_COMPLETE handshake_completed=0 peer_ack=0 app_close_in_progress=0
[msquic] connection: SHUTDOWN_COMPLETE handshake_completed=1 peer_ack=1 app_close_in_progress=1
